Price,Close,High,Low,Open,Volume
Ticker,AAPL,AAPL,AAPL,AAPL,AAPL
Date,,,,,
2011-04-29,10.536670684814453,10.651627632098375,10.432546072292599,10.435856845231745,1006345200
2011-05-02,10.420811653137207,10.546903910567623,10.397338911476005,10.524935481552426,442713600
2011-05-03,10.478590965270996,10.529449107368599,10.400949308248004,10.47227156648992,313348000
2011-05-04,10.519819259643555,10.587830741266519,10.438866832784504,10.48039614536529,389250400
2011-05-05,10.434958457946777,10.561351281754257,10.413892451588215,10.484612035398452,335969200
2011-05-06,10.432246208190918,10.532758709671455,10.418704181688279,10.523429883082972,280134400
2011-05-09,10.46053409576416,10.508684148630955,10.428333612304401,10.468357806351973,204747200
2011-05-10,10.516206741333008,10.523429369404717,10.432245698963595,10.499353942499022,282091600
2011-05-11,10.449400901794434,10.53276088334917,10.38951527104875,10.503269281449533,336000000
2011-05-12,10.429535865783691,10.446088122073062,10.300134475829456,10.415994644755816,322000000
2011-05-13,10.246869087219238,10.41990680104239,10.242355346397881,10.40215237880506,326116000
2011-05-16,10.030198097229004,10.268540077839486,10.009132091990589,10.207751212751923,449775200
2011-05-17,10.11566162109375,10.11566162109375,9.952855153868521,9.991074494380364,452334400
2011-05-18,10.227907180786133,10.263417622331511,10.111445147016305,10.125589054724841,334776400
2011-05-19,10.247771263122559,10.304346904228016,10.191796704051459,10.294416193291404,261170000
2011-05-20,10.087976455688477,10.260413107424153,10.08195759817114,10.218582449471553,337968400
2011-05-23,10.063298225402832,10.110846391883248,9.91343270476853,9.929984159644263,383600000
2011-05-24,9.996790885925293,10.108438662828938,9.971211148098819,10.096400950066919,321927200
2011-05-25,10.134921073913574,10.188488097669536,10.016653346321561,10.034107228049427,294224000
2011-05-26,10.081356048583984,10.138233048640716,10.064202705880485,10.110547106723557,222560800
2011-05-27,10.153877258300781,10.16049799917149,10.06058741133362,10.075333205116547,203599200
2011-05-31,10.467456817626953,10.467456817626953,10.261917240629296,10.264927473156852,417754400
2011-06-01,10.397640228271484,10.596859613330922,10.371760745163138,10.498755438938247,554682800
2011-06-02,10.41539478302002,10.47197124289059,10.361226669861075,10.42743249864904,338783200
2011-06-03,10.335347175598145,10.392224185340424,10.292313540964727,10.327523462818212,313250000
2011-06-06,10.172839164733887,10.44398264844145,10.165917880906536,10.40335656865792,461941200
2011-06-07,9.992279052734375,10.178257747435097,9.988065852124635,10.176753434724544,529785200
2011-06-08,9.998298645019531,10.075338426083714,9.950450729259599,9.984456074156784,333723600
2011-06-09,9.975726127624512,10.041330057869907,9.953456358042688,10.02869045891806,275088800
2011-06-10,9.807503700256348,9.98084277133625,9.795766526811846,9.947438515351418,433955200
2011-06-13,9.828571319580078,9.880031356434573,9.782528255592258,9.846627092216382,329473200
2011-06-14,10.004315376281738,10.028691346052327,9.910122270439143,9.930886925904034,334569200
2011-06-15,9.833083152770996,9.93991505339673,9.77680724086282,9.923363598218698,399196000
2011-06-16,9.785235404968262,9.891164897922977,9.579696621925514,9.837598667422006,510591200
2011-06-17,9.637774467468262,9.908316858996919,9.610690415286202,9.900492345108457,615020000
2011-06-20,9.489113807678223,9.560736605068684,9.344062555639434,9.550504547274107,640645600
2011-06-21,9.789447784423828,9.804494124989368,9.485502704838954,9.530041447941123,493382400
2011-06-22,9.708498001098633,9.897787494324687,9.701575911681894,9.785236441875442,390583200
2011-06-23,9.967904090881348,9.981746661015972,9.573377181084815,9.598052892284393,559759200
2011-06-24,9.821044921875,10.025681230324741,9.783126927849736,9.97211501229969,439807200
2011-06-27,9.992279052734375,10.048253628677934,9.848131019437437,9.858363078061092,339813600
2011-06-28,10.089179039001465,10.132514007888556,10.034409044853128,10.04072844321254,294299600
2011-06-29,10.05246353149414,10.122581195388948,9.987460689854426,10.112650484716763,352545200
2011-06-30,10.101519584655762,10.115363763142138,10.016355547275559,10.07232932557069,322954800
2011-07-01,10.329927444458008,10.337149268873489,10.05727886251428,10.109942652977496,435313200
2011-07-05,10.515610694885254,10.527648415022538,10.307062416816583,10.322108763402067,355054000
2011-07-06,10.585725784301758,10.656145626080194,10.43375322134012,10.501162830243556,444626000
2011-07-07,10.749431610107422,10.773506232070078,10.653131515085532,10.67329508577504,399663600
2011-07-08,10.824966430664062,10.833694174364762,10.59896359283919,10.633270271236233,489633200
2011-07-11,10.6531343460083,10.826775586368372,10.617623887473796,10.72355418086451,442674400
2011-07-12,10.645615577697754,10.76388336456293,10.491234630705373,10.638994028088316,451609200
2011-07-13,10.774109840393066,10.833694916536794,10.724755213808818,10.783437863210318,391638800
2011-07-14,10.766587257385254,10.882146914036253,10.723553630369683,10.864090341003688,430533600
2011-07-15,10.981755256652832,10.984162799517895,10.808717532947924,10.868904497403046,484467200
2011-07-18,11.24898624420166,11.274565180296852,10.992588568882487,10.997102309702653,572653200
2011-07-19,11.34077262878418,11.394940736919406,11.23454180717481,11.375379852629296,819145600
2011-07-20,11.643213272094727,11.925190724618071,11.616129216398225,11.920676983197252,941340400
2011-07-21,11.654951095581055,11.738309465688248,11.552933462231799,11.644719037059902,526534400
2011-07-22,11.835813522338867,11.888477324788335,11.668793827934191,11.685947171548179,516728800
2011-07-25,11.992300033569336,12.037439859483023,11.725068374804971,11.747036000194438,589806000
2011-07-26,12.140060424804688,12.172862800556832,12.02781153071017,12.037440900348534,476582400
2011-07-27,11.814446449279785,12.116887221647758,11.80120496218995,12.055195134903379,659324400
2011-07-28,11.79127311706543,11.94685695930357,11.680228014451119,11.785255063460687,594034000
2011-07-29,11.750948905944824,11.891486424680565,11.55594273244177,11.66548353493515,632584400
2011-08-01,11.939634323120117,12.022390791316951,11.807823770360562,11.97063023016673,612836000
2011-08-02,11.703701972961426,11.974243604960074,11.686849974658518,11.96672043448123,639539600
2011-08-03,11.813843727111816,11.843335324501796,11.502977379462886,11.765994213035897,732508000
2011-08-04,11.356420516967773,11.776225753311778,11.355818631260009,11.718747677184604,871407600
2011-08-05,11.243572235107422,11.540898236363127,10.911038722228668,11.44881130338791,1204590800
2011-08-08,10.629362106323242,11.067524564159417,10.623643788881509,10.884555281328366,1143833600
2011-08-09,11.255306243896484,11.273362815314025,10.68322632839627,10.87281631035178,1082583600
2011-08-10,10.944740295410156,11.274565626187965,10.908929301309206,11.169238038475916,878656800
2011-08-11,11.245976448059082,11.298640238110277,10.975735410896663,11.150278234963888,741969200
2011-08-12,11.344985961914062,11.4247330089452,11.261927337974498,11.377486184307752,528976000
2011-08-15,11.538187026977539,11.585133312846015,11.378088628566415,11.424433028672656,460544000
2011-08-16,11.45001220703125,11.536983496109588,11.31699866514606,11.481310267320296,498750000
2011-08-17,11.448808670043945,11.571590147655284,11.375380216340782,11.505083781811067,442061200
2011-08-18,11.015759468078613,11.214378519798176,10.874921439213502,11.159908269837588,851435200
2011-08-19,10.714225769042969,11.044353336708946,10.713323342035173,10.899000712336543,775888400
2011-08-22,10.726560592651367,10.980551525750961,10.685934515005188,10.969416238980982,535315200
2011-08-23,11.24296760559082,11.244171376977652,10.743413730255165,10.842722458911739,656835200
2011-08-24,11.320608139038086,11.404267831434579,11.152685261439652,11.239053840982844,626267600
2011-08-25,11.246577262878418,11.298639162310486,10.98416076430868,10.98656830672766,871346000
2011-08-26,11.543302536010742,11.549922475280916,11.158705600511285,11.169840084430625,641477200
2011-08-29,11.735601425170898,11.781645286894895,11.676317683071241,11.681733851663857,405269200
2011-08-30,11.73620319366455,11.791876424007954,11.622449189811379,11.683839933381979,417922400
2011-08-31,11.58091926574707,11.79909761529674,11.491541245554838,11.753656448949274,522586400
2011-09-01,11.466564178466797,11.656454715902193,11.457235350985723,11.610713005343346,343725200
2011-09-02,11.256512641906738,11.375382285592394,11.189704919244463,11.277276498503326,438939200
2011-09-06,11.427742004394531,11.445496426208697,11.028699842666787,11.055483353079847,509698000
2011-09-07,11.553832054138184,11.604088292495504,11.495750499996987,11.602884521388065,350576800
2011-09-08,11.560155868530273,11.694674528645457,11.505084524696931,11.507792608930842,416158400
2011-09-09,11.359732627868652,11.616129540883572,11.28570148068151,11.553836371758676,564813200
2011-09-12,11.433765411376953,11.462052441837795,11.191812098246205,11.224915823135678,467832400
2011-09-13,11.574599266052246,11.622447169200575,11.443089252417787,11.499966244456072,440560400
2011-09-14,11.715436935424805,11.803009297175096,11.608905575621945,11.64682357172708,534724400
2011-09-15,11.825577735900879,11.846643732391549,11.73349164771275,11.779534691806814,417818800
2011-09-16,12.052484512329102,12.052484512329102,11.887873195786831,11.903220879093514,698513200
2011-09-19,12.38742446899414,12.435574513642157,11.89298790177191,11.947155195277958,823860800
2011-09-20,12.442195892333984,12.725377056115281,12.374184422892899,12.496363992199107,775754000
2011-09-21,12.402776718139648,12.687160921357892,12.398563517640422,12.628478262640266,605976000
2011-09-22,12.092208862304688,12.332958330758599,11.938130134653653,12.068435581548929,968480800
2011-09-23,12.166842460632324,12.240270915353422,12.032925693091434,12.04586583499274,546277200
2011-09-26,12.132837295532227,12.157213268709908,11.775626509848971,12.033227204308327,812876400
2011-09-27,12.015169143676758,12.31580341027925,11.97905680604124,12.300155186002419,632497600
2011-09-28,11.947460174560547,12.149989504628735,11.93241222733616,12.043156793759023,429637600
2011-09-29,11.753655433654785,12.103944855546592,11.622446769172663,12.095217915179026,651086800
2011-09-30,11.475293159484863,11.703102540260197,11.47107995841885,11.64983604286143,547640800
2011-10-03,11.273061752319336,11.51501501109246,11.230028928595823,11.446702984950802,669099200
2011-10-04,11.209866523742676,11.489737008189557,10.660358417624654,11.272160502254959,1233677200
2011-10-05,11.382905006408691,11.430151031805744,10.842724163631715,11.070232169998219,786469600
2011-10-06,11.356420516967773,11.579413948387216,11.188798963491191,11.23484201475657,812582400
2011-10-07,11.128612518310547,11.367555530323996,11.089190207994095,11.308572335386827,535458000
2011-10-10,11.700695037841797,11.700695037841797,11.381702737804407,11.408185717845349,442514800
2011-10-11,12.04616641998291,12.133137706261317,11.781644460958367,11.813844143494247,605687600
2011-10-12,12.103344917297363,12.315804966563096,12.041652831960628,12.2583268851537,622286000
2011-10-13,12.291129112243652,12.291129112243652,12.123206200672058,12.187305024718055,426185200
2011-10-14,12.699499130249023,12.699499130249023,12.496968193109362,12.543915281238634,573367200
2011-10-17,12.63901138305664,12.840939639889276,12.517131523161838,12.691675182740598,686044800
2011-10-18,12.706720352172852,12.784061461385564,12.518635485436915,12.692275094972915,881602400
2011-10-19,11.995908737182617,12.290825470209338,11.971231425800584,12.078064118551387,1104059600
2011-10-20,11.896297454833984,12.047969417369512,11.863195352765967,12.037436820768013,549270400
2011-10-21,11.822872161865234,12.011559738599308,11.759073876072769,11.980262481485754,621244400
2011-10-24,12.211082458496094,12.233050087787957,11.899012263061072,11.922485008849392,502138000
2011-10-25,11.970331192016602,12.234553430539375,11.958595624409801,12.188810913771235,430427200
2011-10-26,12.05549430847168,12.114176955763657,11.831296316708201,12.09040207006842,456304800
2011-10-27,12.178576469421387,12.308280823682297,12.094314885507826,12.264945054994556,494664800
2011-10-28,12.186399459838867,12.228530648321836,12.112971023690555,12.127716819121757,322842800
2011-10-31,12.181290626525879,12.318216864551621,12.069040908314769,12.110269693178958,385501200
2011-11-01,11.93241024017334,12.022390135183011,11.833402864069665,11.959495094212269,531790000
2011-11-02,11.95949649810791,12.050680175112026,11.890280444357852,12.040147576875535,327350800
2011-11-03,12.129826545715332,12.139757258569825,11.897804817715976,12.00945180923173,441386400
2011-11-04,12.044661521911621,12.140960827339251,12.012160496284974,12.098529089023913,302229200
2011-11-07,12.029311180114746,12.037437037958343,11.920974980446797,12.034728954400894,270275600
2011-11-08,12.224922180175781,12.278188666467909,12.084385475771057,12.103946360563064,400442000
2011-11-09,11.895398139953613,12.064223485102124,11.863800341883335,11.946256282983287,558684000
2011-11-10,11.592658042907715,11.953480168265976,11.50027057493824,11.948063195676998,744752400
2011-11-11,11.574599266052246,11.697380731847376,11.443390597054112,11.634484882939585,653786000
2011-11-14,11.413298606872559,11.593559777520785,11.381399464883838,11.541497060593,432905200
2011-11-15,11.7012939453125,11.72145591140259,11.419015973436693,11.459642053853216,430810800
2011-11-16,11.579115867614746,11.77081208654709,11.565573034519655,11.713935080456936,349210400
2011-11-17,11.357625961303711,11.573396796011927,11.300147073124466,11.555340222119359,479900400
2011-11-18,11.283293724060059,11.435266264155283,11.2814880667583,11.403066580985962,371938000
2011-11-21,11.104841232299805,11.185190983501306,11.011550533660595,11.146670289489013,447980400
2011-11-22,11.33053970336914,11.373272783029183,11.16291815775916,11.16532570047723,409021200
2011-11-23,11.044050216674805,11.310378643194257,11.040739443144565,11.270353641253905,428271200
2011-11-25,10.941131591796875,11.169240703524073,10.933607616889518,11.087085294079614,254760800
2011-11-28,11.318803787231445,11.336860359621273,11.14456228339137,11.205351136598905,346413200
2011-11-29,11.230927467346191,11.400354637333628,11.140647043579344,11.310374754555758,375855200
2011-11-30,11.501773834228516,11.504181377380872,11.38440851630865,11.474389236249213,405938400
2011-12-01,11.67420768737793,11.706407363914186,11.458135562959383,11.512003122653203,387181200
2011-12-02,11.727472305297852,11.845740010999092,11.693767515895935,11.731384159833972,379055600
2011-12-05,11.827085494995117,11.929404472026722,11.748240867337156,11.841530753941461,357210000
2011-12-06,11.765092849731445,11.875838227663307,11.717846824290445,11.81203913765689,283598000
2011-12-07,11.70911979675293,11.764793030235019,11.63900130345828,11.73439819783903,304746400
2011-12-08,11.756364822387695,11.902017955442156,11.743424680920054,11.780138907050192,376356400
2011-12-09,11.845441818237305,11.858081418970745,11.76749962267887,11.822270422271332,296993200
2011-12-12,11.791873931884766,11.853866548145286,11.719950603954693,11.78705884656967,301067200
2011-12-13,11.700695037841797,11.899012829056872,11.64923499791396,11.8267873234403,338928800
2011-12-14,11.441285133361816,11.657658647185416,11.365750478459947,11.63719453107819,406887600
2011-12-15,11.403669357299805,11.548118738377752,11.384710355943676,11.53578048097844,256200000
2011-12-16,11.466259956359863,11.560453045136937,11.422624455116997,11.446398534862679,421478400
2011-12-19,11.5020751953125,11.581522512281847,11.450012476361497,11.509899710568812,235530400
2011-12-20,11.915560722351074,11.92007526742207,11.654047382000591,11.669093722675084,337215200
2011-12-21,11.930607795715332,11.956187539012937,11.796991566235274,11.937829621331554,262948000
2011-12-22,11.993803977966309,12.011258664890052,11.920074981821868,11.94715823366989,202358800
2011-12-23,12.137652397155762,12.14547691258823,12.02209273383378,12.028111591858757,269399200
2011-12-27,12.233951568603516,12.310991343230885,12.128322620492073,12.130730967259135,265076000
2011-12-28,12.116889953613281,12.285714532351175,12.077768172885705,12.244787897472047,228662000
2011-12-29,12.191516876220703,12.207467248782075,12.052786644540385,12.13975631410558,215978000
2011-12-30,12.187902450561523,12.226422318722324,12.142461300989039,12.143062382899632,179662000
2012-01-03,12.375389099121094,12.413608437865433,12.308280855016081,12.320318568571098,302220800
2012-01-04,12.441896438598633,12.479213353561647,12.316707422097965,12.338374504619773,260022000
2012-01-05,12.580026626586914,12.595674852138494,12.418724463668132,12.487338633992254,271269600
2012-01-06,12.711532592773438,12.72206518866475,12.61583519600035,12.632386647711147,318292800
2012-01-09,12.691374778747559,12.872538391661966,12.67993894822918,12.804828246241515,394024400
2012-01-10,12.736814498901367,12.819873124962697,12.684451242405542,12.817164237303519,258196400
2012-01-11,12.716050148010254,12.72507843444821,12.618547065237715,12.719962003673801,215084800
2012-01-12,12.68113899230957,12.726580152738707,12.60169169502254,12.707922501489438,212587200
2012-01-13,12.633591651916504,12.652851993643752,12.598984430753884,12.630282486060661,226021600
2012-01-17,12.780749320983887,12.819570543763106,12.728386072821198,12.765702179676893,242897200
2012-01-18,12.913461685180664,12.92429482282467,12.828898763991285,12.848760185993306,276791200
2012-01-19,12.872541427612305,12.981479571794518,12.835225301758364,12.944766135485347,261738400
2012-01-20,12.64833927154541,12.865013325679762,12.631787814781777,12.864712784589816,413974400
2012-01-23,12.8623046875,12.893602745967867,12.708526497125566,12.719660981518366,306062400
2012-01-24,12.651647567749023,12.792786939617224,12.625767288477643,12.792786939617224,547638000
2012-01-25,13.441607475280762,13.676035961858162,13.353433216662488,13.675735420758302,958314000
2012-01-26,13.380516052246094,13.505704258767299,13.335676773386647,13.492764921714755,323985200
2012-01-27,13.4602632522583,13.496375588608876,13.354635130494627,13.37178766658584,299709200
2012-01-30,13.632699966430664,13.659483478507124,13.403387137952949,13.413016505646084,379341200
2012-01-31,13.737126350402832,13.790090693079232,13.634506831536775,13.710342834374847,391683600
2012-02-01,13.728397369384766,13.812659760821237,13.709138634017254,13.795205878981033,270046000
2012-02-02,13.696198463439941,13.757889742656385,13.661891779939769,13.719671203649819,186796400
2012-02-03,13.833425521850586,13.843055693890022,13.709440271185986,13.761803528064634,286599600
2012-02-06,13.962523460388184,13.992918282696392,13.788884680662145,13.794300847708394,249412800
2012-02-07,14.108784675598145,14.136471425017163,13.980885939964223,14.001049517964514,316223600
2012-02-08,14.345013618469238,14.348322783911856,14.134959560664832,14.159034984817534,407890000
2012-02-09,14.841262817382812,14.948997974502486,14.4617822240477,14.46780108258834,884214800
2012-02-10,14.848783493041992,14.975176286808134,14.702227124760762,14.774753956192482,631302000
2012-02-13,15.125041007995605,15.162055770496725,14.959224322157915,15.032652765089228,517216000
2012-02-14,15.3314847946167,15.334493419830343,15.106987031279303,15.18703542658693,460398400
2012-02-15,14.976676940917969,15.837953453687314,14.953202601222376,15.475928541838053,1506120000
2012-02-16,15.11330509185791,15.193956169370503,14.644446573033008,14.791002930039422,944552000
2012-02-17,15.110599517822266,15.28062864204187,15.055828713010273,15.140391659868685,535805200
2012-02-21,15.493687629699707,15.493687629699707,15.17078280344958,15.253841417393819,605595200
2012-02-22,15.439223289489746,15.512952302131179,15.319750949157841,15.440427061271075,483302400
2012-02-23,15.54002857208252,15.58336433448242,15.332684210016952,15.500606271388737,568027600
2012-02-24,15.721199989318848,15.735945791838255,15.607748115133834,15.638744033105418,415072000
2012-02-27,15.82201099395752,15.904466931010415,15.536723576935348,15.688093423449137,547582000
2012-02-28,16.112409591674805,16.112409591674805,15.824714711043335,15.88821243481318,600387200
2012-02-29,16.323972702026367,16.47955817717907,16.121142806247178,16.297491333178133,952011200
2012-03-01,16.385055541992188,16.497607335898067,16.213522178716286,16.49640195763088,683270000
2012-03-02,16.406431198120117,16.455181541472648,16.326381183228655,16.378143366605006,431712400
2012-03-05,16.04471206665039,16.475651233106586,15.829240072663723,16.41365938001561,809124400
2012-03-06,15.957437515258789,16.060658149307194,15.534923196116909,15.75881996139394,810238800
2012-03-07,15.970365524291992,16.183728710123734,15.747973252400737,16.154237124293893,798520800
2012-03-08,16.310434341430664,16.340527028993915,16.013409679289072,16.090750007793595,516457200
2012-03-09,16.406124114990234,16.483464407323662,16.344130700415253,16.377233605556178,418919200
2012-03-12,16.611669540405273,16.611669540405273,16.46119969075691,16.5207855840718,407282400
2012-03-13,17.096174240112305,17.09858178323308,16.724517404907882,16.778386584028148,690855200
2012-03-14,17.74258041381836,17.89726100051427,17.315852347896694,17.39560179090029,1418844000
2012-03-15,17.621612548828125,18.056465080789536,17.41065675737777,18.044427362400985,1159718000
2012-03-16,17.621910095214844,17.731149558475092,17.394101536735754,17.596330349779358,825487600
2012-03-19,18.089263916015625,18.10942588498559,17.726636158290447,18.00710851308165,901236000
2012-03-20,18.235523223876953,18.263809451168555,17.799767463761825,18.041418632120376,816662000
2012-03-21,18.13138771057129,18.346557386493505,18.098586955304324,18.1386103375579,644042000
2012-03-22,18.036300659179688,18.19158399096605,17.921643416060107,17.989353563838076,623870800
2012-03-23,17.937286376953125,18.11032407700844,17.88763121394058,18.07090177335959,430488800
2012-03-26,18.266210556030273,18.27132778989103,17.913515176640527,18.049837065240794,595742000
2012-03-27,18.491920471191406,18.54608859726274,18.238532121899542,18.2421434374491,607129600
2012-03-28,18.58640480041504,18.701663084504577,18.36642002524494,18.60927484688501,655460400
2012-03-29,18.352886199951172,18.55451395551896,18.273741017830606,18.44075993287074,608238400
2012-03-30,18.042617797851562,18.373947472343357,17.99416639577982,18.320079901996767,731038000
2012-04-02,18.61680030822754,18.621012704152033,18.067591309790892,18.111227617210194,598351600
2012-04-03,18.93850326538086,19.025475355345627,18.73356638873358,18.8777136075997,834559600
2012-04-04,18.787734985351562,18.83437992727724,18.567750155528273,18.7889387568949,572980800
2012-04-05,19.0697078704834,19.099199461395973,18.760345099738416,18.86808021174024,641298000
2012-04-09,19.14645004272461,19.255088410855784,18.81752792036,18.842504973427143,597536800
2012-04-10,18.912025451660156,19.380281407667198,18.83859698279393,19.257800445842953,889725200
2012-04-11,18.84461212158203,19.16571053533058,18.758543262867295,19.145548568072417,696614800
2012-04-12,18.741384506225586,18.998986711438572,18.67307169867533,18.80849354262292,614336800
2012-04-13,18.21354866027832,18.799471998391375,18.16178809153046,18.781715966486562,859644800
2012-04-16,17.45819664001465,18.36551713350374,17.401620997662306,18.358897195123838,1050786800
2012-04-17,18.348068237304688,18.35709572066949,17.210831944547117,17.4223903823685,1025528000
2012-04-18,18.307138442993164,18.665553738859174,18.13771043308242,18.469041676368125,954531200
2012-04-19,17.678180694580078,18.198499198490406,17.59030699491305,18.062776793971402,834719200
2012-04-20,17.2430362701416,17.894262412909725,17.16599647459967,17.796758494771876,1030985200
2012-04-23,17.204511642456055,17.354078260095374,16.750700983364865,17.17171087415749,966529200
2012-04-24,16.860841751098633,17.0838351991153,16.701947126765372,16.93095943230766,1076149200
2012-04-25,18.357091903686523,18.597841350796475,18.23671798371722,18.526820448723747,905777600
2012-04-26,18.28788185119629,18.49823652416916,18.12026026757419,18.485596118447102,536068400
2012-04-27,18.146440505981445,18.242139544033687,18.071207192180733,18.208736087708594,406722400
2012-04-30,17.574060440063477,18.00801125161297,17.54456884018372,17.98995467806261,506144800
2012-05-01,17.518388748168945,17.95865736994963,17.49130469029405,17.60174792392239,610999200
2012-05-02,17.634252548217773,17.676985647815865,17.41998596785304,17.46151529553045,427389200
2012-05-03,17.509061813354492,17.797359535766347,17.46332009190215,17.77027547371952,390549600
2012-05-04,17.010406494140625,17.404933357902518,17.007998951165806,17.366414277476977,529992400
2012-05-07,17.137706756591797,17.236714976963345,16.889434049193646,16.89755991053704,460118400
2012-05-08,17.09857940673828,17.19848921802093,16.814195245602097,17.140709798324597,497252000
2012-05-09,17.12866973876953,17.273120678986174,16.877991210967807,16.96375790201534,480704000
2012-05-10,17.16899871826172,17.330300880886224,17.106405816169595,17.291179111700004,333200000
2012-05-11,17.054340362548828,17.287867168686173,16.98331946440351,17.002880345854667,399546000
2012-05-14,16.798845291137695,17.078414342280702,16.780187639760474,16.92975260614997,352626400
2012-05-15,16.646869659423828,16.949310308303286,16.604136590304275,16.89604544776847,476336000
2012-05-16,16.433517456054688,16.758829972749602,16.28184541510113,16.67336377733329,560896000
2012-05-17,15.953215599060059,16.476242155062355,15.953215599060059,16.410336884293912,717220000
2012-05-18,15.96103572845459,16.353154885198165,15.71426910545704,16.068770820749272,732292400
2012-05-21,16.890928268432617,16.898753583946426,16.0714799995836,16.08502362945316,631106000
2012-05-22,16.761226654052734,17.270108425639823,16.62911558976918,17.139802214401737,694870400
2012-05-23,17.170198440551758,17.237608013488405,16.648676275012278,16.777174417372233,584897600
2012-05-24,17.01250648498535,17.348953244790586,16.889422910086388,17.329993449884558,496230000
2012-05-25,16.92133331298828,17.028467395431775,16.806375517473455,16.990549387524645,328507200
2012-05-29,17.221656799316406,17.273719496318886,17.012207061749038,17.180429649118604,380508800
2012-05-30,17.42930030822754,17.453976807362373,17.049819980871828,17.129267250751486,529429600
2012-05-31,17.385974884033203,17.49942672876934,17.19728812612417,17.476555070874706,491674400
2012-06-01,16.8822078704834,17.23310003986463,16.868064760358063,17.128072982639555,520987600
2012-06-04,16.98151397705078,17.078114618565845,16.50633769397848,16.89755373824952,556995600
2012-06-05,16.93758201599121,17.04712363288562,16.802161718454272,16.89063652713465,388214400
2012-06-06,17.19729232788086,17.269214878124572,17.017933549649136,17.086246391778,401455600
2012-06-07,17.205108642578125,17.373631795312964,17.168394423202454,17.372730172257903,379766800
2012-06-08,17.46391487121582,17.471740188715895,17.123255608954462,17.201499140926853,347516400
2012-06-11,17.188560485839844,17.710081194039375,17.172308768095053,17.6866084549509,591264800
2012-06-12,17.33872413635254,17.352566702160004,17.054039467626243,17.287566268917566,435380400
2012-06-13,17.218345642089844,17.408536627696563,17.164778639239795,17.289366519855932,293580000
2012-06-14,17.199392318725586,17.258677657594994,17.070894143204395,17.1906653779844,345573200
2012-06-15,17.27764129638672,17.29238709869492,17.13981184023968,17.18344816486856,335255200
2012-06-18,17.62822914123535,17.691726888292266,17.16448778041789,17.18224381346061,440412000
2012-06-19,17.677282333374023,17.755223728600672,17.547578761554156,17.556606244583442,361404400
2012-06-20,17.62702751159668,17.732655661042052,17.478364123989643,17.701357598228437,358943200
2012-06-21,17.384164810180664,17.701651834852075,17.377242723884653,17.617992145961267,326351200
2012-06-22,17.517484664916992,17.520192749138307,17.316459635598154,17.425398551190725,284471600
2012-06-25,17.176523208618164,17.448268586520527,17.164485494120026,17.37303367449291,304382400
2012-06-26,17.214439392089844,17.288468917696836,17.07299867239532,17.193372590351828,276536400
2012-06-27,17.28877067565918,17.356180267320216,17.211129830618216,17.303817014669995,202997200
2012-06-28,17.124765396118164,17.273729338407655,17.021244239421424,17.20361164256891,282836400
2012-06-29,17.574661254882812,17.574661254882812,17.2812479928793,17.394098752981733,421500800
2012-07-02,17.8310546875,17.859643048319434,17.56262013672732,17.596626271569818,400092000
2012-07-03,18.038402557373047,18.05615858793641,17.875597693140783,17.902079057694777,241712800
2012-07-05,18.35529136657715,18.487703031114776,18.045627946219177,18.073012545336244,484383200
2012-07-06,18.233110427856445,18.310150202524046,18.10370899972748,18.2695241166985,418930400
2012-07-09,18.47415542602539,18.474455967048293,18.179840584527877,18.21565157421939,379405600
2012-07-10,18.3032283782959,18.654118931951963,18.215955747920354,18.59694058914929,511957600
2012-07-11,18.18947410583496,18.286675840669165,17.972499519036738,18.24033144209643,469322000
2012-07-12,18.023056030273438,18.1605833040905,17.8358735852903,18.063381570787676,428041600
2012-07-13,18.205724716186523,18.272531624657258,18.056159721257846,18.144936665303906,311427200
2012-07-16,18.264108657836914,18.405848348490924,18.207230849733623,18.210241082414534,301260400
2012-07-17,18.2650089263916,18.40223565652833,18.150952787564503,18.38086831162568,293624800
2012-07-18,18.244552612304688,18.30714714692126,18.16329880876115,18.25448332916082,252700000
2012-07-19,18.48710060119629,18.518096512932356,18.23672094271603,18.395615571446616,436861600
2012-07-20,18.185556411743164,18.490705152857124,18.16749984527076,18.44827262343974,397471200
2012-07-23,18.171415328979492,18.23370929037317,17.686306729725935,17.88763226279874,487975600
2012-07-24,18.083847045898438,18.347466588022844,18.011320211429428,18.278250527126335,565132400
2012-07-25,17.302919387817383,17.478364691292803,17.153354371999658,17.28757250420294,877312800
2012-07-26,17.300207138061523,17.46632276918488,17.164184184664865,17.447062426850085,406632800
2012-07-27,17.609573364257812,17.629736942672814,17.201203846752268,17.304123919647203,403936400
2012-07-30,17.906593322753906,18.03930550603345,17.68961713984558,17.782908621563145,379142400
2012-07-31,18.379962921142578,18.408252350309503,18.138011318260244,18.15335819697374,462327600
2012-08-01,18.261089324951172,18.549687404451763,18.146432142532984,18.53494161102741,384501600
2012-08-02,18.290586471557617,18.377857487593232,18.06368118699644,18.141624180029336,332158400
2012-08-03,18.52863121032715,18.597244585640684,18.404043258150974,18.46633723423906,344920800
2012-08-06,18.734771728515625,18.804588874896947,18.51538957535747,18.576478172165878,302103200
2012-08-07,18.68541717529297,18.808499196543753,18.599047774485776,18.741390139973134,290446800
2012-08-08,18.653812408447266,18.77478899493473,18.570753808555242,18.63966769603144,244706000
2012-08-09,18.76020050048828,18.790423995803664,18.671647676804017,18.673158448051826,221642400
2012-08-10,18.789512634277344,18.791325236550048,18.698845396998106,18.69914722836498,194938800
2012-08-13,19.040372848510742,19.040372848510742,18.836368623123498,18.840600720970382,278832400
2012-08-14,19.091445922851562,19.300589325935054,19.046716754522414,19.09688696017971,340169200
2012-08-15,19.065446853637695,19.161253297673934,18.97236173420757,19.079652297207332,257342400
2012-08-16,19.231983184814453,19.244676248457846,19.05548116351074,19.07694025317744,254534000
2012-08-17,19.587705612182617,19.590123492347495,19.306634306340488,19.34259906323889,442761200
2012-08-20,20.102697372436523,20.102697372436523,19.64179917813982,19.64512416598871,613384800
2012-08-21,19.827974319458008,20.39676846299778,19.654797302489445,20.274063478618856,812719600
2012-08-22,20.215120315551758,20.219048965227465,19.587695270670867,19.778401029292112,565322800
2012-08-23,20.026535034179688,20.246253773989572,19.981804264851405,20.131709560943314,420128800
2012-08-24,20.044368743896484,20.23356380245702,19.812560571588197,19.932242393158674,437340400
2012-08-27,20.420942306518555,20.577797788986924,20.356264841628764,20.55120111641938,427008400
2012-08-28,20.39435386657715,20.433643614421722,20.269532813661836,20.39979329021679,267416800
2012-08-29,20.354148864746094,20.481084301572764,20.327855637556052,20.407945872864207,202806800
2012-08-30,20.064014434814453,20.296126062149952,20.033187273238145,20.268623888942,302699600
2012-08-31,20.105417251586914,20.20696496385654,19.86393597186128,20.166164457280075,338321200
2012-09-04,20.399490356445312,20.404627948287885,20.083057956078015,20.121138761714782,367892000
2012-09-05,20.256229400634766,20.441192340348906,20.237188196035852,20.417618822236918,336375200
2012-09-06,20.438772201538086,20.49982284518787,20.273454147536874,20.34508180228641,391196400
2012-09-07,20.564802169799805,20.626456476314672,20.423661293866868,20.492567624026204,329666400
2012-09-10,20.02986717224121,20.650944433578292,20.010524129950856,20.565112911559414,487998000
2012-09-11,19.96488380432129,20.25230159826745,19.84127171732419,20.101490784669654,503983200
2012-09-12,20.242937088012695,20.246262077101054,19.826165846510833,20.154082403879652,712233200
2012-09-13,20.641572952270508,20.717734554650225,20.393443274564586,20.472022756831663,598360000
2012-09-14,20.892417907714844,21.064687777951267,20.789961479784576,20.852524512111327,600474000
2012-09-17,21.149316787719727,21.149920450665764,20.99306492901932,21.136320279587427,398031200
2012-09-18,21.213693618774414,21.226386683034352,21.047770218495547,21.152341118064285,373503200
2012-09-19,21.21942710876465,21.27654748675908,21.142963697344996,21.163817501738677,326874800
2012-09-20,21.116674423217773,21.15777838007962,20.963142283083645,21.130576425120353,336568400
2012-09-21,21.158676147460938,21.309185075825052,21.136613405720535,21.228793022429468,571589200
2012-09-24,20.877614974975586,21.008480727340658,20.642179935840698,20.758840238064362,639766400
2012-09-25,20.356266021728516,20.937753120364956,20.339944528307324,20.801144544692892,518789600
2012-09-26,20.10360336303711,20.33057573697069,19.98331628504004,20.21119576725866,576503200
2012-09-27,20.591394424438477,20.617083984334723,19.957622845429903,20.07670096061874,594090000
2012-09-28,20.161630630493164,20.585051664094994,20.151052004809483,20.513725837277484,535110800
2012-10-01,19.928621292114258,20.45329005907713,19.84127737714673,20.2843434847421,543594800
2012-10-02,19.98664093017578,20.138964112599336,19.664465745751677,20.00175187021996,627992400
2012-10-03,20.293102264404297,20.30549510900916,20.026538278145722,20.093935467429482,424281200
2012-10-04,20.15256690979004,20.377726724915586,20.114789554752594,20.28705784468173,370725600
2012-10-05,19.723106384277344,20.128393514671767,19.68351480168963,20.10421632377196,594006000
2012-10-08,19.287290573120117,19.571083194521275,19.22503096814408,19.550531213857084,637994000
2012-10-09,19.21717071533203,19.357404510195742,18.845430587772217,19.301794891006043,838597200
2012-10-10,19.37009620666504,19.49310300346622,19.25192516893715,19.334735121959554,510356000
2012-10-11,18.982942581176758,19.560199241208057,18.982942581176758,19.53904360133827,546081200
2012-10-12,19.031606674194336,19.202969497470114,18.898324657654538,19.027072745227212,460014800
2012-10-15,19.18422508239746,19.195407371110715,18.85449444588085,19.11138848302184,432502000
2012-10-16,19.638473510742188,19.653887895624788,19.070586588734955,19.202661234995517,549771600
2012-10-17,19.48192024230957,19.729142769692967,19.463484314807086,19.61066990341014,389037600
2012-10-18,19.120155334472656,19.404853407020628,19.040366918109225,19.33020419559522,476624400
2012-10-19,18.431074142456055,19.09385881567922,18.424424166799977,19.0720995142667,744086000
2012-10-22,19.162168502807617,19.202969020281085,18.458883342824343,18.509053549511098,546730800
2012-10-23,18.537464141845703,19.158241202073924,18.48729554569327,19.07059384642534,707145600
2012-10-24,18.642330169677734,18.936096070203934,18.455251183614376,18.78165845711982,558527200
2012-10-25,18.422008514404297,18.798586028460143,18.30141958447606,18.738139033696154,656325600
2012-10-26,18.254573822021484,18.556802330413415,17.8616780523695,18.41868296914474,1018432800
2012-10-31,17.99223518371582,18.192914300658988,17.76193785573995,17.978936849072856,510003200
2012-11-01,18.02911376953125,18.22435192459314,17.95748609420733,18.079887633980505,361298000
2012-11-02,17.43251609802246,18.0415054989774,17.37055994070559,18.009469396061544,599373600
2012-11-05,17.66885757446289,17.76405877122414,17.456692647694116,17.635612532760483,529135600
2012-11-06,17.615360260009766,17.853818391460702,17.531946641381708,17.838405619458936,374917200
2012-11-07,16.941347122192383,17.443514694456596,16.87303408139516,17.42226243304032,793648800
2012-11-08,16.3265438079834,17.069778084603286,16.25185685256742,17.021199621135292,1056146000
2012-11-09,16.60920524597168,16.84662683376138,16.204191186121392,16.40760946768448,929913600
2012-11-12,16.480772018432617,16.835083373385284,16.353863254585622,16.82445643247313,515802000
2012-11-13,16.48290252685547,16.713037317274665,16.28434211553213,16.361762823849745,532949200
2012-11-14,16.300128936767578,16.62104348944321,16.278876671740374,16.561839708796352,477170400
2012-11-15,15.958270072937012,16.379678600113333,15.867188678395808,16.319868381673132,789910800
2012-11-16,16.020811080932617,16.091248232728613,15.354997502930496,15.945516082706272,1266893600
2012-11-19,17.176042556762695,17.229780459910554,16.3912149283559,16.416413792420258,823317600
2012-11-20,17.02970314025879,17.364888097445373,16.83751983803599,17.363673635695505,642754000
2012-11-21,17.053686141967773,17.22583160552259,16.89884472847566,17.13110684871383,373002000
2012-11-23,17.351221084594727,17.36640266447602,17.081010690056903,17.21975927192405,272826400
2012-11-26,17.89862632751465,17.912895032569434,17.418317393714275,17.484807937825813,630579600
2012-11-27,17.754411697387695,17.925647506419587,17.61232296102293,17.89923256645407,533330000
2012-11-28,17.69855308532715,17.78538466495962,17.374298296274986,17.526405976386314,520864400
2012-11-29,17.89346694946289,18.041931231485275,17.76868547931014,17.91957868452715,514698800
2012-11-30,17.769594192504883,17.864320570763304,17.690655814196855,17.815438899354792,391319600
2012-12-03,17.797222137451172,18.052254197703714,17.77627308114987,18.023715162103155,364280000
2012-12-04,17.483293533325195,17.663940254158543,17.370351836907005,17.663940254158543,557068400
2012-12-05,16.358118057250977,17.28290856698146,16.357510015800727,17.272586455322053,1044638000
2012-12-06,16.61467170715332,16.798960196449762,15.746046185720525,16.059067619923148,1177212400
2012-12-07,16.189912796020508,16.856332447699337,16.09123986849933,16.8016833252086,787040800
2012-12-10,16.08578872680664,16.34962369799967,15.835614425936756,15.939448491949067,630484400
2012-12-11,16.437055587768555,16.685104057875062,16.315004649800667,16.387870712018714,592345600
2012-12-12,16.364498138427734,16.637745556599604,16.281613147701893,16.63076199591538,487144000
2012-12-13,16.081838607788086,16.323208436218348,15.963734222267151,16.12616565362028,625259600
2012-12-14,15.477654457092285,15.730864020261963,15.349836024655245,15.628244449406859,1009579200
2012-12-17,15.752115249633789,15.787637842978999,15.217765163724518,15.451543326309825,757607200
2012-12-18,16.20965576171875,16.24001568037899,15.79522925187635,15.939443729844678,625685200
2012-12-19,15.979217529296875,16.203584871326072,15.95462508502185,16.13587984705311,449369200
2012-12-20,15.84016227722168,16.097318408144204,15.75363392594971,16.091246100910745,481689600
2012-12-21,15.767292976379395,15.777615085836226,15.491311938943161,15.559016934620116,596268400
2012-12-24,15.792792320251465,15.916664098174365,15.748465304899138,15.798258205420558,175753200
2012-12-26,15.575109481811523,15.771240928491325,15.518031422056541,15.75727381279536,302436400
2012-12-27,15.637657165527344,15.673786181816824,15.321903637291623,15.59150762501791,455120400
2012-12-28,15.471580505371094,15.62004639023936,15.42695026334367,15.492834391383644,354278400
2012-12-31,16.157123565673828,16.255190080809125,15.453663611995507,15.500114721031336,659492400
2013-01-02,16.669010162353516,16.850264865622776,16.444341304538654,16.814439067501954,560518000
2013-01-03,16.458616256713867,16.68844787845289,16.42521936854879,16.634101929983267,352965200
2013-01-04,16.000160217285156,16.35325711713005,15.964637631761171,16.302857786938244,594333600
2013-01-07,15.906050682067871,16.069998173833532,15.64191089451948,15.848364552681183,484156400
2013-01-08,15.948853492736816,16.148628359253728,15.825589702013145,16.067261058822332,458707200
2013-01-09,15.699590682983398,15.939744345708444,15.665888973591523,15.863538108532175,407604400
2013-01-10,15.894195556640625,16.052373796391127,15.651611485776566,16.047212743670315,601146000
2013-01-11,15.79674243927002,15.949153258074233,15.757879682957592,15.817994698406661,350506800
2013-01-14,15.233556747436523,15.408131169336546,15.1351869647026,15.261790957015638,734207600
2013-01-15,14.75294303894043,15.149759064484444,14.675825533972102,15.128810006134309,876772400
2013-01-16,15.365315437316895,15.467025353209547,14.952713163092636,15.0176844092637,690804800
2013-01-17,15.261791229248047,15.506804438757223,15.24205825177679,15.493445358939173,453678400
2013-01-18,15.180421829223633,15.247822010610653,15.071121915176343,15.135486753521686,472922800
2013-01-22,15.325243949890137,15.419665502017908,15.078106688677238,15.318868431833941,461546400
2013-01-23,15.60577392578125,15.63552741639164,15.325239856137852,15.447897202416002,861509600
2013-01-24,13.67756175994873,14.139957073388176,13.669970158800231,13.965989095937331,1460852400
2013-01-25,13.355127334594727,13.851526712094959,13.20696627602159,13.713689386886546,1208026400
2013-01-28,13.657217979431152,13.759837544760067,13.233077431502315,13.292888444728472,785517600
2013-01-29,13.91346263885498,13.972060000312325,13.726743643974604,13.920446197774618,571158000
2013-01-30,13.869744300842285,14.044926730566216,13.79900394260795,13.87490535705068,417155200
2013-01-31,13.829061508178711,13.944128909252994,13.813578338592453,13.874299798204532,319334400
2013-02-01,13.772287368774414,13.950201952028413,13.61228650073641,13.938968586802453,539484400
2013-02-04,13.429207801818848,13.842722207698909,13.419492109964668,13.78108950358189,477117200
2013-02-05,13.900408744812012,13.958094856248149,13.426172060982054,13.481732459398746,573347600
2013-02-06,13.88553237915039,14.163332757444106,13.74070986581021,13.85881422499363,593706400
2013-02-07,14.2984037399292,14.352759801782804,13.867820032575148,14.146631125324552,704580800
2013-02-08,14.504840850830078,14.621800419574146,14.299320471907661,14.474913944514055,633158400
2013-02-11,14.656001091003418,14.808996886839022,14.45201050197525,14.551256924673867,517490400
2013-02-12,14.2886323928833,14.7308199401238,14.283746234511982,14.643175697508747,609053200
2013-02-13,14.26144790649414,14.463913529003742,14.145709929894254,14.267555602043652,475207600
2013-02-14,14.248624801635742,14.402840468998615,14.170142940101291,14.185411365929093,355275200
2013-02-15,14.052270889282227,14.357649279114629,14.044941651360418,14.317643447734579,391745200
2013-02-19,14.047079086303711,14.13075374287127,13.859578444736268,14.080977221741218,435783600
2013-02-20,13.706888198852539,13.97684193675787,13.705360051126108,13.97684193675787,476302400
2013-02-21,13.621684074401855,13.71665753798806,13.522741831002534,13.619851765332598,447182400
2013-02-22,13.766739845275879,13.790864026294095,13.638175671955395,13.71910143751884,330654800
2013-02-25,13.522134780883789,13.898360020657059,13.515110520219626,13.85957736019878,372579200
2013-02-26,13.710553169250488,13.789035054817571,13.36517057260095,13.553282790026746,501499600
2013-02-27,13.57618522644043,13.816517839151501,13.456477609014064,13.694060534491065,587350400
2013-02-28,13.479378700256348,13.67695739282057,13.479378700256348,13.560303644848986,322515200
2013-03-01,13.14560317993164,13.381049635310015,13.130639727689626,13.375551891712432,552448400
2013-03-04,12.827400207519531,13.076282797511162,12.795335199152666,13.064067400905301,582755600
2013-03-05,13.166058540344238,13.28973653017204,12.848771480166892,12.871064162823943,638433600
2013-03-06,12.998716354370117,13.291574365258024,12.961154418413662,13.268975882068451,460250000
2013-03-07,13.148961067199707,13.19263069666556,12.85824118934695,12.963291140160887,468473600
2013-03-08,13.183773040771484,13.297067966159819,13.088800390952839,13.125140780412238,391482000
2013-03-11,13.371583938598633,13.406397821162951,12.982837478824852,13.123617079691185,474236000
2013-03-12,13.083305358886719,13.40242564235424,13.057043073405518,13.302261843294676,465911600
2013-03-13,13.080860137939453,13.268667332356447,12.98955292349444,13.083914801831417,405549200
2013-03-14,13.20759391784668,13.272943833714162,13.144990427193093,13.217670395390659,303875600
2013-03-15,13.548396110534668,13.56580264147777,13.352648066269143,13.373414238713492,643960800
2013-03-18,13.916682243347168,13.969816768097576,13.473273166500451,13.480907381060202,606197200
2013-03-19,13.879120826721191,14.07700533936973,13.696198134808943,14.032113353585219,526775200
2013-03-20,13.805521965026855,13.975007703444643,13.729483175665692,13.968595029290386,308660800
2013-03-21,13.825370788574219,13.985694156913317,13.745057431296194,13.74872204930419,383255600
2013-03-22,14.105707168579102,14.111508256765681,13.83697506089514,13.881865404537425,395105200
2013-03-25,14.156707763671875,14.351234252127304,14.101740119159134,14.19060426033556,501135600
2013-03-26,14.082199096679688,14.225725942009857,14.063571022963863,14.21351054434469,294294000
2013-03-27,13.805521965026855,13.949660353061766,13.764296233269144,13.939278083563801,331237200
2013-03-28,13.517862319946289,13.797588434939659,13.48610309782648,13.736513070512887,442839600
2013-04-01,13.097963333129883,13.549617381763147,13.062234525008046,13.494648918298923,389732000
2013-04-02,13.124833106994629,13.379823304582356,13.0213096962036,13.057955872985156,529519200
2013-04-03,13.192018508911133,13.353563431134184,13.140714667625845,13.173084647498065,363216000
2013-04-04,13.061620712280273,13.283935976392572,12.98619269769962,13.246069888271974,358447600
2013-04-05,12.923593521118164,12.977034654392918,12.816099669333731,12.963291926440656,383695200
2013-04-08,13.01551342010498,13.054906854007523,12.901913484752077,12.973981883909023,300829200
2013-04-09,13.039023399353027,13.085440263977649,12.90984846654697,13.020090354785822,306614000
2013-04-10,13.305010795593262,13.346848121235517,13.009404721373427,13.073228945454309,375928000
2013-04-11,13.263477325439453,13.375244919374728,13.167893090027189,13.244848441762228,328364400
2013-04-12,13.125143051147461,13.257981814488563,13.103461130750192,13.257981814488563,238613200
2013-04-15,12.821290016174316,13.06681373208187,12.812128470501342,13.039634887642155,317520000
2013-04-16,13.01642894744873,13.027726966105972,12.843279370572331,12.873817046551762,305771200
2013-04-17,12.300621032714844,12.844194712179995,12.157399191049814,12.834116603243682,945056000
2013-04-18,11.97234058380127,12.391929621660207,11.90179790001074,12.367499646817643,666299200
2013-04-19,11.92592716217041,12.202905230267401,11.760105967850366,11.84775023618338,609274400
2013-04-22,12.17449951171875,12.282299149340716,11.948521227967419,11.990356917193024,429920400
2013-04-23,12.402311325073242,12.47102087648621,12.178773696076266,12.336959783780364,664238400
2013-04-24,12.381854057312012,12.680818983615664,11.986084143210922,12.017844177113702,969651200
2013-04-25,12.47102165222168,12.640811559134345,12.428879356495361,12.55805429972303,384837600
2013-04-26,12.740368843078613,12.78831305953842,12.467055414541614,12.514694653759205,764097600
2013-04-29,13.13491153717041,13.24179377574486,12.825868628933897,12.839610537842411,640326400
2013-04-30,13.521520614624023,13.596949449939993,13.194461184693974,13.286990756284661,691538400
2013-05-01,13.414945602416992,13.587178600386803,13.265311085945655,13.5728259185099,506909200
2013-05-02,13.605196952819824,13.698946444668248,13.455866595467482,13.490984634695646,421828400
2013-05-03,13.74139404296875,13.84064208428301,13.716046691755107,13.782008190908098,361300800
2013-05-06,14.069067001342773,14.11456731331633,13.873623925021505,13.916376180588902,496641600
2013-05-07,14.006464004516602,14.222976608286467,13.854996348856089,14.199157400425044,483753200
2013-05-08,14.164650917053223,14.211374406495631,13.919432919022515,14.01806940341907,472598000
2013-05-09,14.0410737991333,14.232583387777153,14.00449368482807,14.134523662098772,398487600
2013-05-10,13.924263954162598,14.131451691395815,13.847721839326605,14.07796381726508,334852000
2013-05-13,13.97867488861084,14.075813649900914,13.879078518301815,13.87938551421801,316948800
2013-05-14,13.644222259521484,13.992812747976622,13.591656199776272,13.951314134374302,447118000
2013-05-15,13.18281364440918,13.556304414478051,12.98331233735388,13.49974331005271,741613600
2013-05-16,13.358956336975098,13.459476141401566,12.876954767479742,13.01036581357378,603204000
2013-05-17,13.318380355834961,13.528334349705288,13.24921598859652,13.496364914494803,427904400
2013-05-20,13.615632057189941,13.703855589345364,13.221238499701387,13.276877793703852,451578400
2013-05-21,13.515113830566406,13.694020165186757,13.347274121029107,13.468696717734746,456022000
2013-05-22,13.567061424255371,13.782241651736053,13.47084533947643,13.650059453366184,443038400
2013-05-23,13.591346740722656,13.71492157162548,13.396148316730303,13.40106681597153,353021200
2013-05-24,13.683876037597656,13.69955334589221,13.536632137959678,13.551694633755536,276166800
2013-05-28,13.569828987121582,13.867083822744869,13.551693251526482,13.829889722478496,386145200
2013-05-29,13.677729606628418,13.75611697865411,13.507122810909902,13.525567188155202,330576400
2013-05-30,13.881534576416016,13.971295564937067,13.664202859696022,13.699246353385583,353519600
2013-05-31,13.824666023254395,14.051219099860848,13.817595268899728,13.90981386290128,384302800
2013-06-03,13.855095863342285,13.905508840137761,13.601798891990768,13.855402859130377,372352400
2013-06-04,13.811752319335938,13.969141019276844,13.752731967280283,13.931945277391362,292728800
2013-06-05,13.68264389038086,13.855095070676276,13.639607844249639,13.6992430039414,290589600
2013-06-06,13.47822380065918,13.740742953306565,13.342661358318221,13.693711035299845,416934000
2013-06-07,13.581207275390625,13.625165145751238,13.303317721503701,13.41797822118985,404535600
2013-06-10,13.49144172668457,13.80468084792092,13.427195882696461,13.67096284409822,450153200
2013-06-11,13.451787948608398,13.610406279454498,13.320221365924482,13.394612852526084,286112400
2013-06-12,13.285487174987793,13.563991503716489,13.26427655323546,13.510196638888278,265227200
2013-06-13,13.401379585266113,13.437652711952833,13.179744953212994,13.295020276730742,285832400
2013-06-14,13.219701766967773,13.411519140500268,13.172054214165726,13.384160397845312,271866000
2013-06-17,13.279648780822754,13.393386659174212,13.229235784930424,13.262434847371242,259414400
2013-06-18,13.272578239440918,13.368794363196676,13.224624496352847,13.266123117297054,195025600
2013-06-19,13.002984046936035,13.269191227528419,13.002984046936035,13.261198666984528,310940000
2013-06-20,12.813631057739258,13.094593025927265,12.762295437346607,12.889251365201249,357310800
2013-06-21,12.710956573486328,12.910766524466556,12.544961308771118,12.864348592834064,481118400
2013-06-24,12.374049186706543,12.562177725584668,12.23602664013258,12.523445355202567,480746000
2013-06-25,12.376814842224121,12.535432360174559,12.260002931839605,12.471186507180851,314162800
2013-06-26,12.236641883850098,12.44321397207981,12.162558204098227,12.415855224491034,367724000
2013-06-27,12.104765892028809,12.338696713272112,12.097388962858059,12.272914238169868,337246000
2013-06-28,12.18930435180664,12.304271034198173,11.953836031473656,12.030378975278254,578516400
2013-07-01,12.579386711120605,12.673144358266121,12.33346753004824,12.378655824959052,391053600
2013-07-02,12.864348411560059,12.960872327485749,12.58707537569389,12.602137870759298,469865200
2013-07-03,12.935359954833984,13.002373703119137,12.832381723852047,12.937204392516453,240928800
2013-07-05,12.83145809173584,13.011901870434194,12.767827048775159,12.922756518615724,274024800
2013-07-08,12.7586030960083,12.941506111221567,12.623347636586331,12.914148187694629,298138400
2013-07-09,12.98300552368164,13.0183560092323,12.61504888141509,12.71403122597023,352584400
2013-07-10,12.933207511901855,13.058319814094006,12.856973218004825,12.89847183398857,281405600
2013-07-11,13.134861946105957,13.164372948643347,12.94673422999728,13.001450905512963,326292400
2013-07-12,13.110885620117188,13.211712420426762,13.015592133012426,13.145929116236442,279563200
2013-07-15,13.139472007751465,13.263046862492633,13.058319217149354,13.06477515907102,241917200
2013-07-16,13.22431755065918,13.239994041398177,13.038955237213285,13.111193668854582,216538000
2013-07-17,13.227696418762207,13.286410608202287,13.163450557935183,13.20894586682691,198990400
2013-07-18,13.272269248962402,13.367869724881116,13.236918759584256,13.322067422442737,218878800
2013-07-19,13.062932968139648,13.340513893176595,13.044488589254843,13.313462958323514,268721600
2013-07-22,13.10473918914795,13.210484503759888,13.078917878363958,13.201570130643756,207796400
2013-07-23,12.879720687866211,13.124717322138775,12.87111331253751,13.09520714185629,369395600
2013-07-24,13.541243553161621,13.666662026296748,13.379858957331008,13.49267418398388,591936800
2013-07-25,13.47945785522461,13.568604042108054,13.396767611177351,13.547086421573054,229493600
2013-07-26,13.555997848510742,13.557534469281672,13.351577214467083,13.381087392530999,200152400
2013-07-29,13.765032768249512,13.832660516758253,13.531716707556502,13.550160265856775,248057600
2013-07-30,13.935023307800293,14.052757042707928,13.809296188589997,13.831736437107775,309422400
2013-07-31,13.910736083984375,14.058594795911429,13.815442609354744,13.986357200372492,322957600
2013-08-01,14.038310050964355,14.041998926804435,13.933179552056005,14.009723315315348,206250800
2013-08-02,14.21844482421875,14.227974829739514,14.037694848708632,14.07919346706417,274783600
2013-08-05,14.430856704711914,14.468359448156347,14.206455877419133,14.284534606110137,318855600
2013-08-06,14.301750183105469,14.505863029566024,14.207070689808761,14.38689967122484,334857600
2013-08-07,14.293447494506836,14.355542732682347,14.19477214589809,14.257174379884166,298858000
2013-08-08,14.264983177185059,14.360596836211014,14.170296586769231,14.353170372157667,255777200
2013-08-09,14.061997413635254,14.247964745329938,14.03724418431589,14.191648215389714,266865200
2013-08-12,14.461468696594238,14.501383870258666,14.129450930725723,14.136568371024335,364434000
2013-08-13,15.148711204528809,15.30621039728242,14.482818207961484,14.572244791415777,881941200
2013-08-14,15.425030708312988,15.602951851438524,15.26722249065121,15.405846503916575,756372400
2013-08-15,15.406776428222656,15.545711142615504,15.133550605634404,15.36067252455629,490294000
2013-08-16,15.543540954589844,15.562416135118108,15.436169567823653,15.476084741215326,362306000
2013-08-19,15.710943222045898,15.896599854805737,15.595216642856677,15.605736640045292,510518400
2013-08-20,15.504555702209473,15.798514136005526,15.496820214877282,15.771903464672423,358688400
2013-08-21,15.544468879699707,15.69268415328572,15.508574309986674,15.58252826163704,335879600
2013-08-22,15.56303596496582,15.644416392811943,15.415747735393934,15.625541210119776,244207600
2013-08-23,15.503012657165527,15.575109201141371,15.451338069054117,15.572633712398458,222731600
2013-08-26,15.563349723815918,15.787067449603612,15.48692025678129,15.494655745109702,330965600
2013-08-27,15.118388175964355,15.549114861499469,15.047529391673494,15.409560453174207,424188800
2013-08-28,15.189862251281738,15.341483381231628,15.038242773860214,15.038242773860214,307608000
2013-08-29,15.214618682861328,15.36314464238137,15.19698124582493,15.213071916154115,239657600
2013-08-30,15.075989723205566,15.25329110384919,15.053710340835774,15.223895935951706,272297200
2013-09-03,15.11807632446289,15.490009269206272,15.080016939783592,15.25793807698481,331928800
2013-09-04,15.430908203125,15.54075673214914,15.356336200646652,15.457829545419349,345032800
2013-09-05,15.325087547302246,15.49249038332004,15.274650710962042,15.479184220146772,236367600
2013-09-06,15.416370391845703,15.452263321870337,15.160472970106541,15.423178811353138,359525600
2013-09-09,15.662364959716797,15.716515027095188,15.579128730963678,15.626161356319402,340687200
2013-09-10,15.305585861206055,15.701964543280964,15.146539951984845,15.663285471845532,743195600
2013-09-11,14.472299575805664,14.657336500935534,14.3825639712938,14.450638231767847,898696400
2013-09-12,14.626395225524902,14.71024948481516,14.419695294376078,14.496744440847676,404051200
2013-09-13,14.38534927368164,14.599783040725013,14.379162206505754,14.522735546064597,298835600
2013-09-16,13.928011894226074,14.283545121193596,13.838277948479888,14.264671594106302,543706800
2013-09-17,14.088918685913086,14.224758207407783,13.846945500983674,13.861178731706339,399380800
2013-09-18,14.378544807434082,14.43021938583319,14.254154000275909,14.33213022849274,456862000
2013-09-19,14.614327430725098,14.723556271478124,14.519951517756395,14.564819323972701,404541200
2013-09-20,14.463013648986816,14.807716180468098,14.419383596701874,14.790698443992438,699302800
2013-09-23,15.1818208694458,15.3758326969468,14.933039283089697,15.350768794084798,762106800
2013-09-24,15.13416862487793,15.331273987066643,15.094562469224384,15.313018502379167,364344400
2013-09-25,14.899928092956543,15.150874445136,14.896834559798288,15.137260916205603,316957200
2013-09-26,15.045053482055664,15.1174590313162,14.973265978565378,15.038246715938943,237221600
2013-09-27,14.937682151794434,14.997092214893344,14.874867879355484,14.969552822343948,228040400
2013-09-30,14.75202465057373,14.903953182668692,14.679617452576485,14.767495624365274,260156400
2013-10-01,15.098891258239746,15.135403874125059,14.802457401587134,14.804623866372182,353883600
2013-10-02,15.148399353027344,15.217711353371197,14.968622436607266,15.026794742739499,289184000
2013-10-03,14.958105087280273,15.234735122528072,14.875488556723289,15.177798891304116,322753200
2013-10-04,14.946348190307617,14.994927585560934,14.809270909079514,14.972030143623662,258868400
2013-10-07,15.092391967773438,15.244011436600264,15.018128999821299,15.055570332848104,312292400
2013-10-08,14.881674766540527,15.181820237600014,14.869297327058533,15.160158892242208,290917200
2013-10-09,15.056503295898438,15.0936339681472,14.799368143796434,14.996164507531393,301725200
2013-10-10,15.150884628295898,15.235667654662592,15.070432881767568,15.202869901533271,278602800
2013-10-11,15.248968124389648,15.28083879655677,15.012254928639617,15.068880483574732,267738800
2013-10-14,15.348908424377441,15.396560733013464,15.141901150625584,15.156754075789287,261898000
2013-10-15,15.430591583251953,15.533322621315977,15.332813170756214,15.394388006024746,320073600
2013-10-16,15.5057954788208,15.549734572953783,15.447623152232014,15.495893524928407,251101200
2013-10-17,15.610688209533691,15.619352417412697,15.461544190938236,15.470826444544258,253593200
2013-10-18,15.746529579162598,15.75797829922248,15.648131399710287,15.656795608612418,290542000
2013-10-21,16.132381439208984,16.22335311428698,15.827903126164097,15.835638610470003,398106800
2013-10-22,16.08628273010254,16.351773058989664,15.719918734609367,16.28864976163673,534063600
2013-10-23,16.243778228759766,16.26574859490515,16.059357702888462,16.059357702888462,313723200
2013-10-24,16.458829879760742,16.476158291514846,16.16611093186341,16.245014200604892,384764800
2013-10-25,16.27472686767578,16.499680681818955,16.248425216233358,16.440579634936146,337792000
2013-10-28,16.396018981933594,16.430675812534194,16.189629722721268,16.370026358983143,550440800
2013-10-29,15.98757553100586,16.68595743447056,15.92135869277563,16.59374796712819,635807200
2013-10-30,16.241926193237305,16.322995954160593,15.998095559615244,16.07823825184682,354163600
2013-10-31,16.173845291137695,16.32206221172346,16.129597191934828,16.245014729753244,275696400
2013-11-01,16.09123420715332,16.238831479308075,15.961583398964716,16.21469629457275,274890000
2013-11-04,16.299165725708008,16.301332190505768,16.053479363482587,16.124338130883956,244627600
2013-11-05,16.258939743041992,16.365384057197822,16.183130001034964,16.23202005481759,265213200
2013-11-06,16.212879180908203,16.3355062745173,16.128222854176858,16.313407633927223,223375600
2013-11-07,15.95051097869873,16.283533186667988,15.947088555644378,16.171178312282866,262620400
2013-11-08,16.201669692993164,16.219410100801316,15.953614810649901,16.015550824492998,279316800
2013-11-11,16.154678344726562,16.236221415743064,16.010265097222472,16.183934319143813,227452400
2013-11-12,16.18455696105957,16.306249908378376,16.09087501654377,16.111727024030344,204276800
2013-11-13,16.203857421875,16.254277905017986,16.089632604785727,16.122001843551683,197220800
2013-11-14,16.43821144104004,16.473068945676747,16.2424436101735,16.271699579803496,282419200
2013-11-15,16.339557647705078,16.467163004843762,16.32399634311302,16.38904399253682,317920400
2013-11-18,16.141603469848633,16.408022128384737,16.12822128571261,16.339550423838798,244944000
2013-11-19,16.170238494873047,16.289441497895844,16.121062996798315,16.154053880211777,208938800
2013-11-20,16.028623580932617,16.197314545525913,16.007771577239343,16.16027626746316,193916800
2013-11-21,16.219728469848633,16.221907584010648,15.987236436233697,16.109551061588466,262026800
2013-11-22,16.178016662597656,16.251468240309535,16.138490106408735,16.169301871424462,223725600
2013-11-25,16.300647735595703,16.366940335586584,16.215369751428714,16.21599140557701,229311600
2013-11-26,16.60129737854004,16.68657700820635,16.30873768537419,16.31247093388763,401382800
2013-11-27,16.99222183227539,16.993466803392828,16.601309212289593,16.691879614449658,363448400
2013-11-29,17.30687713623047,17.377215491132358,17.049796491078386,17.101772773843756,318127600
2013-12-02,17.156230926513672,17.56394785576007,17.14347039773021,17.366936727117526,472544800
2013-12-03,17.625885009765625,17.627753296241544,17.35697808265377,17.37627429057095,450968000
2013-12-04,17.584808349609375,17.715216117612194,17.454711408727704,17.60036965179203,377809600
2013-12-05,17.675064086914062,17.900398762836968,17.628691013108146,17.822901426261208,447580000
2013-12-06,17.429813385009766,17.639275975640285,17.415809541670676,17.609396677377557,344352400
2013-12-09,17.62930679321289,17.727345279461993,17.45719341734168,17.45719341734168,320493600
2013-12-10,17.6019229888916,17.674442104253277,17.46653535716868,17.540610270095705,278269600
2013-12-11,17.471515655517578,17.770614420230203,17.419541045228826,17.647053174106727,359718800
2013-12-12,17.44599151611328,17.595384627507773,17.430119391447555,17.4957903280292,262290000
2013-12-13,17.255830764770508,17.51882539742485,17.23217798595408,17.517891253946647,332822000
2013-12-16,17.35137939453125,17.511355621046285,17.27388371570315,17.274194542804384,282592800
2013-12-17,17.273256301879883,17.41175550636969,17.223146663387322,17.298777361667415,229902400
2013-12-18,17.14190673828125,17.163071223657333,16.76935827359912,17.108605044689025,565863200
2013-12-19,16.945528030395508,17.117952291115703,16.92280773406273,17.102390990781558,320308800
2013-12-20,17.087448120117188,17.168058699041932,16.956729565188457,16.975714946397158,436413600
2013-12-23,17.743227005004883,17.762834046159615,17.51509153488552,17.678177703920582,501306400
2013-12-24,17.667903900146484,17.7989332853512,17.61686011744635,17.73699725907316,167554800
2013-12-26,17.550569534301758,17.72486207325726,17.534384918423047,17.681288107429964,204008000
2013-12-27,17.431987762451172,17.56644124374282,17.413625695349815,17.548079176641462,225884400
2013-12-30,17.258628845214844,17.431987231388494,17.190157136232358,17.3501333374029,253629600
2013-12-31,17.4609375,17.46902897878615,17.242449288824343,17.24774166114462,223084400
2014-01-02,17.215373992919922,17.336756158854335,17.180827298088207,17.29473963884105,234684800
2014-01-03,16.837221145629883,17.233111848289237,16.820102383257986,17.20696912622057,392467600
2014-01-06,16.929031372070312,17.018355091218005,16.6075248241974,16.727351149833478,412610800
2014-01-07,16.80796241760254,16.992213061344355,16.741980644614284,16.94117093405386,317209200
2014-01-08,16.914409637451172,16.979768112419688,16.765950606646058,16.769683856939267,258529600
2014-01-09,16.698396682739258,17.020213878050686,16.661981733692283,17.018345592368345,279148800
2014-01-10,16.586984634399414,16.831615519810086,16.530028480708353,16.801425400756482,304976000
2014-01-13,16.6738224029541,16.88452828716873,16.49174918202572,16.492683325574244,378492800
2014-01-14,17.005599975585938,17.01618139544124,16.73389052254373,16.75132011233366,332561600
2014-01-15,17.34702491760254,17.435416177388504,17.16962074375328,17.227511051696894,391638800
2014-01-16,17.25023078918457,17.33115222193905,17.170241837815666,17.27046114737319,229278000
2014-01-17,16.827564239501953,17.182372403951053,16.803598980835098,17.164010341772332,426739600
2014-01-21,17.089006423950195,17.12012902028322,16.819786989915418,16.837527401721783,328526800
2014-01-22,17.164949417114258,17.344841829031072,17.04979214406771,17.146274860415048,379985200
2014-01-23,17.3102970123291,17.32025677697597,16.956422851149398,17.11608658824622,403239200
2014-01-24,16.995637893676758,17.292866712279512,16.954553866199788,17.242446236918973,429354800
2014-01-27,17.13351058959961,17.267342403120864,16.985674937972682,17.120128405553462,554878800
2014-01-28,15.764079093933105,16.028627845369968,15.626199857699682,15.834417433913211,1065523200
2014-01-29,15.585115432739258,15.791153867791618,15.518822840104768,15.6847113973875,502810000
2014-01-30,15.554929733276367,15.764081484627878,15.459070314598842,15.640831048621246,678501600
2014-01-31,15.580445289611816,15.609390432340835,15.361024685421388,15.41175597640751,464797200
2014-02-03,15.609393119812012,15.802360217169776,15.539988925328508,15.643007322303687,401464000
2014-02-04,15.83535099029541,15.856204663129148,15.647676245676843,15.74384814560409,376681200
2014-02-05,15.953619003295898,16.03734118409981,15.756295352400395,15.765944288443729,328344800
2014-02-06,16.04661750793457,16.07761539939764,15.899460293774528,15.969908678995726,257765200
2014-02-07,16.271099090576172,16.372856321380983,16.19908731008418,16.324326207016544,370280400
2014-02-10,16.562599182128906,16.656529219506268,16.218503962247368,16.239168102274952,345559200
2014-02-11,16.780824661254883,16.836867636901697,16.578560953766228,16.61331609306743,282256800
2014-02-12,16.779571533203125,16.893540304958268,16.695662572619707,16.811821829585668,308100800
2014-02-13,17.046024322509766,17.05917392575767,16.725723464047757,16.740125490087202,307398000
2014-02-14,17.032251358032227,17.09455982954531,16.945212126953933,16.98466094910826,272924400
2014-02-18,17.09486198425293,17.25767188167783,17.08296313525814,17.095174671824882,260251600
2014-02-19,16.82497215270996,17.123042022555993,16.730416761086286,17.056038254115865,313768000
2014-02-20,16.63022232055664,16.813385325497887,16.562905873876236,16.687832076070574,305858000
2014-02-21,16.44549560546875,16.737303347021378,16.42514415874308,16.681571384210876,278784800
2014-02-24,16.51751136779785,16.591716997606774,16.35689358473133,16.379749881857343,288909600
2014-02-25,16.345619201660156,16.580755265101022,16.312430840126858,16.57480751207936,231952000
2014-02-26,16.19814682006836,16.43766716075728,16.143354596199167,16.394146738069185,276217200
2014-02-27,16.521270751953125,16.556024230058867,16.157449458349987,16.191577561128,301882000
2014-02-28,16.47650146484375,16.680328718471078,16.347503562448008,16.56542015739681,371968800
2014-03-03,16.524089813232422,16.614575277441705,16.369105405848646,16.38820443700876,238781200
2014-03-04,16.633039474487305,16.67687425539024,16.524394765183956,16.625526612744146,259140000
2014-03-05,16.668113708496094,16.742943044162267,16.566981822048287,16.623028160071097,200062800
2014-03-06,16.617706298828125,16.733240226557246,16.534735368010413,16.681578197566033,185488800
2014-03-07,16.607999801635742,16.656217245182837,16.470549320396497,16.62835125486822,220729600
2014-03-10,16.623029708862305,16.698486099018687,16.542249267244287,16.542876314762538,178584000
2014-03-11,16.784900665283203,16.867871596505573,16.675316164102448,16.76486356998216,279224400
2014-03-12,16.801179885864258,16.82434887149797,16.656841921090724,16.735430197346417,199326400
2014-03-13,16.614566802978516,16.89666781028543,16.567914491861895,16.827160883099204,257742800
2014-03-14,16.427968978881836,16.62208950808185,16.375054530457014,16.55633814322292,237199200
2014-03-17,16.492145538330078,16.593275710045727,16.464279560955056,16.522203672701117,199544800
2014-03-18,16.638051986694336,16.655898589629924,16.443931511851442,16.46584806995851,209647200
2014-03-19,16.633678436279297,16.789600945433868,16.5629173610562,16.66498901649463,224756000
2014-03-20,16.55352020263672,16.677821079736034,16.51125218574989,16.59077852814793,208398400
2014-03-21,16.684078216552734,16.711631513660077,16.47931297458338,16.654647121614857,374046400
2014-03-24,16.881956100463867,16.922971682634916,16.75264556941761,16.85784738572857,355700800
2014-03-25,17.063552856445312,17.087348884306586,16.894479160630738,16.95428275394523,282293200
2014-03-26,16.900428771972656,17.1891063133468,16.871624725843922,17.111457788437935,299768000
2014-03-27,16.82779312133789,16.954286148961803,16.754528897494012,16.907946506478968,222031600
2014-03-28,16.80901527404785,16.874139618861147,16.727296737180556,16.854727892182904,200564000
2014-03-31,16.805252075195312,16.932683172562424,16.779889258666238,16.88321330659376,168669200
2014-04-01,16.95897674560547,16.965865904979335,16.80618455459905,16.837180755403264,200760000
2014-04-02,16.987157821655273,17.01627622901936,16.91545871809694,16.98183544364678,180420800
2014-04-03,16.869436264038086,16.985595553184126,16.833430362426096,16.950842074379334,162344000
2014-04-04,16.65119743347168,16.907311923301876,16.612374017038128,16.901364171891153,275251200
2014-04-07,16.389768600463867,16.62240154194248,16.340300407048616,16.5322287706369,289850400
2014-04-08,16.38883399963379,16.472744674538532,16.240424371656218,16.44362625572718,243888400
2014-04-09,16.6042423248291,16.609564703830536,16.344370439774448,16.363782157596518,206169600
2014-04-10,16.390079498291016,16.66435335062433,16.380372805412435,16.615508870749014,239652000
2014-04-11,16.268918991088867,16.369736551412494,16.19158311188286,16.24981828302032,271717600
2014-04-14,16.33371925354004,16.348746649475085,16.193763983442416,16.34060674033835,205674000
2014-04-15,16.21724510192871,16.332464608930046,16.00966070467486,16.28957123544155,266490000
2014-04-16,16.2501220703125,16.315246362805016,16.0976425697579,16.220063932796247,214765600
2014-04-17,16.43579864501953,16.524093643720516,16.25608009783782,16.28112856160081,284334400
2014-04-21,16.630855560302734,16.661224723198217,16.40511011174506,16.448317862500442,182548800
2014-04-22,16.647451400756836,16.651521357250722,16.484639763987428,16.541309811454276,202563200
2014-04-23,16.42984390258789,16.629601135838186,16.420449896607796,16.564789517506306,394940000
2014-04-24,17.776796340942383,17.84661766092003,17.556374935137857,17.79057299232891,759911600
2014-04-25,17.907360076904297,17.908923515377573,17.657507559734114,17.675352495976703,390275200
2014-04-28,18.60087013244629,18.652844839060418,17.926454713430616,17.934283609494937,669485600
2014-04-29,18.545761108398438,18.6600425760542,18.4574678267154,18.589908585303075,337377600
2014-04-30,18.475627899169922,18.76806272484571,18.466548253319896,18.55546858610309,456640800
2014-05-01,18.51914405822754,18.623091756770478,18.358837360579162,18.535423874732228,244048000
2014-05-02,18.553586959838867,18.60431090548344,18.463728574640463,18.546074097212163,191514400
2014-05-05,18.815961837768555,18.817215932235182,18.472806477054043,18.477190791309372,287067200
2014-05-06,18.61089324951172,18.92399063049968,18.61089324951172,18.842272122094847,374564400
2014-05-07,18.545761108398438,18.701058160517263,18.401735859242045,18.637186282523047,282864400
2014-05-08,18.51270294189453,18.71483528907412,18.46264234694369,18.520888316616443,230297200
2014-05-09,18.435564041137695,18.457917443300275,18.271526994246425,18.404078599924045,291597600
2014-05-12,18.66508674621582,18.691218400348767,18.49412374937086,18.4969587000734,213208800
2014-05-13,18.69437026977539,18.718928077745623,18.598029005450673,18.638957564423865,159737200
2014-05-14,18.697837829589844,18.808979378095295,18.630775915779395,18.65250045822683,166404000
2014-05-15,18.538833618164062,18.78378447483063,18.51427581383246,18.723964656487517,230846000
2014-05-16,18.81243896484375,18.813067833036236,18.431158197498217,18.53285324637942,276256400
2014-05-19,19.03534698486328,19.121614567786757,18.806766895394407,18.823139324103614,317755200
2014-05-20,19.039127349853516,19.092335647229635,18.913817807644634,19.032830261189833,234836000
2014-05-21,19.089500427246094,19.101778487786575,18.955691090112275,19.011418217260005,196859600
2014-05-22,19.11972999572754,19.200961612665697,19.01992490661594,19.098636006191434,200760000
2014-05-23,19.33572006225586,19.35461133547968,19.094547359230233,19.11910517368808,232209600
2014-05-27,19.697790145874023,19.70503053764045,19.382942399311954,19.390813340756136,348866000
2014-05-28,19.64678382873535,19.830024921182673,19.639541755773436,19.710067473498444,315481600
2014-05-29,20.004764556884766,20.05167745123848,19.765165776668354,19.767684612358025,376474000
2014-05-30,19.92983055114746,20.281514136044493,19.800742751803774,20.086623859990645,564020800
2014-06-02,19.792875289916992,19.987451166093326,19.59924439760152,19.96006008585592,369350800
2014-06-03,20.072772979736328,20.110555517981435,19.780280309052117,19.78689183287854,292709200
2014-06-04,20.301979064941406,20.39863811687509,20.027747153331134,20.069622373464327,335482000
2014-06-05,20.381641387939453,20.44524116356326,20.232404541341644,20.345434377350742,303805600
2014-06-06,20.32559585571289,20.504745965135356,20.290964382765893,20.46192575295492,349938400
2014-06-09,20.650833129882812,20.69050395578013,20.22106725055014,20.43044002633458,301660000
2014-06-10,20.772052764892578,20.94836794370625,20.62218536734081,20.87784220847401,251108000
2014-06-11,20.686094284057617,20.884448389097688,20.600141118784542,20.74559967483677,182724000
2014-06-12,20.34008026123047,20.743400054844084,20.25412708311163,20.72576820254638,218996000
2014-06-13,20.11748504638672,20.373141889488387,20.029327456301104,20.320246326557314,218100000
2014-06-16,20.32024574279785,20.441462635866532,20.154950896685726,20.16817562777166,142244000
2014-06-17,20.293800354003906,20.430443022101866,20.23209054499629,20.3444898336318,118904000
2014-06-18,20.315837860107422,20.340081237814264,20.13291116703436,20.335672433795168,134056000
2014-06-19,20.24530601501465,20.342279496556507,20.13070068565326,20.340075095212676,142112000
2014-06-20,20.035938262939453,20.39738282567848,20.03373386104815,20.24310664114072,403592000
2014-06-23,20.018301010131836,20.1924117203212,19.96760986910333,20.126293133147588,174776000
2014-06-24,19.89708709716797,20.218860793870764,19.877252526968057,20.00067211434289,156144000
2014-06-25,19.91472053527832,19.989653381741075,19.758241636959713,19.88166123417644,147476000
2014-06-26,20.03373146057129,20.066790759115726,19.791299407021693,19.91692339631794,130516000
2014-06-27,20.271757125854492,20.276164247802527,20.005080007688026,20.01610033475686,256116000
2014-06-30,20.481136322021484,20.657451521712414,20.296005194199378,20.298209596598763,197929200
2014-07-01,20.61116600036621,20.732382901643003,20.52521280908494,20.61116600036621,152892000
2014-07-02,20.602346420288086,20.73017313226129,20.516391569794692,20.688299589315672,113860000
2014-07-03,20.72356414794922,20.738991598601764,20.540637460593306,20.644222492745836,91567200
2014-07-07,21.151126861572266,21.15553398389094,20.73899114393811,20.747807070041436,225872000
2014-07-08,21.014484405517578,21.334055449799724,20.699322165413736,21.217245679600378,260888000
2014-07-09,21.023296356201172,21.146715946392963,20.884449317235408,21.0343166830965,145744000
2014-07-10,20.946157455444336,21.058558391315444,20.61115904932886,20.664054596483307,158744000
2014-07-11,20.985828399658203,21.133491353043194,20.906486759921197,21.016683294948628,136072000
2014-07-14,21.256916046142578,21.353889558356265,21.080602556577617,21.126884910643398,171240000
2014-07-15,21.00786590576172,21.34506701040244,20.94395171812584,21.334048366547293,181911600
2014-07-16,20.888853073120117,21.400164883407378,20.880037149317598,21.371514392148345,213585200
2014-07-17,20.516389846801758,20.99905120270354,20.401786191544804,20.943952935827653,229192000
2014-07-18,20.81171989440918,20.880041215351188,20.500964825351925,20.6332020266751,199952000
2014-07-21,20.70372772216797,20.937343862991217,20.65524097260861,20.93513946124783,156316000
2014-07-22,20.875635147094727,20.91310157134347,20.743399620562368,20.866819221130445,220788000
2014-07-23,21.420000076293945,21.572070130359887,20.974805194275984,21.029903454226144,371672000
2014-07-24,21.38473892211914,21.448653113026573,21.250299017359655,21.386943323589232,182916000
2014-07-25,21.52579689025879,21.563263319305946,21.298792232369806,21.34507458851032,173876000
2014-07-28,21.823320388793945,21.87180713175594,21.499343998164086,21.558849385412042,221272000
2014-07-29,21.68227195739746,21.91588978016494,21.6536214605382,21.891646405335617,172572000
2014-07-30,21.631576538085938,21.752791697428666,21.525787142338356,21.69549071946973,132040000
2014-07-31,21.069583892822266,21.47731086640207,21.010078484739985,21.413398335355488,227372000
2014-08-01,21.186382293701172,21.294376093771923,20.895463548656473,20.915299796584645,194044000
2014-08-04,21.06736946105957,21.285559776908535,20.97480478968054,21.23927744121902,159832000
2014-08-05,20.96379280090332,21.087212401916663,20.796293569909533,21.0166866754139,223732000
2014-08-06,20.928529739379883,21.043135099381225,20.87343146131239,20.88224738757911,154232000
2014-08-07,20.926313400268555,21.25190130771069,20.842146370327576,21.025982926448663,186844000
2014-08-08,20.983903884887695,21.00162344126641,20.660529585210682,20.877589926275203,167460000
2014-08-11,21.260761260986328,21.280696180286014,21.00604818216971,21.10128866590707,146340000
2014-08-12,21.256332397460938,21.45788681973581,21.176596099247046,21.271836583789774,135180000
2014-08-13,21.537616729736328,21.537616729736328,21.271830274410593,21.296194229962175,127664000
2014-08-14,21.59520721435547,21.61071139809568,21.44016537695335,21.55755443810485,112464000
2014-08-15,21.701522827148438,21.748035378375462,21.45345419744167,21.683803277205964,195804000
2014-08-18,21.962879180908203,22.00939172981946,21.701521746671705,21.8144800698151,190288000
2014-08-19,22.266324996948242,22.299548738774703,21.99832307525294,22.0182579962807,277596000
2014-08-20,22.27518081665039,22.39035451937987,22.137856830085386,22.246387813425372,210796000
2014-08-21,22.27739715576172,22.357133449529037,22.17329690057497,22.27518178931555,133912000
2014-08-22,22.441303253173828,22.474526997161455,22.19102086948269,22.213169468864503,176736000
2014-08-25,22.490028381347656,22.629566060900448,22.43244067827191,22.545400717812516,161080000
2014-08-26,22.3460636138916,22.48117227209254,22.339419202804653,22.463452715974082,132608000
2014-08-27,22.62070655822754,22.718162412331377,22.30397672221969,22.374853246159855,209476000
2014-08-28,22.64728355407715,22.764672626331926,22.494455378590274,22.50109978798893,273840000
2014-08-29,22.702655792236328,22.79125186012314,22.63620831886386,22.782392084351514,178380000
2014-09-02,22.879846572875977,22.977300720932927,22.751382366540287,22.82668792139472,214256000
2014-09-03,21.914161682128906,22.857705305377447,21.834425363286776,22.835556703439078,501684000
2014-09-04,21.732534408569336,22.168866984082502,21.659442521619336,21.89422067867499,342872000
2014-09-05,21.920801162719727,22.0138262838332,21.774617381116013,21.88314837891136,233828000
2014-09-08,21.785688400268555,21.996102566262696,21.717027255753916,21.993888889866895,185426800
2014-09-09,21.7037410736084,22.83112275110553,21.29398611142628,21.945165345380016,759385200
2014-09-10,22.370418548583984,22.394782505951948,21.65279371384099,21.70816603698105,403478400
2014-09-11,22.465662002563477,22.467877368936158,22.064766870408405,22.239743637603066,249412400
2014-09-12,22.51660919189453,22.633998282546873,22.388144957289068,22.41693796580558,250504400
2014-09-15,22.50995445251465,22.82447050788,22.467872639268766,22.771311865102465,245266000
2014-09-16,22.339412689208984,22.42800875413906,21.903078463537607,22.104634553499263,267632400
2014-09-17,22.498882293701172,22.547610207462213,22.279606681776478,22.430219465297355,243706000
2014-09-18,22.545400619506836,22.669434111901825,22.49445732665627,22.576408992605582,149197600
2014-09-19,22.361560821533203,22.669430831194266,22.25967594040639,22.65614201316927,283609600
2014-09-22,22.383712768554688,22.62292166782094,22.2773988287672,22.547616101290604,211153600
2014-09-23,22.733671188354492,22.800118682262532,22.268543800488104,22.281832623337724,253608800
2014-09-24,22.536535263061523,22.78017314415581,22.41471547759979,22.627346683101937,240687200
2014-09-25,21.67716407775879,22.306193043417412,21.643940336089845,22.261895847745286,400368000
2014-09-26,22.3150577545166,22.3150577545166,21.79455798604972,21.82335100061995,249482000
2014-09-29,22.173301696777344,22.246393596845795,21.84549667484691,21.849927408697642,199065200
2014-09-30,22.3150577545166,22.490034588820457,22.266329814605392,22.32834657819054,221056400
2014-10-01,21.96730613708496,22.30175541206138,21.860990542649148,22.27960513292501,205965200
2014-10-02,22.126785278320312,22.197661799124663,21.7148149730733,21.987245913421763,191031200
2014-10-03,22.06477165222168,22.19544956942993,21.936307412036427,22.024903498020386,173878400
2014-10-06,22.06477165222168,22.292905432995262,22.020472764314807,22.13786186006589,148204800
2014-10-07,21.8720645904541,22.175505487287943,21.867635548745337,22.02267735598659,168376800
2014-10-08,22.326128005981445,22.394789166350183,21.774618286805815,21.874289511998498,229618800
2014-10-09,22.37485122680664,22.676076848823833,22.28404148081161,22.49002662395823,309506000
2014-10-10,22.310623168945312,22.598558312627652,22.2153826799987,22.301763392086368,265326400
2014-10-13,22.106847763061523,22.54318197951677,22.106847763061523,22.443512464718996,214333600
2014-10-14,21.8720645904541,22.264099840094968,21.832196455759355,22.23530684441558,254754400
2014-10-15,21.604066848754883,21.96066476228878,21.081351957729893,21.699307316776284,403734400
2014-10-16,21.320568084716797,21.643942375110743,21.132302450629684,21.163310828487333,288618000
2014-10-17,21.63286590576172,21.927447167203493,21.44238491639559,21.59521311921556,272718800
2014-10-20,22.095779418945312,22.14007661579969,21.75468559571144,21.77683419413863,310069200
2014-10-21,22.69601821899414,22.817836370429845,22.430229935277243,22.817836370429845,378495600
2014-10-22,22.811185836791992,23.059254497049608,22.724805132470845,22.77796209901551,273052400
2014-10-23,23.218730926513672,23.267458858000715,22.952942670174277,23.052613899987715,284298800
2014-10-24,23.305105209350586,23.364906578860513,23.152277046405104,23.296245434269615,188215600
2014-10-27,23.280742645263672,23.36269430230104,23.189931212614475,23.223154948701485,136750800
2014-10-28,23.641769409179688,23.641769409179688,23.333899391317125,23.344974533185894,192243600
2014-10-29,23.77466583251953,23.781311932424607,23.557607217516452,23.621839331295213,210751600
2014-10-30,23.69493865966797,23.776888662762317,23.455729682885753,23.6905079250071,162619200
2014-10-31,23.920846939086914,23.929706714806848,23.74587017073443,23.923062305474254,178557200
2014-11-03,24.230934143066406,24.430274887107185,23.923064095537143,23.969576654175064,209130400
2014-11-04,24.053739547729492,24.250864905160718,23.85882955662597,24.222071902218076,166297600
2014-11-05,24.111331939697266,24.208787799145558,23.94964396286985,24.164488913110098,149743600
2014-11-06,24.18029022216797,24.20031158473652,23.98008677942515,24.158045583769557,139874000
2014-11-07,24.249244689941406,24.318203560726765,24.14691802139785,24.19140728697098,134766000
2014-11-10,24.20920753479004,24.32043241362617,24.173614758927133,24.25147183468103,108782000
2014-11-11,24.402738571166992,24.41386173829326,24.113554894611262,24.180288805897806,109769200
2014-11-12,24.74753189086914,24.787572909230523,24.329327019105477,24.33155029440126,187769600
2014-11-13,25.096776962280273,25.236919672780612,24.825388036446935,24.869878998066874,238091600
2014-11-14,25.39931297302246,25.401537945765824,24.738636932268605,25.17018999800696,176254400
2014-11-17,25.357046127319336,26.088905996933963,25.20355695630714,25.41933178479175,186986800
2014-11-18,25.68627166748047,25.735210881669587,25.334800672083002,25.345923837910284,176896000
2014-11-19,25.50831413269043,25.746335313237118,25.314783923416076,25.679601402064144,167476800
2014-11-20,25.87313461303711,25.9954826767841,25.548358122276355,25.561706263785165,173582000
2014-11-21,25.908721923828125,26.153416302500226,25.81084349349654,26.140069860966594,228717200
2014-11-24,26.389205932617188,26.42034875323094,25.942083280738387,25.993245758679656,189803200
2014-11-25,26.160091400146484,26.638358722912,26.126723596761547,26.487092818436324,275361600
2014-11-26,26.47151756286621,26.493762196176768,26.211251789103546,26.235721394892177,163073200
2014-11-28,26.455947875976562,26.560499526230164,26.260192714051996,26.531579973598493,99257600
2014-12-01,25.597291946411133,26.527131943208182,24.751982241265864,26.42925351286422,335256000
2014-12-02,25.499414443969727,25.748558777021938,25.081209521461975,25.248046835351964,237395600
2014-12-03,25.788602828979492,25.88203132841292,25.606194078923085,25.748561801057008,172253600
2014-12-04,25.690719604492188,26.07110845041585,25.64623033603532,25.75300525919452,168178000
2014-12-05,25.58172035217285,25.821966481058727,25.501638309210893,25.801945121739816,153275600
2014-12-08,25.003353118896484,25.503865074001435,24.82984257933855,25.381517028335217,230659600
2014-12-09,25.385967254638672,25.426008279376155,24.324880947673904,24.51173962883448,240832000
2014-12-10,24.90325355529785,25.548358292041186,24.81205002302724,25.450481537550438,178261200
2014-12-11,24.8298397064209,25.31478019025475,24.76755235582512,24.97220739918343,165606800
2014-12-12,24.409406661987305,24.885448890733237,24.376038867099094,24.571793994803226,224112400
2014-12-15,24.075742721557617,24.825397465138607,23.657536009278456,24.62519230470255,268872400
2014-12-16,23.746509552001953,24.505063973872137,23.637509655491755,23.661979262465426,243162800
2014-12-17,24.338224411010742,24.433876160283823,23.762078760053004,23.828814354178558,213647200
2014-12-18,25.0589656829834,25.0589656829834,24.616291137915105,24.88545514256251,236024800
2014-12-19,24.865434646606445,25.190211102282912,24.83874176078678,24.97221128135619,353719200
2014-12-22,25.123477935791016,25.245824292793255,24.907701384177532,24.9499673841884,180670000
2014-12-23,25.034496307373047,25.21023182222732,25.01669991917482,25.187987185558033,104113600
2014-12-24,24.916597366333008,25.072311514930195,24.916597366333008,25.043393657949842,57918400
2014-12-26,25.357046127319336,25.474944221414532,24.916596579674763,24.936616242223664,134884000
2014-12-29,25.33925437927246,25.530559622080627,25.292538433587648,25.312559795617865,110395600
2014-12-30,25.03005027770996,25.34148033127439,24.93884674394993,25.279194659992957,119526000
2014-12-31,24.55400276184082,25.16573957353902,24.51618671170804,25.096780694219614,165613600
2015-01-02,24.3204288482666,24.789797903918426,23.879977645896325,24.778674738802675,212818400
2015-01-05,23.63528823852539,24.16916802993291,23.44843124496915,24.08908597636393,257142000
2015-01-06,23.63751220703125,23.89777802149258,23.274918008457785,23.699797868903328,263188400
2015-01-07,23.968957901000977,24.06905959852298,23.73538501057401,23.846609873223667,160423600
2015-01-08,24.889904022216797,24.947741436209547,24.180288730141065,24.298188530976255,237458000
2015-01-09,24.916597366333008,25.192434585486712,24.51618713114462,25.063413321130795,214798000
2015-01-12,24.302640914916992,25.054520636136424,24.202539182688724,25.047847413608846,198603200
2015-01-13,24.51841163635254,25.092332396793072,24.227003007895863,24.787575629313356,268367600
2015-01-14,24.424983978271484,24.57847315641415,24.135798615535922,24.255921687880374,195826400
2015-01-15,23.762086868286133,24.482823723855358,23.72649578385613,24.46947727933876,240056000
2015-01-16,23.57744789123535,23.931143866715107,23.401712389817426,23.80879582865299,314053200
2015-01-20,24.184736251831055,24.240348687400143,23.690897552432435,23.988979392447472,199599600
2015-01-21,24.369365692138672,24.705263522399985,24.08462864610733,24.235894512341634,194303600
2015-01-22,25.003353118896484,25.018924534057916,24.407187700040755,24.52731077292478,215185600
2015-01-23,25.132375717163086,25.303661293012837,24.80982253293594,24.981109805942747,185859200
2015-01-26,25.159067153930664,25.439354322694612,25.09233324518674,25.301434862506042,222460000
2015-01-27,24.27816390991211,25.02114690634776,24.253694303322035,25.007798768198853,382274800
2015-01-28,25.650686264038086,26.275771365100383,25.650686264038086,26.166769739578537,585908400
2015-01-29,26.449275970458984,26.513786602486178,25.70629291293627,25.875355200415914,337745600
2015-01-30,26.06221580505371,26.693972335696472,25.99325522245303,26.338053043985266,334982000
2015-02-02,26.389205932617188,26.50932896805157,25.821960245304005,26.260186403141535,250956400
2015-02-03,26.393667221069336,26.491543971999686,26.16231924196249,26.360299414025214,207662800
2015-02-04,26.596092224121094,26.807420510137334,26.31803002974995,26.360296026384585,280598800
2015-02-05,26.785924911499023,26.850690149029983,26.631828253102775,26.803789832587974,168984800
2015-02-06,26.56035614013672,26.85514855508198,26.45315812385905,26.803782448482234,174826400
2015-02-09,26.736797332763672,26.763595571123602,26.448704343406355,26.47550428562172,155559200
2015-02-10,27.250442504882812,27.27947619347403,26.83505459157774,26.83728664158094,248034000
2015-02-11,27.889158248901367,27.898091559982237,27.3576390185011,27.417936738478385,294247200
2015-02-12,28.242019653320312,28.469814852734082,28.04325814425922,28.15268823597874,297898000
2015-02-13,28.380483627319336,28.42514848436464,28.061124958265673,28.42514848436464,217088800
2015-02-17,28.5479793548584,28.782474113637615,28.344750336735732,28.47204705336743,252609600
2015-02-18,28.746740341186523,28.76013945726517,28.463113222584848,28.50331227467583,179566800
2015-02-19,28.686437606811523,28.815968060168334,28.659639377741044,28.693137164079143,149449600
2015-02-20,28.920928955078125,28.920928955078125,28.597104563377798,28.72439954429865,195793600
2015-02-23,29.70258140563965,29.70258140563965,28.956667773152923,29.037065874168317,283896400
2015-02-24,29.51721954345703,29.836579903132932,29.293891859774032,29.689182814051748,276912400
2015-02-25,28.762371063232422,29.38992472080922,28.6194414810838,29.380989705088034,298846800
2015-02-26,29.126388549804688,29.226885299879395,28.275510840684824,28.762363429260095,365150000
2015-02-27,28.688682556152344,29.159904216902337,28.639550181461,29.032605771280906,248059200
2015-03-02,28.829368591308594,29.095129068348655,28.652941228409233,28.865101836964875,192386800
2015-03-03,28.88966941833496,28.925402665724054,28.60604230471284,28.80033970757226,151265200
2015-03-04,28.70654296875,28.93433819206644,28.65741400657439,28.83160935154858,126665200
2015-03-05,28.230846405029297,28.753432239137002,28.085683105381182,28.715466951124988,226068400
2015-03-06,28.273290634155273,28.891907704368432,28.19736002284729,28.67527953091683,291368400
2015-03-09,28.393878936767578,28.9365669298524,27.929356988814586,28.577007552268586,354114000
2015-03-10,27.80652618408203,28.41174391123923,27.647963757013223,28.230849059936954,275426400
2015-03-11,27.29957389831543,27.864592630686776,27.270541914608945,27.860126826983816,275756000
2015-03-12,27.793123245239258,27.89362170240178,27.163339388335004,27.315202246928813,193450800
2015-03-13,27.601070404052734,28.005294711081447,27.375510647463123,27.781967004779133,207309200
2015-03-16,27.9047908782959,27.9047908782959,27.440270633053817,27.665830346457884,143497200
2015-03-17,28.37155532836914,28.434086820823865,28.061129916643644,28.116961849743273,204092400
2015-03-18,28.690906524658203,28.84500316480817,28.221918750466266,28.362614571567367,261083600
2015-03-19,28.474279403686523,28.86510284648222,28.451946976297766,28.75343900568345,183238000
2015-03-20,28.116952896118164,28.6752703454672,27.95169090384917,28.641772559358838,274780400
2015-03-23,28.409509658813477,28.552439216023664,28.255413037755265,28.389410988512694,150838800
2015-03-24,28.29338836669922,28.594878733147056,28.264354673684,28.41398553559149,131369200
2015-03-25,27.554166793823242,28.3224145094313,27.554166793823242,28.25988303562225,206620800
2015-03-26,27.746234893798828,27.889164495395768,27.37997757672476,27.41571082905162,190291600
2015-03-27,27.525142669677734,27.84896719601415,27.44921205947402,27.819935204557797,158184800
2015-03-30,28.221921920776367,28.228621479125927,27.692634661044366,27.703801727530387,188398800
2015-03-31,27.78866195678711,28.248716410272372,27.773029088091636,28.159385001788998,168362400
2015-04-01,27.748464584350586,27.942760281749532,27.491637408392435,27.8757612953761,162485600
2015-04-02,27.98741912841797,28.04101728369725,27.735059514450654,27.922653909855462,128880400
2015-04-06,28.44078254699707,28.47651579721537,27.766333635750584,27.79759937776402,148776000
2015-04-07,28.141515731811523,28.61273547358583,28.134816175385794,28.505539163064864,140049200
2015-04-08,28.049951553344727,28.228614348861864,27.9092557519769,28.105783463961995,149316800
2015-04-09,28.264345169067383,28.268812675962128,27.840024022217698,28.10578275139693,129936000
2015-04-10,28.38494110107422,28.409507276395985,27.974019084518478,28.12811398879959,160752000
2015-04-13,28.329116821289062,28.713242420297313,28.27551865336339,28.66857415662502,145460400
2015-04-14,28.20628547668457,28.427379393486362,28.119187821464017,28.36261416455353,102098400
2015-04-15,28.313488006591797,28.391652367648497,28.141526412267055,28.230857840841264,115881600
2015-04-16,28.1772518157959,28.384946617793247,28.163852700781522,28.201817995892192,113476000
2015-04-17,27.860126495361328,28.170551816596443,27.79536126738247,28.03878931074127,207828000
2015-04-20,28.496606826782227,28.612736451123215,27.953920587647207,28.043251985369725,188217200
2015-04-21,28.342517852783203,28.630609072444127,28.288917980602285,28.608278348151323,129740400
2015-04-22,28.72440528869629,28.78023720904142,28.21075264383407,28.360381781433826,150618000
2015-04-23,28.958904266357422,29.126400051862642,28.617213136543608,28.65294638863524,183083600
2015-04-24,29.095130920410156,29.173296974295226,28.86063616646502,29.142031234283216,178103600
2015-04-27,29.62441635131836,29.731616094752106,29.289424820435556,29.548485755502007,387816800
2015-04-28,29.15765953063965,30.046502687249728,28.936567322211797,30.02863947275252,475696000
2015-04-29,28.7288761138916,29.387692168497615,28.652945511304686,29.068335182947152,253544400
2015-04-30,27.9494571685791,28.728870229886088,27.82216046971891,28.728870229886088,332781600
2015-05-01,28.7981014251709,29.061629839180103,27.982956819355962,28.161617927212657,234050400
2015-05-04,28.742265701293945,29.15989069247487,28.644000997486668,28.92092848933361,203953200
2015-05-05,28.094621658325195,28.686438622653633,28.090154150752014,28.619439639895173,197085600
2015-05-06,27.918195724487305,28.306785438036545,27.54970468570634,28.264352630607828,288564000
2015-05-07,28.09087371826172,28.27476727952215,27.812789436572668,27.98098482959033,175763600
2015-05-08,28.620132446289062,28.620132446289062,28.281498531518576,28.40932697854194,222201600
2015-05-11,28.328588485717773,28.606671048184207,28.17384818122156,28.56854717086461,168143200
2015-05-12,28.227672576904297,28.454174472680343,27.992198343941556,28.167121277698104,192640000
2015-05-13,28.259071350097656,28.523698857849375,28.227675011124752,28.290467689070557,138776800
2015-05-14,28.91839599609375,28.91839599609375,28.51697113449011,28.573036269582165,180814000
2015-05-15,28.878028869628906,29.03949672198402,28.752443522673612,28.945307711767548,152832000
2015-05-18,29.19647789001465,29.31533569285124,28.78608072435578,28.790566892937537,203531600
2015-05-19,29.169572830200195,29.351223337213625,29.07313900949819,29.308613283085617,178532800
2015-05-20,29.16731834411621,29.37363758118634,29.005850519984204,29.153863262429123,145819600
2015-05-21,29.46559715270996,29.519420923231774,29.115751199180288,29.169574969702104,158921600
2015-05-22,29.72348976135254,29.81992357067761,29.467832888690626,29.51268773318277,182384000
2015-05-26,29.068645477294922,29.806464452856073,28.956515225125823,29.73694424402223,282790400
2015-05-27,29.611358642578125,29.660696232545494,29.16508238143343,29.23011642896636,183332800
2015-05-28,29.55304527282715,29.591169143138853,29.400549791580328,29.57098652155206,122933200
2015-05-29,29.216663360595703,29.4790477861014,29.131443258964264,29.42971019272997,203538000
2015-06-01,29.274972915649414,29.46559576641066,29.165087427844778,29.216666400119294,128451200
2015-06-02,29.144899368286133,29.301881051578466,29.001372768998277,29.122471946982635,134670400
2015-06-03,29.1807861328125,29.364681454464005,29.131448530513072,29.301888764618358,123934000
2015-06-04,29.010343551635742,29.283941683817417,28.909426993162494,29.059681144123864,153800400
2015-06-05,28.851116180419922,29.08434905085685,28.78608213155326,29.04173900210717,142507200
2015-06-08,28.66050148010254,28.97670970451447,28.442968453828634,28.907186053502876,210699200
2015-06-09,28.575273513793945,28.723286270314905,28.171605626046762,28.413805674306314,224301600
2015-06-10,28.90270233154297,29.00586027379526,28.671712515418594,28.687410686322938,156349200
2015-06-11,28.837656021118164,29.19422938430922,28.812987229969774,28.969968890939715,141563600
2015-06-12,28.519214630126953,28.779357697578135,28.505759544214744,28.74796135646813,147544800
2015-06-15,28.463146209716797,28.53490951126304,28.191791172277195,28.2792526425688,175955600
2015-06-16,28.615642547607422,28.671707678661107,28.33980306096761,28.487814117243897,125976400
2015-06-17,28.54836082458496,28.678430607367517,28.422773787765887,28.642549818970455,131672400
2015-06-18,28.678443908691406,28.774876031756488,28.530432807575547,28.532675892569394,141628800
2015-06-19,28.391376495361328,28.66497455538708,28.34652508364012,28.64030576564891,218867600
2015-06-22,28.617887496948242,28.7188040550328,28.49902968512399,28.5909756163387,136157200
2015-06-23,28.487815856933594,28.61788737955462,28.45417643405269,28.588734125576302,121075600
2015-06-24,28.730024337768555,29.109025282590707,28.508006832617287,28.528189464461715,221123600
2015-06-25,28.593219757080078,28.974462002785604,28.593219757080078,28.898214238033376,127752400
2015-06-26,28.42502212524414,28.703104702860742,28.37120007721526,28.631341401831552,176267200
2015-06-29,27.92716407775879,28.362230062047647,27.91595207762097,28.135726443209705,196645600
2015-06-30,28.128997802734375,28.283738112955014,28.001169371543593,28.160394139449863,177482800
2015-07-01,28.391376495361328,28.467625948453403,28.25457746534845,28.458655323914826,120955200
2015-07-02,28.355501174926758,28.411566305873087,28.205245323651862,28.35325809061674,108844000
2015-07-06,28.25682258605957,28.308403253131562,27.99892267264324,28.019107007052906,112241600
2015-07-07,28.18730926513672,28.290468913508555,27.75672770592408,28.232160691047177,187787200
2015-07-08,27.48760986328125,27.951829037386723,27.48088232192741,27.91594824650895,243046400
2015-07-09,26.92695426940918,27.821753055832378,26.73633321419223,27.774658562965005,314380000
2015-07-10,27.646841049194336,27.7746694975796,27.182621767061306,27.34633272564635,245418000
2015-07-13,28.180574417114258,28.203000124256086,27.880064466304077,28.039289211274365,165762000
2015-07-14,28.16936492919922,28.33980340876629,28.041536497266925,28.265797024233898,127072400
2015-07-15,28.440715789794922,28.51472216347197,28.162633256217518,28.19402958850988,134596800
2015-07-16,28.819717407226562,28.83317591249241,28.559576100827492,28.647037564364176,144889600
2015-07-17,29.068645477294922,29.068645477294922,28.77486476412288,28.947546310607535,184658800
2015-07-20,29.618091583251953,29.81992470335623,29.310852312142753,29.371403616951767,235600800
2015-07-21,29.322063446044922,29.808708371380416,29.225633063478252,29.793011914147154,307025600
2015-07-22,28.081905364990234,28.14469804304387,27.35754306093514,27.35754306093514,461802400
2015-07-23,28.068450927734375,28.501272141588753,28.046023504221505,28.301680391324023,203998000
2015-07-24,27.920433044433594,28.198515593273896,27.785877082799374,28.10432659122713,168649200
2015-07-27,27.5324649810791,27.72084471917167,27.386697002890582,27.604228283454344,177822000
2015-07-28,27.669265747070312,27.788125274515522,27.48313079290029,27.669265747070312,134472400
2015-07-29,27.581804275512695,27.696177633882726,27.420336407454347,27.617686784402196,148046800
2015-07-30,27.442766189575195,27.487617618569644,27.294753394143296,27.431552476840412,134513200
2015-07-31,27.202796936035156,27.50330515827416,27.115335485624,27.494334533748443,171540000
2015-08-03,26.561424255371094,27.487619856184438,26.355103216673083,27.2476610984885,279904000
2015-08-04,25.709226608276367,26.3954632715135,25.3975046134744,26.332670597880302,496554400
2015-08-05,25.879661560058594,26.337153176852183,25.139601239457118,25.330222318711495,397250400
2015-08-06,25.935983657836914,26.24461190151116,25.708456500286978,26.12521608802686,211612000
2015-08-07,26.023841857910156,26.188293835651134,25.794061455329505,25.81208391949338,154681600
2015-08-10,26.969999313354492,27.03082297860559,26.25136948728456,26.25136948728456,219806400
2015-08-11,25.566532135009766,26.62307544621346,25.53048892601448,26.53972283991694,388331200
2015-08-12,25.960758209228516,26.001307883706815,24.696962026490567,25.350261573655914,404870000
2015-08-13,25.94049072265625,26.222085277355692,25.803072442465577,26.140985908104913,194143200
2015-08-14,26.12295913696289,26.20180525553525,25.683672391547987,25.75350727960972,171718000
2015-08-17,26.393295288085938,26.503679872455688,26.019336893890987,26.140985947952593,163538800
2015-08-18,26.24461555480957,26.456375234597463,26.13423095775112,26.228846326658363,138242800
2015-08-19,25.908950805664062,26.249115771038937,25.834609434933128,26.15450041849957,193146000
2015-08-20,25.377300262451172,25.76026814897075,25.14751815556609,25.69944448462862,274006400
2015-08-21,23.825153350830078,25.208345711623945,23.800372891702107,24.877190229383636,513102000
2015-08-24,23.230419158935547,24.509984562326586,20.72535401181328,21.3718955654849,648825200
2015-08-25,23.370088577270508,25.030370248266202,23.31602291841041,25.030370248266202,414406400
2015-08-26,24.710481643676758,24.75553607715596,23.665202974767748,24.124763696148314,387098400
2015-08-27,25.438129425048828,25.510217574047342,24.784829607971478,25.282690374259033,338464400
2015-08-28,25.52147674560547,25.52598150204368,25.127244386669297,25.26916741714831,212657600
2015-08-31,25.40207862854004,25.800815707713777,25.230868681248083,25.2376266746502,224917200
2015-09-01,24.266691207885742,25.203836937629006,24.18559184335684,24.814111059097513,307383600
2015-09-02,25.30746078491211,25.30746078491211,24.584326294987832,24.832130836872942,247555200
2015-09-03,24.86367416381836,25.40658758777741,24.78933278666313,25.34125744288798,212935600
2015-09-04,24.615867614746094,24.881692929927983,24.444659371468504,24.548285956204943,199985200
2015-09-08,25.300710678100586,25.357029597226422,24.852412563099705,25.17455684924816,219374400
2015-09-09,24.814111709594727,25.685927323059925,24.728505867727485,25.627356895033266,340043200
2015-09-10,25.359281539916992,25.519227055818536,24.75779592686817,24.841146822938075,251571200
2015-09-11,25.728731155395508,25.728731155395508,25.1768065137865,25.18356450812768,199662000
2015-09-14,25.976539611816406,26.33247561927559,25.87516623744555,26.262640704429767,233453600
2015-09-15,26.195045471191406,26.251364368994526,25.776032734038903,26.116199358010316,173364800
2015-09-16,26.224334716796875,26.25361992750602,26.00581709900472,26.188289794031913,148694000
2015-09-17,25.663394927978516,26.242353128410066,25.61834049724092,26.05537569400432,256450400
2015-09-18,25.557518005371094,25.749003654376327,25.201583837512686,25.278176722141534,297141200
2015-09-21,25.954002380371094,25.990047302341885,25.604826222040554,25.607077740626373,200888000
2015-09-22,25.54625701904297,25.721971737053007,25.34801336285386,25.541750543920482,201384800
2015-09-23,25.753507614135742,25.843618201695993,25.52372724863778,25.59806689356222,143026800
2015-09-24,25.90669822692871,26.019336045306662,25.314223920998707,25.512465862605882,200878000
2015-09-25,25.841371536254883,26.287418112821186,25.685930776150165,26.231099196112744,224607600
2015-09-28,25.32999038696289,25.809826822233777,25.32999038696289,25.647628106447414,208436000
2015-09-29,24.568561553955078,25.57103921605397,24.298231464578294,25.417851707082647,293461600
2015-09-30,24.847904205322266,25.127245522468844,24.494221513209634,24.818617271641646,265892000
2015-10-01,24.685707092285156,24.69471832487898,24.174330384566158,24.570816025110002,255716400
2015-10-02,24.865921020507812,25.007845753687356,24.228392355369188,24.332018928920757,232079200
2015-10-05,24.956031799316406,25.08894530294106,24.570810712485372,24.7532834065852,208258800
2015-10-06,25.075437545776367,25.17230616524987,24.728512762515845,24.922250001462853,192787200
2015-10-07,24.956031799316406,25.179054171962477,24.647405313613383,25.172296178657522,187062400
2015-10-08,24.667680740356445,24.823121470353485,24.377074980182964,24.823121470353485,247918400
2015-10-09,25.25790786743164,25.29395107965489,24.66543177580045,24.78032284477605,211064400
2015-10-12,25.14075469970703,25.399821963700898,25.104711500187246,25.395317208279536,121868800
2015-10-13,25.18356704711914,25.3322480937654,24.933510918984258,24.965049374900644,132197200
2015-10-14,24.82762336730957,25.122733849725346,24.681193885350055,25.070921424837714,177849600
2015-10-15,25.1993350982666,25.25340077463883,24.890706829821273,24.989828668767743,150694000
2015-10-16,25.014612197875977,25.230876648618082,24.899721117610238,25.181315723063566,156930400
2015-10-19,25.170045852661133,25.174550608839052,24.805098728452744,24.960539456697973,119036800
2015-10-20,25.62961196899414,25.719722579856207,24.96504943648068,25.082192027499502,195871200
2015-10-21,25.62735366821289,26.03735520635848,25.613835962994656,25.68141933293635,167180800
2015-10-22,26.019332885742188,26.019332885742188,25.703946688838375,25.75576083523572,166616400
2015-10-23,26.82582664489746,26.85961833844653,26.206318565126594,26.289669461335112,237467600
2015-10-26,25.96977424621582,26.611809445371954,25.888674882246978,26.600546695147568,265335200
2015-10-27,25.805330276489258,26.253628406179207,25.67917472478617,25.996814264047913,279537600
2015-10-28,26.86862564086914,26.875385353996066,26.145491020799188,26.341481452277073,342205600
2015-10-29,27.152469635009766,27.188514558438914,26.643346263230594,26.74021484655075,204909200
2015-10-30,26.92043685913086,27.3079112043992,26.909172390531612,27.256097055045903,197461200
2015-11-02,27.298900604248047,27.339450285939357,26.94521793788585,27.21329648455156,128813200
2015-11-03,27.612031936645508,27.81928508901413,27.190765919767003,27.211041618757704,182076000
2015-11-04,27.483619689941406,27.89362116082959,27.39801559161221,27.73818046669237,179544400
2015-11-05,27.3569278717041,27.75737345512752,27.18951083158743,27.567331044501127,158210800
2015-11-06,27.388607025146484,27.55828698287916,27.28906262367349,27.39991971275818,132169200
2015-11-09,27.277746200561523,27.558283208961264,27.160102205449874,27.365979628413648,135485600
2015-11-10,26.41802978515625,26.712142316880566,26.257399678962393,26.447442073972656,236511600
2015-11-11,26.26871681213379,26.565090550058116,26.065100542307558,26.327539673655497,180872000
2015-11-12,26.18048667907715,26.429350273053505,26.164649951989755,26.302656456354367,130102400
2015-11-13,25.415788650512695,26.146544261482767,25.39995192710831,26.06283488001765,183249600
2015-11-16,25.832077026367188,25.845650870743132,25.112633931187514,25.19860448902483,152426800
2015-11-17,25.721214294433594,26.02890069067095,25.6375049116383,25.99948839954301,110467600
2015-11-18,26.535682678222656,26.580929975637122,26.130712979890312,26.189535847388118,186698800
2015-11-19,26.87278175354004,27.092234787489435,26.415777800939658,26.61486834124818,173183200
2015-11-20,26.99042510986328,27.130692765780022,26.88861610281296,26.967799735358497,137148400
2015-11-23,26.63974952697754,27.087705310343022,26.546990334928815,26.983633432312025,129930000
2015-11-24,26.895401000976562,27.001734039282514,26.49721998554499,26.544730161497384,171212800
2015-11-25,26.703100204467773,26.974589171796932,26.67821367264409,26.9700634063342,85553200
2015-11-27,26.65332794189453,26.78907329267587,26.605817759550597,26.761923877304834,52185600
2015-11-30,26.764184951782227,27.015311417256978,26.63975229733123,26.694049398330883,156721200
2015-12-01,26.546993255615234,26.879566237630495,26.438399052961515,26.865992393817212,139409600
2015-12-02,26.307170867919922,26.721190229491615,26.26192358596513,26.546984569212018,133546400
2015-12-03,26.062837600708008,26.422559964263737,25.841123449901964,26.368262867791135,166278000
2015-12-04,26.929338455200195,26.97911151571964,26.042478348354138,26.083201604590624,231108000
2015-12-07,26.759660720825195,27.11712025222237,26.653327669301774,26.918029719759122,128336800
2015-12-08,26.74834442138672,26.832052080591332,26.438395133698798,26.587712571731082,137238000
2015-12-09,26.157861709594727,26.626178302483893,26.03569193848359,26.614865615389384,185445600
2015-12-10,26.282291412353516,26.456497119477177,26.132973960892578,26.25288084378169,116850800
2015-12-11,25.605833053588867,26.105823046988814,25.531173469116514,26.060575755469923,187544800
2015-12-14,25.447467803955078,25.492715099024338,24.83888184665366,25.379595135277526,257274800
2015-12-15,24.997249603271484,25.519865019919344,24.965576150877517,25.32529854031429,213292400
2015-12-16,25.18954849243164,25.33660476596153,24.614900691498317,25.128464481680687,224954000
2015-12-17,24.65562629699707,25.395430047597255,24.65562629699707,25.343394108517348,179091200
2015-12-18,23.988218307495117,24.777795140586075,23.938445249201237,24.639790378144315,385813200
2015-12-21,24.282329559326172,24.291379362707698,23.884146840906606,24.27101687358089,190362400
2015-12-22,24.259714126586914,24.370571234910585,24.083245490017244,24.29817450942332,131157600
2015-12-23,24.571918487548828,24.626215586458603,24.2529193635474,24.26875608931582,130629600
2015-12-24,24.44070053100586,24.66015354977659,24.422600921482264,24.66015354977659,54281600
2015-12-28,24.166946411132812,24.36377574846902,24.022153011048758,24.341150377271184,106816800
2015-12-29,24.60133171081543,24.757437828856503,24.176001225664045,24.198624875477893,123724800
2015-12-30,24.280071258544922,24.592281766790016,24.24839780376964,24.56513407759625,100855200
2015-12-31,23.814010620117188,24.21445445443331,23.714464519035367,24.209930416235647,163649200
2016-01-04,23.83437728881836,23.838903054211126,23.076473836463002,23.214480337688535,270597600
2016-01-05,23.237104415893555,23.947497701196713,23.169233468411488,23.924874052036024,223164000
2016-01-06,22.78236198425293,23.160184007754427,22.594584139961913,22.750688529742455,273829600
2016-01-07,21.820842742919922,22.65340583772468,21.816318703339366,22.32535859680786,324377600
2016-01-08,21.936227798461914,22.422644090582867,21.890980493830487,22.295950256755653,283192000
2016-01-11,22.291414260864258,22.41132111657754,22.022188261458272,22.39096035665939,198957600
2016-01-12,22.61493682861328,22.780092690487365,22.361547556966514,22.74841924729067,196616800
2016-01-13,22.03350257873535,22.893214844520696,22.013141817307925,22.69638552035541,249758400
2016-01-14,22.51540184020996,22.7325937379302,21.66021499995496,22.162468027044163,252680400
2016-01-15,21.97468376159668,22.105903335147378,21.574239845295597,21.764280557825284,319335600
2016-01-19,21.868350982666016,22.31856792960295,21.60591185310772,22.264270833377413,212350800
2016-01-20,21.89776611328125,22.2145024050671,21.135336820505717,21.51542002543395,289337600
2016-01-21,21.78689956665039,22.144357239512132,21.479213213905545,21.958840620304784,208646000
2016-01-22,22.94525146484375,22.954301268454177,22.25522076876574,22.314041903123197,263202000
2016-01-25,22.497299194335938,22.97013981957926,22.44526325095706,22.967876936978346,207178000
2016-01-26,22.621732711791992,22.823086134498485,22.187352410632403,22.608158866778844,300308000
2016-01-27,21.13533592224121,21.86156596174221,21.117236311805794,21.728085218447188,533478800
2016-01-28,21.286916732788086,21.384199983373826,20.902309496188032,21.219045781309546,222715200
2016-01-29,22.02219581604004,22.02219581604004,21.34573885155747,21.445284981501306,257666000
2016-02-01,21.816314697265625,21.879661596204325,21.583287864995317,21.825364500838802,163774000
2016-02-02,21.375152587890625,21.728086379877322,21.329903559383393,21.587816980615813,149428800
2016-02-03,21.798215866088867,21.90907294317787,21.284652009062455,21.49279232043426,183857200
2016-02-04,21.97336196899414,22.13941402131151,21.65263366991462,21.80503649100517,185886800
2016-02-05,21.386497497558594,22.04615371528405,21.311434527764984,21.955166351556468,185672400
2016-02-08,21.611696243286133,21.768647700515437,21.163584812663363,21.18405606278197,216085600
2016-02-09,21.60714340209961,21.82323862900009,21.36602833978265,21.447916801595916,177324800
2016-02-10,21.443363189697266,21.91649606640053,21.40469412628274,21.818684959538217,169374400
2016-02-11,21.313711166381836,21.54572906563232,21.061222018312716,21.33418415064035,200298800
2016-02-12,21.37967872619629,21.495687685341977,21.156761455379897,21.42517328637108,161405600
2016-02-16,21.982471466064453,22.03023945976763,21.52071245816012,21.613973283359577,196231600
2016-02-17,22.31912612915039,22.339597384351336,21.871014587276377,21.989297000020585,179452800
2016-02-18,21.896028518676758,22.49426759603916,21.85735771329363,22.482893523495918,156084000
2016-02-19,21.845985412597656,22.009762339030296,21.791393682266715,21.836886501635863,141496800
2016-02-22,22.037057876586914,22.041608199899244,21.818689214471288,21.907401429223263,137123200
2016-02-23,21.53890037536621,21.950616037939255,21.507055060882077,21.92786963265623,127770400
2016-02-24,21.85963249206543,21.923323132136613,21.22727294358755,21.377402368418014,145022800
2016-02-25,22.009765625,22.009765625,21.666289060531863,21.84826383605619,110330800
2016-02-26,22.043880462646484,22.296367839201608,21.968815756823258,22.109844523041843,115964400
2016-02-29,21.993839263916016,22.344139519859407,21.984740353125822,22.032508333194496,140865200
2016-03-01,22.867307662963867,22.921899377436283,22.159883594004658,22.212201882976903,201628400
2016-03-02,22.9173583984375,22.949203720404107,22.664869248959473,22.8627666658433,132678400
2016-03-03,23.08795928955078,23.135727272931547,22.84911763720705,22.878689533185554,147822800
2016-03-04,23.431438446044922,23.599763987599513,23.058391713172533,23.285859317872287,184220400
2016-03-07,23.172115325927734,23.390483922162332,22.965119063663252,23.290397664765056,143315600
2016-03-08,22.98105239868164,23.147104517850252,22.83774842890281,22.924185496087482,126247600
2016-03-09,23.00151824951172,23.106153109567774,22.808169452328546,23.044735901975123,108806800
2016-03-10,23.012895584106445,23.256285835146045,22.780879406703452,23.06748905503419,134054400
2016-03-11,23.260835647583008,23.2653842356737,23.087959797657657,23.25628532405237,109632800
2016-03-14,23.319971084594727,23.408685020457757,23.151645593462998,23.1812174838972,100304400
2016-03-15,23.788557052612305,23.925037236999444,23.62250497572415,23.64752654532976,160270800
2016-03-16,24.10474395751953,24.182082115271168,23.790837531388217,23.795387855632555,153214000
2016-03-17,24.066068649291992,24.218471498664783,23.874994995612862,24.002376274439104,137682800
2016-03-18,24.093366622924805,24.225298241119127,23.927316254714697,24.188902593848976,176820800
2016-03-21,24.09108543395996,24.486878425571163,23.91593447492919,24.0956340206831,142010800
2016-03-22,24.275339126586914,24.40499557088636,23.93186261309757,23.940961524067337,129777600
2016-03-23,24.141132354736328,24.354952423887728,24.08881578596938,24.22074739184747,102814000
2016-03-24,24.036502838134766,24.168434473412926,23.859078373318027,23.991010008596188,104532000
2016-03-28,23.927310943603516,24.15477848223136,23.897739052900555,24.1115590945514,77645600
2016-03-29,24.493709564208984,24.51873113733492,23.856799633541403,23.859074795309198,124760400
2016-03-30,24.92134666442871,25.116968915430764,24.70297800328592,24.714352076076217,182404400
2016-03-31,24.791685104370117,24.998681385469585,24.766663537744037,24.957737161485046,103553600
2016-04-01,25.01915740966797,25.02143257127942,24.611990253209825,24.743921859636675,103496000
2016-04-04,25.276203155517578,25.519593445242446,25.08285428560359,25.11697477649666,149424800
2016-04-05,24.978214263916016,25.187485755272856,24.88950204705036,24.90997503156392,106314800
2016-04-06,25.23979949951172,25.2443498224228,24.839456119882172,25.073749157491083,105616400
2016-04-07,24.689329147338867,25.116967534976737,24.593793188734622,25.01005750420733,127207600
2016-04-08,24.716629028320312,24.969116455245747,24.60516866030821,24.7734959255118,94326800
2016-04-11,24.79851531982422,25.160189681917586,24.755297658831385,24.78714298185345,117630000
2016-04-12,25.121519088745117,25.135166587660112,24.716627090161783,24.87130337237129,108929200
2016-04-13,25.485469818115234,25.55370905606362,25.203410483293805,25.203410483293805,133029200
2016-04-14,25.499113082885742,25.565078883419442,25.32396382559538,25.389929626129085,101895600
2016-04-15,24.9873104095459,25.54460695698863,24.960015413802225,25.501387566474868,187756000
2016-04-18,24.448211669921875,24.78258749194703,24.325378991540568,24.76893999505119,243286000
2016-04-19,24.31855010986328,24.566488840146526,24.163872147748492,24.539192116677135,129539600
2016-04-20,24.36859703063965,24.58696566163997,24.12520683130641,24.257138421527316,122444000
2016-04-21,24.10474395751953,24.323112664362064,24.002382487304452,24.323112664362064,126210000
2016-04-22,24.03877830505371,24.22075309639586,23.797663181649558,23.886375415182794,134732400
2016-04-25,23.902292251586914,24.031948694788245,23.772635808385584,23.88409442980151,112126400
2016-04-26,23.73624038696289,23.95233561794742,23.636155837086093,23.636155837086093,224064800
2016-04-27,22.25088119506836,22.453327225987728,21.764100656066727,21.836890220718182,458408400
2016-04-28,21.570749282836914,22.264524304446727,21.438817680604572,22.203108826408787,328970800
2016-04-29,21.322805404663086,21.545724343771447,21.043021319485298,21.37967228617201,274126000
2016-05-02,21.300067901611328,21.400154210239222,21.018008537362082,21.37513263308225,192640400
2016-05-03,21.65036964416504,21.777750964868034,21.30916819047602,21.427450597494463,227325200
2016-05-04,21.425167083740234,21.814136349567153,21.341003473362434,21.654908038212355,164102000
2016-05-05,21.338199615478516,21.528147547246324,21.210042816216113,21.51212794733852,143562000
2016-05-06,21.21919822692871,21.38625952808844,21.02009597828061,21.367952660102198,174799600
2016-05-09,21.235218048095703,21.45949246080359,21.18944651264115,21.283276850818822,131745600
2016-05-10,21.379398345947266,21.413726567282332,21.07960215469981,21.358802460749747,134747200
2016-05-11,21.171142578125,21.413725638629153,21.159699256174285,21.393129754324818,114876400
2016-05-12,20.674537658691406,21.232938415909437,20.47543706601597,21.219207822209427,305258800
2016-05-13,20.71572494506836,20.97890563640725,20.59672242817037,20.59672242817037,177571200
2016-05-16,21.484664916992188,21.601380142007418,20.97432498969999,21.143675294424245,245039200
2016-05-17,21.395414352416992,21.67232559821744,21.28556615782132,21.637999128659775,187667600
2016-05-18,21.640295028686523,21.78904952479784,21.48696425014381,21.548755412008422,168249600
2016-05-19,21.557905197143555,21.65860085771305,21.413728748060358,21.65860085771305,121768400
2016-05-20,21.791332244873047,21.839391053549768,21.631134469944882,21.658597394619765,128104000
2016-05-23,22.0682430267334,22.242171387099383,21.894314666367414,21.94008620646674,152074400
2016-05-24,22.404661178588867,22.44814196839955,22.162076329617786,22.249041401251347,140560800
2016-05-25,22.798288345336914,22.825749529900744,22.452720556190894,22.58087740683847,152675200
2016-05-26,22.979084014892578,23.052316756690402,22.574014047755956,22.812020895100453,225324800
2016-05-27,22.965347290039062,22.992810217721374,22.713609897305382,22.75709242963422,145364800
2016-05-31,22.853208541870117,22.976789089235623,22.61520175575942,22.793706408840983,169228800
2016-06-01,22.532817840576172,22.779978969490724,22.503067642949933,22.660974686973606,116693200
2016-06-02,22.363468170166016,22.390929354675592,22.114018019498477,22.336005239650298,160766400
2016-06-03,22.40922737121582,22.489325364810817,22.301666460100265,22.379477186739198,114019600
2016-06-06,22.57171630859375,23.31777577765506,22.324556991817488,22.425250881613145,93170000
2016-06-07,22.66326141357422,22.85549840977423,22.647241809391378,22.71360923986484,89638000
2016-06-08,22.642667770385742,22.784555208341402,22.583165629239712,22.66097464411784,83392400
2016-06-09,22.805152893066406,22.882961908118602,22.53281784837156,22.541972158261128,106405600
2016-06-10,22.61749267578125,22.73649520586407,22.537394651109544,22.54883622834494,126851600
2016-06-13,22.27649688720703,22.683855719282388,22.221572787491226,22.585449094871844,152082000
2016-06-14,22.30396270751953,22.537393217145958,22.141477654664918,22.271923499689375,127727600
2016-06-15,22.23073387145996,22.52137755247799,22.205559954332223,22.38635365642864,117780800
2016-06-16,22.324565887451172,22.370335696868327,21.985863361342766,22.072826697637886,125307200
2016-06-17,21.816509246826172,22.11859447702449,21.809643951186256,22.111729181384575,244032800
2016-06-20,21.76386833190918,22.10028172337558,21.747848729744383,21.969835892603474,137647600
2016-06-21,21.949241638183594,22.049935539545707,21.66775232668044,21.727254458852926,142185600
2016-06-22,21.866853713989258,22.173515178793853,21.82108217341755,22.027049740975876,116876400
2016-06-23,21.99272346496582,22.036205995848913,21.798199201866876,21.95610797527945,128960800
2016-06-24,21.374818801879883,21.66317337267125,21.203179467409765,21.262681592240973,301245600
2016-06-27,21.06358528137207,21.29472680591838,20.940004716149474,21.28328348198799,181958400
2016-06-28,21.418306350708008,21.434327703155734,21.08647089755852,21.260399300357125,161779600
2016-06-29,21.603673934936523,21.63800215530146,21.42745655186589,21.505267301093472,146124000
2016-06-30,21.8783016204834,21.91720613172272,21.580794377704407,21.612833592372816,143345600
2016-07-01,21.94466209411621,22.077396939016396,21.81650527614676,21.853120761564163,104106000
2016-07-05,21.738698959350586,21.832529324476077,21.617407411071138,21.830240310544564,110820800
2016-07-06,21.862279891967773,21.892031835563373,21.59681188961415,21.649446988888382,123796400
2016-07-07,21.95610809326172,22.08426492686151,21.882875367489564,21.90118223942817,100558400
2016-07-08,22.125459671020508,22.17351848628514,21.981283225226612,22.081977137492792,115648400
2016-07-11,22.19411849975586,22.347449271476528,22.13690536887446,22.141481651102247,95179600
2016-07-12,22.294815063476562,22.35889349829235,22.226160345890957,22.237601925818694,96670000
2016-07-13,22.168941497802734,22.35202244354481,22.16207445640728,22.29252205283176,103568800
2016-07-14,22.60834312438965,22.654112934975604,22.271929603963166,22.287949212268888,155676000
2016-07-15,22.60605239868164,22.725056690806152,22.541973970309776,22.638091612867573,120548000
2016-07-18,22.846343994140625,22.91499869202972,22.564854669378224,22.587739568674593,145975600
2016-07-19,22.855497360229492,22.885247553486927,22.73420408155112,22.78455190552972,95119600
2016-07-20,22.87609100341797,22.990517229973285,22.825743184372726,22.885245311063073,105104000
2016-07-21,22.75480079650879,23.114099098798395,22.686144358209066,22.846342132239833,130808000
2016-07-22,22.578582763671875,22.725048186857606,22.498483012174976,22.715893879657802,113254800
2016-07-25,22.27649688720703,22.619775565940692,22.18037927620296,22.48475345705483,161531600
2016-07-26,22.123170852661133,22.420679802363978,22.06595772741105,22.157499077012385,224959200
2016-07-27,23.560359954833984,23.88075374662406,23.514590161437845,23.86244513086332,369379200
2016-07-28,23.878463745117188,23.903637654245138,23.53060879008514,23.532897803461942,159479200
2016-07-29,23.84872055053711,23.926531314121174,23.727428996073787,23.84414426844682,110934800
2016-08-01,24.269804000854492,24.2926888975774,23.894486107380573,23.894486107380573,152671600
2016-08-02,23.910507202148438,24.27438179697061,23.800657246613817,24.269805515742664,135266400
2016-08-03,24.21030616760254,24.22174774499094,23.976875640002294,23.98602994951662,120810400
2016-08-04,24.359861373901367,24.389772727354618,24.224106065690776,24.293134426538757,109634800
2016-08-05,24.730314254760742,24.769429513501382,24.431193646294137,24.45190110487526,162213600
2016-08-08,24.93509864807129,24.93509864807129,24.656687226361203,24.739518824269048,112148800
2016-08-09,25.036338806152344,25.066251924115562,24.85226604733372,24.90288662653486,105260800
2016-08-10,24.849966049194336,25.057049450697242,24.794744393948484,25.01333135608419,96034000
2016-08-11,24.8338565826416,25.063948832362932,24.815448781352405,24.9696101673542,109938000
2016-08-12,24.89137840270996,24.95120287618166,24.79934115632222,24.79934115632222,74641600
2016-08-15,25.190494537353516,25.204299507445477,24.86836510998256,24.882170080074523,103472800
2016-08-16,25.16748809814453,25.363067902777512,25.12837283940371,25.22501115704495,135177600
2016-08-17,25.130666732788086,25.165180908892655,24.92818450255538,25.10305504081165,101424000
2016-08-18,25.09845733642578,25.218104506777873,25.084650610853657,25.13297151715986,87938800
2016-08-19,25.162891387939453,25.238822260162436,24.932799112450223,25.027136032559138,101472400
2016-08-22,24.96730613708496,25.103059698027486,24.815444436236465,25.047838059293596,103280800
2016-08-23,25.0455379486084,25.153681573542038,24.971908507978057,24.98571347951364,85030800
2016-08-24,24.856863021850586,25.022529706297615,24.77633109342894,24.981113035185857,94700400
2016-08-25,24.751026153564453,24.822354197647957,24.546244167580078,24.709609473507797,100344800
2016-08-26,24.60606575012207,24.838457658436116,24.461106509281617,24.714209388379373,111065200
2016-08-29,24.57845115661621,24.72110896664589,24.456502559469328,24.532433414265657,99881200
2016-08-30,24.389781951904297,24.504828093186863,24.274735810621728,24.34376419757719,99455600
2016-08-31,24.41278839111328,24.520932033993624,24.306946162358905,24.31154899061084,118649600
2016-09-01,24.5577449798584,24.57385136606746,24.302342458925843,24.42198964855537,106806000
2016-09-02,24.787832260131836,24.849956378674324,24.578447525799874,24.78092801988126,107210000
2016-09-06,24.780933380126953,24.918990127575476,24.73721704853509,24.82695288109795,107521600
2016-09-07,24.93279457092285,25.024831815446838,24.635975378951812,24.810845968000947,169457200
2016-09-08,24.279327392578125,24.68198872965848,24.214901859519525,24.677387658210346,212008000
2016-09-09,23.72941017150879,24.32534993803979,23.72941017150879,24.076849917506454,186228000
2016-09-12,24.260927200317383,24.32535274890815,23.591357915753633,23.618969617491622,181171200
2016-09-13,24.838459014892578,25.03173742808015,24.67509371930354,24.73721961318923,248704800
2016-09-14,25.717405319213867,26.007321992862835,24.988013441067203,25.017926551608333,443554800
2016-09-15,26.591754913330078,26.628570507163108,26.113162726285527,26.198297470426304,359934400
2016-09-16,26.44219970703125,26.720611105802025,26.23971916850645,26.488219208149026,319547600
2016-09-19,26.133878707885742,26.73211821896128,26.057947842529785,26.504327378357992,188092000
2016-09-20,26.131572723388672,26.258124143514724,25.88767553783405,26.01192554428573,138057200
2016-09-21,26.126970291137695,26.22820966650297,25.871567805973687,26.195996898596174,144012800
2016-09-22,26.373167037963867,26.446796467395618,26.23050925042432,26.311041164574036,124296000
2016-09-23,25.933700561523438,26.412292923267355,25.66679443066245,26.327158148050046,209924800
2016-09-26,25.972808837890625,26.090156360157938,25.666787523257963,25.687494980176975,119477600
2016-09-27,26.02113151550293,26.041840730689803,25.848562329291997,26.0004240557806,98429600
2016-09-28,26.219011306762695,26.377775521746763,26.099364108612885,26.159188585420072,118564400
2016-09-29,25.811750411987305,26.1845005140354,25.724315983071435,26.037241604564105,143548000
2016-09-30,26.011932373046875,26.08556183077765,25.724317029494674,25.87617701804857,145516400
2016-10-03,25.889978408813477,26.011928772188277,25.834756762025975,25.93369649673019,86807200
2016-10-04,26.000417709350586,26.301837919276842,25.91528296629979,26.01422267912916,118947200
2016-10-05,26.011932373046875,26.15228880113753,25.92909901366666,26.092464318148544,85812400
2016-10-06,26.2052059173584,26.308746726508154,26.030335317794922,26.1614878286014,115117200
2016-10-07,26.24431800842285,26.35936411823423,26.11776834090893,26.301841063328542,97433600
2016-10-10,26.702205657958984,26.86326952681188,26.39618255167397,26.465209171697563,144944000
2016-10-11,26.759727478027344,27.30964777606191,26.736716850288783,27.08185520079405,256164000
2016-10-12,26.999021530151367,27.146282172948993,26.86326795654847,27.001322943990314,150347200
2016-10-13,26.916183471679688,27.022025661790522,26.626266838919758,26.87246539657113,140769600
2016-10-14,27.065752029418945,27.1900020610145,26.95070589891913,27.123275094668852,142608800
2016-10-17,27.047344207763672,27.114069414265973,26.870172195360325,26.996723632791287,94499600
2016-10-18,27.028942108154297,27.19920991450603,27.024339279205257,27.192307426547362,98214000
2016-10-19,26.948400497436523,27.095659372657686,26.18449442392765,26.97831185302498,80138400
2016-10-20,26.934595108032227,27.00822454929776,26.76662876801914,26.8885773655404,96503200
2016-10-21,26.828754425048828,26.900084212080298,26.755124979586743,26.87707358405853,92770800
2016-10-24,27.070354461669922,27.09106192223392,26.92079414311525,26.943803017785672,94154800
2016-10-25,27.208406448364258,27.233716734334774,26.99211918842146,27.139378076542048,192516000
2016-10-26,26.59635353088379,26.62166381044268,26.071743655415826,26.301835829250123,264536800
2016-10-27,26.34095573425293,26.658482337150883,26.253519575068385,26.550338722663156,138248000
2016-10-28,26.16609001159668,26.508926960259874,26.10396412326665,26.200604198950643,151446800
2016-10-31,26.124666213989258,26.283430379245758,26.046433960288947,26.14997649411606,105677600
2016-11-01,25.652978897094727,26.17758883243774,25.43209059565894,26.10626081215673,175303200
2016-11-02,25.675992965698242,25.850863564713965,25.593161371916615,25.63227663254271,113326800
2016-11-03,25.400774002075195,25.777749247161335,25.336017691456924,25.66673893309491,107730400
2016-11-04,25.171815872192383,25.497912470464485,25.002987145075792,25.100121626250605,123348000
2016-11-07,25.53491973876953,25.558046746522344,25.31520875392385,25.458599025155426,130240000
2016-11-08,25.685239791870117,25.837881181186265,25.370707624016074,25.511784630089306,97016800
2016-11-09,25.64361572265625,25.745376669661546,24.989112786126988,25.41234212635513,236705600
2016-11-10,24.92897605895996,25.692177711989366,24.475680114647897,25.692177711989366,228538000
2016-11-11,25.07699203491211,25.17875296535047,24.64219837986341,24.774024237714364,136575600
2016-11-14,24.447933197021484,24.933607427026285,24.070957846458413,24.91048041883132,204702000
2016-11-15,24.771713256835938,24.90353912665397,24.55200406196501,24.646825312090847,129058000
2016-11-16,25.437782287597656,25.49328922096897,24.653764939622317,24.676891946288276,235362000
2016-11-17,25.42852783203125,25.521037611167078,25.169502567823667,25.3961496740053,110528000
2016-11-18,25.45396614074707,25.56497822021153,25.361458133083357,25.375333981337484,113715600
2016-11-21,25.840198516845703,25.900328378727725,25.44240766696807,25.46784790256332,117058400
2016-11-22,25.85638427734375,25.99977275285797,25.763874502009838,25.891073899176412,103862000
2016-11-23,25.72456169128418,25.78931801290716,25.516415111440722,25.75462662218701,109705600
2016-11-25,25.854068756103516,25.87257106242575,25.65979806867414,25.701427375660643,45903600
2016-11-28,25.80319595336914,26.01134255007171,25.761566634028625,25.770817789935137,108776000
2016-11-29,25.77775001525879,25.909575869938877,25.456279917627043,25.620483928581038,114115200
2016-11-30,25.560359954833984,25.948899710795132,25.50254154927118,25.810135890339943,144649200
2016-12-01,25.3221378326416,25.657485503563677,25.21575222256607,25.5256596645052,148347600
2016-12-02,25.416963577270508,25.460904352063263,25.17412564322128,25.248133108873315,106112000
2016-12-05,25.234262466430664,25.447033753516507,25.03536703061813,25.440095827879855,137298000
2016-12-06,25.42852783203125,25.523350840876724,25.252761192598182,25.324455433301743,104782000
2016-12-07,25.67830467224121,25.715309291078377,25.24582421756523,25.268951222099787,119994800
2016-12-08,25.93039321899414,26.002087460827447,25.578856405634006,25.638988027691425,108273200
2016-12-09,26.35362434387207,26.52707953287819,25.97433580507022,25.97433580507022,137610400
2016-12-12,26.20329475402832,26.596459095739675,26.015961972726867,26.200981524401158,105497600
2016-12-13,26.64040756225586,26.80923630857209,26.30737300095164,26.32818677879435,174935200
2016-12-14,26.64040756225586,26.873992636719553,26.591840316145262,26.605716168040402,136127200
2016-12-15,26.786104202270508,26.996563993169634,26.649653645999244,26.684343269134466,186098000
2016-12-16,26.82080078125,26.943375511992432,26.746793296774705,26.9364375860225,177404400
2016-12-19,26.97574234008789,27.14688424517807,26.769909055248878,26.781473436657443,111117600
2016-12-20,27.047447204589844,27.174648392216778,26.98500410805871,26.99887995962617,85700000
2016-12-21,27.072879791259766,27.151513711700904,27.008123482941805,27.012749941808554,95132800
2016-12-22,26.894805908203125,26.945686380159405,26.744477722280696,26.908681758926672,104343600
2016-12-23,26.947994232177734,26.947994232177734,26.73290975241611,26.73290975241611,56998000
2016-12-27,27.1191463470459,27.24403431897951,26.941064663843655,26.948002590427002,73187600
2016-12-28,27.003503799438477,27.294907240943367,26.87398939429224,27.179270450495505,83623600
2016-12-29,26.996559143066406,27.084442446682292,26.92023845692587,26.931801074401225,60158000
2016-12-30,26.786104202270508,27.10526108645545,26.69590765316439,26.978061684512667,122345200
2017-01-03,26.862428665161133,26.904057983232338,26.540958506241424,26.78148325904421,115127600
2017-01-04,26.832361221313477,26.945686551199977,26.769918128183697,26.793045134362227,84472400
2017-01-05,26.96880531311035,27.02662369312054,26.783785791286977,26.809226019649614,88774400
2017-01-06,27.26946449279785,27.327282878952225,26.93643002391598,27.008124258114727,127007600
2017-01-09,27.519245147705078,27.621006096255645,27.276408926587862,27.278720392162167,134247600
2017-01-10,27.546993255615234,27.609436339046322,27.359662240844777,27.46835932944873,97848400
2017-01-11,27.69500732421875,27.736636633364512,27.429042391591786,27.461420547096587,110354400
2017-01-12,27.57937240600586,27.59093678995442,27.338847688589375,27.49842701179773,108344800
2017-01-13,27.530807495117188,27.664946596551783,27.4776137947285,27.546996575326368,104447600
2017-01-17,27.752826690673828,27.808331850001558,27.341160043745184,27.36891174117045,137759200
2017-01-18,27.750513076782227,27.86846308263787,27.685756764383733,27.752826306361367,94852000
2017-01-19,27.701953887939453,27.773648145420296,27.607132621381986,27.614070547657203,102389200
2017-01-20,27.752826690673828,27.856899084972973,27.69038360698978,27.856899084972973,130391600
2017-01-23,27.771333694458008,27.940162430599592,27.699637680206205,27.75283138339448,88200800
2017-01-24,27.74588966369629,27.77595459170511,27.637190806659174,27.648755190611862,92844000
2017-01-25,28.187625885009766,28.238506359600944,27.81758847590696,27.849966638923608,129510400
2017-01-26,28.201499938964844,28.317136724983918,28.122866006943664,28.13905508640724,105350400
2017-01-27,28.203807830810547,28.29631760080019,28.12286244374852,28.247750368562976,82251600
2017-01-30,28.129806518554688,28.129806518554688,27.905472615209295,27.967915709031725,121510000
2017-01-31,28.065046310424805,28.07429746461393,27.896217598785675,28.018792303956417,196804000
2017-02-01,29.776472091674805,30.17888937327916,29.374056574547758,29.378681269570627,447940000
2017-02-02,29.72559356689453,29.92448899094638,29.552138378324482,29.59839415396295,134841600
2017-02-03,29.852794647216797,29.87823488261586,29.64002337340409,29.674712999423345,98029200
2017-02-06,30.132625579833984,30.18119457211503,29.811155525932833,29.86435097675347,107383600
2017-02-07,30.419408798217773,30.548921417536285,30.1696329485517,30.19044672045199,152735200
2017-02-08,30.537363052368164,30.57899413332686,30.3477205449816,30.37778724073205,92016400
2017-02-09,30.75802230834961,30.76499031269635,30.456062457724368,30.57916859352278,113399600
2017-02-10,30.688337326049805,30.878805554217205,30.672079831397703,30.767313945481405,80262000
2017-02-13,30.96010398864746,31.08321367850511,30.834676356162298,30.911327954335647,92141600
2017-02-14,31.36195182800293,31.378209328483514,30.95082172156135,31.001922798938523,132904800
2017-02-15,31.47576141357422,31.652293677056765,31.269035639960617,31.478086444991753,142492400
2017-02-16,31.4385929107666,31.56634201715239,31.320129750966395,31.512919470249912,90338400
2017-02-17,31.524532318115234,31.550082846886603,31.38052218008799,31.38052218008799,88792800
2017-02-21,31.752166748046875,31.763781270890842,31.584927543007105,31.642996612972173,98028800
2017-02-22,31.847400665283203,31.849722152134923,31.615124386940902,31.689450952997976,83347600
2017-02-23,31.712682723999023,31.933344498537473,31.659260167780356,31.910118995260028,83152800
2017-02-24,31.742877960205078,31.742877960205078,31.422335552728544,31.568670746446934,87106400
2017-02-27,31.805601119995117,31.92406433507159,31.65462289967955,31.854380716365917,81029600
2017-02-28,31.81953239440918,31.924056023125235,31.752170280971953,31.84043641130136,93931600
2017-03-01,32.46989440917969,32.553513998326025,31.961212414814852,32.028570965729365,145658400
2017-03-02,32.2771110534668,32.58371387749586,32.23065296548117,32.51867680742138,104844000
2017-03-03,32.46757507324219,32.47918959499792,32.191165759026184,32.2352988151453,84432400
2017-03-06,32.36537551879883,32.465256160712165,32.1934933425017,32.37234352355386,87000000
2017-03-07,32.40718460083008,32.51402969503184,32.23762038014406,32.30033596237388,69785200
2017-03-08,32.28640365600586,32.472225393092835,32.24459562589508,32.27478913289014,74828800
2017-03-09,32.21207046508789,32.23762099579877,31.833462566332393,32.22601001804751,88623600
2017-03-10,32.31892395019531,32.37002501927713,32.20278580123755,32.34447448473622,78451200
2017-03-13,32.33285140991211,32.38627395191259,32.24458885014045,32.25155685369469,69686800
2017-03-14,32.28408432006836,32.437383984943246,32.24924074839969,32.3560894062265,61236400
2017-03-15,32.62551498413086,32.692873519299496,32.29335819168679,32.38162427744527,102767200
2017-03-16,32.678951263427734,32.7556028631629,32.57907061737712,32.6859192684714,76928000
2017-03-17,32.516361236572266,32.75095902886133,32.493132188353286,32.75095902886133,175540000
2017-03-20,32.85779571533203,32.867085204681445,32.572093412220084,32.611579944399345,86168000
2017-03-21,32.48152160644531,33.16906111266346,32.45597106800549,33.00878987556414,158119600
2017-03-22,32.8485107421875,32.89032231515434,32.46293127087589,32.48383882948667,103440800
2017-03-23,32.732383728027344,32.885686973917025,32.6603786246035,32.81135683860472,81385200
2017-03-24,32.667335510253906,32.92284083308397,32.5999769492831,32.867093250578854,89582400
2017-03-27,32.723079681396484,32.8020527568548,32.19813308089915,32.376986788234795,94300400
2017-03-28,33.401336669921875,33.45708072030946,32.66269610398687,32.7300582238792,133499200
2017-03-29,33.47566223144531,33.56160688026556,33.25964695426703,33.373460083176084,116760000
2017-03-30,33.4315185546875,33.563917716819425,33.331641469644204,33.49191264727578,84829200
2017-03-31,33.36880874633789,33.510497408339084,33.21782704904723,33.3827447550176,78646800
2017-04-03,33.37809753417969,33.47565313713689,33.227119384324254,33.380422565080316,79942800
2017-04-04,33.62665557861328,33.654527612582314,33.25501191916197,33.2735944565602,79565600
2017-04-05,33.45242691040039,33.78690528141063,33.40364733785542,33.49888145209529,110871600
2017-04-06,33.36880874633789,33.56856647400753,33.32002917170442,33.515140381729324,84596000
2017-04-07,33.29448699951172,33.48959825851866,33.2782295000555,33.38507462292604,66688800
2017-04-10,33.2549934387207,33.41991115132163,33.19227785288602,33.354874078698494,75733600
2017-04-11,32.89728927612305,33.29680474432891,32.53261383073849,33.201570622944516,121517600
2017-04-12,32.93677520751953,33.018069774017114,32.75327497270914,32.890320663198835,81400000
2017-04-13,32.762569427490234,33.071497299775565,32.762569427490234,32.96232716655238,71291600
2017-04-17,32.94374084472656,32.95535536603579,32.720754086053944,32.862442739816245,66328400
2017-04-18,32.797420501708984,32.992531788600814,32.77651648045398,32.84620009555989,58790000
2017-04-19,32.67662811279297,32.98323452937892,32.62320555629877,32.95536250760022,69313600
2017-04-20,33.0854377746582,33.196929409756486,32.78812438489267,32.80206039624806,93278400
2017-04-21,33.045955657958984,33.141186263072726,32.94840002113753,33.08544221017798,69283600
2017-04-24,33.36417770385742,33.4361828116034,33.257329013996326,33.33165915377033,68537200
2017-04-25,33.57088851928711,33.656829603744946,33.41758533275053,33.42687836819462,75486000
2017-04-26,33.373443603515625,33.58714083214964,33.30376357706283,33.55694379118434,80164800
2017-04-27,33.39900588989258,33.48495052654035,33.28751426405114,33.42920294149219,56985200
2017-04-28,33.36648178100586,33.517463469543536,33.2782192163998,33.468683897738,83441600
2017-05-01,34.047054290771484,34.191064436433955,33.67076788732854,33.703286421647626,134411600
2017-05-02,34.263057708740234,34.397778317164374,34.10743309493646,34.27002571053345,181408800
2017-05-03,34.158546447753906,34.25842708320727,33.51049723766659,33.817100059822096,182788000
2017-05-04,34.03544616699219,34.17713485264299,33.86820694641238,34.033124679909584,93487600
2017-05-05,34.59987258911133,34.60451556235956,34.08886199145482,34.08886199145482,109310800
2017-05-08,35.54059600830078,35.70086722518305,34.616137310533105,34.616137310533105,195009600
2017-05-09,35.76823043823242,35.97495621343375,35.64279924539934,35.740354870794384,156521600
2017-05-10,35.59864807128906,35.756597725576526,35.33153186698011,35.68459267281081,103222800
2017-05-11,35.90652847290039,35.934519093669905,35.5240232052988,35.55667596379344,109020400
2017-05-12,36.407989501953125,36.482622860718955,36.07446155939161,36.081458325560774,130108000
2017-05-15,36.31468963623047,36.53626217962782,36.1630883062438,36.38699191849746,104038800
2017-05-16,36.26105880737305,36.398666652850686,36.08613249430945,36.370679581603696,80194000
2017-05-17,35.04356002807617,36.05113697308774,34.91761468939162,35.824898730125895,203070800
2017-05-18,35.577674865722656,35.764263627488475,35.24881613236955,35.28146889876222,134272800
2017-05-19,35.69894027709961,35.91351600042436,35.59865095855033,35.77357716810796,107843200
2017-05-22,35.91586685180664,36.05347467802153,35.663972569189774,35.9181979211226,91865600
2017-05-23,35.871543884277344,36.128100250180886,35.757257452529636,36.128100250180886,79675600
2017-05-24,35.764259338378906,35.95784484409236,35.60799229232004,35.880876855636345,76712000
2017-05-25,35.88788604736328,35.999841465089176,35.691969404671106,35.855233273581256,76942400
2017-05-26,35.827239990234375,35.974179226233716,35.75726875600208,35.91820152707091,87710400
2017-05-30,35.84122848510742,36.0184858358688,35.76192942494188,35.78291972459435,80507600
2017-05-31,35.62899398803711,35.95785634602939,35.54036706661338,35.91121003598237,97804800
2017-06-01,35.72693634033203,35.76192372639533,35.50303272861537,35.72460527148131,65616400
2017-06-02,36.25638961791992,36.25638961791992,35.659308429579966,35.82024119152315,111082800
2017-06-05,35.90187454223633,36.02315778162842,35.79225732763157,35.99750178019711,101326800
2017-06-06,36.02315902709961,36.340358892633205,35.866891943482436,35.89487901550789,106499600
2017-06-07,36.23772048950195,36.37999398059445,36.03014148369983,36.15609037555672,84278400
2017-06-08,36.14910125732422,36.277377686214315,36.01148987468374,36.20974108841562,85003200
2017-06-09,34.74735641479492,36.19574762712683,34.0569826664801,36.19574762712683,259530800
2017-06-12,33.917030334472656,34.07329734386815,33.238315689142205,33.991667236270516,289229200
2017-06-13,34.189910888671875,34.39049309050472,33.85405198710218,34.32285652007777,136661600
2017-06-14,33.85639572143555,34.40216480385266,33.548523792553745,34.40216480385266,126124800
2017-06-15,33.65349197387695,33.697807213563756,33.16836608384588,33.42725719459247,128661600
2017-06-16,33.18235397338867,33.702467176229625,33.16602581043657,33.53453764330511,201444400
2017-06-19,34.1316032409668,34.224899360429745,33.50653525553882,33.50653525553882,130165600
2017-06-20,33.821414947509766,34.25523230374969,33.80509034384378,34.25523230374969,99600400
2017-06-21,34.02198791503906,34.06863776160285,33.72811309965877,33.94035780131968,85063200
2017-06-22,33.96603012084961,34.21558983728785,33.847077937368695,33.998682893810276,76425200
2017-06-23,34.117610931396484,34.322858842663045,33.84472644512609,33.84939214098665,141757600
2017-06-26,34.01033020019531,34.584086320580376,33.90770622838432,34.32519532219675,102769600
2017-06-27,33.52286911010742,34.08963207085741,33.497213115030114,33.82140965707026,99047600
2017-06-28,34.01266860961914,34.07797414052324,33.38993143778645,33.70013448902317,88329600
2017-06-29,33.51119613647461,33.84938966338935,33.184668627798985,33.751431410786665,125997600
2017-06-30,33.59050369262695,33.80974514896936,33.53452601476821,33.69079302837997,92096400
2017-07-03,33.46922302246094,33.8890467407912,33.37593044455809,33.79108846632809,57111200
2017-07-05,33.60683059692383,33.77009438660964,33.28729978290419,33.513538019641565,86278400
2017-07-06,33.28962707519531,33.469219002917804,33.21499373361299,33.35726721110268,96515200
2017-07-07,33.62782669067383,33.76077237304979,33.32928612123947,33.32928612123947,76806800
2017-07-10,33.83307647705078,34.04065553345013,33.438908665050064,33.611503886786124,84362400
2017-07-11,33.94269561767578,34.01733253990827,33.674476741031995,33.756106870978904,79127200
2017-07-12,33.991668701171875,34.094289107241416,33.777092937580726,34.021986829810906,99538000
2017-07-13,34.46514129638672,34.63307080229206,33.92170325073251,33.935696783077276,100797600
2017-07-14,34.76134490966797,34.828985056681574,34.36251502882896,34.51178529538644,80528400
2017-07-17,34.882633209228516,35.195167319414196,34.65173278939606,34.71004155139567,95174000
2017-07-18,35.0039176940918,35.015580158689545,34.67505541041189,34.79866970560201,71475200
2017-07-19,35.22315216064453,35.316444740969054,34.97358899200652,35.09720326243423,83692000
2017-07-20,35.06455612182617,35.391087323049724,35.02957228831997,35.335109630555415,68974800
2017-07-21,35.04823303222656,35.08788256487344,34.72403644516372,34.98292750093941,105010400
2017-07-24,35.472713470458984,35.55434715131817,34.96192820532544,35.120529870138824,85972800
2017-07-25,35.62431335449219,35.880869706006564,35.40507189631283,35.40507189631283,75415600
2017-07-26,35.7922477722168,35.90186495755719,35.698951628789686,35.76659177763484,63124000
2017-07-27,35.11586380004883,35.915861763761484,34.3555189212811,35.859884078148596,129905200
2017-07-28,34.86862564086914,35.03888616088916,34.79632337451336,34.959587130620434,68854800
2017-07-31,34.689056396484375,35.06223399047321,34.54911746790253,34.96194104404853,79383600
2017-08-01,34.99691390991211,35.03656343448672,34.61440863643979,34.77534136252041,141474400
2017-08-02,36.65054702758789,37.25929050781743,36.42197772862828,37.14966977529032,279747200
2017-08-03,36.28437423706055,36.66687953243242,36.15609426263131,36.62956107461955,108389200
2017-08-04,36.47562026977539,36.71118633058289,36.31235648709279,36.40098692292772,82239600
2017-08-07,37.040061950683594,37.06571795146863,36.54093902904412,36.63190056657564,87481200
2017-08-08,37.336265563964844,37.74442688324003,36.91411071173599,36.99107870186542,144823600
2017-08-09,37.56483840942383,37.6138193382137,37.110030751594714,37.145014587241334,104526000
2017-08-10,36.368324279785156,37.46414892074429,36.2067595659069,37.440732398524965,163217200
2017-08-11,36.87408447265625,37.12931168108011,36.54393440344078,36.66803410047157,105028400
2017-08-14,37.42902374267578,37.51331821172636,37.17145631700479,37.30492404835957,88490800
2017-08-15,37.83879470825195,37.979283133641594,37.49693275136996,37.61869224499559,117862000
2017-08-16,37.686588287353516,38.05186313565876,37.499266844595624,37.918398974713085,110686400
2017-08-17,36.96306228637695,37.63039379982872,36.95837826784086,37.58590455588403,111762400
2017-08-18,36.87876892089844,37.347070748465406,36.696131493976075,36.96306339277487,109712400
2017-08-21,36.81087875366211,36.970099712078074,36.31916024493409,36.87878096878408,105474000
2017-08-22,37.41263961791992,37.46415311428086,37.000535219892456,37.049704920053316,86418400
2017-08-23,37.459468841552734,37.57420409591935,37.20190493434896,37.24639418752908,77596400
2017-08-24,37.2932243347168,37.63742653114675,37.124635357981305,37.56483673247055,79275600
2017-08-25,37.43136978149414,37.59527472654313,37.29322158301427,37.38219651154952,101920400
2017-08-28,37.808353424072266,37.93245313925462,37.44775896750251,37.496932238074706,103864000
2017-08-29,38.145530700683594,38.19470039754996,37.46415060408543,37.48756712735692,118067600
2017-08-30,38.248558044433594,38.37499798184729,38.07528506003867,38.35392525442165,109078400
2017-08-31,38.40074157714844,38.52250102645201,38.27898212784487,38.316447123454985,107140400
2017-09-01,38.412452697753906,38.620846838686134,38.31410975659184,38.588065858298776,66364400
2017-09-05,37.95118713378906,38.45929427630665,37.5952766825512,38.34221879905762,117874000
2017-09-06,37.911373138427734,38.16425653958401,37.58590352981033,38.09869457330563,86606800
2017-09-07,37.75917434692383,37.98864481049311,37.548439957700715,37.95352003038304,87714000
2017-09-08,37.14335632324219,37.73341398562843,37.119939805414276,37.665511800501875,114446000
2017-09-11,37.815372467041016,37.944156183822635,37.43838935402177,37.5812215539324,126323200
2017-09-12,37.665523529052734,38.39139293343629,37.17614888065187,38.07528770862343,286856000
2017-09-13,37.382198333740234,37.45478813059873,36.974777960881646,37.43371182938948,179629600
2017-09-14,37.0614128112793,37.32366073713746,37.016923558244066,37.22766156111725,95042800
2017-09-15,37.43605041503906,37.691274061594434,36.995845539982454,37.10589675874661,196458400
2017-09-18,37.15272521972656,37.58122182252087,36.99584453556571,37.489903108670234,113077600
2017-09-19,37.166770935058594,37.41028986909778,37.09886874688678,37.34940834915841,83242400
2017-09-20,36.5439338684082,37.05672135491078,36.019434549093084,36.97242688525048,211805600
2017-09-21,35.91642379760742,36.48072859731099,35.766567291966325,36.48072859731099,150046800
2017-09-22,35.565181732177734,35.65416022168099,35.253760591775695,35.48322748417638,186581600
2017-09-25,35.25142288208008,35.551135783726636,34.92595323547048,35.12029893421716,177549200
2017-09-26,35.857872009277344,36.04050944239013,35.51835388735533,35.539426612823846,146640000
2017-09-27,36.11309814453125,36.227833390308305,35.95153342575573,36.01241495622753,102016800
2017-09-28,35.890655517578125,36.124806455752754,35.75484754469367,36.033487732779044,88022000
2017-09-29,36.08733367919922,36.08967747470665,35.590934940449934,35.874259086704896,105199200
2017-10-02,36.014747619628906,36.164604045483955,35.759524008429665,36.1201148049731,74795200
2017-10-03,36.171634674072266,36.31446688431853,36.0381705018295,36.061583451118935,64921200
2017-10-04,35.9374885559082,36.02646706455702,35.69865714773526,35.9726133438349,80655200
2017-10-05,36.384708404541016,36.39641666417607,36.070947054333104,36.10138424195319,85135200
2017-10-06,36.363643646240234,36.40813289888313,36.190370655120525,36.28637340315415,69630400
2017-10-09,36.490081787109375,36.69847598168016,36.40813110147716,36.48305754470832,65051600
2017-10-10,36.504127502441406,36.995845870368605,36.3168096221449,36.54159250764453,62468000
2017-10-11,36.65633010864258,36.757013297147694,36.46900864341424,36.52052213567353,67622400
2017-10-12,36.52754592895508,36.84833156719553,36.464324175985006,36.60950018550368,64500400
2017-10-13,36.759361267089844,36.8272634748546,36.62355327870016,36.698479729583326,65576800
2017-10-16,37.43605041503906,37.46414738226071,36.913891288439956,36.97242901872474,96486000
2017-10-17,37.5742073059082,37.66786626691819,37.283858810200705,37.41264256123469,75989200
2017-10-18,37.4079475402832,37.63039375976985,37.370486110612184,37.56248799607626,65496800
2017-10-19,36.52285385131836,36.78042125261792,36.29807100369232,36.70315103222805,170336800
2017-10-20,36.58607864379883,36.9373049987793,36.518176453894,36.67037311190851,95896400
2017-10-23,36.56734848022461,36.923258876422345,36.410467793715085,36.73593742722041,87937200
2017-10-24,36.785118103027344,36.86004455408749,36.57438009039656,36.59545281980158,71028800
2017-10-25,36.6235466003418,36.89047850874674,36.356614691936855,36.740622061446764,84828400
2017-10-26,36.857696533203125,36.956039489148395,36.710180312855506,36.81554751044976,68002000
2017-10-27,38.178321838378906,38.30710560488662,37.15976354392605,37.2979117785158,177816800
2017-10-30,39.03764343261719,39.35374861804802,38.335190640868355,38.3749958703243,178803200
2017-10-31,39.58087158203125,39.72370379205398,39.089156773406835,39.31393966510382,144187200
2017-11-01,39.07744216918945,39.79160310337848,38.777729313670626,39.77521082598868,134551200
2017-11-02,39.36311340332031,39.45443212407589,38.70046583563867,39.00954678149428,165573600
2017-11-03,40.39103317260742,40.80313750019709,40.06790376391154,40.7422595480214,237594400
2017-11-06,40.80080795288086,40.9740809629851,40.20840626384146,40.360602970533016,140105200
2017-11-07,40.931922912597656,41.03494989197255,40.64860229217628,40.72118850777416,97446000
2017-11-08,41.266761779785156,41.266761779785156,40.81953263960085,40.896802876349426,97638000
2017-11-09,41.18246841430664,41.23398190686511,40.540893553352774,41.00217119035197,117930400
2017-11-10,41.046165466308594,41.213011824384324,40.9521698412286,41.14956280531854,100582000
2017-11-13,40.88167953491211,41.00622537670711,40.74773197730015,40.771232681138585,67928400
2017-11-14,40.26364517211914,40.76652936690712,40.22604548252473,40.66313201337438,99130000
2017-11-15,39.732566833496094,40.02395907738945,39.568072657791824,39.941710196685264,116632400
2017-11-16,40.207252502441406,40.38819430017624,40.019257624841636,40.22604876306774,94550000
2017-11-17,39.9840087890625,40.275401044811396,39.86416379596713,40.193152160760846,87598000
2017-11-20,39.944053649902344,40.080349830858985,39.845357157286216,40.01690080499732,65049600
2017-11-21,40.68662643432617,40.81822174188629,40.13204364839198,40.13204364839198,100525200
2017-11-22,41.11431884765625,41.123716976684214,40.665481990370445,40.73832914387371,102355600
2017-11-24,41.116676330566406,41.24122218478091,41.04147693934782,41.147226531462,56106800
2017-11-27,40.909881591796875,41.14252567446985,40.73363705253974,41.13547617975591,82867200
2017-11-28,40.67017364501953,41.09315748393401,40.38583100283989,40.95921355779849,105715200
2017-11-29,39.82656478881836,40.634940311358555,39.281383548361404,40.566794000940554,166665600
2017-11-30,40.383487701416016,40.45163399113441,39.582161916954725,40.049794988247214,166108800
2017-12-01,40.19550323486328,40.34119756572493,39.596271115090516,39.93700982297569,159037200
2017-12-04,39.90175247192383,40.56442987678386,39.861804151923685,40.531531049389436,130169600
2017-12-05,39.86417007446289,40.30595759308411,39.572777772820515,39.72787384880943,109400800
2017-12-06,39.71611404418945,39.99575592462181,39.11688554121035,39.361276366011964,114240000
2017-12-07,39.78896713256836,40.05215781871733,39.69261926149448,39.72081723909496,102693200
2017-12-08,39.80070495605469,40.18374413234362,39.671461863957795,40.06389916876704,93420800
2017-12-11,40.576194763183594,40.627893451282574,39.66442181202468,39.760769693091376,141095200
2017-12-12,40.34823989868164,40.510385411386146,40.29184395388251,40.453985880883515,77636800
2017-12-13,40.48219299316406,40.78063113721467,40.4187439608563,40.53624030957972,95273600
2017-12-14,40.47044372558594,40.68428794656163,40.336496163314095,40.51274069112183,81906000
2017-12-15,40.88167953491211,40.92867735688502,40.52684185545707,40.801782878987765,160677200
2017-12-18,41.45741271972656,41.640706743362294,41.09082467245511,41.09552553056745,117684400
2017-12-19,41.0156135559082,41.2153587329623,40.909867585698485,41.13076123965391,109745600
2017-12-20,40.97097396850586,41.22241426402957,40.712480593945386,41.09316757674933,93902400
2017-12-21,41.126068115234375,41.36341301965081,40.91222749907709,40.92867512230283,83799600
2017-12-22,41.126068115234375,41.22241597572612,41.006223137891034,41.048520099646176,65397600
2017-12-26,40.08271026611328,40.294202281385836,39.87356330150005,40.13675758811327,132742000
2017-12-27,40.08974838256836,40.13204533933633,39.88060506301891,39.97225205505286,85992800
2017-12-28,40.20254898071289,40.383494352162785,40.06155193542916,40.18374913562814,65920800
2017-12-29,39.76780700683594,40.08739716914213,39.76545837107978,40.07094954744213,103999600
2018-01-02,40.47983932495117,40.48924104050735,39.774861257800275,39.986356829367864,102223600
2018-01-03,40.47278594970703,41.01797065715718,40.4093405114548,40.543284466801936,118071600
2018-01-04,40.66078567504883,40.764183034424285,40.4375433322358,40.545637963798164,89738400
2018-01-05,41.123714447021484,41.21066058157012,40.66547948889534,40.75712648052057,94640000
2018-01-08,40.97097396850586,41.26706344560852,40.87227389043468,40.97097396850586,82271200
2018-01-09,40.96627426147461,41.137817913571006,40.750081426545414,41.01797293783852,86336000
2018-01-10,40.95686721801758,40.95921943935775,40.65372827850578,40.691327962915956,95839600
2018-01-11,41.18952178955078,41.238871836202,41.00387912695732,41.02737624645928,74670800
2018-01-12,41.614845275878906,41.67829429194218,41.27645530447889,41.401001115382634,101672400
2018-01-16,41.403358459472656,42.15533427468017,41.39160810901401,41.80519391095226,118263600
2018-01-17,42.08717727661133,42.12242473332051,41.140157358863455,41.39394621857478,137547200
2018-01-18,42.124778747558594,42.32217528744394,41.887437475437274,42.150628081013636,124773600
2018-01-19,41.93679428100586,42.19998492909617,41.69005125556937,41.97204174790951,129700400
2018-01-22,41.59370422363281,41.77699822657557,41.499708586222475,41.66420274454242,108434400
2018-01-23,41.60310745239258,42.16709210309346,41.55141235547322,41.66420785133173,130756400
2018-01-24,40.940425872802734,41.66420377297994,40.70073233007495,41.65245342158767,204420400
2018-01-25,40.209598541259766,41.11196959260525,40.07330235344657,41.008572237319115,166116000
2018-01-26,40.30358123779297,40.41872890751035,39.96284267053879,40.41872890751035,156572000
2018-01-29,39.4693717956543,39.98635497038947,39.26022845555082,39.98635497038947,202561600
2018-01-30,39.236732482910156,39.33072813120874,38.70329803527017,38.89834241190866,184192800
2018-01-31,39.34481430053711,39.582159151571034,39.12627287588132,39.213219001513885,129915600
2018-02-01,39.42707061767578,39.624463603571364,39.18737708582906,39.28372494288654,188923200
2018-02-02,37.71632385253906,39.19677840314394,37.62232821802913,39.00878354842047,346375200
2018-02-05,36.77400588989258,38.51060165666252,36.658858185507825,37.387336929885954,290954000
2018-02-06,38.31085968017578,38.47300521725255,36.18887588126691,36.38392025298939,272975200
2018-02-07,37.490726470947266,38.39779825952906,37.38028322232744,38.32495111044428,206434400
2018-02-08,36.4590950012207,37.83380293983719,36.43089704086409,37.66695664108929,217562000
2018-02-09,36.90506362915039,37.25426978743227,35.449247698677205,37.06079201336703,282690400
2018-02-12,38.39154052734375,38.66996062915033,37.164593989630234,37.39818648206949,243278000
2018-02-13,38.77614974975586,38.872890432207946,38.14144158485657,38.21222753787818,130196800
2018-02-14,39.49107360839844,39.53118480155711,38.43165710592114,38.469406487508856,162579600
2018-02-15,40.81711959838867,40.84071251207356,39.87567485452374,40.062074354021306,204588800
2018-02-16,40.68499755859375,41.248923466307026,40.52927275595877,40.66848287360805,160704400
2018-02-20,40.54813766479492,41.116776233766096,40.446676970534554,40.59532709454087,135722000
2018-02-21,40.364105224609375,41.083752286854725,40.34994515228838,40.77937733793794,149886400
2018-02-22,40.701507568359375,41.0436354626375,40.515108045376834,40.536342750465415,123967600
2018-02-23,41.409358978271484,41.444750152653654,40.94689389784784,40.977568649194346,135249600
2018-02-26,42.22810745239258,42.327206338725816,41.576884656350046,41.609917618461125,152648800
2018-02-27,42.09126663208008,42.584402981758934,42.03699895157552,42.258793298407795,155712400
2018-02-28,42.02754211425781,42.61741892857346,42.0110274356246,42.296525797572855,151128400
2018-03-01,41.291385650634766,42.41923006780911,40.73926170086954,42.126649810511154,195208000
2018-03-02,41.57688903808594,41.59812374446892,40.689711790193535,40.772296004336106,153816000
2018-03-05,41.72080612182617,41.93788034221472,41.17811877069374,41.34092533606568,113605600
2018-03-06,41.685420989990234,42.058223628667385,41.55800916173692,41.97800123308853,95154000
2018-03-07,41.298458099365234,41.491939436030975,41.11913683149567,41.27722339665488,126814000
2018-03-08,41.7491340637207,41.79160347848274,41.30790723107263,41.40464432036062,95096400
2018-03-09,42.4664192199707,42.47113924353267,41.85530758048852,41.989801249581454,128740800
2018-03-12,42.87697982788086,43.03506643244617,42.52069541463577,42.53956831042322,128828400
2018-03-13,42.46406173706055,43.29696769404827,42.29181867748533,43.082251622332656,126774000
2018-03-14,42.10305404663086,42.59383205779314,41.954403916235314,42.546642626018915,117473600
2018-03-15,42.152618408203125,42.52778300036254,42.01577008187875,42.117227220416524,90975200
2018-03-16,42.00395965576172,42.263503358462046,41.90957718178804,42.152606201744995,157618800
2018-03-19,41.36217498779297,41.874187779718625,40.97521582890189,41.838796600679935,133787200
2018-03-20,41.3480110168457,41.71609361338216,41.27722507128344,41.3480110168457,78597600
2018-03-21,40.411285400390625,41.31261538072816,40.408923588716824,41.30081712332717,148219600
2018-03-22,39.84029769897461,40.74398617813636,39.7813099935277,40.111639703900885,165963200
2018-03-23,38.917720794677734,40.09275462767348,38.917720794677734,39.731750235606576,164115200
2018-03-26,40.76521682739258,40.84308101598845,39.27164797412221,39.656248893462184,150164800
2018-03-27,39.71995162963867,41.32677579210551,39.38490196935786,40.97992787329814,163690400
2018-03-28,39.28107833862305,40.11634597762545,38.976703466990955,39.462761417214146,166674000
2018-03-29,39.587825775146484,40.52455075902881,39.38018791464152,39.59490401127065,153594000
2018-04-02,39.328269958496094,39.86152096687733,38.806820808205174,39.318833512475734,150347200
2018-04-03,39.73174285888672,39.816685264797854,38.90355710149498,39.5547798132654,121112000
2018-04-04,40.49150848388672,40.585887344066165,38.87760621268804,38.9035609392858,138422000
2018-04-05,40.77229690551758,41.109704804360064,40.60241205005233,40.72038744410746,107732800
2018-04-06,39.72938919067383,40.69678512382936,39.6869161827004,40.340500780687684,140021200
2018-04-09,40.12343215942383,40.840720969728224,40.076242721959105,40.08332095756265,116070800
2018-04-10,40.87846755981445,41.05543062284395,40.47263198057431,40.819479872137954,113634400
2018-04-11,40.68736267089844,41.03656889952989,40.5127577564207,40.63781141127501,89726400
2018-04-12,41.08846664428711,41.29138444902093,40.82891935904978,40.91622359153307,91557200
2018-04-13,41.2276725769043,41.489578047302736,41.020038369971196,41.2394708341934,100497200
2018-04-16,41.484867095947266,41.57216773081966,41.25127453197681,41.29846396703424,86313600
2018-04-17,42.05587387084961,42.22103871857165,41.62408345445394,41.6429599513827,106421600
2018-04-18,41.961483001708984,42.192717342639604,41.734972284471276,41.95440476681549,83018000
2018-04-19,40.77229690551758,41.38340858264556,40.73926393919508,40.998807645922376,139235200
2018-04-20,39.10176467895508,40.39949400643583,39.03333693459778,40.25320567071418,261964400
2018-04-23,38.98850631713867,39.38490188041015,38.717160772932665,39.3636671753041,146062000
2018-04-24,38.44581985473633,39.245692837977245,38.03998423370853,39.08996446239895,134768000
2018-04-25,38.61334228515625,39.03097615846978,38.32076563293554,38.37031327873025,113528400
2018-04-26,38.74782943725586,39.10411374590983,38.54726987523646,38.7242329239633,111852000
2018-04-27,38.299537658691406,38.773797496263754,37.90078020904052,38.69593329600734,142623200
2018-04-30,38.99323272705078,39.46513438532462,38.186281323441385,38.254709080072494,169709600
2018-05-01,39.89927291870117,39.922865833302694,38.99558112200881,39.264564830660426,214277600
2018-05-02,41.66183090209961,41.94025109400596,41.008246234203796,41.34565412103842,266157600
2018-05-03,41.737335205078125,41.881265331356566,41.15925648817477,41.49902620268934,136272800
2018-05-04,43.37483596801758,43.473934871914736,42.0393535768027,42.05823007282932,224805200
2018-05-07,43.68864440917969,44.28087953182669,43.5919037316787,43.69336083223612,169805600
2018-05-08,43.89864730834961,43.93875851253765,43.33708324906996,43.648540034986794,113611200
2018-05-09,44.207740783691406,44.21717723128261,43.7028062299625,44.01662121713993,92844800
2018-05-10,44.840084075927734,44.91794826437476,44.27616186292336,44.29740016909847,111957200
2018-05-11,44.669551849365234,45.01773731530681,44.399530836411245,44.882728615933274,104848800
2018-05-14,44.56532287597656,44.892191678357705,44.496634888479285,44.76902314765949,83115200
2018-05-15,44.160301208496094,44.3095245780708,43.842908797400575,44.240832963990755,94780800
2018-05-16,44.57242965698242,44.638753955533424,44.05607524112585,44.07265721931516,76732400
2018-05-17,44.29056167602539,44.74533356126734,44.141338352325214,44.5297895635239,69176000
2018-05-18,44.12948989868164,44.484780735005145,44.08685673314136,44.33792834587045,73190800
2018-05-21,44.44215393066406,44.83060515607693,44.27161401568224,44.52979119295541,73603200
2018-05-22,44.33083724975586,44.73823783050188,44.24082905204025,44.61980751317354,60962800
2018-05-23,44.61507797241211,44.64823832315014,43.99923875675476,44.13898930520026,80233600
2018-05-24,44.56532287597656,44.728757277167134,44.105816322837065,44.71217891364964,92936000
2018-05-25,44.667179107666016,44.92061810844165,44.44689683710894,44.5842764395002,69844000
2018-05-29,44.50611877441406,44.70745179107656,44.262152571657595,44.435063464257446,90056400
2018-05-30,44.41136169433594,44.529791992187505,44.24082177629322,44.4634713145271,74762000
2018-05-31,44.262149810791016,44.58428044883378,44.089242543183346,44.34505248641202,109931200
2018-06-01,45.06037902832031,45.065113639897525,44.470594608299336,44.52744247509169,93770000
2018-06-04,45.436973571777344,45.813581093512056,45.32328148514552,45.39196947530471,105064800
2018-06-05,45.787532806396484,45.936756176135674,45.56251590616901,45.730688562081966,86264000
2018-06-06,45.94621658325195,45.969904088113175,45.45828434243955,45.863317544649284,83734400
2018-06-07,45.82305145263672,45.998325976607795,45.55776513347636,45.9841149194432,85388800
2018-06-08,45.406185150146484,45.47724406684225,44.949045837835435,45.280649296806835,106627200
2018-06-11,45.294857025146484,45.470135191540656,45.05326178604334,45.323282758257605,73234000
2018-06-12,45.54356384277344,45.621728288146265,45.27591016142466,45.33275801647942,67644400
2018-06-13,45.169315338134766,45.685673321417624,45.10773288373838,45.576715856033054,86553600
2018-06-14,45.19300079345703,45.375384457711235,45.055621219076464,45.37064623398618,86440400
2018-06-15,44.72875213623047,45.04140984417357,44.59137256281962,45.010616811486706,246876800
2018-06-18,44.705074310302734,44.81876639488328,44.34030693488943,44.5013740344009,73939600
2018-06-19,43.98264694213867,44.13423758691221,43.45207787832828,43.852372884706874,134314000
2018-06-20,44.174503326416016,44.34030502892865,43.9921196465491,44.138975680951184,82514800
2018-06-21,43.92817306518555,44.61270012628192,43.805004528313106,44.3521519933222,102847600
2018-06-22,43.800262451171875,44.09159998206894,43.748152829163494,44.08449445308653,108801600
2018-06-25,43.14889907836914,43.800265788904376,42.80781920439769,43.440236631467144,126652400
2018-06-26,43.6842041015625,44.18161286848564,43.236537657014225,43.343127831502315,98276800
2018-06-27,43.6202507019043,44.359254646811564,43.58945766613114,43.87368967461808,101141200
2018-06-28,43.93763732910156,44.10580993015344,43.534975068333665,43.606033964752854,69460800
2018-06-29,43.84527587890625,44.337946473744566,43.32418316208717,44.12476971626851,90950800
2018-07-02,44.3355712890625,44.3639970225155,43.44497661534085,43.53972303650682,70925200
2018-07-03,43.56340408325195,44.517952077082704,43.47339589258004,44.48005351109388,55819200
2018-07-05,43.91395950317383,44.15319105336595,43.648676753232714,43.880799159431184,66416800
2018-07-06,44.52268981933594,44.63164367761645,43.866584907806946,43.91869453192585,69940800
2018-07-09,45.140892028808594,45.16457591947029,44.83771076037484,44.88508215590402,79026400
2018-07-10,45.0864143371582,45.30669294901175,45.0461448567278,45.171684293341514,63756400
2018-07-11,44.501380920410156,44.95141471824108,44.43742753172243,44.64823336964213,75326000
2018-07-12,45.24748229980469,45.33749048866911,44.84008175912143,44.892191382758085,72164400
2018-07-13,45.318538665771484,45.439336269681945,45.21668672920682,45.25932351624962,50055600
2018-07-16,45.219058990478516,45.63119413029191,45.10299599285655,45.36354410416871,60172400
2018-07-17,45.34696960449219,45.44645064134096,44.81403315509809,44.944307232235744,62138000
2018-07-18,45.0982551574707,45.42986215395854,44.98693039037477,45.42512393015286,65573600
2018-07-19,45.448814392089844,45.60751056495076,44.93008908489338,44.93008908489338,81147200
2018-07-20,45.344600677490234,45.579090393745275,45.04378665816805,45.42513242622012,82704800
2018-07-23,45.38486099243164,45.467763650455545,44.89929602587602,45.16457874882284,63957600
2018-07-24,45.7140998840332,45.870428761408824,45.4890830167717,45.58382581955351,74791600
2018-07-25,46.14519119262695,46.15229672262468,45.57909079862693,45.72831415699223,66839600
2018-07-26,46.000701904296875,46.41520798302393,45.85858408876513,46.09544470518059,76304000
2018-07-27,45.23563766479492,46.23282240945553,45.027202788516604,46.18545101094709,96096000
2018-07-30,44.982208251953125,45.52461756639701,44.78324616742228,45.45355864643405,84118000
2018-07-31,45.07220458984375,45.510398170862665,44.84718772967437,45.07457550907264,157492000
2018-08-01,47.727413177490234,47.788995635314734,46.734966637859024,47.16605468524884,271742800
2018-08-02,49.12252426147461,49.35701757841404,47.455027072524146,47.50950400361688,249616000
2018-08-03,49.264644622802734,49.44229009850477,48.67012211769446,49.03725682365329,133789600
2018-08-06,49.52044677734375,49.563079950008806,49.046725583078434,49.26700420359298,101701600
2018-08-07,49.05620574951172,49.62230251670926,48.97330308244085,49.579669337671504,102349600
2018-08-08,49.089359283447266,49.22200064099449,48.442730858301594,48.8051272866738,90102000
2018-08-09,49.47544860839844,49.68862172565476,49.07752087819196,49.62940656928286,93970400
2018-08-10,49.32808303833008,49.70126017954044,49.123668342768156,49.28767594613414,98444800
2018-08-13,49.64658737182617,50.14098577778715,49.36848894851348,49.75117213824433,103563600
2018-08-14,49.85574722290039,50.04827658419916,49.50158590119398,49.95320152058138,82992000
2018-08-15,49.972225189208984,50.091070851032455,49.518233890591716,49.729779023562216,115230400
2018-08-16,50.70431137084961,50.820777790123,50.26458100196743,50.33113427780409,114001600
2018-08-17,51.716896057128906,51.80484071590361,50.6663004879022,50.73285379079381,141708000
2018-08-20,51.212974548339844,52.09718294178284,51.129781133726645,51.840479502097914,121150800
2018-08-21,51.11314392089844,51.62418247565934,50.8730769742885,51.53148299856422,104639200
2018-08-22,51.11552429199219,51.426899372571164,50.8279161697023,50.88971824039449,76072400
2018-08-23,51.22011184692383,51.59090978369698,51.008566684181076,51.0204483505302,75532800
2018-08-24,51.379356384277344,51.5552456391289,51.1297797739569,51.48394114493594,73905600
2018-08-27,51.80243682861328,51.99259057316288,51.41975373245158,51.61465869112619,82100400
2018-08-28,52.22078323364258,52.42044307564237,52.03538429080252,52.05677563954212,91107200
2018-08-29,53.00040817260742,53.12163306393431,52.15185206772732,52.3277413188579,109019200
2018-08-30,53.487674713134766,54.25541662193186,52.86254541291289,53.06458447532969,195175200
2018-08-31,54.105674743652344,54.40040965059459,53.718236742825425,53.83945800678894,173360400
2018-09-04,54.27918243408203,54.47408740340677,53.867977523176904,54.291067723806016,109560400
2018-09-05,53.9250373840332,54.59057391372482,53.50432629051781,54.42894553072321,133332000
2018-09-06,53.0289306640625,54.03911869255451,52.60108559720725,53.7729019693549,137160000
2018-09-07,52.60109329223633,53.5684951421236,52.460856274687785,52.73182425218919,150479200
2018-09-10,51.8951530456543,52.73182761584035,51.45304698817395,52.51790322403117,158066000
2018-09-11,53.20719909667969,53.31415945658671,51.474427484036596,51.81907914457317,142996000
2018-09-12,52.54643249511719,53.48055783099499,52.25406950095238,53.466296929207914,197114800
2018-09-13,53.815696716308594,54.276818492409205,52.90296284868293,53.12876889444546,166825600
2018-09-14,53.2048225402832,53.9178964780611,52.891071893639364,53.658813817786715,127997200
2018-09-17,51.78818130493164,52.99327430298008,51.64318946769537,52.80312053870412,148780400
2018-09-18,51.873748779296875,52.7318144869627,51.60753206645211,51.7667847965825,126286800
2018-09-19,51.9046516418457,52.2017657875757,51.174941185911294,51.93555267360376,108495200
2018-09-20,52.299224853515625,52.834030364460716,52.09005531529931,52.349141630365246,106435200
2018-09-21,51.73588562011719,52.61534264340292,51.647937378971804,52.477481263792335,384986800
2018-09-24,52.47985076904297,52.59156594941259,51.49105790140484,51.53621982030499,110773600
2018-09-25,52.812644958496094,52.96239167901683,52.22079215409344,52.23267744771741,98217600
2018-09-26,52.391929626464844,53.183442297900825,52.23505245694441,52.52979105178137,95938800
2018-09-27,53.468666076660156,53.82282747807022,53.133520417629356,53.20007732939779,120724800
2018-09-28,53.65644073486328,53.68020769111182,53.24761136781808,53.4306310757707,91717600
2018-10-01,54.01772689819336,54.53114100863598,53.801430558145704,54.181734485713775,94403200
2018-10-02,54.497867584228516,54.6690056311374,53.86798701357902,54.01535447685207,99152800
2018-10-03,55.16102981567383,55.49379623368771,54.61671462785162,54.680892303783565,114619200
2018-10-04,54.19124984741211,55.22758423364693,53.891756438166105,54.85440708939024,128168000
2018-10-05,53.31178665161133,54.291077394583894,52.429953850982976,54.18411702177779,134322000
2018-10-08,53.18819046020508,53.43301224239674,52.33963066273698,52.817392562007285,118655600
2018-10-09,53.9250373840332,54.02011610363618,52.82690446751553,53.15729531101098,107564000
2018-10-10,51.4268913269043,53.801428789479736,51.35320760203633,53.58988367132784,167962400
2018-10-11,50.972900390625,52.173242224118844,50.466620369718235,50.989540523125804,212497600
2018-10-12,52.793617248535156,52.9766405735918,51.54098302362903,52.39191835251285,161351600
2018-10-15,51.66458511352539,52.72706559694503,51.643193765320575,52.56781284883967,123164000
2018-10-16,52.803123474121094,53.002786932495255,51.52196744838803,52.0377571598513,116736000
2018-10-17,52.5749397277832,52.9195913906878,52.135209367844666,52.83877721837003,91541600
2018-10-18,51.34608459472656,52.23029667505684,50.62825572803219,51.783435792535805,130325200
2018-10-19,52.128082275390625,52.59157961927058,51.6812214377619,51.83096812843146,132314800
2018-10-22,52.446590423583984,53.09073552260463,52.04014028103658,52.24217573506013,115168400
2018-10-23,52.94097900390625,53.06457948789302,51.03231827149109,51.30091058470816,155071200
2018-10-24,51.12503433227539,53.29753324226042,50.99430335741498,52.910098787342584,163702000
2018-10-25,52.24454116821289,52.62009380498401,51.51958207909398,51.74776729105044,119423200
2018-10-26,51.41263198852539,52.337251055718504,50.54981135734892,51.31755328671329,189033600
2018-10-29,50.447608947753906,52.21840862255408,48.98580509899584,52.099562958112706,183742000
2018-10-30,50.69956970214844,51.146427009315765,49.741673775813375,50.18853108298071,146640000
2018-10-31,52.0211181640625,52.399046461344625,51.488688345351605,51.55049040467568,153435600
2018-11-01,52.819759368896484,52.85303600480866,51.53384860457397,52.06627840604995,233292800
2018-11-02,49.31618881225586,50.782743665431,48.82892093271074,49.808211533222085,365314800
2018-11-05,47.91619110107422,48.581727505404224,47.103287242720874,48.56033615760373,264654800
2018-11-06,48.43436050415039,48.66016652910135,47.93996213136589,47.99463011854984,127531600
2018-11-07,49.90330123901367,49.929447434177476,48.51993938394583,48.957290624065514,133697600
2018-11-08,49.72917556762695,50.117961783036826,49.314148293520866,50.08456903497334,101450400
2018-11-09,48.77032470703125,49.13764496018798,48.24080849566863,49.02792748333226,137463200
2018-11-12,46.31355285644531,47.66835200246922,46.22291384737177,47.46560799992142,204542000
2018-11-13,45.850826263427734,47.03150282339623,45.66478043650113,45.70771604861924,187531600
2018-11-14,44.55565643310547,46.38749320762663,44.348141000707386,46.249150799206625,243204000
2018-11-15,45.65523147583008,45.78880243698334,44.57950118029473,44.93489820442701,185915200
2018-11-16,46.160892486572266,46.504362740783144,45.1901155148442,45.438175343143385,147713200
2018-11-19,44.33145523071289,45.485894487494335,44.12394339674172,45.318930733751046,167701200
2018-11-20,42.21337890625,43.28433781544714,41.86275329872245,42.54492242716306,271300800
2018-11-21,42.16568374633789,42.998122194770396,42.110825011314766,42.86931899484548,124496800
2018-11-23,41.0947151184082,42.122742025303964,41.04939925881074,41.72679693128678,94496000
2018-11-26,41.65047073364258,41.72918297731872,40.61052065405265,41.55983537024187,179994000
2018-11-27,41.55984115600586,41.68625681478704,40.75841159191088,40.90867713299738,165549600
2018-11-28,43.157928466796875,43.24140851342523,41.7244169820516,42.153754894617045,184250000
2018-11-29,42.826385498046875,43.601577647882316,42.385120818479805,43.56818490085548,167080000
2018-11-30,42.59503173828125,43.0124430092953,42.22532388461846,43.00290014210258,158126000
2018-12-03,44.08339309692383,44.112014413399635,43.222333310755275,43.997525507959715,163210000
2018-12-04,42.14421081542969,43.50377768234219,42.044032587292556,43.160307391851454,165377200
2018-12-06,41.67433166503906,41.688642322882814,40.64869205831039,40.96830888194268,172393600
2018-12-07,40.1883430480957,41.61946685619812,40.14302354518002,41.380946221514385,169126400
2018-12-10,40.45310974121094,40.56998254787343,38.95758402314632,39.35591313142909,248104000
2018-12-11,40.22174072265625,40.97546325461773,39.83295087580361,40.94445804319204,189126800
2018-12-12,40.33384323120117,41.00646956931405,40.31476114252287,40.64391716349884,142510800
2018-12-13,40.77510070800781,41.161506601003886,40.441173283972645,40.66538325705452,127594400
2018-12-14,39.47039794921875,40.32907378432896,39.42269454494295,40.30999169471135,162814800
2018-12-17,39.10307312011719,40.154949984161284,38.814461553058734,39.46323796538053,177151600
2018-12-18,39.61112976074219,39.95936790385113,39.210413139074184,39.446549914675145,135366000
2018-12-19,38.375587463378906,39.94028235444971,37.94624956289331,39.59442813777997,196189200
2018-12-20,37.40718460083008,38.66657302602491,37.04224838895745,38.25870121535443,259092000
2018-12-21,35.95221710205078,37.72442745105451,35.689846566783444,37.4143498734328,382978400
2018-12-24,35.02199172973633,36.1478096256321,34.96474545655059,35.33683713341607,148676800
2018-12-26,37.4882926940918,37.50260335174718,34.99575245860127,35.372615548184754,234330000
2018-12-27,37.24500274658203,37.392888043148005,35.79480021418018,37.171061918067416,212468400
2018-12-28,37.26408004760742,37.810294373033734,36.863367103475454,37.56700229150431,169165600
2018-12-31,37.624244689941406,38.0106469377099,37.323706373200665,37.81267438225659,140014000
2019-01-02,37.66719436645508,37.8890205445198,36.78705226422147,36.944476824198034,148158800
2019-01-03,33.91524887084961,34.757226401323194,33.869929368945684,34.342199196005986,365248800
2019-01-04,35.36308288574219,35.43225593708189,34.29928244503491,34.47340156263687,234428400
2019-01-07,35.28435516357422,35.49902591499335,34.80015857426377,35.46801706834108,219111200
2019-01-08,35.95698928833008,36.21220814004065,35.425089238657485,35.67314912223568,164101200
2019-01-09,36.567604064941406,36.85859957931004,35.68984972880673,36.08579128285842,180396400
2019-01-10,36.684478759765625,36.725026835800286,35.98322742702585,36.37440116943039,143122800
2019-01-11,36.32431411743164,36.66062916232733,36.138268271220596,36.46504408995487,108092800
2019-01-14,35.77810287475586,36.08102516483244,35.592057030970075,35.98084691352754,129756800
2019-01-15,36.51036071777344,36.58668543964346,35.79002727502903,35.842502113611935,114843600
2019-01-16,36.95639419555664,37.18060421377019,36.49366350086684,36.51274559172934,122278800
2019-01-17,37.17582321166992,37.60516104671784,36.555668156652295,36.779878117151526,119284800
2019-01-18,37.404808044433594,37.65763933734888,37.20444794328947,37.56700033062978,135004000
2019-01-22,36.565216064453125,37.38334014007424,36.403020131262494,37.30701542527696,121576000
2019-01-23,36.713104248046875,37.00409978164385,36.1835880239302,36.76796298779607,92522400
2019-01-24,36.4221076965332,36.846674222629616,36.19312987817438,36.758422734255575,101766000
2019-01-25,37.6290168762207,37.71727199264311,36.8085088877834,37.08519007898912,134142000
2019-01-28,37.2807731628418,37.28792849018852,36.6510788795798,37.15912531887596,104768400
2019-01-29,36.894371032714844,37.7172701564587,36.75841615979378,37.268850186364794,166348800
2019-01-30,39.41554260253906,39.630209759990834,38.21816776280465,38.93850123972467,244439200
2019-01-31,39.69938659667969,40.30999901721812,39.25096650804929,39.62067432753475,162958400
2019-02-01,39.71845626831055,40.30521497910826,39.577726330769984,39.823405927682096,130672400
2019-02-04,40.84666442871094,40.944458776160424,39.89973708480651,39.9307459363238,125982000
2019-02-05,41.5455322265625,41.760203032262986,41.10904256466571,41.23068680688681,144406400
2019-02-06,41.55984115600586,41.87707407091184,41.2282975838094,41.65763186066964,112958400
2019-02-07,40.77271270751953,41.4882745208785,40.6295988890335,41.12095075188096,126966800
2019-02-08,40.82064437866211,40.88053030598654,40.34395108130672,40.48049275007696,95280000
2019-02-11,40.585880279541016,41.01227135413607,40.54276417550842,40.97394349156521,83973600
2019-02-12,40.935604095458984,40.96195403665914,40.650546637515156,40.746366266945294,89134000
2019-02-13,40.76552963256836,41.316480664397695,40.70324961006937,41.05537900777508,89960800
2019-02-14,40.91405487060547,41.02424289927531,40.573903336868185,40.65295317751181,87342800
2019-02-15,40.823028564453125,41.129644145318814,40.66253475690202,41.02185023339894,98507200
2019-02-19,40.945194244384766,41.06736384489284,40.60025445951318,40.652954354801764,75891200
2019-02-20,41.20869445800781,41.517707818195674,40.95957066639744,41.00747866611334,104457600
2019-02-21,40.976341247558594,41.29014288301121,40.7942893669153,41.15360488631535,68998800
2019-02-22,41.433860778808594,41.44104679508973,41.052987295325664,41.10089528891515,75652800
2019-02-25,41.735679626464844,42.128530976934954,41.668607712126914,41.71891347545296,87493600
2019-02-26,41.759639739990234,41.99199734395085,41.481768263377155,41.6111238651416,68280800
2019-02-27,41.88898468017578,41.920126515233484,41.3763615649953,41.49134511514145,111341600
2019-02-28,41.47697448730469,41.898573578956274,41.42188048060764,41.757243726707344,112861600
2019-03-01,41.91295623779297,41.95607234392837,41.414704965510246,41.747670520647944,103544800
2019-03-04,42.12374496459961,42.57887635812763,41.67340181153097,42.0854171100522,109744800
2019-03-05,42.04710006713867,42.15968588435519,41.8099505181865,42.14531384899076,78949600
2019-03-06,41.80515670776367,42.03751432892731,41.66622095917077,41.841086791388626,83241600
2019-03-07,41.3212776184082,41.78599286166465,41.2062976954326,41.649451233325124,99185600
2019-03-08,41.419490814208984,41.45781867305242,40.602646141444055,40.79907367665731,95997600
2019-03-11,42.854347229003906,42.907047111756675,42.00397039988766,42.03750635662623,128044000
2019-03-12,43.335838317871094,43.75743378437187,42.96693908643046,43.11785274066941,129870400
2019-03-13,43.5274772644043,43.908350782047165,43.33823573830651,43.65682922421182,124130000
2019-03-14,44.0113525390625,44.099986172540426,43.73108691515278,44.05207451978656,94318000
2019-03-15,44.583858489990234,44.87370788563967,44.01374714575612,44.27964071675346,156171600
2019-03-18,45.03900146484375,45.12763145232553,44.504816453687674,44.507214229660455,104879200
2019-03-19,44.682071685791016,45.271350606371485,44.53594992962055,45.11804283392589,126585600
2019-03-20,45.07252883911133,45.391122295316464,44.250892314130574,44.61020774750013,124140800
2019-03-21,46.732574462890625,47.029609934372814,45.467784157138084,45.5180899369204,204136800
2019-03-22,45.76481628417969,47.355386016397915,45.7001384735137,46.79245696182492,169630800
2019-03-25,45.211463928222656,45.9875829138425,44.69884073019582,45.87499712059471,175381200
2019-03-26,44.744354248046875,46.203177772062595,44.21496485832889,45.91093424315701,199202000
2019-03-27,45.14677810668945,45.45578771177752,44.68685487892273,45.213850015625546,119393600
2019-03-28,45.20668029785156,45.407896097198545,44.92162275453689,45.26177431680809,83121600
2019-03-29,45.50130844116211,45.53245028041847,45.16355107046687,45.47256437732267,94256000
2019-04-01,45.81031799316406,45.91571410365168,45.12522317169622,45.90613396820559,111448000
2019-04-02,46.47624969482422,46.58164946228537,45.764804919606654,45.774385055218936,91062800
2019-04-03,46.794857025146484,47.07033078140151,46.26785803121223,46.29181386008062,93087200
2019-04-04,46.87629699707031,47.03918492301481,46.26545996448646,46.66070552108108,76457200
2019-04-05,47.19009017944336,47.214046001998675,46.933776767653775,47.058340465679805,74106400
2019-04-08,47.932682037353516,47.963820223892334,47.03199564527109,47.05115957437345,103526800
2019-04-09,47.7889518737793,48.591424457527545,47.724274073366516,47.985379395349405,143072800
2019-04-10,48.057247161865234,48.08599488612335,47.47276005561383,47.592531883775315,86781200
2019-04-11,47.65721130371094,48.14827654678451,47.53504535071354,48.112346459181225,83603200
2019-04-12,47.638038635253906,47.94226005670454,47.00085538268717,47.717088468629846,111042800
2019-04-15,47.724273681640625,47.87279320933779,47.43203017716153,47.56857179300715,70146400
2019-04-16,47.72906494140625,48.236896231863994,47.56377926343582,47.77937070845417,102785600
2019-04-17,48.65849304199219,48.71837894248983,47.5757549375541,47.798528732935594,115627200
2019-04-18,48.8333740234375,48.90284008133807,48.51238637425505,48.65611038702582,96783200
2019-04-22,48.99385070800781,49.092064458220555,48.46924965532697,48.586627331567456,77758000
2019-04-23,49.700504302978516,49.76518209737605,48.84293779019211,48.96989560373288,93292000
2019-04-24,49.62385940551758,49.940055097317824,49.59750945993875,49.671767400621164,70162400
2019-04-25,49.17352294921875,49.767590211237874,49.13519508582494,49.54481635866054,74172800
2019-04-26,48.938758850097656,49.10643864125826,48.41655189460286,49.08248281888732,74596400
2019-04-29,49.01302719116211,49.33880670680806,48.83336945066205,48.96272141555781,88818800
2019-04-30,48.06920623779297,48.72315913983509,47.69551886519747,48.64171520583754,186139600
2019-05-01,50.4287223815918,51.57613467844628,50.11970907425046,50.275414615631476,259309200
2019-05-02,50.10055923461914,50.938962115032105,49.85622731260426,50.26584495872399,127985200
2019-05-03,50.72336196899414,50.74492001774366,50.359254640038046,50.5173543078257,83569600
2019-05-06,49.940059661865234,50.02629552299198,48.747133295566954,48.936371172823556,129772400
2019-05-07,48.59381866455078,49.68613698164829,48.107545410712596,49.31724141689522,155054800
2019-05-08,48.60340118408203,49.18788822753808,48.32792747096506,48.36385755349484,105358000
2019-05-09,48.081199645996094,48.311159493192925,47.108653053779015,48.004543926833236,139634400
2019-05-10,47.415103912353516,47.81668552890856,46.35465119827149,47.47281709736525,164834800
2019-05-13,44.659358978271484,45.56351008387893,43.96922252898271,45.13788778025191,229722400
2019-05-14,45.3663330078125,45.61641612468284,44.58481822241338,44.8252843102285,146118800
2019-05-15,45.90977478027344,46.10936202884032,44.73149268112295,44.791609189635125,106178800
2019-05-16,45.707801818847656,46.28251571508548,45.40962250071928,45.66692301760151,132125600
2019-05-17,45.448097229003906,45.90498139483426,44.90945179277733,44.95033059336452,131516400
2019-05-20,44.02695083618164,44.32994056316762,43.351241475558346,44.13035319880749,154449200
2019-05-21,44.87097930908203,45.20763040826336,44.414091481082465,44.53913489044487,113459200
2019-05-22,43.952396392822266,44.656964020759766,43.89709021351947,44.40447386509313,118994400
2019-05-23,43.202144622802734,43.41375231638336,42.757280826698924,43.23580973331932,146118800
2019-05-24,43.03622055053711,43.798497688677664,42.95205594327224,43.33199284223706,94858800
2019-05-28,42.8582763671875,43.42577656810654,42.78132911529811,43.02419858026453,111792800
2019-05-29,42.65388107299805,43.12759961775198,42.322036656878375,42.42303198586659,113924800
2019-05-30,42.87510681152344,43.098738525632164,42.48314589027991,42.790942207956036,84873600
2019-05-31,42.098411560058594,42.80057229306881,42.07917382733227,42.37734951153441,108174400
2019-06-03,41.67277145385742,42.78372354414095,40.9441595414999,42.225844159173256,161584400
2019-06-04,43.197330474853516,43.24301962137067,41.96614520510156,42.18737357893377,123872000
2019-06-05,43.894683837890625,44.4838287660272,43.55803273828841,44.313096206729206,119093600
2019-06-06,44.53913116455078,44.599247689319995,43.80089847915856,44.0245338592952,90105200
2019-06-07,45.72463607788086,46.150262182600216,44.671396856151546,44.84933945543663,122737600
2019-06-10,46.30896759033203,46.979866476178515,46.078118491898756,46.12380764351111,104883600
2019-06-11,46.84520721435547,47.13136250233804,46.55424524550843,46.85723125496067,107731600
2019-06-12,46.69610595703125,47.12413526109655,46.50373237033179,46.63839278025512,73012800
2019-06-13,46.686492919921875,47.32132329173808,46.55423949726058,46.818750011804745,86698400
2019-06-14,46.347442626953125,46.55183663331729,45.760704690148856,46.06128734882138,75046000
2019-06-17,46.62398147583008,46.88128201644807,46.210379406074495,46.385918667435874,58676400
2019-06-18,47.72050476074219,48.16296157783631,46.94139681525517,47.143387492290906,106204000
2019-06-19,47.58103561401367,48.06437492064314,47.44637515797318,48.01627875558105,84496800
2019-06-20,47.9633674621582,48.239901995296194,47.619499048787546,48.18218881333447,86056000
2019-06-21,47.79985809326172,48.29762475468286,47.64836325383406,47.80466844335108,191202400
2019-06-24,47.75175476074219,48.13169160867431,47.65316278701106,47.74213406274728,72881600
2019-06-25,47.027957916259766,47.915274761567105,46.960624031175655,47.715687454109734,84281200
2019-06-26,48.045127868652344,48.33128311684101,47.4559866531459,47.55698197558516,104270000
2019-06-27,48.030704498291016,48.470757941574455,47.989825697883944,48.162957929928446,83598800
2019-06-28,47.593055725097656,47.972992648535545,47.38385136739792,47.775808661886465,124442400
2019-07-01,48.46595001220703,49.17292103281461,48.24952829020482,48.85550397490018,109012000
2019-07-02,48.749691009521484,48.84587965023338,48.420253629484236,48.43227766822591,67740800
2019-07-03,49.153682708740234,49.160896399131076,48.74008066996311,48.881954806612185,45448000
2019-07-05,49.110389709472656,49.31478735855635,48.790569361806654,48.898782040275336,69062000
2019-07-08,48.098026275634766,48.42986697045831,47.7108757406563,48.28799286408775,101354400
2019-07-09,48.39139938354492,48.45632258883776,47.807064851358824,47.9008464837811,82312000
2019-07-10,48.86992263793945,48.99015568341827,48.468344706346755,48.538081927488435,71588400
2019-07-11,48.514034271240234,49.14886461010248,48.504417241975965,48.88916078931046,80767200
2019-07-12,48.88676071166992,49.055086254188005,48.62224652398319,48.682363051255486,70380800
2019-07-15,49.34605407714844,49.504758927667474,49.05508845762357,49.07672952780047,67789600
2019-07-16,49.175323486328125,49.56247410162017,48.934857356810625,49.19696455737143,67467200
2019-07-17,48.89878845214844,49.317197165331336,48.87955072165859,49.067114007407184,56430000
2019-07-18,49.454254150390625,49.507156980733484,48.982939026214545,49.05507958297491,74162400
2019-07-19,48.71603775024414,49.65626130249309,48.660731561647836,49.48552871697099,83717200
2019-07-22,49.82938003540039,49.83178337521537,48.96129736344998,48.970914391931,89111600
2019-07-23,50.21894454956055,50.23577893949856,49.84622132281841,50.12756991734035,73420800
2019-07-24,50.178062438964844,50.29348514370552,49.81736327608131,49.93759633037582,59966400
2019-07-25,49.78129577636719,50.315130841148026,49.711558548782996,50.230966233848946,55638400
2019-07-26,49.954429626464844,50.43295482378756,49.810148496778886,49.89190609129754,70475600
2019-07-29,50.420936584472656,50.65178568467942,50.1227609303488,50.12757128035072,86693600
2019-07-30,50.204524993896484,50.536369471509005,49.85103944232378,50.19971464327563,135742800
2019-07-31,51.22889709472656,53.23198017795233,50.810488422778725,52.04167369901754,277125600
2019-08-01,50.1203498840332,52.428826023287826,49.713965237539156,51.43569980814029,216071600
2019-08-02,49.059898376464844,49.63941893170146,48.485184501744115,49.4230008933899,163448400
2019-08-05,46.49171447753906,47.76858887004254,46.308961564093444,47.609884034070426,209572000
2019-08-06,47.371822357177734,47.629122848973516,46.66004107684591,47.205900158800496,143299200
2019-08-07,47.86238098144531,47.98742440708855,46.60715105150975,46.98949135019447,133457600
2019-08-08,48.918025970458984,48.942074052576245,47.94654436200955,48.141321351804,108038000
2019-08-09,48.51491928100586,48.94215880426404,48.104570742537604,48.589746417288495,98478800
2019-08-12,48.39181137084961,48.77077934722417,48.070775860559834,48.18422463799918,89927600
2019-08-13,50.44112777709961,51.20630115968512,48.39181232795686,48.52215945843499,188874000
2019-08-14,48.93975067138672,49.830442653923,48.90112902240945,49.03871726570479,146189600
2019-08-15,48.69594955444336,49.516639188429856,48.196291730051655,49.111122997470645,108909600
2019-08-16,49.844913482666016,50.00422498598846,49.202842526726954,49.309050195608584,110481600
2019-08-19,50.774234771728516,51.348716104830906,50.696991479419985,50.83940465605558,97654400
2019-08-20,50.77664566040039,51.49837245736053,50.76699209074424,50.90216416490711,107537200
2019-08-21,51.32698059082031,51.57077276819993,51.075947316905996,51.41146496127451,86141600
2019-08-22,51.283538818359375,51.7614696502556,50.87077786138375,51.45974498915605,89014800
2019-08-23,48.9131965637207,51.18458108887087,48.51733388729023,50.55216358539117,187272000
2019-08-26,49.842506408691406,50.01147149877167,49.49733144744778,49.69043598603781,104174400
2019-08-27,49.280086517333984,50.33974338377373,49.128016108956025,50.17319078091452,103493200
2019-08-28,49.610782623291016,49.65664536777837,49.07733540717467,49.26561132852902,63755200
2019-08-29,50.450782775878906,50.52561359602424,49.883542544557216,50.32768042308482,83962000
2019-08-30,50.38561248779297,50.79836981530883,50.01388559438315,50.72837130541788,84573600
2019-09-03,49.651817321777344,49.960783128800365,49.29457629800003,49.828023520353845,80092000
2019-09-04,50.494224548339844,50.56422304700902,50.04284564758184,50.301120034436835,76752400
2019-09-05,51.481475830078125,51.64802845673445,51.054232616024436,51.1725100264582,95654800
2019-09-06,51.47663879394531,51.75664015872142,51.29560400031354,51.66733083914168,77449200
2019-09-09,51.69629669189453,52.24422971409327,50.94802173358443,51.85802067014054,109237600
2019-09-10,52.306983947753906,52.32629476709724,51.10250151690624,51.6214664352954,127111600
2019-09-11,53.97010040283203,53.999068478984455,52.55561484229116,52.637686761033,177158400
2019-09-12,53.84941482543945,54.65320994361384,53.793898506717696,54.262175874347506,128906800
2019-09-13,52.801815032958984,53.29422805313207,52.38422913849806,53.10353969029018,159053200
2019-09-16,53.079410552978516,53.13493055258685,52.514582768718405,52.5556168881052,84632400
2019-09-17,53.272518157958984,53.301486236897624,52.891137653208865,53.09389947312638,73274800
2019-09-18,53.77216720581055,53.79147802752684,52.96837220728765,53.359406218345356,101360000
2019-09-19,53.33527374267578,54.011134128612156,53.19285688413081,53.58871954582049,88242400
2019-09-20,52.55561447143555,53.72147916215501,52.49285705934677,53.43665281133341,221652400
2019-09-23,52.79457092285156,53.06491502177984,52.53629286299807,52.85008722534673,76662000
2019-09-24,52.543540954589844,53.70458061816006,52.42526723714453,53.35216457100263,124763200
2019-09-25,53.35216522216797,53.46561399799053,52.413198153006064,52.75354448047375,87613600
2019-09-26,53.076995849609375,53.33044533696633,52.821133890565115,53.1035477708213,75334000
2019-09-27,52.818729400634766,53.33528202332017,52.4470024474939,53.23389926652652,101408000
2019-09-30,54.06182098388672,54.20906277348867,53.29423149087837,53.32078340976273,103909600
2019-10-01,54.21148681640625,55.0876966434549,54.11734884447929,54.32735176890354,139223200
2019-10-02,52.85251235961914,53.96768564033437,52.60388782541524,53.84216713743621,138449200
2019-10-03,53.301483154296875,53.335276175134894,51.92803165887497,52.7245819619372,114426000
2019-10-04,54.795616149902344,54.911481082685206,54.042512502627346,54.46492706842939,138478800
2019-10-07,54.80768585205078,55.50044456107499,54.5132022602144,54.616997468728556,122306000
2019-10-08,54.165611267089844,55.049061984514516,54.14871660081996,54.50837373327863,111820000
2019-10-09,54.800445556640625,54.98389284474855,54.464927844066246,54.800445556640625,74770400
2019-10-10,55.539066314697266,55.62355070125511,54.86561842646949,55.01768516584579,113013600
2019-10-11,57.01631546020508,57.36148675350635,56.07493217425429,56.22941507530571,166795600
2019-10-14,56.93424987792969,57.47977056045112,56.644594866617076,56.700111187020866,96427600
2019-10-15,56.801490783691406,57.36390242184985,56.695283092707,57.05976522934613,87360000
2019-10-16,56.572166442871094,56.78216931364028,56.28975259924604,56.33078671158516,73903200
2019-10-17,56.791831970214844,57.00183119142603,56.36700490110861,56.74596922462551,67585200
2019-10-18,57.06459045410156,57.34700433383881,56.55286285379047,56.625277519068376,97433600
2019-10-21,58.05424499511719,58.170109932280326,57.284246651344915,57.332521866914796,87247200
2019-10-22,57.92148208618164,58.46217032840311,57.83941017813381,58.21113702782348,82293600
2019-10-23,58.698734283447266,58.713220164388346,58.22563196794203,58.43804735711928,75828800
2019-10-24,58.79528045654297,59.0897640487482,58.368037264054614,59.0197618580704,69275200
2019-10-25,59.51942443847656,59.55562993089987,58.62632002145907,58.69390606275793,73477200
2019-10-28,60.115623474121094,60.16389868427639,59.55320825206391,59.722173329188664,96572800
2019-10-29,58.72528076171875,60.28459564709617,58.55149072133607,60.09631972711563,142839600
2019-10-30,58.71802520751953,59.210441864056584,58.22319976305351,59.08009476190655,124522000
2019-10-31,60.04561996459961,60.14458653729117,57.269753085514594,59.67872542898006,139162000
2019-11-01,61.74977111816406,61.77631935556102,60.14218105481074,60.23390285779305,151125200
2019-11-04,62.1552848815918,62.2397692663464,61.64356099632433,62.11424708339946,103272000
2019-11-05,62.065982818603516,62.321844791185924,61.870465789862735,62.04666831143155,79897600
2019-11-06,62.092525482177734,62.152870420600415,61.64114652138816,61.979076703290076,75864400
2019-11-07,62.80915832519531,63.03189767945375,62.4895786645626,62.64210565661193,94940400
2019-11-08,62.981056213378906,63.05368459420615,62.18453049091268,62.630001799683505,69986400
2019-11-11,63.479774475097656,63.545140001034824,62.53072200848126,62.53556143647819,81821200
2019-11-12,63.421653747558594,63.62260449650399,63.16987054208168,63.322390076991596,87388800
2019-11-13,64.02935791015625,64.10440969122351,63.206204338539365,63.220730013040075,102734400
2019-11-14,63.5863037109375,64.12861520731462,63.45556526504659,63.85503605080437,89182800
2019-11-15,64.34168243408203,64.34652186335124,63.67589518170433,63.83810102930176,100206400
2019-11-18,64.66608428955078,64.74597548763738,63.97124586979156,64.35134414830495,86703200
2019-11-19,64.4699935913086,64.88399011619691,64.25210107233796,64.85977819443546,76167200
2019-11-20,63.71945571899414,64.4191335720535,63.04398239445803,64.288402519645,106234400
2019-11-21,63.43378829956055,63.91799719185671,63.23283747173048,63.8405219958634,121395200
2019-11-22,63.37810516357422,63.7170499294597,63.150526380385024,63.57420918485231,65325200
2019-11-25,64.4893569946289,64.50630607825897,63.557253444708095,63.60325387830914,84020400
2019-11-26,63.98578643798828,64.68062501950513,63.55241740860979,64.62736174556787,105207600
2019-11-27,64.8452377319336,64.87913589235781,64.23271393209737,64.29807945635042,65235600
2019-11-29,64.70242309570312,64.88400145799228,64.37558056589414,64.54505665940768,46617600
2019-12-02,63.95431900024414,64.94452541634439,63.78242689176433,64.70726037101397,94487200
2019-12-03,62.814002990722656,62.83336809595727,62.0489520362288,62.538000369149145,114430400
2019-12-04,63.36842727661133,63.74853310170674,63.11179710655216,63.20622140474287,67181600
2019-12-05,64.29810333251953,64.37316251726821,63.6081114883114,63.864741641186775,74424400
2019-12-06,65.54008483886719,65.61029718875501,64.7145078879973,64.75809229839278,106075600
2019-12-09,64.62252807617188,65.56188720901588,64.13589572948331,65.36820658931325,128042400
2019-12-10,65.00019836425781,65.38514351150229,64.36587856758632,65.02924971296446,90420400
2019-12-11,65.55459594726562,65.63449452487095,65.00502170110174,65.08007346282865,78756800
2019-12-12,65.72166442871094,65.98798077100976,64.71935596207432,64.8307219276027,137310400
2019-12-13,66.61502838134766,66.65134256594871,65.59334745340905,65.72166249795971,133587600
2019-12-16,67.75533294677734,67.98049565103152,67.05807849023363,67.06291791833162,128186000
2019-12-17,67.88849639892578,68.21775483990992,67.49870446887013,67.68512958741675,114158400
2019-12-18,67.72630310058594,68.24924965032962,67.57619950906032,67.74082877793086,116028400
2019-12-19,67.79405212402344,68.0748940346674,67.5350061050003,67.66816053170903,98369200
2019-12-20,67.65367889404297,68.43083223378363,67.44062576189711,68.32915248608661,275978000
2019-12-23,68.7576675415039,68.81819365729748,67.87882715803046,67.91756475875138,98572000
2019-12-24,68.8230209350586,68.97313188201366,68.49618587823406,68.92470804255196,48478800
2019-12-26,70.1884994506836,70.2054485347973,68.92713738051157,68.95618873131151,93121200
2019-12-27,70.16187286376953,71.17145176052892,69.7551391250006,70.48145253927747,146266000
2019-12-30,70.57828521728516,70.86155066913318,69.05303016763328,70.07955065116069,144114400
2019-12-31,71.09396362304688,71.10122646033071,70.09407115580855,70.19333485764807,100805600
2020-01-02,72.716064453125,72.77659055848162,71.4668047519516,71.72101143907315,135480400
2020-01-03,72.00912475585938,72.7717522953066,71.78396939069293,71.94133580542943,146322800
2020-01-06,72.5829086303711,72.62164622763687,70.87607527260708,71.12786596061405,118387200
2020-01-07,72.2415542602539,72.84923143823697,72.02123831231323,72.59260129853506,108872000
2020-01-08,73.40365600585938,73.70628659812324,71.9437663243162,71.9437663243162,132079200
2020-01-09,74.96278381347656,75.15646437101954,74.13236752506255,74.38415077218049,170108400
2020-01-10,75.13224792480469,75.69877866776542,74.62867407248754,75.19762083507513,140644800
2020-01-13,76.73741912841797,76.76405445807666,75.33079296168272,75.44942915816804,121532000
2020-01-14,75.70121765136719,76.88511195829709,75.57774940600967,76.67448226895164,161954400
2020-01-15,75.37679290771484,76.38394823058523,74.94342390604251,75.5002685322302,121923600
2020-01-16,76.32099914550781,76.43237250443956,75.5583716587375,75.92152830847965,108829200
2020-01-17,77.16594696044922,77.16836298058836,76.26289478458983,76.57036474816839,137816400
2020-01-21,76.64300537109375,77.23615682397768,76.50500406521856,76.79310894375465,110843200
2020-01-22,76.91656494140625,77.47097865524583,76.82214068619064,77.12961059079142,101832400
2020-01-23,77.28699493408203,77.3668861399878,76.42025699227077,76.96983874202517,104472000
2020-01-24,77.06427001953125,78.27963174807223,76.8730054274966,77.5339532626897,146537600
2020-01-27,74.79816436767578,75.48089322464955,73.81279759380895,75.06689673049003,161940000
2020-01-28,76.9141616821289,77.08605376922371,75.58258723533865,75.6818509443487,162234000
2020-01-29,78.5241470336914,79.37393591584485,77.80752001617462,78.55078236199498,216229200
2020-01-30,78.41036224365234,78.46362551493233,77.17078871761717,77.60415772537527,126743200
2020-01-31,74.93373107910156,78.12224171387334,74.6383634318401,77.69855903722024,199588400
2020-02-03,74.72796630859375,75.89732764326911,73.16881293673191,73.67238698147514,173788400
2020-02-04,77.19501495361328,77.38627956164633,75.93122927201843,76.33796302533938,136616400
2020-02-05,77.8244857788086,78.62585099313237,77.21922459648295,78.32563642255818,118826800
2020-02-06,78.73475646972656,78.73717987761535,77.53634432652976,78.095604804376,105425600
2020-02-07,77.6645736694336,78.48240085764334,77.1719355094332,78.23244174012544,117684000
2020-02-10,78.0334243774414,78.0334243774414,76.16480064339702,76.24488144952362,109348800
2020-02-11,77.56263732910156,78.60373238920275,77.34422769426291,78.53093164624849,94323200
2020-02-12,79.40457916259766,79.40943007689862,78.01402569685219,78.01402569685219,113730400
2020-02-13,78.83912658691406,79.16674472243865,78.47025716819051,78.67410664216737,94747600
2020-02-14,78.85855102539062,79.10851012138082,78.34892359887368,78.80758309855572,80113600
2020-02-18,77.41463470458984,77.5966440338326,76.34926987588581,76.53127920512857,152531200
2020-02-19,78.53578186035156,78.76632988761132,77.65728500864738,77.65728500864738,93984000
2020-02-20,77.73009490966797,78.78575023333428,77.22289659591061,78.29554123010857,100566000
2020-02-21,75.9706802368164,77.766511287534,75.35185156797284,77.32240444012415,129554000
2020-02-24,72.36203002929688,73.81810418195764,70.19005719516358,72.13876947323553,222195200
2020-02-25,69.91098022460938,73.41769559790279,69.4377605020185,73.03426594239946,230673600
2020-02-26,71.02002716064453,72.28924134156426,69.5275523864246,69.53483246216315,198054800
2020-02-27,66.37757873535156,69.40621629434781,66.24167904417651,68.21709029357726,320605600
2020-02-28,66.33872985839844,67.56426328843753,62.21561589566721,62.43160376696,426510000
2020-03-02,72.5149154663086,73.15316245707646,67.39681595785085,68.50343166746465,341397200
2020-03-03,70.21189880371094,73.77442519005979,69.3576638774749,73.69434436871329,319475600
2020-03-04,73.46864318847656,73.6288122283086,71.13650139150472,71.93976834476976,219178400
2020-03-05,71.08554077148438,72.69449642985231,70.71909308665877,71.71650028960082,187572800
2020-03-06,70.14151763916016,70.5759151634938,68.24862422437134,68.43548440571074,226176800
2020-03-09,64.59387969970703,67.48660954634035,63.82458392757783,64.00659319733327,286744800
2020-03-10,69.24604034423828,69.5129887846972,65.37045555760074,67.25607654604191,285290000
2020-03-11,66.8410873413086,68.24620108036899,65.97472137640763,67.31674360006403,255598800
2020-03-12,60.24021530151367,65.52333888472222,60.18440016078189,62.111272274536645,418474000
2020-03-13,67.4574966430664,67.93072375869788,61.38566570157223,64.28325788918951,370732000
2020-03-16,58.779293060302734,62.873283657436204,58.242970742071286,58.71619413875295,322423600
2020-03-17,61.36381530761719,62.516536915107906,57.854675154192996,60.06548110830406,324056000
2020-03-18,59.86163330078125,60.66975488014331,57.54404792376218,58.18714954728448,300233600
2020-03-19,59.402976989746094,61.358969521399985,58.87636390068454,60.03636945225578,271857200
2020-03-20,55.63174057006836,61.11385881136198,55.330817248448476,59.98539913252844,401693200
2020-03-23,54.44989013671875,55.45215566699075,51.59598621533572,55.35023092369006,336752800
2020-03-24,59.91259765625,60.10916707001685,56.85969513959366,57.359613328429845,287531200
2020-03-25,59.58256530761719,62.671868780258336,59.28649655092537,60.85177578567194,303602000
2020-03-26,62.71796798706055,62.77620858330938,59.78640491258839,59.82523444541299,252087200
2020-03-27,60.12130355834961,62.09428153233142,59.95385443702902,61.33712415208677,204216800
2020-03-30,61.837039947509766,62.0093436795025,60.52414557218957,60.84933827038797,167976400
2020-03-31,61.71084976196289,63.700817094858024,61.15511640489983,62.0287624061651,197002000
2020-04-01,58.46379852294922,60.35912091217952,58.03183020107801,59.82037323829742,176218400
2020-04-02,59.439369201660156,59.49275888105111,57.49065701285396,58.32547341461665,165934000
2020-04-03,58.585140228271484,59.626231543601605,57.99300285608874,58.9224639013772,129880000
2020-04-06,63.69596481323242,63.851275540137046,60.51929722354272,60.88816668017039,201820400
2020-04-07,62.958221435546875,65.93589798982386,62.85387122600371,65.71748092950824,202887200
2020-04-08,64.56961822509766,64.88509803559353,63.395052482452144,63.76149282104844,168895200
2020-04-09,65.03555297851562,65.54032952455171,64.2371442763535,65.20786042767898,161834800
2020-04-13,66.31205749511719,66.42126604167221,64.51137549316124,65.1132222675946,131022800
2020-04-14,69.66102600097656,69.95224385539356,67.47691431078215,67.95014147271534,194994800
2020-04-15,69.02521514892578,69.48630396115935,68.10303752445863,68.53257686850102,131154400
2020-04-16,69.57363891601562,69.94008655387744,68.52041300810855,69.74108800841772,157125200
2020-04-17,68.62963104248047,69.63675500516926,67.1881169210457,69.08829799292641,215250000
2020-04-20,67.2051010131836,68.35782638874939,67.18568994969831,67.45263835997193,130015200
2020-04-21,65.12776947021484,67.28276042085989,64.41429253639382,67.0473614677832,180991600
2020-04-22,67.00366973876953,67.44048895263322,66.05722317141493,66.39939402555568,116862400
2020-04-23,66.7440185546875,68.37482206031547,66.70518901812768,66.94786806714389,124814400
2020-04-24,68.6708755493164,68.68058478279482,67.22208165212722,67.27062041354411,126161200
2020-04-27,68.71941375732422,69.05188279302438,67.93798710304658,68.38693731564892,117087600
2020-04-28,67.60552978515625,69.36495298340253,67.51331796268283,69.18294368703222,112004800
2020-04-29,69.82601928710938,70.29681705834746,68.8941329766309,69.097982412738,137280800
2020-04-30,71.29908752441406,71.47624586127782,69.97649141267905,70.36720104938254,183064000
2020-05-01,70.15120697021484,72.56100720462707,69.36978044254144,69.46685054289131,240616800
2020-05-04,71.1437759399414,71.27239551263796,69.48385248239573,70.17548910786692,133568000
2020-05-05,72.2115707397461,73.04638718577591,71.45926427424553,71.60487317175793,147751200
2020-05-06,72.95661163330078,73.59000046531965,72.52949409062046,72.91535293184648,142333600
2020-05-07,73.7113265991211,74.05836324243135,73.28178737986006,73.58513616899319,115215200
2020-05-08,75.46578216552734,75.51931637355732,74.04470105585122,74.3732060857613,133838400
2020-05-11,76.65325927734375,77.14965926401848,74.7625342106639,74.97180698726206,145946400
2020-05-12,75.77725219726562,77.79207364909227,75.65558421726155,77.33946490194451,162301200
2020-05-13,74.86231994628906,76.88201322973275,73.78190749732052,75.95733196137674,200622400
2020-05-14,75.32221221923828,75.38304620688119,73.37308887883164,74.09823268490378,158929200
2020-05-15,74.87688446044922,74.92311887352467,73.05186528964549,73.08593587865772,166348400
2020-05-18,76.6410903930664,77.01582984347145,75.51201542213853,76.20552437986748,135178400
2020-05-19,76.19821166992188,77.50735264930493,76.16657681294011,76.6581126858227,101729600
2020-05-20,77.68013000488281,77.75069207639052,77.02068430144911,77.05961894056877,111504800
2020-05-21,77.10099029541016,78.08406952411508,76.86251841252941,77.54142773114201,102688800
2020-05-22,77.597412109375,77.68014544919457,76.73600068439247,76.83819763463005,81803200
2020-05-26,77.0718002319336,78.89924821688763,77.01583028852903,78.71918198527375,125522000
2020-05-27,77.4075927734375,77.55359582351838,76.1860490206754,76.92822809774341,112945200
2020-05-28,77.44166564941406,78.70457981685169,76.80412665218442,77.08152577208277,133560800
2020-05-29,77.36624145507812,78.14734786532948,77.00853727030466,77.68501099224073,153532400
2020-06-01,78.31768798828125,78.43935598036309,77.18860545726987,77.32000896800524,80791200
2020-06-02,78.68024444580078,78.70457952577789,77.6071320252172,78.05000523231972,87642800
2020-06-03,79.11336517333984,79.37617209910724,78.42715616564102,79.00143274067266,104491200
2020-06-04,78.43204498291016,79.23505064541881,78.05730554159499,78.93575218035002,87560400
2020-06-05,80.66584777832031,80.72668175100381,78.65346263531809,78.68266175404264,137250400
2020-06-08,81.1427993774414,81.17686997307266,79.64872058754821,80.36169309987528,95654400
2020-06-09,83.70513153076172,84.09933458379527,80.7899715861673,80.82160644800746,147712400
2020-06-10,85.85865783691406,86.32829444981938,84.21614013366542,84.65657762001017,166651600
2020-06-11,81.73654174804688,85.42551553412683,81.63434481058569,84.99967763398335,201662400
2020-06-12,82.44220733642578,84.63223063265221,81.32773208201846,83.88275926094929,200146000
2020-06-15,83.46179962158203,84.11637395651466,80.9286713541559,81.0917097169114,138808800
2020-06-16,85.67371368408203,85.94625617218522,83.88276474697345,85.52284659086101,165428800
2020-06-17,85.55449676513672,86.48160625971012,85.43282877449953,86.42077226439153,114406400
2020-06-18,85.58856201171875,86.00710017036369,84.97778636060843,85.51069272033729,96820400
2020-06-19,85.09943389892578,86.76385061570909,83.98738701900047,86.29664983171162,264476000
2020-06-22,87.32597351074219,87.46954083393744,85.4474196297417,85.4936540555532,135445200
2020-06-23,89.18993377685547,90.61345070235802,88.15332015682368,88.57429406296431,212155600
2020-06-24,87.61553955078125,89.73986501886358,87.24080011710065,88.81761971025675,192623200
2020-06-25,88.77870178222656,88.81763643178542,87.00965180666661,87.77129464423196,137522400
2020-06-26,86.05089569091797,88.8954936232834,85.90245689556569,88.67405701121628,205256800
2020-06-29,88.03407287597656,88.12897745361794,85.47904559885598,85.95841768027097,130646000
2020-06-30,88.76895141601562,89.0560934802323,87.60094182870904,87.62040543722048,140223200
2020-07-01,88.60104370117188,89.39188548967921,88.55238096980085,88.84681537177396,110737200
2020-07-02,88.60104370117188,90.14866410882917,88.48668294073944,89.51112514748854,114041600
2020-07-06,90.97114562988281,91.44078222719904,90.00266588363523,90.03430074503379,118655600
2020-07-07,90.68887329101562,92.13185365235528,90.57694083639849,91.35074735374833,112424400
2020-07-08,92.80101013183594,92.83264498670533,91.58189490784592,91.66949969256287,117092000
2020-07-09,93.20010375976562,93.75003795219516,92.14889068283713,93.6965037466287,125642800
2020-07-10,93.36314392089844,93.42154960385396,92.18053466189855,92.79373863774762,90257200
2020-07-13,92.93242645263672,97.29057387515883,92.71828964483974,94.67227687695217,191649200
2020-07-14,94.47032165527344,94.66255171537146,91.37508797222462,92.31192546978035,170989200
2020-07-15,95.12002563476562,96.60194074558854,93.91794539378512,96.35130500289155,153198000
2020-07-16,93.94959259033203,94.8085683480698,93.34855239093874,93.98852724031188,110577600
2020-07-17,93.759765625,94.55790717010848,93.2852575959958,94.4021760380504,92186800
2020-07-20,95.73567962646484,95.87438292715883,93.50185695370757,93.84739733729212,90318000
2020-07-21,94.41435241699219,96.60437605553066,94.16371667540041,96.52894250206293,103433200
2020-07-22,94.67959594726562,95.36336945972936,94.0274573004929,94.11505468915274,89001600
2020-07-23,90.37010192871094,94.48977758073065,89.55736078613936,94.41190829825081,197004400
2020-07-24,90.14622497558594,90.49176525760697,86.76872113795501,88.56211314862233,185438800
2020-07-27,92.28273010253906,92.37519895851747,90.98818839691468,91.21205332883926,121214000
2020-07-28,90.7667465209961,92.02966071554671,90.7618750492638,91.85202279586937,103625600
2020-07-29,92.506591796875,92.69152948751328,91.21447855018052,91.25097745595819,90329200
2020-07-30,93.62593078613281,93.73056344929799,91.2680051315171,91.67680769413195,158130000
2020-07-31,103.42754364013672,103.57841078381833,98.13741353507281,100.1425073822046,374336800
2020-08-03,106.03365325927734,108.6616788722299,105.01651064537003,105.31580914804157,308151200
2020-08-04,106.74174499511719,107.83675673192468,105.49829447245462,106.22343825153119,173071600
2020-08-05,107.12865447998047,107.44985972369943,105.99470803547494,106.46191633779561,121776800
2020-08-06,110.86627960205078,111.36268697898166,106.87070778644717,107.4620123146309,202428800
2020-08-07,108.34566497802734,110.84435557432207,107.54608428478957,110.38605796245164,198045600
2020-08-10,109.92045593261719,110.94187256781626,107.26087294038835,109.79612844927841,212403600
2020-08-11,106.65141296386719,109.6815301798731,106.39057229413092,109.18179510632157,187902400
2020-08-12,110.19591522216797,110.45431580374148,107.5509582932633,107.74597507351805,165598000
2020-08-13,112.1460952758789,113.15288579947423,111.09054684512458,111.58053628624776,210082000
2020-08-14,112.0461654663086,112.13636091412904,110.23004099312963,111.97059590519345,165565200
2020-08-17,111.75362396240234,113.19677333095444,111.12468856587184,113.17239437524739,119561600
2020-08-18,112.68485260009766,113.11145831572809,111.1685737018232,111.50498397074077,105633600
2020-08-19,112.82622528076172,114.24499562094896,112.73115702960943,113.09437890098116,145538000
2020-08-20,115.32979583740234,115.44437022786464,112.85060421374463,112.86767022580362,126907200
2020-08-21,121.27304077148438,121.7581500452213,116.28053222340992,116.29271798267843,338054800
2020-08-24,122.72347259521484,125.57807915731564,120.85128503311087,125.49274910090045,345937600
2020-08-25,121.71670532226562,122.0628686712799,119.98834358364527,121.59238528346616,211495600
2020-08-26,123.37191772460938,123.83021527919956,121.96777329172241,123.03794762817631,163022400
2020-08-27,121.89708709716797,124.3104548230282,120.74890305425278,123.97648471809909,155552400
2020-08-28,121.69965362548828,123.29393490492009,121.47537761438699,122.87464209761984,187630000
2020-08-31,125.82672119140625,127.73792106083117,122.86242789057044,124.40308551783176,225702700
2020-09-01,130.83872985839844,131.44330113966103,127.279625733532,129.45409155934158,151948100
2020-09-02,128.12799072265625,134.54414333091748,123.83756147352996,134.16385535146685,200119000
2020-09-03,117.86993408203125,125.6317192300971,117.49939923565937,123.74978578666541,257599600
2020-09-04,117.94795227050781,120.61972095191703,108.12870745933931,117.08011491662583,332607200
2020-09-08,110.01063537597656,116.02699258808728,109.87412215270822,111.11249423218894,231366600
2020-09-09,114.39859008789062,116.17326959342994,112.38988895508609,114.34008654092767,176940500
2020-09-10,110.6639633178711,117.49940814881735,109.69861756632326,117.3628949087768,182274400
2020-09-11,109.2110595703125,112.36063179376235,107.2608620779855,111.71706305037618,180860300
2020-09-14,112.48738861083984,113.04319458206483,109.99113827543115,111.86332602698766,140150100
2020-09-15,112.66291809082031,115.87099408811736,110.78097707840637,115.38344468012839,184642000
2020-09-16,109.33782196044922,113.11145686330157,109.25006664242188,112.36063408677491,154679000
2020-09-17,107.5924072265625,109.40609174489231,106.0029987247634,106.98785068006195,178011000
2020-09-18,104.17955780029297,108.11895805599245,103.44823366112779,107.65091477299849,287104900
2020-09-21,107.33887481689453,107.44613627717712,100.53268210169752,101.93682671673261,195713800
2020-09-22,109.02579498291016,110.0496517037046,106.44178910174857,109.87413362126594,183055400
2020-09-23,104.45258331298828,109.31832411053182,104.11129279067556,108.84052779447258,150718700
2020-09-24,105.52521514892578,107.50466493196994,102.3853951733047,102.5511602181257,167743300
2020-09-25,109.48408508300781,109.64010445196426,104.98887930687886,105.72995643059598,149981400
2020-09-28,112.09735870361328,112.44839487161504,109.97164299267533,112.14611662005213,137672400
2020-09-29,111.2490234375,112.43864521637902,110.741975312434,111.69757545200666,99382200
2020-09-30,112.92617797851562,114.34007555606303,110.79071688597794,110.95648187938991,142675200
2020-10-01,113.88179016113281,114.78863234602518,112.94569620243965,114.7106226562807,116120400
2020-10-02,110.20565032958984,112.49713819553232,109.4255758436502,110.07889017847046,144712000
2020-10-05,113.5989990234375,113.74526531692963,110.72246082221426,111.07349695083026,106243800
2020-10-06,110.34217834472656,113.22846975785129,109.45483490950848,112.81892262806667,161498200
2020-10-07,112.21436309814453,112.67266068936267,111.2880148454192,111.76581857721544,96849000
2020-10-08,112.10710144042969,113.50149291272723,111.73655916424462,113.35522661630749,83477200
2020-10-09,114.05730438232422,114.0865561551348,112.05834892691767,112.40938507947115,100506900
2020-10-12,121.30229187011719,122.06286774169322,116.30978334982996,117.07035922140598,240226800
2020-10-13,118.08445739746094,122.26763193691325,116.67056718260892,122.15061740846656,262330500
2020-10-14,118.17219543457031,119.96637319230435,116.64129101150385,117.98692432980438,150712000
2020-10-15,117.70413970947266,118.1819358941459,115.20788991593432,115.76369576650843,112559200
2020-10-16,116.0562515258789,118.52325764594907,115.85148167833091,118.25997681380653,115393800
2020-10-19,113.09195709228516,117.42139051387834,112.7799257876711,116.97284597845898,120639300
2020-10-20,114.5838394165039,116.0172355594113,112.7506492737219,113.3064551822562,124423700
2020-10-21,113.95980834960938,115.75398671105492,113.55026116761503,113.76478411070397,89946000
2020-10-22,112.86767578125,115.1006527218332,111.73655770574223,114.52534061393521,101988000
2020-10-23,112.17536926269531,113.64777056546903,111.43429207568546,113.49175118318755,82572600
2020-10-26,112.18511199951172,113.64776009630111,110.06914209886924,111.17100842634152,111850700
2020-10-27,113.6965103149414,114.35957774824622,111.68780931378838,112.61415013058482,92276800
2020-10-28,108.43099212646484,112.55566364874979,108.33348372666579,112.18512875374776,143937800
2020-10-29,112.4483871459961,114.01829672297495,109.40607637880336,109.57184881965813,146129200
2020-10-30,106.14924621582031,109.20130250137127,105.03763428104902,108.29446040306703,190272600
2020-11-02,106.06147766113281,107.92391966714173,104.64758758408,106.39301507304658,122866900
2020-11-03,107.6899185180664,108.71376783877459,106.0225003905584,106.9293426114221,107624400
2020-11-04,112.08761596679688,112.71167866980154,109.55236030591362,111.29778823567845,138235500
2020-11-05,116.06599426269531,116.64130635027131,113.95978499014568,115.01288590671425,126387100
2020-11-06,115.93415069580078,116.4323036892573,113.43358602193297,115.5727390073877,114457900
2020-11-09,113.6191635131836,119.15750989185466,113.35543592706722,117.70210831549566,154515300
2020-11-10,113.27729797363281,114.85967848302198,111.48001699164712,112.86705172692065,138023400
2020-11-11,116.71556091308594,116.85230965844065,113.73638330100388,114.46896905922455,112295000
2020-11-12,116.44206237792969,117.7314130027431,115.81692313270185,116.84254616591035,103162300
2020-11-13,116.49089813232422,116.89137444647928,115.13317320860197,116.66671900133667,81581900
2020-11-16,117.50675964355469,118.1807334795776,115.40667896087977,116.15879706701332,91183000
2020-11-17,116.61788177490234,117.86816024947451,116.19786565120255,116.77417031034764,74271000
2020-11-18,115.2894515991211,117.0378903523821,115.26014936367629,115.85598632521067,76322100
2020-11-19,115.88529205322266,116.29553826630797,114.09778111474732,114.85966906826211,74113000
2020-11-20,114.61549377441406,116.01229108300883,114.56665918945185,115.88531221940879,73604300
2020-11-23,111.20651245117188,114.88898089812312,111.10883584417593,114.45919488464406,127959300
2020-11-24,112.495849609375,113.1600608907989,109.97575320759785,111.26511109410885,113874200
2020-11-25,113.33589935302734,114.03918287230827,112.49586708858041,112.86704864167184,76499200
2020-11-27,113.88290405273438,114.76200852686044,113.521499817773,113.86337170986415,46691300
2020-11-30,116.28579711914062,118.16121511006692,114.09780201081131,114.25409056951283,169410200
2020-12-01,119.87056732177734,120.60315308283555,117.22349166609008,118.20027268083436,127728200
2020-12-02,120.22221374511719,120.505481144647,118.0830608551581,119.18682076181041,89004200
2020-12-03,120.08545684814453,120.90594929961036,119.37240344911088,120.65198415652675,78967600
2020-12-04,119.4114761352539,120.00731313587139,118.69842273292154,119.7533479916129,78260400
2020-12-07,120.87664031982422,121.67760038587379,119.41146892200817,119.47007339320174,86712000
2020-12-08,121.4920425415039,122.07811722122077,120.23199390371121,121.48228009515798,82225500
2020-12-09,118.95240020751953,123.02557557317189,118.19051214801601,121.63854821088353,115089200
2020-12-10,120.37848663330078,120.99386342394624,117.36023696350695,117.70210881817248,81312200
2020-12-11,119.56778717041016,119.90965909110051,117.75097358931401,119.58731951491434,86939800
2020-12-14,118.95240020751953,120.48594622407741,118.71797483203729,119.75336040497812,79184500
2020-12-15,124.9107437133789,124.9302835054043,121.2478151945667,121.45293829735053,157243700
2020-12-16,124.84239196777344,125.38938700764821,123.62141557358976,124.45168548343347,98208600
2020-12-17,125.71173858642578,126.57131081957348,125.067059411565,125.90709184727795,94359800
2020-12-18,123.71910858154297,126.10245705982724,123.19164584689403,125.96570828998297,192541500
2020-12-21,125.25264739990234,125.33079168337974,120.5836345197385,122.11718068479962,121251600
2020-12-22,128.81788635253906,131.28914115354644,126.63965393544905,128.5541513025178,168904800
2020-12-23,127.91924285888672,129.35509717792385,127.7434145333038,129.09137704629174,88223700
2020-12-24,128.90582275390625,130.36123218201516,128.05602783585223,128.27092090321057,54930100
2020-12-28,133.51622009277344,134.1511218894807,130.41004823158806,130.87891392295424,124486200
2020-12-29,131.73846435546875,135.5674445419394,131.22077155630924,134.8446360549227,121047300
2020-12-30,130.61517333984375,132.83247066876245,130.30259622541593,132.43198683008825,96452100
2020-12-31,129.60910034179688,131.61150479087055,128.66162138156932,130.96682561915932,99116600
2021-01-04,126.40522003173828,130.5076968368651,123.81674915248705,130.41979013281448,143301900
2021-01-05,127.96810913085938,128.68117019094734,125.44801165954016,125.89733760282162,97664900
2021-01-06,123.66047668457031,128.00715673158123,123.44558366599814,124.75447411900687,155088000
2021-01-07,127.88016510009766,128.57368615922834,124.89121766294679,125.37960815671642,109578200
2021-01-08,128.9839324951172,129.55046725691102,127.20618394212671,129.35509913564104,105158200
2021-01-11,125.9852066040039,127.14757835470962,125.51635590694859,126.190337167744,100384500
2021-01-12,125.80939483642578,126.67872932371974,123.91443732593233,125.51635755772662,91951100
2021-01-13,127.85086059570312,128.39785555430626,125.50659222897696,125.77031235969966,88636800
2021-01-14,125.9168472290039,127.95831602204765,125.77032113055597,127.76296279527958,90221800
2021-01-15,124.18794250488281,127.19642993721087,124.05119375361772,125.78986283591505,111598500
2021-01-19,124.8619155883789,125.7214876279719,123.99258110451602,124.81307355803929,90757300
2021-01-20,128.96441650390625,129.41374239946222,125.56522221027927,125.67266873501019,104319500
2021-01-21,133.69203186035156,136.42702207412472,130.48819086563083,130.6933214660753,120150900
2021-01-22,135.8409423828125,136.60283037919487,131.88497630652225,133.1157150150256,114459400
2021-01-25,139.60153198242188,141.72114486140973,133.36966473426315,139.74805806803522,157611700
2021-01-26,139.8359832763672,140.94951311366867,138.08753679306704,140.26576933716714,98390600
2021-01-27,138.76148986816406,140.94948441192093,137.14980737284998,140.09967490857025,140843800
2021-01-28,133.90689086914062,138.6931262527624,133.52594691185897,136.28047622181393,142621100
2021-01-29,128.89601135253906,133.56502276186197,127.18664481426623,132.67614858488167,177523800
2021-02-01,131.02542114257812,132.23663511827664,127.88994713431293,130.64447709526527,106239800
2021-02-02,131.85568237304688,133.14502563870852,131.48450079597174,132.57849082798725,83305400
2021-02-03,130.83004760742188,132.61755859976557,130.50770809360628,132.6077812510319,89880900
2021-02-04,134.199951171875,134.2097136169971,131.4649611835476,133.1352633782053,84183100
2021-02-05,133.78419494628906,134.42983740127244,132.9037842725981,134.3613683130723,75693800
2021-02-08,133.9309539794922,133.97986900574796,131.98424937796673,133.07009728305556,71297200
2021-02-09,133.05055236816406,134.87987317918265,132.89404515329758,133.64727997223812,76774200
2021-02-10,132.44403076171875,134.0092221240666,131.47556692700425,133.51030972734804,73046600
2021-02-11,132.18966674804688,133.42224462079582,130.85925883741726,132.94290131800943,64280000
2021-02-12,132.42442321777344,132.58094529380088,130.78098619978562,131.42662856832374,60145100
2021-02-16,130.29188537597656,133.05051647602303,129.90058012743768,132.54184204307595,80576300
2021-02-17,127.99300384521484,129.34298072702467,126.65281892309615,128.39408609658847,97918500
2021-02-18,126.88760375976562,127.17128698603346,124.63764723542835,126.38869146538119,96856700
2021-02-19,127.04410552978516,127.86583900131197,125.9973958201727,127.4060647121988,87668800
2021-02-22,123.2583236694336,126.89738013381545,122.86702591113955,125.2245820305238,103916400
2021-02-23,123.12138366699219,123.952886827179,115.81392393533027,121.06707954671161,158273000
2021-02-24,122.62248229980469,122.82791197138175,119.57037579250556,122.22140745435948,111039900
2021-02-25,118.35733795166016,123.70831567300634,117.91713263038818,121.96704845427313,148199500
2021-02-26,118.6214599609375,122.13334021289873,118.56276044849312,119.92251431654658,164560400
2021-03-01,125.00938415527344,125.14633726081128,120.11818049068046,121.05729069867618,116307900
2021-03-02,122.39747619628906,125.91914114090521,122.28986912474551,125.61588891931011,102260900
2021-03-03,119.40406036376953,122.97464049846667,119.18884621038296,122.09422235433273,112966300
2021-03-04,117.51604461669922,120.9105408091192,116.0389066337359,119.10079712980304,178155000
2021-03-05,118.7779769897461,119.28666630320659,115.01175200979323,118.34755618226085,153766600
2021-03-08,113.82807922363281,118.36711510668628,113.68134163784862,118.29863856177148,154376600
2021-03-09,118.45516204833984,119.4040567156157,116.20521293027855,116.43998860707968,129525800
2021-03-10,117.36933135986328,119.51167358003067,116.85085748034945,119.04212218796035,111943300
2021-03-11,119.30624389648438,120.52904486393365,118.6214783400667,119.8736253365932,103026500
2021-03-12,118.39646911621094,118.5334222152771,116.56716380866244,117.78018017041316,88105100
2021-03-15,121.29206085205078,121.30184534868131,117.79974189337008,118.76820554841954,92403800
2021-03-16,122.83767700195312,124.45177555241284,122.0061739497114,122.96484559847543,115227900
2021-03-17,122.0453109741211,123.12137424397079,119.67796282439072,121.35076097755098,111932600
2021-03-18,117.9073486328125,120.49968794214433,117.70191898445727,120.20621275113163,121229700
2021-03-19,117.37909698486328,118.787765950923,117.07584476265258,117.2910589061766,185549500
2021-03-22,120.70510864257812,121.17466742071305,117.64321821066616,117.71169475504172,111912300
2021-03-23,119.87361145019531,121.53661758792646,119.4823136932633,120.64642246770546,95467100
2021-03-24,117.47691345214844,120.22577469235176,117.45735192347425,120.14751365088765,88530500
2021-03-25,117.9660415649414,119.01276627110943,116.41064244577936,116.93889331550916,98844700
2021-03-26,118.57254028320312,118.83666942036037,116.33236845038506,117.73125278394801,94071200
2021-03-29,118.74864196777344,119.91275082818898,118.10300696502964,119.00298664807106,80819200
2021-03-30,117.29106903076172,117.78018941248851,116.27369774116383,117.49649869548081,85671900
2021-03-31,119.49210357666016,120.83228856558793,118.51386287192022,119.00298322429019,118323800
2021-04-01,120.32359313964844,121.47791733984869,119.82468834663912,120.96923551452913,75089100
2021-04-05,123.1604995727539,123.41484423200751,120.39207673653289,121.17467224344372,88651200
2021-04-06,123.4637451171875,124.36372467715026,122.91593276997253,123.7474357865334,80171300
2021-04-07,125.11698913574219,125.1365506661835,122.41704266839598,123.09203115107863,83466700
2021-04-08,127.52345275878906,127.55279878438414,125.72349353070734,126.14412984874876,88844600
2021-04-09,130.1060028076172,130.14512586474413,126.65281460393234,126.97563580060692,106686700
2021-04-12,128.38430786132812,129.9592758997672,127.78758046970171,129.6364546951069,91420000
2021-04-13,131.50486755371094,131.7298736233455,129.0592662236775,129.5581784481345,91266500
2021-04-14,129.15708923339844,132.06246464983604,128.79514503277485,132.0037726093852,87222800
2021-04-15,131.57334899902344,132.06246925552537,130.73206156076947,130.90815261502829,89347100
2021-04-16,131.2407684326172,131.73966578761528,130.37991188899602,131.37772152575985,84922400
2021-04-19,131.90594482421875,132.52224111291792,130.4385840810419,130.60488317405677,94264200
2021-04-20,130.21359252929688,132.58093272949054,128.94187690393258,132.08203545204475,94812300
2021-04-21,130.59512329101562,130.8396834469913,128.44299690378307,129.4799295768372,68847100
2021-04-22,129.0690460205078,131.23094903356164,128.55057978153482,130.1451015482709,84566500
2021-04-23,131.39727783203125,132.17985833056576,129.28427466174912,129.28427466174912,78657500
2021-04-26,131.78858947753906,132.12118773609112,130.65382667295944,131.8961965525728,66905100
2021-04-27,131.46575927734375,132.46356891164857,131.1918530917334,132.07226369879982,66015800
2021-04-28,130.6733856201172,132.0820545207044,130.18426530334483,131.38749710310995,107760100
2021-04-29,130.5755615234375,134.08745690189525,129.567974819212,133.50050652437227,151101000
2021-04-30,128.5995330810547,130.65382966034915,128.21801979298792,128.91256235309382,109839500
2021-05-03,129.65602111816406,131.15274318306484,128.96147855172077,129.16690074814014,75135100
2021-05-04,125.06806945800781,128.6288723998823,123.9430911832169,128.3353972104989,137564700
2021-05-05,125.31263732910156,127.61149397563412,125.18546126388162,126.38869312319078,84000900
2021-05-06,126.91693878173828,126.92671581394534,124.36372279624072,125.10718773006204,78128300
2021-05-07,127.59309387207031,128.62197939641553,126.87775437814886,128.2202307892884,78973300
2021-05-10,124.30060577392578,126.936537888107,124.2614087846363,126.80916075602343,88071200
2021-05-11,123.3794937133789,123.73225163919108,120.30259382458506,121.01792574395533,126142800
2021-05-12,120.30258178710938,122.13500147037169,119.79303596653406,120.91992491664598,112172300
2021-05-13,122.45838928222656,123.61467427312743,121.76265955967637,122.07622799062943,105861300
2021-05-14,124.88854217529297,125.31970156938155,123.32070002778138,123.71266243367454,81918000
2021-05-17,123.73226928710938,124.37900844147428,122.65437817256301,124.27121858241347,74244600
2021-05-18,122.3407974243164,124.4377876927737,122.2722045641729,124.01642941587465,63342900
2021-05-19,122.18401336669922,122.40938669653873,120.39079046342964,120.68476412746298,92612000
2021-05-20,124.75133514404297,125.15309859736918,122.58575237959286,122.71314443848155,76857100
2021-05-21,122.90913391113281,125.42748227973826,122.69355422979483,125.25109958373996,79295400
2021-05-24,124.54557800292969,125.36869980376578,123.40889524832689,123.4774881087248,63092900
2021-05-25,124.34959411621094,125.74106096052154,123.78124903022919,125.25110237090293,72009500
2021-05-26,124.30060577392578,124.82975391524182,123.87924748414049,124.40839562545654,56575900
2021-05-27,122.76216888427734,125.07473909754313,122.56619139883931,123.89885923279118,94625600
2021-05-28,122.1056137084961,123.2716997185338,122.04682196885067,123.04631892312548,71311100
2021-06-01,121.78226470947266,122.83075994083762,121.44910149392759,122.56618959179076,67637100
2021-06-02,122.54656982421875,122.72295252370081,121.55687396007116,121.78224728515005,59278900
2021-06-03,121.05712890625,122.34079850429373,120.65536538181918,122.17421691048338,76229200
2021-06-04,123.35989379882812,123.62447159323195,121.36089230936066,121.57647200078277,75169300
2021-06-07,123.36970520019531,123.78126238573478,122.32121000309535,123.63427554059597,71057600
2021-06-08,124.19277954101562,125.87821968248053,123.6734326681762,124.05559385672065,74403800
2021-06-09,124.57496643066406,125.18250849792624,123.97722547889047,124.65336040245155,56877900
2021-06-10,123.57547760009766,125.61367614452429,123.40889600611712,124.4671847907461,71186400
2021-06-11,124.79055786132812,124.87875295690584,123.56567997208057,123.98703826502418,53522400
2021-06-14,127.85762023925781,127.9164119721912,124.51615800715713,125.25108457306293,96906500
2021-06-15,127.0345687866211,127.97528183431119,126.7895931437163,127.32854254853216,62746300
2021-06-16,127.53429412841797,128.25942730281437,125.87827159650314,127.74987385723517,91815000
2021-06-17,129.1413116455078,129.88604692888487,127.04432141727578,127.19131572684212,96721700
2021-06-18,127.83806610107422,128.86695159835352,127.62248638968997,128.08304168654513,108953300
2021-06-21,129.6410675048828,129.74885734783985,126.61317321470958,127.68126305266121,79663300
2021-06-22,131.2873077392578,131.38530395142936,128.9747376819625,129.47449743106563,74783600
2021-06-23,131.01290893554688,131.6204584103487,130.5523537483137,131.0815092601695,60214200
2021-06-24,130.72877502441406,131.9340507183845,130.25841113476253,131.74786688107946,68711000
2021-06-25,130.4347686767578,131.1990911159377,130.1407950573534,130.77774039141622,70783700
2021-06-28,132.07125854492188,132.5318139188506,130.6700051385488,130.72879689656085,62111300
2021-06-29,133.590087890625,133.74687585363333,131.64988544279703,132.09083850565023,64556100
2021-06-30,134.2074432373047,134.6483963398724,133.13933822621914,133.43331194530575,63261400
2021-07-01,134.51116943359375,134.5699611689942,133.03150764945613,133.85463680142217,52485800
2021-07-02,137.14712524414062,137.18631475513712,134.9815346965724,135.12851405296138,78852600
2021-07-06,139.16574096679688,140.2730204949,137.25493430561346,137.25493430561346,108181800
2021-07-07,141.66448974609375,141.97805072261244,139.79287267133577,140.65517657085456,104911600
2021-07-08,140.3612060546875,141.16471813821977,137.84285005243268,138.73456470357425,105575500
2021-07-09,142.19358825683594,142.72272878930693,139.7830226148444,139.88101880150734,99890800
2021-07-12,141.5958709716797,143.3793001913862,141.10591986105104,143.27151034896303,76299700
2021-07-13,142.71298217773438,144.496411688261,140.7433837745926,141.13533874616226,100827100
2021-07-14,146.15240478515625,146.56397686036559,144.71194737828577,145.1235194534951,127050800
2021-07-15,145.4958953857422,146.98535113045864,144.1338317300182,146.24063073416198,106820300
2021-07-16,143.4478759765625,146.7501414566327,142.9481312599128,145.47628061590362,93251400
2021-07-19,139.58706665039062,141.17451839605775,138.82274412371135,140.8609425122298,121434600
2021-07-20,143.2127227783203,144.14364197451235,140.08684683491023,140.5767980109594,96350000
2021-07-21,142.47776794433594,143.19310728596565,141.72325404739772,142.60516000969034,74993500
2021-07-22,143.84963989257812,145.2214969339576,142.8795313726681,143.00692343798204,77338200
2021-07-23,145.57424926757812,145.73103718743823,143.96721046930946,144.5845535586843,71447400
2021-07-26,145.99562072753906,146.81873491129434,144.73153863266097,145.29009001228607,72434100
2021-07-27,143.82028198242188,146.2112462731185,142.62479983707357,146.1230436919417,104818600
2021-07-28,142.06622314453125,144.0162339928002,139.67525927689903,141.89964155731053,118931200
2021-07-29,142.71298217773438,143.60469693299768,141.67428804616338,141.78207790616358,56699500
2021-07-30,142.9285430908203,143.38909834548167,141.21371414962817,141.4782919442919,70440600
2021-08-02,142.59539794921875,143.99665116994922,142.33082012109094,143.41851235659007,62880000
2021-08-03,144.39840698242188,145.06473338535233,142.26221214218597,142.87955539064197,64786600
2021-08-04,143.99664306640625,144.81975742745607,143.34011030565534,144.31021898611445,56368300
2021-08-05,144.10443115234375,144.86875375710454,143.2323186955207,144.0260371733782,46397700
2021-08-06,143.41746520996094,144.36939566640558,142.91697171230874,143.62355957636092,54126800
2021-08-09,143.36839294433594,143.9670294656135,142.80901962336827,143.47634428340314,48908700
2021-08-10,142.88755798339844,144.95825044162723,142.59314382367126,143.7119056510136,69023100
2021-08-11,143.1427001953125,143.9866794152509,142.81884613683928,143.32916298423876,48493500
2021-08-12,146.11624145507812,146.27326431640063,143.12305867466128,143.46654431198874,72282600
2021-08-13,146.3223419189453,146.6560042822418,145.5078026382922,146.19475896699817,59375000
2021-08-16,148.30471801757812,148.37342114630292,143.74135078700877,145.77278011126276,103296000
2021-08-17,147.39205932617188,148.85429200112037,146.31254562863546,147.43130756311518,92229700
2021-08-18,143.6333770751953,147.91215275914686,143.4272826956147,147.00929375834372,86326000
2021-08-19,143.967041015625,145.24282558662867,141.80802903559353,142.3281541725026,86960300
2021-08-20,145.42929077148438,145.7335132179683,144.04555482987226,144.6932629269492,60549600
2021-08-23,146.9209747314453,147.3920283484006,145.1348733480979,145.54704713474933,60131800
2021-08-24,146.8326416015625,148.04954634761012,146.37139629315473,146.66581042238676,48606400
2021-08-25,145.59609985351562,147.519592250737,145.04653487560168,147.0190838087262,58991300
2021-08-26,144.7913818359375,146.34194886069025,144.76194192197897,145.58630443638947,48597200
2021-08-27,145.8316650390625,145.97886462702738,144.0946350284485,144.73251987566385,55802400
2021-08-30,150.26744079589844,150.63055805059383,145.84146538996188,146.22419927229765,90956700
2021-08-31,149.00146484375,149.9533952991406,148.47151645903594,149.8160040465339,86453100
2021-09-01,149.66880798339844,152.0927942907588,149.50197679710354,149.98285372785378,80313700
2021-09-02,150.78758239746094,151.83765609727,149.56086918246524,151.00348512126232,71115500
2021-09-03,151.42543029785156,151.74928427243492,150.23796572437928,150.89548198507103,57808700
2021-09-07,153.7709197998047,154.33029310259397,151.51376504008468,152.08296162989393,82278300
2021-09-08,152.2203369140625,154.11437426944298,151.11138376275437,154.05549445158968,74420200
2021-09-09,151.19973754882812,153.20172648114232,151.08196292373444,152.59328165383056,57305700
2021-09-10,146.19473266601562,152.58344783541474,145.92975849599713,152.11239429112135,140893200
2021-09-13,146.76394653320312,148.5991043920851,145.97884721713058,147.82382836372247,102404300
2021-09-14,145.36058044433594,148.25563513558592,144.17313063309547,147.54904724190396,109296300
2021-09-15,146.25363159179688,146.65599705539884,143.64318269682568,145.79238629928224,83281300
2021-09-16,146.0181121826172,146.19476666188248,144.47736826246071,145.67464148744824,68034100
2021-09-17,143.33895874023438,146.04755063760766,143.04454462427765,146.04755063760766,129868800
2021-09-20,140.27706909179688,142.14166661900333,138.63818253431032,141.12104812479518,123478900
2021-09-21,140.7579803466797,141.90619714564906,140.1200954357209,141.24866565496404,75834000
2021-09-22,143.13287353515625,143.7020551685205,141.02291826849162,141.7589460412651,76404300
2021-09-23,144.09463500976562,144.33997763935906,142.9268016969767,143.91798052970498,64838200
2021-09-24,144.1829376220703,144.7226943379148,142.8482732767658,142.94641630674622,53477900
2021-09-27,142.66180419921875,143.24082409127374,141.14069212341911,142.75994722486152,74150700
2021-09-28,139.26629638671875,142.05338511565432,139.0503936707916,140.58132931134702,108972300
2021-09-29,140.1691436767578,141.7589590196526,139.38404431901697,139.81584971450067,74602000
2021-09-30,138.8639373779297,141.69028944644563,138.6480346518888,140.98370142931665,89056700
2021-10-01,139.9924774169922,140.25745160999782,136.51843289284824,139.25644963882814,94639600
2021-10-04,136.5478973388672,139.56071210655347,135.69410975464882,139.1190833806911,98322000
2021-10-05,138.481201171875,139.59015470334057,136.76380268131754,136.89138564675028,80861100
2021-10-06,139.35458374023438,139.50178329662984,135.79220473023892,136.87171805888073,83221100
2021-10-07,140.62054443359375,141.5332266041183,140.06117114642012,140.39483345627966,61732700
2021-10-08,140.23782348632812,141.49397639424066,139.90416114584096,141.34677682476803,58773200
2021-10-11,140.14952087402344,142.11226190434272,139.16815035886378,139.61958738462852,64452200
2021-10-12,138.8737335205078,140.58132357465212,138.41248818935148,140.56169197186182,73035900
2021-10-13,138.28492736816406,138.76578935248517,136.6067771440449,138.60878144560903,78762700
2021-10-14,141.08181762695312,141.1995922695785,138.8737340029269,139.4625622924774,69907100
2021-10-15,142.14169311523438,142.20057294661328,140.83646861307787,141.09163451508613,67940300
2021-10-18,143.81983947753906,144.1044303133813,140.4929943196034,140.77758515544568,85589200
2021-10-19,145.9886474609375,146.39101289718135,143.81982737932438,144.2712493533105,76378900
2021-10-20,146.4793243408203,146.96020117455672,145.36056280732043,145.92975937341998,58418800
2021-10-21,146.69525146484375,146.85227433157712,145.1152444328355,146.03773505673811,61421000
2021-10-22,145.9199676513672,147.38219996847627,145.87089613630118,146.90133805459163,58883400
2021-10-25,145.8708953857422,146.5872915835432,144.86989338673706,145.91014361287867,50720600
2021-10-26,146.5382537841797,148.0299261985199,146.23401634323616,146.54806209858722,60893400
2021-10-27,146.07699584960938,146.9405916533393,145.72370189255298,146.57748938272076,56094900
2021-10-28,149.7276611328125,150.31647427805345,146.9307500257243,147.0288930371917,100077900
2021-10-29,147.00927734375,147.14666858995494,143.68243254858814,144.47734011409685,124953200
2021-11-01,146.18495178222656,146.9111563462423,145.0465584432789,146.214391698361,74588300
2021-11-02,147.22523498535156,148.74636254850378,145.88074695848016,145.8905702490702,69122000
2021-11-03,148.66781616210938,149.13886978936398,147.02892929321277,147.5883026678542,54511500
2021-11-04,148.14767456054688,149.59027519786,147.83362886091194,148.7561193854356,60394600
2021-11-05,148.6784210205078,149.58259788595123,147.47940028676322,149.2779313873801,65463900
2021-11-08,147.8528594970703,148.9634314889483,147.577675905586,148.80617943770554,55020900
2021-11-09,148.21646118164062,148.82579400908614,147.47935921435865,147.6169509817295,56787900
2021-11-10,145.37615966796875,147.54816002545584,145.3073712836708,147.44005113894966,65187100
2021-11-11,145.32704162597656,146.86021155645847,145.14030669919578,146.3983080486063,41000000
2021-11-12,147.41058349609375,147.81352120891913,144.9437391025949,145.8773986754407,63804000
2021-11-15,147.42039489746094,149.26806864568343,146.86019019858912,147.78402707270035,59222800
2021-11-16,148.40321350097656,148.88479224149762,146.77175735607312,147.36144499767522,59256200
2021-11-17,150.8503875732422,152.33441420975052,148.39338089243975,148.40320352046666,88807000
2021-11-18,155.15505981445312,155.94130498570996,150.41795852638504,151.06661191740037,137827700
2021-11-19,157.7889862060547,158.250904703225,153.83811490964536,154.9388492026231,117305600
2021-11-22,158.25088500976562,162.85039415850727,158.23122475801478,158.89952335376228,117467900
2021-11-23,158.6342010498047,159.0174935359154,156.3246085076116,158.34917984431854,96041900
2021-11-24,159.1550750732422,159.35163261820963,156.89462581516804,157.9855374355737,69463600
2021-11-26,154.11331176757812,157.69071352451056,153.6710534864823,156.82585721821107,76959800
2021-11-29,157.48431396484375,158.417973553797,156.05923801728514,156.6292653970327,88748200
2021-11-30,162.457275390625,162.6734931658107,157.1697925187928,157.23859590016,174048100
2021-12-01,161.93641662597656,167.37131474483905,161.70053856245917,164.59980373493542,152052500
2021-12-02,160.9437713623047,161.3762069674829,155.08627542774454,156.0101124031017,136739200
2021-12-03,159.0567626953125,162.1231168797412,156.97322606716216,161.19928007401356,118023100
2021-12-06,162.4769287109375,164.99290090063192,161.45480563613842,161.46462826318137,107497000
2021-12-07,168.23614501953125,168.62927506471814,165.44498918240458,166.17226851871695,120405400
2021-12-08,172.06907653808594,172.9339476024618,167.7643964630588,169.1698119426696,116998900
2021-12-09,171.55804443359375,173.7103848403719,170.92905127787418,171.90203139222558,108923700
2021-12-10,176.36390686035156,176.54081910970555,171.6857723262979,172.19683382886083,115402700
2021-12-13,172.71774291992188,178.99785124666644,172.5113477652422,178.00521097357498,153237000
2021-12-14,171.33200073242188,174.68336162152622,169.24846375567876,172.23617743924208,139380400
2021-12-15,176.216552734375,176.41311030368223,169.34675546368476,172.0986064231299,131063300
2021-12-16,169.29762268066406,178.02491725858874,167.81359569575642,176.1969032590608,150185800
2021-12-17,168.1968231201172,170.48675479737042,166.77176246160374,167.00762546934996,195432700
2021-12-20,166.83074951171875,167.64647750919124,164.58013804602012,165.38602841932968,107499100
2021-12-21,170.01502990722656,170.22141005857458,166.21157358651485,168.60961436850548,91185900
2021-12-22,172.61947631835938,172.83569412545992,169.18948928424598,170.06418314156005,92135300
2021-12-23,173.24844360351562,173.80864829178057,172.25581836202977,172.82584567773912,68356600
2021-12-27,177.22882080078125,177.3172694486978,174.02488925086175,174.0445345083678,74919600
2021-12-28,176.20668029785156,178.2116060992947,175.45975568348982,177.0617287998104,79144300
2021-12-29,176.295166015625,177.52366948045372,175.076485179818,176.2460228777558,62348900
2021-12-30,175.13540649414062,177.46465866978764,175.0272976168205,176.38356989658638,59773000
2021-12-31,174.51626586914062,176.14770679713808,174.21158446445702,175.02731242664456,64062300
2022-01-03,178.8799285888672,179.73497720500467,174.653888631977,174.77182016673515,104487900
2022-01-04,176.60964965820312,179.79393593953884,176.0396222685355,179.4892694890775,99310400
2022-01-05,171.9118194580078,177.0715328218442,171.63663594498001,176.5211657957886,94537600
2022-01-06,169.0420684814453,172.285320469028,168.68825890104756,169.73002738877994,96904000
2022-01-07,169.20913696289062,171.14525945761193,168.08874249862777,169.91675609783337,86709100
2022-01-10,169.22882080078125,169.53348727704656,165.27794924612078,166.1723034158152,106765600
2022-01-11,172.06907653808594,172.1673477977068,167.8823429695319,169.3565468312396,76138300
2022-01-12,172.51133728027344,174.13295555388092,171.81355583992206,173.09118720876316,74805200
2022-01-13,169.22882080078125,173.58263011635788,168.83569067303486,172.75707934266197,84505800
2022-01-14,170.09364318847656,170.79142459551545,168.14768335739595,168.39338399296278,80440800
2022-01-18,166.87991333007812,169.57278332194957,166.49662084966823,168.56049766865218,90956700
2022-01-19,163.3712921142578,168.13789130970082,163.0862859235723,167.07646257144611,94815000
2022-01-20,161.6808624267578,166.76195044943782,161.3565357449214,164.10838623013277,91420500
2022-01-21,159.6169891357422,163.46957389675498,159.50888023954428,161.59241715203612,122848900
2022-01-24,158.840576171875,159.50888984216238,152.03958291935942,157.26810076459748,162294600
2022-01-25,157.03219604492188,159.960943553215,154.31966630533267,156.24595097657829,115798400
2022-01-26,156.9437713623047,161.5629412237311,155.10593504422843,160.6882473882618,108275300
2022-01-27,156.4818572998047,161.02240127110773,155.55802030212934,159.65630602886313,121954600
2022-01-28,167.4008026123047,167.4204628672782,160.0002987329338,162.8602584781643,179935700
2022-01-31,171.77426147460938,171.99047927683918,166.5948868425434,167.2337176205423,115541600
2022-02-01,171.60720825195312,171.83324871111864,169.34675867115328,171.01752053648133,86213900
2022-02-02,172.81602478027344,172.8553452866124,170.34919537896823,171.74477342641566,84914300
2022-02-03,169.92654418945312,173.2091158968661,169.15995944846543,171.47937392017522,89418100
2022-02-04,169.64120483398438,171.32394513354754,167.9584645344212,168.94251932550307,82465400
2022-02-07,168.92286682128906,171.17634592324976,168.22418123926562,170.1037296917855,77251200
2022-02-08,172.0422821044922,172.55399474420673,168.69648717156835,168.99170657969145,74829200
2022-02-09,173.46917724609375,173.83327271357754,172.11117683042102,173.24284884864312,71285000
2022-02-10,169.3755340576172,172.6819593071923,168.814630541294,171.3633292711471,90865900
2022-02-11,165.9509735107422,170.32017850486096,165.36053472189508,169.58213752654314,98670700
2022-02-14,166.1871795654297,166.87601492289843,163.90416522012222,164.70124720629926,86185500
2022-02-15,170.0348358154297,170.192288199675,167.53534303134987,168.24386374496802,62527400
2022-02-16,169.7986602783203,170.57605697053586,167.33852325607717,169.1098249151892,61177400
2022-02-17,166.1871795654297,169.1688644106395,165.78371349338204,168.30289138097328,69589300
2022-02-18,164.63235473632812,167.8206823626154,163.54005341590076,167.11217679103845,82772700
2022-02-22,161.6999053955078,164.03211066057264,159.56449308823295,162.3493702057695,91162800
2022-02-23,157.51766967773438,163.50071005203375,157.20276491304196,162.90043598288878,90009200
2022-02-24,160.1450958251953,160.25334246210673,149.5763410580208,150.14709468760051,141147500
2022-02-25,162.22146606445312,162.48715009234238,158.30491651486224,161.22756094554026,91974200
2022-02-28,162.4871368408203,162.78235630766343,159.84002681342048,160.45998619224247,95056600
2022-03-01,160.59776306152344,163.94355886382843,159.38737969074035,162.0738454702056,83474400
2022-03-02,163.90415954589844,164.69140636238802,160.35172123734418,161.76876250392863,79724800
2022-03-03,163.57943725585938,166.21671212228483,162.91028714997404,165.78372557589515,76678400
2022-03-04,160.5682373046875,162.91029278730187,159.5153063627005,161.8671969888056,83737200
2022-03-07,156.7599334716797,162.38872815867046,156.5040696124171,160.75519357831982,96418800
2022-03-08,154.92959594726562,160.28285666328267,153.3157466151268,156.28759642734667,131148300
2022-03-09,160.35171508789062,160.80438687004462,156.86816795403388,158.905153435018,91454900
2022-03-10,155.9923553466797,157.83253283188523,153.49284799843335,157.64556003629005,105342000
2022-03-11,152.26280212402344,156.74025467661986,152.03647371376925,156.39582947431037,96970100
2022-03-14,148.2183074951172,151.66249879142745,147.70660988509843,149.03507466152865,108732100
2022-03-15,152.61705017089844,153.089407270085,147.98216062819657,148.49385829575584,92964300
2022-03-16,157.04531860351562,157.44878471807237,151.99712715402308,154.54582575293017,102300200
2022-03-17,158.05885314941406,158.43279872153727,155.11653935449422,156.0809087075946,75615400
2022-03-18,161.36529541015625,161.85732279036876,157.212583119924,157.95062419024276,123511700
2022-03-21,162.7429962158203,163.69753062342352,160.410776006235,160.90280343219604,95811400
2022-03-22,166.12814331054688,166.71856719819857,162.28048532842047,162.87090921607214,81532000
2022-03-23,167.49598693847656,169.88723307812018,164.9767938445975,165.31138391398235,98062700
2022-03-24,171.29441833496094,171.363294359729,167.49596638171184,168.33240391380366,90131400
2022-03-25,171.9340362548828,172.4851044775775,169.99544731866433,171.1074339208408,80546200
2022-03-28,172.80003356933594,172.92795048627315,169.25743018713217,169.42471770580778,90371900
2022-03-29,176.1064910888672,176.1556818269469,173.52825675371,173.87268201319478,100589400
2022-03-30,174.9354705810547,176.74612827076808,173.8825244692883,175.70303231942208,92633200
2022-03-31,171.82583618164062,175.19130232369773,171.61917803441048,175.00432947989117,103049300
2022-04-01,171.53057861328125,172.09149702017976,169.198373694139,171.25504448846627,78751300
2022-04-04,175.5947265625,175.64393230157518,171.6585076842211,171.78643960271984,76468400
2022-04-05,172.26864624023438,175.45698948199342,171.6388517127187,174.66974256872732,73401800
2022-04-06,169.09011840820312,170.86141984516703,167.41722844598058,169.6116661902699,89058800
2022-04-07,169.39520263671875,170.59575076458447,167.14172361896223,168.4308330803216,77594700
2022-04-08,167.3778839111328,169.0409389910171,166.5020757053073,169.0409389910171,76575500
2022-04-11,163.10707092285156,166.33476922464124,162.8610572412183,166.0198795202021,72246700
2022-04-12,164.9866485595703,167.1614014854587,163.98290835466773,165.34090892509556,79265200
2022-04-13,167.6829071044922,168.31270148269238,164.11079891952852,164.7209080003055,70618900
2022-04-14,162.6544189453125,168.5390777375964,162.4084052337266,167.8994330781819,75329400
2022-04-18,162.4379119873047,163.94351443490115,160.96182997864284,161.30624010470765,69023900
2022-04-19,164.73074340820312,165.14405957734763,161.29640226867195,162.38870353745122,67723800
2022-04-20,164.56346130371094,166.18716054853425,163.4514897165709,166.0690637754216,67929800
2022-04-21,163.76641845703125,168.79493971335873,163.26455585195845,166.21672062047585,87227800
2022-04-22,159.21022033691406,165.1932753547798,158.92485105020066,163.80576949112535,84882400
2022-04-25,160.2828369140625,160.56820617483112,155.93331687209525,158.55089100434944,96046400
2022-04-26,154.29981994628906,159.75147779014623,154.22109374803105,159.66291644791357,95623200
2022-04-27,154.07347106933594,157.24211378977282,152.9024434257798,153.42399128149194,88063200
2022-04-28,161.03073120117188,161.89670425341123,156.3958263617354,156.71073111363518,130216800
2022-04-29,155.13626098632812,163.54993403564234,154.74264500205678,159.25945373894038,131747600
2022-05-02,155.4413299560547,155.70701398729622,150.82610973572451,154.2112612412753,123055300
2022-05-03,156.93704223632812,158.1474403507243,153.8274407389376,155.62824765941318,88966500
2022-05-04,163.37278747558594,163.82544428980776,156.7205671988061,157.12403328379716,108256500
2022-05-05,154.270263671875,161.46370131983915,152.479276862281,161.23737293708814,130525300
2022-05-06,154.99952697753906,157.12821179757466,151.94446922447622,153.7479370549887,116124600
2022-05-09,149.85520935058594,153.57055058807703,149.293481863643,152.68359108165603,131577900
2022-05-10,152.2696990966797,154.46737635991622,150.71260627459526,153.26506437118704,115366700
2022-05-11,144.37583923339844,153.19606667734942,143.69584140711092,151.2743434971103,142689800
2022-05-12,140.49298095703125,144.08020299470905,136.78750364436277,140.6999427258126,182602000
2022-05-13,144.97702026367188,145.95267144882655,141.03501714594583,142.49355408899086,113990900
2022-05-16,143.42977905273438,145.3810814533927,142.08949737035988,143.43964368471316,86643800
2022-05-17,147.0761260986328,147.5984402531948,144.5532317399834,146.7016310302499,78336300
2022-05-18,138.77821350097656,145.2233813560545,137.87153963890293,144.72078142086878,109742900
2022-05-19,135.3585205078125,139.6060259100609,134.61939501913687,137.8518359532745,136095600
2022-05-20,135.5950469970703,138.65995498562737,130.68725738522548,137.07329814838306,137426100
2022-05-23,141.0349884033203,141.18280747509044,135.6541486277064,135.792118107207,117726300
2022-05-24,138.3248748779297,139.91153156082976,135.3388090457555,138.76834717267448,104132700
2022-05-25,138.48255920410156,139.73413423560646,136.33415991086508,136.42285136269513,92482700
2022-05-26,141.6953125,142.24719057579537,135.15158738869113,135.3979626037819,90601500
2022-05-27,147.47032165527344,147.50973506608682,143.15382385017716,143.28194375102797,90978500
2022-05-31,146.6819305419922,148.47554915584195,144.71092900811684,146.90860654542266,103718400
2022-06-01,146.55380249023438,149.53986813880326,145.53872302627965,147.72653558588104,74286600
2022-06-02,149.01756286621094,149.07669050037924,144.73062893844732,145.68656579095972,72348100
2022-06-03,143.27207946777344,145.82452236693706,142.36542073655667,144.77002952584698,88570300
2022-06-06,144.0210418701172,146.41581589469035,142.79901584167854,144.89813670997125,71598400
2022-06-07,146.55380249023438,146.83959105092737,142.0106440716535,142.25701922442352,67808200
2022-06-08,145.81468200683594,147.69697680968412,145.32193168448424,146.42568759453718,53950200
2022-06-09,140.5718231201172,145.80482957531117,140.46341743862806,144.9474487547002,69473000
2022-06-10,135.14170837402344,138.71906549283727,135.07271611079338,138.2460293933542,91437900
2022-06-13,129.96783447265625,133.23968891028474,129.53421176750797,130.94347052169286,122207100
2022-06-14,130.83509826660156,131.94871913133352,129.57365827714892,131.19974383683066,84784300
2022-06-15,133.46633911132812,135.3486488673454,130.24376297463832,132.34286902822936,91533000
2022-06-16,128.17420959472656,130.47042786825955,127.16899474112004,130.16492507881696,108123900
2022-06-17,129.65245056152344,131.15041561507837,127.92782459091552,128.18406435914898,134520300
2022-06-21,133.89996337890625,135.07271151353063,131.3869488476208,131.48548988632155,81000500
2022-06-22,133.3875274658203,135.76257275465719,131.96840403366457,132.8356344352228,73409200
2022-06-23,136.2652130126953,136.58056547968613,133.66349125043254,134.83623972192547,72433800
2022-06-24,139.6060333251953,139.85240850117333,137.7434375963034,137.87154246227976,89116800
2022-06-27,139.6060333251953,141.4095014178601,138.9260354334884,140.63094744074303,70207900
2022-06-28,135.4471893310547,141.34047803244417,135.32893408463596,140.06918902081082,67083400
2022-06-29,137.21127319335938,138.63039676191534,134.68839353261495,135.4669475914292,66242400
2022-06-30,134.73765563964844,136.36372576433453,131.8304316095035,135.25996980273172,98964500
2022-07-01,136.91558837890625,137.02399404422195,133.69301230892643,134.06749230384347,71051600
2022-07-05,139.50746154785156,139.5567395850138,134.9445889899598,135.77242091666662,73353800
2022-07-06,140.84776306152344,142.0303609345011,139.0344453204545,139.3005347290775,74064300
2022-07-07,144.22802734375,144.42512446788226,141.20253310502923,141.21238269809453,66253700
2022-07-08,144.9080352783203,145.41065032513728,142.89762020370028,143.1538450057202,64547800
2022-07-11,142.76950073242188,144.51384141572962,141.69530843445892,143.5579044056013,63141600
2022-07-12,143.7451171875,146.29756011597522,142.94686411267188,143.64656111311933,77588800
2022-07-13,143.38050842285156,144.3265807145126,140.0593606954875,140.91675656689353,71185600
2022-07-14,146.31729125976562,146.79032738889836,141.17297636311127,141.99094375492155,78140700
2022-07-15,147.99264526367188,148.67264318460957,146.05120759050547,147.6083005741264,76259900
2022-07-18,144.93759155273438,149.37234459214557,144.5729460772953,148.55437722703743,81420900
2022-07-19,148.81060791015625,149.0372688640094,144.77991359630315,145.77526390456921,82982400
2022-07-20,150.82101440429688,151.49116267268522,148.18972944635095,148.9288549414216,64823400
2022-07-21,153.09750366210938,153.31431496799257,149.73694345846363,152.25982224960214,65086600
2022-07-22,151.8557891845703,154.01403798046638,151.18565597102892,153.13694301712763,66675400
2022-07-25,150.73233032226562,152.7920231935369,150.07204665223094,151.7769586670234,53623900
2022-07-26,149.4019012451172,150.87028755705626,148.61349773507445,150.05232023117222,55138700
2022-07-27,154.5166473388672,155.04882613514658,149.95378934695273,150.36769783431046,78620700
2022-07-28,155.0685272216797,155.35431578247076,152.17115301810267,154.70388176992367,81378700
2022-07-29,160.15370178222656,161.25747271207914,157.18735030288008,158.90212681060993,101786900
2022-08-01,159.168212890625,161.2180561543135,158.55720726769144,158.6754625398599,67829400
2022-08-02,157.68997192382812,160.0551827813026,157.31549185882793,157.77867842117527,59907000
2022-08-03,163.72122192382812,164.17454378554137,158.4192238049961,158.5079152513036,82507500
2022-08-04,163.40586853027344,164.76586430720064,162.04587275334626,163.60296566260632,55474100
2022-08-05,163.1789093017578,163.67234414686934,160.85975950635904,161.0670087670179,56697000
2022-08-08,162.70516967773438,165.60656841764427,162.04396891961866,164.18547392802034,60276900
2022-08-09,162.75453186035156,163.6427235312398,161.10646144310655,161.86635524789833,63135500
2022-08-10,167.01780700683594,167.11648492615134,164.70852083002953,165.47827786948693,70170500
2022-08-11,166.27767944335938,168.74485366768013,165.9816155247536,167.82705702584587,57149200
2022-08-12,169.8402557373047,169.9093287754835,167.17569590306383,167.59019436587388,68039400
2022-08-15,170.91595458984375,171.11332550526615,169.10011807446065,169.26788410549148,54091700
2022-08-16,170.758056640625,171.4291358420734,169.40605002056787,170.5113392247935,56377100
2022-08-17,172.25808715820312,173.83706944158646,170.3040896179902,170.50146052110878,79542000
2022-08-18,171.86331176757812,172.60346386831435,170.846837420575,171.468570003892,62290100
2022-08-19,169.2678680419922,171.45871962967124,169.06061881248345,170.75803562921558,70346300
2022-08-22,165.36972045898438,167.629644866865,164.94535876639668,167.4618788678898,69026800
2022-08-23,165.0341796875,166.49475736672866,164.4617935794401,164.88615528818852,54147100
2022-08-24,165.3302764892578,165.90266271137483,164.06708450197766,165.12304228892702,53841500
2022-08-25,167.7974090576172,167.9059652979528,166.13947563259975,166.56382226218187,51218200
2022-08-26,161.47158813476562,168.80403659370677,161.41237837214825,168.33034343433388,78961000
2022-08-29,159.26100158691406,160.7610323552504,157.72148760663381,159.03401076431982,73314000
2022-08-30,156.82347106933594,160.42553952970596,155.64909369131306,160.0011927774789,77906200
2022-08-31,155.15565490722656,158.47153769020628,155.0767035244846,158.20507865575672,87991100
2022-09-01,155.88592529296875,156.3398768664933,152.6391159459931,154.58325022090398,74229900
2022-09-02,153.76412963867188,158.2543887367361,152.93516289828764,157.65239775798332,76957800
2022-09-06,152.5009307861328,155.02731410056845,151.6719640845397,154.41545987678768,73714800
2022-09-07,153.91220092773438,154.61286996329966,151.59305117128892,152.78717010211398,87449600
2022-09-08,152.431884765625,154.30693097885487,150.6752430270464,152.60951406525444,84923800
2022-09-09,155.30364990234375,155.74775322839724,152.71805660596894,153.42860385753409,68028800
2022-09-12,161.2841033935547,162.10320702897022,157.20834188473088,157.4945274641237,104956000
2022-09-13,151.8200225830078,158.4320461932663,151.35619264515168,157.80045022276116,122656600
2022-09-14,153.27073669433594,155.03724195917457,151.59306115038453,152.75756021389577,87965400
2022-09-15,150.36932373046875,153.2016498653033,149.39233241450626,152.61938532747467,90481100
2022-09-16,148.72125244140625,149.36272674550892,146.4218443622924,149.22456559759132,162278800
2022-09-19,152.45159912109375,152.53055048964774,147.14225134713436,147.34948551345897,81474200
2022-09-20,154.83984375,156.0043577800845,151.07000947628035,151.38579993733708,107689800
2022-09-21,151.7015838623047,156.65567307047792,151.58316433856976,155.2740467070239,101696800
2022-09-22,150.7344512939453,152.44173129494766,148.92847832058902,150.37917767527796,86652500
2022-09-23,148.4547882080078,149.48114103515752,146.60934685596038,149.20481874902532,96029900
2022-09-26,148.7903594970703,151.75096880822056,147.67519183783702,147.69493344960722,93339400
2022-09-27,149.76730346679688,152.68844368705126,147.98107215786084,150.73444637733243,84442700
2022-09-28,147.8725128173828,148.66201137862302,142.93816563267225,145.7014030677967,146691400
2022-09-29,140.60916137695312,144.7934934551737,138.83279327495222,144.18163918720862,128138200
2022-09-30,136.3853759765625,141.2210460611346,136.18800506786133,139.42493615755308,124925300
2022-10-03,140.5795440673828,141.1914133396826,135.8820511093635,136.395227417554,114311700
2022-10-04,144.18165588378906,144.30007541815792,142.36580435900075,143.12569817421627,87830100
2022-10-05,144.4777069091797,145.44484998263232,141.13221948664446,142.17831393701783,79471000
2022-10-06,143.5204620361328,145.60275783304795,143.31322781916052,143.89547736380888,68402200
2022-10-07,138.25054931640625,141.2210362492612,137.61895341738395,140.66837666148692,85925600
2022-10-10,138.57623291015625,140.0269324842531,136.75053311295184,138.57623291015625,74899000
2022-10-11,137.15513610839844,139.49402735669463,136.40512061529776,138.063054355342,77033700
2022-10-12,136.52352905273438,138.51700974724292,136.3458997629281,137.30316442493086,70433700
2022-10-13,141.1125030517578,141.70461583345536,132.60567604457702,133.21754549496526,113224000
2022-10-14,136.56301879882812,142.62239748423457,136.37551116721934,142.41514824444727,88598000
2022-10-17,140.54010009765625,141.02365655306738,138.4281998048671,139.21769847828358,85250900
2022-10-18,141.86248779296875,144.7737497481639,138.7637182271675,143.57964610972482,99136600
2022-10-19,141.9710693359375,143.04675364711534,139.64205634508835,139.8295639891064,61758300
2022-10-20,141.50721740722656,143.97439116428012,140.77692855410262,141.14208050988137,64522000
2022-10-21,145.3363037109375,145.90868993912767,140.77695549561207,140.99406803245788,86548600
2022-10-24,147.48768615722656,148.25744338381116,144.08298841526573,145.25736586717858,75981900
2022-10-25,150.33970642089844,150.4877458912043,147.39883932372416,148.11924989222194,74732300
2022-10-26,147.3889617919922,149.99429659795183,146.09615013348827,148.97782224560154,88194300
2022-10-27,142.89869689941406,147.09289198935082,142.23749618636535,146.12576416144415,109180200
2022-10-28,153.695068359375,155.4319533375391,145.87906336998515,146.25406355734995,164762400
2022-10-31,151.32655334472656,152.21474485834912,149.92520057444992,151.14892407706145,97943200
2022-11-01,148.67189025878906,153.40886706506188,147.17185939924275,153.0437301537615,80379300
2022-11-02,143.12570190429688,150.17195049314788,143.09609701993313,146.9942290649959,93604600
2022-11-03,137.0564422607422,140.92496892991684,136.92814440584334,140.19468007204958,97918500
2022-11-04,136.78956604003906,141.03025327243037,132.83553912246873,140.45691755937278,140814800
2022-11-07,137.32334899902344,137.55070131674174,134.1107022229699,135.53415428478314,83374600
2022-11-08,137.8966827392578,139.80449340378325,135.90978972981833,138.79622744381308,89908500
2022-11-09,133.3199005126953,136.95761319516816,133.04311982943733,136.90818484099725,74917800
2022-11-10,145.1819610595703,145.1819610595703,137.89667216677097,139.61667909909517,118854000
2022-11-11,147.9794464111328,148.28588106740983,142.71070401695297,144.1440507641814,93979700
2022-11-14,146.57574462890625,148.55275765609238,145.7355080589872,147.25781653663145,73374100
2022-11-15,148.31553649902344,151.82473825025608,146.85255082741247,150.47048891741846,89868300
2022-11-16,147.07992553710938,148.1475147303288,145.59716528265196,147.4160293248502,64218300
2022-11-17,148.9877471923828,149.73900693584756,144.4702638433015,144.74704454265256,80389400
2022-11-18,149.55116271972656,150.94496070019653,148.246341800127,150.5594437144723,74829600
2022-11-21,146.30886840820312,148.6417447784354,146.02220810744817,148.43416682216127,58724100
2022-11-22,148.4539031982422,148.6911501950918,145.24125698087363,146.42747688170903,51804100
2022-11-23,149.33370971679688,150.08496935516192,147.62358231947215,147.73231865639212,58301400
2022-11-25,146.40771484375,147.16886915801885,145.4290878682615,146.6054131493823,35195900
2022-11-28,142.5624542236328,144.95463890856828,141.7321121181346,143.4718786844285,69246000
2022-11-29,139.54750061035156,143.1456646936347,138.73693289245665,142.6316369436181,83763800
2022-11-30,146.32864379882812,147.01071582680532,138.9346179969114,139.7748396315525,111380900
2022-12-01,146.6054229736328,147.41600568948158,144.92496463802757,146.5065813559001,71250400
2022-12-02,146.11117553710938,146.2989942268281,143.97599740675216,144.2824471593233,65447400
2022-12-05,144.94473266601562,149.18541949197922,144.09461635687657,146.07162962618466,68826400
2022-12-06,141.2675018310547,145.6070458162454,140.28887472844136,145.37969348940564,64727200
2022-12-07,139.32012939453125,141.72219330934035,138.39093073198447,140.55576270463825,69721100
2022-12-08,141.01046752929688,141.87047857115377,139.47829428917862,140.7238072376209,62128300
2022-12-09,140.52610778808594,143.89691905591846,139.28057976630063,140.7040317435328,76097000
2022-12-12,142.8292999267578,142.8391795610593,139.43871501837063,141.05986496506975,70462700
2022-12-13,143.79808044433594,148.24636089095367,142.58222134561697,147.7817615043003,93886200
2022-12-14,141.5640411376953,144.9743859949628,139.5375995292449,143.67944472283807,82291200
2022-12-15,134.93115234375,140.17024039649047,134.46655303010576,139.48816842184618,98931900
2022-12-16,132.96401977539062,136.06792995299983,132.19298581991796,135.1189720463015,160156900
2022-12-19,130.84864807128906,133.64612429167383,129.8107279362941,133.55716229440299,79592600
2022-12-20,130.77943420410156,131.7185125149171,128.39712953221752,129.87988952300458,77432800
2022-12-21,133.89320373535156,135.23757319201226,131.22423917558152,131.45159144947942,85928000
2022-12-22,130.7102508544922,133.01347352460496,128.80243995719394,132.80589554186707,77852100
2022-12-23,130.34446716308594,130.89802838748807,128.1499815353403,129.41526864352002,63814900
2022-12-27,128.5355224609375,129.89966650674359,127.24058112280677,129.87001251300126,69007800
2022-12-28,124.59137725830078,129.52402325835672,124.42333294025542,128.17965363057965,85438400
2022-12-29,128.120361328125,128.98035737968635,126.26197134070489,126.51897766739482,75703700
2022-12-30,128.4366455078125,128.45641986166103,125.9653867378923,126.93412645040064,77034200
2023-01-03,123.63252258300781,129.39551044224086,122.74286511723291,128.7826411649236,112117500
2023-01-04,124.90769958496094,127.18126787275598,123.64241229292817,125.4316068972832,89113600
2023-01-05,123.58309936523438,126.30149268134268,123.32609306355886,125.66884902202133,80962700
2023-01-06,128.13021850585938,128.79251610668766,123.45458659001618,124.56171667837158,87754700
2023-01-09,128.6541290283203,131.87667022454877,128.39712274020837,128.9704583829939,70790800
2023-01-10,129.2274627685547,129.7513700565325,126.64745995571087,128.76286346285156,63896200
2023-01-11,131.95574951171875,131.97550878336855,128.96057576470602,129.7414893304502,69458900
2023-01-12,131.8766632080078,132.71688473025435,129.92930408672314,132.34126249583184,71379600
2023-01-13,133.2111358642578,133.369300530634,130.14677464113623,130.51251723414498,57809700
2023-01-17,134.37757873535156,135.7120534872366,132.58838434758803,133.28033589487055,63646600
2023-01-18,133.6559600830078,137.01687588765424,133.4780210835041,135.24745602728467,69672800
2023-01-19,133.7152862548828,134.6840184578663,132.23252641864943,132.5389610381249,58280400
2023-01-20,136.285400390625,136.4336854309728,132.67735732670167,133.72517191147224,80223600
2023-01-23,139.48818969726562,141.67279627654958,136.3150763566329,136.5325490508029,81760300
2023-01-24,140.891845703125,141.51460969317372,138.68748018952127,138.6973598255773,66435100
2023-01-25,140.22955322265625,140.79299416676852,137.21460493959157,139.27070057060922,65799300
2023-01-26,142.30543518066406,142.59209549504305,140.26909865118563,141.52450641893512,54105100
2023-01-27,144.2527618408203,145.5378234459024,141.43552706245464,141.51460940098116,70555800
2023-01-30,141.35646057128906,143.8771557170406,141.20819059706298,143.29394037386407,64015300
2023-01-31,142.6316375732422,142.6810659292456,140.64474436260411,141.05991540288298,65874500
2023-02-01,143.75852966308594,144.9249754734958,139.69578139358237,142.31531825228282,77663600
2023-02-02,149.0865936279297,149.44244157391893,146.46704171932092,147.18864741549214,118339000
2023-02-03,152.72427368164062,155.571177590554,146.13093629775682,146.32863460622823,154357300
2023-02-06,149.98611450195312,151.3403789118004,149.04703617157855,150.81647157748358,69858300
2023-02-07,152.87255859375,153.4458943027817,148.9086520667493,148.9086520667493,83322600
2023-02-08,150.17393493652344,152.80336635897712,149.43255491704016,152.11141469080906,64120100
2023-02-09,149.13600158691406,152.55624141902396,148.6911765868534,152.0125597152097,56007100
2023-02-10,149.50230407714844,149.8290111554016,147.73018216274517,147.9677914305051,57450700
2023-02-13,152.31398010253906,152.71987521484465,149.41322512989285,149.44292440380676,62199000
2023-02-14,151.6704559326172,152.23477233256068,149.3538219997299,150.60123678518164,61707600
2023-02-15,153.77919006347656,153.94749097395436,151.35365383790918,151.58135329250317,65573800
2023-02-16,152.17535400390625,154.76919088525318,151.8189476677602,151.97733873436857,68167900
2023-02-17,151.02694702148438,151.47245120963535,149.34392280711089,150.8289468385779,59144100
2023-02-21,146.99757385253906,149.78942626925934,146.92828058675818,148.7004026088836,58867200
2023-02-22,147.42327880859375,148.4528887502369,145.69075089528818,147.3836697109664,51011300
2023-02-23,147.9083709716797,148.83898834448985,145.7699480861059,148.591484366889,48394200
2023-02-24,145.2452392578125,145.720442659753,144.26511807901926,145.64123957502227,55469600
2023-02-27,146.4431610107422,147.6806809778149,145.97785229460726,146.23526611588312,44998500
2023-02-28,145.93821716308594,147.59154156025602,145.36400624745863,145.58181090878074,50547000
2023-03-01,143.8592071533203,145.76003585720164,143.5621993638043,145.36403554214274,55479000
2023-03-02,144.45323181152344,145.24524759786468,142.46329007120497,142.93850860687647,52238100
2023-03-03,149.52210998535156,149.6013130753249,145.85905393614254,146.56195681168307,70732300
2023-03-06,152.2941436767578,154.7394840935164,151.92784263752011,152.2545345821982,87558000
2023-03-07,150.08639526367188,152.49212630946155,149.62108664794076,152.16541929587746,56182000
2023-03-08,151.34373474121094,151.93775035888638,150.31412479121082,151.28433620073233,47204800
2023-03-09,149.0865020751953,152.99706215582498,148.73009571987657,152.02685072996366,53833600
2023-03-10,147.01736450195312,149.43300577006005,146.13625093512175,148.7102983763868,68572400
2023-03-13,148.96768188476562,151.61102231566625,146.2253338291279,146.33423617376167,84457100
2023-03-14,151.0665283203125,151.86843881288326,148.60139830336453,149.7696098588517,73695900
2023-03-15,151.46253967285156,151.71993837140982,148.42318357477492,149.68050801163758,77167900
2023-03-16,154.29397583007812,154.89788610113325,150.1260024664939,150.64081493684654,76161100
2023-03-17,153.4524688720703,155.17510202547024,152.7396561952458,154.52168788730708,98944600
2023-03-20,155.82852172851562,156.24434176719376,152.61096953502098,153.52179760346752,73641400
2023-03-21,157.6897430419922,157.80854012474336,154.97709383642948,155.7493201936468,73938300
2023-03-22,156.2542266845703,160.5211932163919,156.23442213481738,157.70955140928402,75701800
2023-03-23,157.3432159423828,159.93706781022715,156.10569609721924,157.24422341863578,67622100
2023-03-24,158.65003967285156,158.73913747364256,156.2740076797667,157.27391824812167,59196500
2023-03-27,156.69973754882812,159.1648829259014,156.2938273470206,158.34316780021032,52390300
2023-03-28,156.0760040283203,156.9076288835252,154.42267925169685,156.3928163743877,45992200
2023-03-29,159.1648712158203,159.44207447801494,157.75905035570605,157.77883979840226,51305700
2023-03-30,160.73898315429688,160.8478855082498,159.65986944195512,159.9172681392784,49501700
2023-03-31,163.25363159179688,163.35263923391068,160.29349343380431,160.8182007028279,68749800
2023-04-03,164.51095581054688,164.62975289569243,162.58042764470542,162.62993146566447,56976200
2023-04-04,163.97634887695312,165.17425973324032,163.46153634610226,164.9366655701128,46278300
2023-04-05,162.125,163.40212898364032,160.1845772758085,163.0952264685397,51511700
2023-04-06,163.01605224609375,163.3130600930005,160.38260583340545,160.8083054990294,45390100
2023-04-10,160.41229248046875,160.41229248046875,158.48176428720794,159.80838211165943,47716900
2023-04-11,159.19456481933594,160.7389872555695,158.90745173956898,160.72909253457362,47644200
2023-04-12,158.50157165527344,160.44199460478865,158.18475927615913,159.61038476928212,50133100
2023-04-13,163.9070587158203,164.1446680117871,159.80839277568336,160.0163027979601,68445600
2023-04-14,163.560546875,164.65946521821587,162.18442526560762,162.94672669437054,49386500
2023-04-17,163.580322265625,163.73872843453088,162.39230621171848,163.4417206444433,41516200
2023-04-18,164.80796813964844,165.73858561594125,163.99614775175192,164.44166704612937,49923000
2023-04-19,165.95640563964844,166.48111297033782,163.8872604852793,164.14467434244943,47720200
2023-04-20,164.98614501953125,166.19396563576217,163.90703130539762,164.43173852810273,52456400
2023-04-21,163.3724365234375,164.78815208279067,162.8477292777316,163.40213579346278,58337300
2023-04-24,163.67933654785156,163.94664508043508,162.25371118266517,163.35262947612597,41949600
2023-04-25,162.13491821289062,164.64955210777222,162.09530911482935,163.5407390651718,48714100
2023-04-26,162.125,163.6298284131595,161.1745931859106,161.43199188421733,45498800
2023-04-27,166.7285919189453,166.87708827078586,163.54073931024718,163.54073931024718,64902300
2023-04-28,167.9859161376953,168.1542321598927,166.2038993325892,166.80780972743617,55209200
2023-05-01,167.8968048095703,168.74821914844807,166.95629265889536,167.5899022757501,52472900
2023-05-02,166.85728454589844,168.6492261368123,165.86726857821876,168.3918123170909,48425700
2023-05-03,165.77818298339844,169.21353985292495,165.4910849784499,167.80771888799373,65136000
2023-05-04,164.1347198486328,165.37223965151196,162.6695006318279,163.243711633137,81235400
2023-05-05,171.8370819091797,172.55978934902075,169.0551242996228,169.27292902501793,113316400
2023-05-08,171.76776123046875,172.1142728432519,170.39163971305302,170.75794076749395,55962800
2023-05-09,170.05506896972656,171.80738658228358,169.88676804624944,171.32228836356919,45326900
2023-05-10,171.82717895507812,172.29248769554175,170.1837487273319,171.29257694818676,53724500
2023-05-11,172.0152587890625,172.8468685009711,170.45103188917147,172.11426641943214,49514700
2023-05-12,171.08335876464844,172.5605130962495,169.52687667093326,172.12430116865193,45497800
2023-05-15,170.58767700195312,171.71785564660993,169.9928397669383,171.66828335580215,37266700
2023-05-16,170.58767700195312,171.64845141401116,170.3199987334625,170.50836436212853,42110300
2023-05-17,171.2023468017578,171.44026961578084,168.9518977126324,170.23079334736886,57951600
2023-05-18,173.54200744628906,173.73037308197308,171.0932844370763,171.50966446616422,65496700
2023-05-19,173.6510467529297,174.87044639396197,173.43294078431077,174.87044639396197,55772400
2023-05-22,172.6993408203125,173.20495707678998,171.95580173946098,172.48123481307542,43570900
2023-05-23,170.0820770263672,171.8864057178537,169.8044903241909,171.6385593675291,50747300
2023-05-24,170.35964965820312,170.93465495874622,169.0510289027881,169.61611066863975,45143500
2023-05-25,171.49974060058594,172.4018896852921,170.21093674442764,170.92473533776644,56058300
2023-05-26,173.91871643066406,174.2557989304357,171.61871039409903,171.82690796374212,54835000
2023-05-30,175.7726287841797,177.44807247659148,175.04892170114425,175.43556138959772,55964400
2023-05-31,175.72303771972656,177.80495282122013,175.2372534954211,175.80235035598085,99625300
2023-06-01,178.53857421875,178.56831456742498,175.4057930547119,176.16916396782793,68901800
2023-06-02,179.3911590576172,180.21401063542314,177.7157155545107,179.47047169338217,61945900
2023-06-05,178.03298950195312,183.35672418608127,176.50624753561252,181.05671795588958,121946500
2023-06-06,177.66615295410156,178.56830201271356,175.90147333520082,178.41960027979346,64848400
2023-06-07,176.28814697265625,179.64894264257165,175.79245430672572,176.90280103766142,61944600
2023-06-08,179.01446533203125,179.2821284929526,175.93125619506344,176.367453055308,50214900
2023-06-09,179.40106201171875,180.66011025079294,179.07390309947007,179.93640333254774,48870700
2023-06-12,182.2067108154297,182.30585540353945,179.41101193334958,179.7084305703386,54274900
2023-06-13,181.7308349609375,182.5635949733869,180.86833459999627,181.2252339092373,54929100
2023-06-14,182.36534118652344,182.8015531826157,180.45197462688512,181.79033583961464,57462900
2023-06-15,184.4075927734375,184.91320900884034,182.19680756750913,182.3752648056927,65433200
2023-06-16,183.32699584960938,185.37917099504176,182.6826013571641,185.12140109619045,101235600
2023-06-20,183.41619873046875,184.4968202621219,182.82137659501507,182.82137659501507,49799100
2023-06-21,182.375244140625,183.81274978200145,181.01703601018858,183.30713360389032,49515700
2023-06-22,185.38906860351562,185.43864089866383,182.08775342754114,182.15715766621673,51245300
2023-06-23,185.0718231201172,185.94424713129428,183.41621128242684,183.9515678810459,53079300
2023-06-26,183.67396545410156,186.43001547826037,183.63430156934749,185.22052415803645,48088700
2023-06-27,186.43992614746094,186.767085127622,184.07051577054278,184.28862175731683,50730800
2023-06-28,187.6196746826172,188.26406909954764,185.9838949305078,186.31103877905792,51216800
2023-06-29,187.95675659179688,188.43263248114428,187.312362125066,187.45115547762376,46347300
2023-06-30,192.2990264892578,192.80462759541973,189.6123654098311,189.97918829297507,85069600
2023-07-03,190.80203247070312,192.20979786240994,190.1080506189076,192.11065327577057,31458200
2023-07-05,189.68173217773438,191.3175117071999,188.97784202953343,189.9196700716342,46920300
2023-07-06,190.15760803222656,190.36580559694158,187.57009184775086,188.20457782150964,45094300
2023-07-07,189.03736877441406,191.01023124936708,188.60117188700468,189.76109103858747,46778000
2023-07-10,186.9851837158203,188.3533002828443,185.42870151973196,187.62957811566648,59922200
2023-07-11,186.4597625732422,187.66925393721883,184.99251645839882,187.53046059023825,46638100
2023-07-12,188.1352081298828,190.04857465553215,186.84640410814296,188.04597194874682,60750200
2023-07-13,188.8985595703125,189.5429691298021,188.14511214362412,188.8589108119984,41342300
2023-07-14,189.0472869873047,189.53305615859267,187.99642086899894,188.59124304090398,41573900
2023-07-17,192.31883239746094,192.64599134916114,190.1576046603519,190.2468257033596,50520200
2023-07-18,192.06106567382812,192.65590289157154,190.76235338000512,191.68434955477355,48353800
2023-07-19,193.4192657470703,196.52229125160747,190.99035981508428,191.43649527350667,80507300
2023-07-20,191.4662628173828,194.77748634801802,190.84168518874347,193.40936968617578,59581200
2023-07-21,190.28651428222656,193.29041080540085,189.5826239989074,192.42791035637276,71917800
2023-07-24,191.0895233154297,193.230919269526,190.5938306479448,191.7438412670713,45377800
2023-07-25,191.9520263671875,192.7649696142135,191.25805964859208,191.66453127210508,37283200
2023-07-26,192.82443237304688,193.95461096026835,191.65460503159764,192.0015807949404,47471900
2023-07-27,191.5554656982422,195.50117489112708,190.89123937354253,194.33134751765755,47460200
2023-07-28,194.14297485351562,194.93608607706628,192.4675313646912,192.99296433573411,48291400
2023-07-31,194.75765991210938,194.79732379964574,193.57790885902568,194.3710202090042,38824100
2023-08-01,193.92491149902344,195.03525837956238,193.59775248014859,194.54948918299746,35175100
2023-08-02,190.92098999023438,193.4985827896997,190.1972829299724,193.3597894476311,50389300
2023-08-03,189.5231475830078,190.71280705310875,189.04728682043563,189.91971082460205,61235200
2023-08-04,180.42222595214844,185.76579240309633,180.35282171627148,183.92181504025928,115799700
2023-08-07,177.3092803955078,181.5524085909385,175.82220233279125,180.56102321579414,97576100
2023-08-08,178.2510986328125,178.71705098279648,176.05022182613857,178.14204563329835,67823000
2023-08-09,176.65496826171875,179.37135459798415,175.48512561412892,179.3118738938821,60378500
2023-08-10,176.43685913085938,179.1929093058464,176.07005137717866,177.93384562444598,54686900
2023-08-11,176.49639892578125,177.32036168980022,175.26543082107975,176.02983256684112,51988100
2023-08-14,178.15428161621094,178.38260392804418,176.01991561712387,176.67511718788185,43675600
2023-08-15,176.1588897705078,178.17411849604412,175.7618061867858,177.5784931204611,43622600
2023-08-16,175.28529357910156,177.24094603057796,175.2157956243564,175.84121662599503,46964900
2023-08-17,172.7340087890625,176.2184652373002,172.21778796969687,175.8511621348624,66062900
2023-08-18,173.22042846679688,173.82599075554495,170.70883778094841,171.04636032936088,61114200
2023-08-21,174.56060791015625,174.8485063914746,172.47589631953025,173.79622123414413,46311900
2023-08-22,175.94049072265625,176.38721354501158,174.96762533098521,175.77172944077836,42084200
2023-08-23,179.8021697998047,180.22904900558675,177.03247644679308,177.2210964343875,52722800
2023-08-24,175.09669494628906,179.78235426712118,174.72937670082027,179.35547499475715,54945800
2023-08-25,177.31045532226562,177.84651968096887,174.54076169805765,176.08940889849805,51449600
2023-08-28,178.8789520263672,179.27603559399373,177.25088516267095,178.77967356057698,43820700
2023-08-29,182.78033447265625,183.55465796575328,178.19395452927148,178.3924962958512,53003900
2023-08-30,186.28466796875,186.48322490340712,183.39585240180426,183.59439418869403,60813900
2023-08-31,186.5030517578125,187.7439567493299,186.1158900063697,186.47327124983738,60794500
2023-09-01,188.08151245117188,188.53815704908098,186.91009015003394,188.11129296200212,45732600
2023-09-05,188.3197479248047,188.5977094450193,186.24495831042893,186.91008160149724,45280000
2023-09-06,181.57916259765625,187.47594597496703,180.14963751857883,187.02920802693,81755800
2023-09-07,176.26808166503906,176.91336139268128,172.27732670257566,173.90539355501954,112488800
2023-09-08,176.88356018066406,178.92858440411607,176.4963984153427,177.05233659559462,65551300
2023-09-11,178.05499267578125,178.98815574028976,176.04968578063105,178.75983344187836,58953100
2023-09-12,175.0172576904297,178.81939272059032,173.5480302988034,178.18404991763566,90370200
2023-09-13,172.94247436523438,176.00998823848755,172.7141369128852,175.22572770658326,84267900
2023-09-14,174.46131896972656,174.8187002110415,172.31703152183695,172.7339737787434,60895800
2023-09-15,173.7366180419922,175.2157822233053,172.5552892315787,175.19592350235882,109205100
2023-09-18,176.6750946044922,178.0748391046168,174.88818834345716,175.1959303652364,67257600
2023-09-19,177.76712036132812,178.3230434602776,175.84123309156146,176.22839490317045,51826900
2023-09-20,174.21315002441406,178.3925098170354,174.1237933470795,177.95570880879336,58436200
2023-09-21,172.66448974609375,175.01725608596104,172.59500693822505,173.27998896827123,63047900
2023-09-22,173.51824951171875,175.7915963241489,172.7836433268308,173.3991274596328,56725400
2023-09-25,174.79885864257812,175.6823824720043,172.88289328236814,172.93253251615403,46172700
2023-09-26,170.70883178710938,173.92524796713502,170.41101154694528,173.54802313417602,64588900
2023-09-27,169.18995666503906,171.78096710415326,167.8200077433672,171.36402481079512,66921800
2023-09-28,169.4480743408203,170.77832096236608,166.40040416763804,168.1078907839796,56294400
2023-09-29,169.96429443359375,171.81076180692196,169.10061419351356,170.76839850543928,51814200
2023-10-02,172.4857940673828,173.03179529398386,169.6863051315917,169.9742035727841,52164500
2023-10-03,171.14561462402344,172.36667607241205,169.5771240058018,171.0066338674304,49594600
2023-10-04,172.396484375,172.94248570241592,169.726053912722,169.84517596678774,53020300
2023-10-05,173.6373748779297,174.17343922355133,171.42358924241523,172.52551359241795,48527900
2023-10-06,176.1986083984375,176.69497045530053,171.91995474415313,172.53545399514545,57224100
2023-10-09,177.6876983642578,177.7472593887107,174.52090595018925,175.52355187327169,42390800
2023-10-10,177.09205627441406,178.4123811800482,176.65525523522464,176.8041729428218,43698000
2023-10-11,178.49179077148438,178.54143000452555,176.30780084757703,176.90342620076967,47551100
2023-10-12,179.39517211914062,181.01330204161414,177.73730960362397,178.75982932462722,56743100
2023-10-13,177.54872131347656,180.60629838312414,176.84388049788197,180.10001451689263,51427100
2023-10-16,177.41966247558594,177.77704377786506,175.22573542452864,175.4639946753042,52517000
2023-10-17,175.86106872558594,177.12183257732815,173.5281761730158,175.36470667426025,57549400
2023-10-18,174.56060791015625,176.2879533547619,173.8359235344459,174.3025050887744,54764400
2023-10-19,174.18336486816406,176.5460377577175,173.9153251388443,174.75913147519677,59302900
2023-10-20,171.62216186523438,174.14367462886938,171.38390260775535,174.03447436266262,64189300
2023-10-23,171.74127197265625,172.7439178760632,168.69360166729962,169.66648220683237,55980100
2023-10-24,172.1780548095703,172.40637709061713,170.2025285754243,171.79089305137515,43816600
2023-10-25,169.85508728027344,171.80081789275204,169.40834934938033,170.62941081043056,57157000
2023-10-26,165.6757049560547,170.13304109397222,164.46458048468762,169.13038017633548,70625300
2023-10-27,166.99603271484375,167.73065392902063,165.61614695891157,165.69556669674958,58499100
2023-10-30,169.05096435546875,169.92456632823416,167.6412980843576,167.79021577395145,51131000
2023-10-31,169.52749633789062,169.6565401685357,166.67836791176023,168.11782995408234,44846000
2023-11-01,172.70419311523438,172.96229589848681,168.88219970872248,169.75580166398598,56934900
2023-11-02,176.2779998779297,176.48646342563364,174.18335172794758,174.24291274157727,77334800
2023-11-03,175.36468505859375,175.53346146527645,172.08870804185926,172.97223177840408,79763700
2023-11-06,177.92591857910156,178.12446034988363,174.9279030004302,175.09666426298327,63841300
2023-11-07,180.49708557128906,181.11256960611928,177.66781610245852,177.87627966042598,70530000
2023-11-08,181.55929565429688,182.1152186825965,180.26875139702054,181.02323134779837,49340300
2023-11-09,181.08279418945312,182.78034380026955,180.48715371155149,181.62879543623518,53763500
2023-11-10,185.28756713867188,185.45656593393633,182.43470002292048,182.87207654959846,66133400
2023-11-13,183.69711303710938,184.91976812620925,183.11063780884533,184.7110299042217,43627500
2023-11-14,186.3213348388672,186.98733436699092,185.1881391216873,186.57977766288278,60108400
2023-11-15,186.887939453125,188.36905250310778,186.65931635404164,186.72890587030213,53790500
2023-11-16,188.5778045654297,189.82034448090351,187.52411797622008,188.43864070160558,54412900
2023-11-17,188.55792236328125,189.24380683321974,187.44461143684416,189.11457782649978,50922700
2023-11-20,190.30738830566406,190.76464961522055,188.74676624039805,188.75670109818688,46505100
2023-11-21,189.5022430419922,190.37699597796984,188.60762038854105,190.26765186097265,38134500
2023-11-22,190.16824340820312,191.77857025832532,189.6911123355231,190.34717704028523,39617700
2023-11-24,188.8362274169922,189.76066973573458,188.12052328802685,189.73084999433786,24048300
2023-11-27,188.6573028564453,189.53205575999598,187.77261509452617,188.78653185384877,40552600
2023-11-28,189.263671875,189.9396214691522,188.26963995303524,188.64737693705334,38415400
2023-11-29,188.2398223876953,190.9435904601538,187.84221568139642,189.76069003248776,43014200
2023-11-30,188.8163604736328,189.1841625986753,187.06686975200412,188.70701635554832,48794400
2023-12-01,190.09866333007812,190.41674564636727,188.10064953196948,189.19409067360718,45679300
2023-12-04,188.29945373535156,188.91576382150808,186.33127483914026,188.84617430866663,43389500
2023-12-05,192.26565551757812,193.23980256929687,189.0449865799245,189.07482149235318,66628400
2023-12-06,191.1722412109375,193.59766654612127,190.9634878174767,193.2895190534562,41089700
2023-12-07,193.110595703125,193.83623479668313,192.43464607405332,192.4744158469115,47477700
2023-12-08,194.5419921875,194.8203199094653,192.5141585929263,193.04099429291227,53377300
2023-12-11,192.02706909179688,192.3352317119437,190.27757846347603,191.957494748212,60943700
2023-12-12,193.5479736328125,193.5579084922386,190.5758125501861,191.92769665062553,52696900
2023-12-13,196.778564453125,196.8183190559037,193.68712459255818,193.925682544677,70404200
2023-12-14,196.9276580810547,198.42864077264184,194.98929893159502,196.83819885132337,66831600
2023-12-15,196.39088439941406,197.21591750628332,195.82427895138287,196.35111463057538,128256700
2023-12-18,194.7209014892578,195.45649052996882,193.2298536912898,194.9197048287757,55751900
2023-12-19,195.7646484375,195.77458329630363,194.72091188963017,194.98930475456203,40714100
2023-12-20,193.66725158691406,196.50023361616374,193.66725158691406,195.72488988877126,52242800
2023-12-21,193.5181121826172,195.90379770975298,192.34516188676014,194.9296507492267,46482500
2023-12-22,192.44459533691406,194.24379077463595,191.8183503425399,194.01515250091973,37122800
2023-12-26,191.8978729248047,192.73285613100865,191.67918468017166,192.45452839560733,28919300
2023-12-27,191.9972686767578,192.34518593287333,189.94956524818429,191.34121910492223,48087700
2023-12-28,192.42469787597656,193.49825415286705,192.01714115491455,192.98135331561093,34049900
2023-12-29,191.3809814453125,193.23981644813995,190.585752804709,192.74280044372836,42628800
2024-01-02,184.53207397460938,187.3153662175252,182.79251821875232,186.03305662356883,82488700
2024-01-03,183.150390625,184.77066759112085,182.3352771284137,183.1205708792931,58414500
2024-01-04,180.82435607910156,181.99730650228184,179.80050438167336,181.06291404030495,71983600
2024-01-05,180.0987091064453,181.66928147459845,179.09474225448028,180.90388776119542,62303300
2024-01-08,184.4525604248047,184.49233019548157,180.41679326133186,181.0032684531674,59144500
2024-01-09,184.03506469726562,184.04499955584959,181.63944418662982,182.82234457021028,42841800
2024-01-10,185.07879638671875,185.28753458558947,182.8223397938252,183.2497813853363,46792900
2024-01-11,184.48239135742188,185.93368472067908,182.52414714521402,185.42671870400414,49128400
2024-01-12,184.81040954589844,185.6255229866903,184.08477050382692,184.9495734055796,40444700
2024-01-16,182.53407287597656,183.16030262539027,179.85017475552078,181.07284484780743,65603000
2024-01-17,181.58973693847656,181.83824490899738,179.22395137316974,180.18816351220838,47317400
2024-01-18,187.50425720214844,188.01120805146246,184.72096462518135,184.97940747954695,78005800
2024-01-19,190.416748046875,190.80441988057507,187.69311035236996,188.2000611602168,68741000
2024-01-22,192.73284912109375,194.16425751836653,191.11257223144145,191.15234200232317,60133900
2024-01-23,194.01515197753906,194.58175747905844,192.67321792314553,193.8561183903394,42355600
2024-01-24,193.33920288085938,195.20798769039715,193.18015413797895,194.25371040083746,53631300
2024-01-25,193.01116943359375,195.0986424607324,191.95749806154728,194.0549059471631,54822100
2024-01-26,191.27162170410156,193.59765277461963,190.79449062577763,193.11058683739938,44594000
2024-01-29,190.5857391357422,191.05293535979936,188.44857653714126,190.8640668648328,47145600
2024-01-30,186.91775512695312,190.65532484477694,186.35116482109103,189.80045678886228,55859400
2024-01-31,183.2994842529297,185.98338263365994,183.24979478995033,185.92372797618197,55467800
2024-02-01,185.7448272705078,185.83428651369454,182.7229765480854,182.8919601744576,64885400
2024-02-02,184.74082946777344,186.21199239128737,178.1802130458578,178.78657309445222,102518000
2024-02-05,186.55990600585938,188.120543422021,184.73089088840356,187.02710222804,69668800
2024-02-06,188.17025756835938,188.18019242781668,185.6553578627436,185.74481710103248,43490800
2024-02-07,188.27960205078125,189.9098139006124,187.48437342868021,189.5022571462235,53439000
2024-02-08,187.19610595703125,188.40881099372643,186.23189374257132,188.25971226684047,40962000
2024-02-09,187.9624786376953,189.0971204380579,187.11646725876852,187.76340641648085,45155200
2024-02-12,186.2704620361328,187.78332288230948,185.91215328801408,187.53449778464588,41781900
2024-02-13,184.1703643798828,185.33487911795885,182.64755610649428,184.89694454758455,56529500
2024-02-14,183.2845458984375,184.65806518525375,181.58259087415234,184.44906062504626,54630500
2024-02-15,182.9959259033203,183.62296999377594,180.4977274519665,182.68738521978767,65434500
2024-02-16,181.45318603515625,183.981257173353,180.81619448303394,182.5579699194549,49701400
2024-02-20,180.70672607421875,181.5726325042779,179.15405998428736,180.93564089848354,53665600
2024-02-21,181.4631805419922,182.03049388623003,179.81097819372195,181.08496152111414,41529700
2024-02-22,183.50350952148438,184.09074823448796,181.60249751065342,182.61769287128237,52292200
2024-02-23,181.6622314453125,184.1703774935557,181.37358582743232,184.14051969682032,45119700
2024-02-26,180.30862426757812,181.90109579673225,179.80101134340092,181.38355052297356,40867400
2024-02-27,181.77169799804688,183.05562869813585,178.71611879819,180.24888975946536,54318900
2024-02-28,180.5673828125,182.25939032452453,179.28345207788615,181.6522565198894,48953900
2024-02-29,179.90052795410156,181.71198177710176,178.6862603817135,180.41808835882694,136682600
2024-03-01,178.81565856933594,179.68156498512658,176.54637506189474,178.70617492699984,73488000
2024-03-04,174.27708435058594,176.0686126971914,172.97322823226915,175.32213749041347,81510100
2024-03-05,169.3204803466797,171.23145507958293,168.82283020205665,169.9574719243141,95132400
2024-03-06,168.3251953125,170.43524244414468,167.88726071561,170.25608047856306,68587700
2024-03-07,168.2057647705078,169.92763018116116,167.6981670423948,168.35505375316498,71765100
2024-03-08,169.92762756347656,172.8836708711805,168.14604658720506,168.20576217934803,76114600
2024-03-11,171.93814086914062,173.56048535052068,171.2414336396481,172.12725037151972,60139500
2024-03-12,172.41586303710938,173.2121062975323,170.20629520329734,172.3362371923594,59825400
2024-03-13,170.3257598876953,172.37607625258147,169.95748841772314,171.9580519129805,52488700
2024-03-14,172.1869659423828,173.49080701178275,171.2414336176872,172.0973925529764,72913500
2024-03-15,171.80874633789062,171.80874633789062,169.48969463541124,170.3655638276482,121664700
2024-03-18,172.903564453125,176.87481800543844,172.70450743615612,174.74487603101005,75604200
2024-03-19,175.25250244140625,175.78001045706262,172.21683307682196,173.52067421691896,55215200
2024-03-20,177.83030700683594,177.83030700683594,174.2671300256647,174.89417408943874,53423100
2024-03-21,170.56460571289062,176.65585381045534,170.037097774542,176.21791925324277,106181300
2024-03-22,171.4703369140625,172.23672240837217,169.26076900158964,170.95277649830084,71106600
2024-03-25,170.0470733642578,171.13194711675717,168.65364374159117,169.76839047714014,54288300
2024-03-26,168.9124298095703,170.61438491064948,168.78303590364706,169.20106023000122,57388400
2024-03-27,172.49549865722656,172.78414425918754,169.31054062211945,169.609133760084,60273300
2024-03-28,170.67408752441406,171.42056273337485,169.70864503919194,170.94282285202152,65672700
2024-04-01,169.23092651367188,170.4451942217802,168.68350825393796,170.38547862745995,46240500
2024-04-02,168.04649353027344,168.54414366405445,167.43935975957754,168.28537106183597,49329500
2024-04-03,168.8527069091797,169.87786510696628,167.78774337767854,167.9967479570679,47691700
2024-04-04,168.02662658691406,171.1120488206033,168.02662658691406,169.4897042530356,53704400
2024-04-05,168.7830352783203,169.5892261323792,168.15599119757314,168.79298281447828,42055200
2024-04-08,167.65834045410156,168.40481571452685,167.4493358859462,168.23561647794648,37425500
2024-04-09,168.8726043701172,169.2806811483862,167.55881583801002,167.90716183961618,42451200
2024-04-10,166.99147033691406,168.2953112001811,166.32462100940634,168.0066808175879,49709300
2024-04-11,174.21737670898438,174.63541624491384,167.36972023014152,167.5488670137579,91070300
2024-04-12,175.72027587890625,177.52176704196785,173.39127675717174,173.44102962389059,101593300
2024-04-15,171.87840270996094,175.7998881273465,171.68929323241036,174.53585255667426,73531800
2024-04-16,168.583984375,172.94338974194338,167.47920033817573,170.94284143183614,73711200
2024-04-17,167.21046447753906,169.84800441976404,167.21046447753906,168.81289870293196,50901200
2024-04-18,166.25494384765625,167.84743029154777,165.76725645436014,167.24029654336022,43122900
2024-04-19,164.2245635986328,165.6179780634261,163.3088890664717,165.42888374733738,67772100
2024-04-22,165.0605926513672,166.4739172082034,163.99562926284756,164.74210446317437,48116400
2024-04-23,166.1156005859375,166.26490473113174,164.14491040339777,164.5728973951299,49537800
2024-04-24,168.2256622314453,168.50434510258808,165.42887079721268,165.75730653407012,48251800
2024-04-25,169.09158325195312,169.80820075027214,167.3597550998357,168.73327450279362,50558300
2024-04-26,168.5043487548828,170.53475474394267,168.38490238817732,169.081624768213,44838400
2024-04-29,172.68460083007812,175.20270935632288,172.28648678772151,172.55520693212748,68169400
2024-04-30,169.5294952392578,174.16759809934044,169.2010443307548,172.51539602156524,65934800
2024-05-01,168.5043487548828,171.89832652202932,168.31523926242042,168.78303163206596,50383100
2024-05-02,172.21682739257812,172.6049939419865,170.08688513916925,171.69926693100732,94214900
2024-05-03,182.51817321777344,186.12115543095717,181.80155578938326,185.7727942523785,163224100
2024-05-06,180.85601806640625,183.33430600969174,179.57207221815372,181.49300962933657,78569700
2024-05-07,181.54278564453125,184.0310366275269,180.46787458450643,182.58785409480518,77305800
2024-05-08,181.8811798095703,182.20963072654146,180.5972339353124,181.9906634485607,45057100
2024-05-09,183.7025909423828,183.79216432803474,181.25414542501753,181.70202754035518,48983000
2024-05-10,182.43682861328125,184.46998840191682,181.51991222172592,184.28062242398164,50759500
2024-05-13,185.65602111816406,186.47328168344126,184.00157793065927,184.81883849593646,72044800
2024-05-14,186.8021697998047,187.66926595480425,185.6659889969534,186.8819036535792,52393600
2024-05-15,189.08450317382812,190.0113806876588,186.74236879853999,187.28056849688068,70400000
2024-05-16,189.2041015625,190.45989075478766,189.02471179656044,189.83199615864385,52845200
2024-05-17,189.2340087890625,190.17086260921994,188.5463175718117,188.87521403256983,41282900
2024-05-20,190.40008544921875,191.27714266640717,188.37688635675946,188.69582178398366,44361300
2024-05-21,191.70570373535156,192.08442053272114,190.28048580582154,190.44991454290118,42309400
2024-05-22,190.26055908203125,192.17414127105863,189.63267965869522,191.6259804985601,34648500
2024-05-23,186.25401306152344,190.36020743395642,186.0048504863481,190.34027016979292,51005900
2024-05-24,189.3436279296875,189.94162421863646,187.41012383078694,188.1875250894915,36294600
2024-05-28,189.35360717773438,192.35351928350596,188.4665889665476,190.868504773859,52280100
2024-05-29,189.652587890625,191.6060292626522,188.8752018363686,188.97487295416659,53068000
2024-05-30,190.6492462158203,191.53626445370173,189.99146851693155,190.12102272627732,49947900
2024-05-31,191.6060333251953,191.92496874276912,189.27387511297837,190.79874896001851,75158300
2024-06-03,193.3800506591797,194.33684160969634,191.8751142263389,192.25383098769495,50080500
2024-06-04,193.69898986816406,194.66574186569684,192.38340418619828,193.98801176077237,47471400
2024-06-05,195.21389770507812,196.24044634116564,194.2172473626493,194.74547082752238,54156800
2024-06-06,193.82855224609375,195.84179017422778,193.5195930765027,195.03450583879902,41181800
2024-06-07,196.23048400878906,196.28031956711487,193.48969558531903,193.99798178181695,53103900
2024-06-10,192.4730987548828,196.63910486677477,191.50634675889475,196.2404356269631,97262100
2024-06-11,206.45611572265625,206.46609195915696,192.9814138224934,193.00133588013964,172373300
2024-06-12,212.35630798339844,219.46241499269527,206.20696163392407,206.67538853844061,198134300
2024-06-13,213.52236938476562,216.02395620562416,210.89121315624297,214.02069454325613,97862700
2024-06-14,211.77822875976562,214.44924427717243,210.59221246372425,213.13367378271622,70122700
2024-06-17,215.94422912597656,218.21659070332575,212.0074632920053,212.65527993528355,93728300
2024-06-18,213.5721893310547,217.89766325641614,212.28651711595563,216.86113841241473,79943300
2024-06-20,208.97764587402344,213.5223844137921,208.15043943546107,213.21341001933183,86172500
2024-06-21,206.79498291015625,211.18023828891836,206.41625091745033,209.6852627905662,246421400
2024-06-24,207.4427947998047,211.98751777765062,205.89798377862786,207.02420349475855,80727000
2024-06-25,208.36968994140625,210.67194975002218,207.91122410230182,208.44940858434205,56713900
2024-06-26,212.5356903076172,214.1402980033581,209.9344322470105,210.79155216910215,66213200
2024-06-27,213.3828582763672,215.01736433595826,211.63872006367095,213.97087836680484,49772700
2024-06-28,209.9144744873047,215.34623061165473,209.5955543096767,215.0472324898511,82542700
2024-07-01,216.02395629882812,216.78140506529675,211.2101334408119,211.37956216985054,60402900
2024-07-02,219.53216552734375,219.64179766849512,214.3794853085834,215.42595595595571,58046200
2024-07-03,220.80789184570312,220.80789184570312,218.29632866276663,219.26308073535034,37369800
2024-07-05,225.5818328857422,225.69146503075916,220.90754038733803,220.90754038733803,60412400
2024-07-08,227.056884765625,227.08678305881674,222.50218547217585,226.32931907748747,59085900
2024-07-09,227.9139862060547,228.631575647805,225.6117264169712,227.1664984715379,48076100
2024-07-10,232.1995849609375,232.2992560750062,228.48208356286247,228.53191911989683,62627700
2024-07-11,226.80772399902344,231.61157070495582,225.01375035477759,230.61492037011672,64710600
2024-07-12,229.76776123046875,231.86073301422448,227.91399100155513,228.1531925563972,53046500
2024-07-15,233.61483764648438,236.43535998230433,232.3092281117703,235.68787221439834,62631300
2024-07-16,234.033447265625,235.4785872610991,231.55178236868576,234.21283703260292,43234300
2024-07-17,228.1133270263672,230.68468664215072,225.88082486496336,228.68140979310064,57345900
2024-07-18,223.42906188964844,229.66810263837593,221.52547133243425,229.50863493701104,66034600
2024-07-19,223.55862426757812,226.04028896611686,222.5320756847993,224.06692564873424,49151500
2024-07-22,223.20980834960938,227.01700459563804,222.34271224556252,226.24957960487185,48201800
2024-07-23,224.25628662109375,226.17982967750157,221.93408951337017,223.61843101438217,39960300
2024-07-24,217.80795288085938,224.04699357799979,216.40268749627205,223.24967028544495,61777600
2024-07-25,216.76148986816406,220.11023564894725,213.9010930254534,218.19665359620475,51391200
2024-07-26,217.2299041748047,218.75477790382115,215.2864239407029,217.96741565742542,41601300
2024-07-29,217.50897216796875,218.5654190781,215.0273073866339,216.23326096996,36311800
2024-07-30,218.0670928955078,219.59196666736065,215.3960621319004,218.45578591171193,41643800
2024-07-31,221.3361053466797,223.07028238181744,219.89096542123676,220.6982497488722,50036300
2024-08-01,217.62857055664062,223.72806581879624,216.29306274041448,223.61843367222977,62501000
2024-08-02,219.12353515625,224.84431334230803,216.98074309833058,218.41590675319648,105568600
2024-08-05,208.5690155029297,212.7848420736874,195.34346157584417,198.42310739676375,119548600
2024-08-06,206.5358428955078,209.28660752946874,200.39648844230862,204.61231506511243,69660500
2024-08-07,209.1171875,212.9243839975228,205.69866882998738,206.2069550428707,63516400
2024-08-08,212.59547424316406,213.4824924067945,208.13048513245963,212.39614722358988,47161100
2024-08-09,215.51568603515625,216.05387055494424,211.259984607228,211.38955402452135,42201600
2024-08-12,217.0522918701172,219.02793942662467,215.12653755613,215.59550663031672,38028100
2024-08-13,220.78407287597656,221.40270642093424,218.52902632127157,218.52902632127157,44155300
2024-08-14,221.23309326171875,222.54021400164925,219.21752501736546,220.08562480803565,41960600
2024-08-15,224.22650146484375,224.8551228159093,222.27079905335071,224.10676986474735,46414000
2024-08-16,225.5535888671875,226.33187474025672,223.15885022096822,223.42826155403992,44340200
2024-08-19,225.39393615722656,225.4937226434457,222.5501887780633,225.2243113108782,40687800
2024-08-20,226.0125732421875,226.6711275207631,224.95490346311303,225.27420804373648,30299000
2024-08-21,225.90280151367188,227.47933353511345,224.5557753561492,226.02254833732334,34765500
2024-08-22,224.03692626953125,227.8385569948794,223.4083048904395,227.28976176117078,43695300
2024-08-23,226.3418426513672,227.7188169640382,223.83736023691762,225.16444130741013,38677300
2024-08-26,226.68109130859375,226.7808777924977,223.39832305195915,226.2620154817008,30602200
2024-08-27,227.5292205810547,228.3474270817302,224.39611696496783,225.5036798955901,35934600
2024-08-28,225.99261474609375,229.35520907583674,225.18438078371824,227.4194670399241,38052200
2024-08-29,229.28536987304688,232.4085012026452,228.37737982242845,229.59470189609323,51906300
2024-08-30,228.49710083007812,229.89402024722435,226.98043458769098,229.6844899472923,52990800
2024-09-03,222.28077697753906,228.49709095305272,220.68428466242796,228.04808224732741,50190600
2024-09-04,220.36500549316406,221.29295584608857,217.0023958735564,221.17322424578342,43840200
2024-09-05,221.89163208007812,224.98481497811864,221.03352013282222,221.14327916881817,36615400
2024-09-06,220.3350830078125,224.74537478911404,219.28738577978086,223.4581991238727,48423000
2024-09-09,220.42486572265625,220.7840757397734,216.23409233980902,220.33506702469683,67180000
2024-09-10,219.6266326904297,220.99361925876318,216.25405039598212,218.4392435287618,51591000
2024-09-11,222.1710205078125,222.6000688776049,217.4114916314568,220.9736588702828,44587100
2024-09-12,222.28077697753906,223.059062794204,219.33725854525207,222.01136566399225,37498200
2024-09-13,222.01138305664062,223.5479944694599,221.42268236911949,223.08901316997165,36766600
2024-09-16,215.84495544433594,216.74297289953918,213.4502168549942,216.0644583037111,59357400
2024-09-17,216.31390380859375,216.42366284814068,214.02893954474482,215.27619443719672,45519300
2024-09-18,220.20535278320312,222.22092099435915,217.06226125375574,217.07224903728172,59894900
2024-09-19,228.3673858642578,229.31531179988679,224.1367068474718,224.49591687958383,66781300
2024-09-20,227.6988525390625,232.57811312113958,227.12012443578536,229.46496974860833,318679900
2024-09-23,225.97265625,228.94610768522742,225.31410200503296,226.8407407931877,54146000
2024-09-24,226.8706817626953,228.8463445678705,225.2342838755063,228.14786961487798,43556100
2024-09-25,225.8728790283203,226.79085685048213,223.52804884217394,224.43603888049125,42308700
2024-09-26,227.02035522460938,227.99819881641105,224.9149883158055,226.80083714120576,36636700
2024-09-27,227.2897491455078,229.01596089620384,226.80083496693393,227.9582911728241,34026000
2024-09-30,232.4883270263672,232.4883270263672,229.14567760776433,229.53482055042815,54541900
2024-10-01,225.71324157714844,229.14567442683443,223.24866456606327,229.01597026460064,63285000
2024-10-02,226.281982421875,226.8706831083472,222.5302449869956,225.39393750024195,32880600
2024-10-03,225.17440795898438,226.3119038145279,222.82957789090332,224.64557310138042,34044200
2024-10-04,226.30194091796875,227.49930262356304,223.63780617480538,227.39951613756347,37245100
2024-10-07,221.20315551757812,225.1943712346882,220.84394549402703,224.0069821228032,39505400
2024-10-08,225.27420043945312,225.4837307412941,222.75973024040246,223.80742742544692,31855700
2024-10-09,229.03591918945312,229.24546472466872,224.33627096325682,224.73538646570117,33591100
2024-10-10,228.53701782226562,228.99601435408132,226.67112924406288,227.27979028338342,28183500
2024-10-11,227.05029296875,228.9062089337624,226.84074743911052,228.79644988971887,31759200
2024-10-14,230.79205322265625,231.22110160659443,228.09798564307096,228.19775690140833,39882100
2024-10-15,233.33645629882812,236.9684620133565,231.85969551276995,233.0969778733182,64751400
2024-10-16,231.27099609375,231.61024577942743,229.33525401328018,231.09139869260778,34082200
2024-10-17,231.6401824951172,233.3364614020046,230.0137723986246,232.9173703418766,32993800
2024-10-18,234.48391723632812,235.66131853389138,233.4960858911256,235.66131853389138,46431500
2024-10-21,235.96067810058594,236.32987592195377,233.9351372634737,233.9351372634737,36254500
2024-10-22,235.342041015625,235.70125104779564,232.08920560922664,233.376366009758,38846600
2024-10-23,230.25323486328125,234.62362105235994,227.25982300232985,233.56595129753524,52287000
2024-10-24,230.0636749267578,230.3131259260407,227.90841463888628,229.47495899723685,31109500
2024-10-25,230.9018096923828,232.7078323586645,229.0658541264054,229.23547896644118,38802300
2024-10-28,232.88743591308594,234.21451699403664,232.03931169048735,232.80762499530724,36087100
2024-10-29,233.15684509277344,233.815399347975,231.8098189074392,232.58810476348472,35417200
2024-10-30,229.5946807861328,232.95727501758805,229.04588560251634,232.09916306464564,47070900
2024-10-31,225.4138946533203,229.325284321648,224.8750719925984,228.83635490362704,64370100
2024-11-01,222.42047119140625,224.8551151455125,219.78626950218685,220.48472918772245,65276700
2024-11-04,221.52244567871094,222.3007315284092,219.2275088130919,220.5046966292777,44944500
2024-11-05,222.95928955078125,223.45819152571042,220.65436486265338,221.31291912362707,28111300
2024-11-06,222.23089599609375,225.5735453041769,220.7042571772517,222.12113695305962,54561100
2024-11-07,226.98043823242188,227.37956894750107,224.0768403097807,224.13670611072257,42137700
2024-11-08,226.7107391357422,228.4088689967903,226.16134014604208,226.92049995960826,38328800
2024-11-11,223.98373413085938,225.45212091614073,221.25673663335022,224.7528927426808,42005600
2024-11-12,223.98373413085938,225.34224111445195,223.11469448970428,224.30339000560164,40398300
2024-11-13,224.8727569580078,226.4010754152989,222.5153482196322,223.76397540644066,48566200
2024-11-14,227.9693603515625,228.61864039722624,224.7528954725484,224.77287777547028,44923900
2024-11-15,224.7528839111328,226.67077335813082,224.023689933323,226.15134020310103,47923700
2024-11-18,227.7695770263672,229.4876892234719,224.92270099550518,225.00261496304853,44686000
2024-11-19,228.02928161621094,229.90722171238716,226.41106572007726,226.73070634208972,36211800
2024-11-20,228.7484893798828,229.67746064503265,225.64190448211673,227.80951934283004,35169600
2024-11-21,228.26902770996094,229.90722593821596,225.46211628612434,228.6286329426038,42108300
2024-11-22,229.61753845214844,230.46661102927646,227.80952873867182,227.80952873867182,38168300
2024-11-25,232.61424255371094,232.99383009111634,229.48769048234254,231.2058026888721,90152800
2024-11-26,234.8018341064453,235.31128373473052,233.07373841155265,233.07373841155265,45986200
2024-11-27,234.67198181152344,235.43115689965902,233.55321672420507,234.21249554010248,33498400
2024-11-29,237.06935119628906,237.5488197625333,233.71304074851764,234.55211454995276,28481400
2024-12-02,239.3268585205078,240.52553753151284,236.89953466637493,237.00941446483552,48137100
2024-12-03,242.3834991455078,242.49337894569658,238.6376176509325,239.54662188503684,38861000
2024-12-04,242.74310302734375,243.84190102311462,240.9850414761411,242.60325739533934,44383900
2024-12-05,242.7730712890625,244.2714238935446,241.86408229295347,243.72204013219255,40033900
2024-12-06,242.5732879638672,244.3613305629988,241.8141281502541,242.6432183998472,36870600
2024-12-09,246.47900390625,246.96847124510987,241.48449521514058,241.56440918324205,44649200
2024-12-10,247.4978790283203,247.93739821602466,245.0705399660552,246.61884065291167,36914800
2024-12-11,246.2192840576172,250.52454792031958,245.98952569372008,247.68767076725757,45205800
2024-12-12,247.68768310546875,248.46682524629017,245.41017310687806,246.61885092340057,32777500
2024-12-13,247.85748291015625,249.01619729452798,245.96955931284188,247.54782582286595,33155300
2024-12-16,250.7642822265625,251.10392039685559,247.3780059899919,247.71764416028498,51694800
2024-12-17,253.20159912109375,253.5512208135588,249.50566587259755,249.80533943156328,51356400
2024-12-18,247.77757263183594,254.0007260278641,247.46791553993853,251.88305927654196,56774100
2024-12-19,249.51565551757812,251.72323503929724,246.81862390484895,247.22817727073837,60882300
2024-12-20,254.21051025390625,254.71994465608725,245.42017186050566,247.76758181309805,147495300
2024-12-23,254.98965454101562,255.36922684225433,253.17164603591402,254.49020366493687,40858800
2024-12-24,257.91644287109375,257.92641115938613,255.0096198916901,255.2094124344067,23234700
2024-12-26,258.7355041503906,259.81433504408284,257.34704665632455,257.90642916266114,27237100
2024-12-27,255.30929565429688,258.41589596104086,252.78207543596488,257.54682582842287,42355300
2024-12-30,251.9230194091797,253.22159473829512,250.47461491371794,251.95298524244893,35557500
2024-12-31,250.1449737548828,253.00183336212825,249.15605553782555,252.16275955239965,39480700
2025-01-02,243.5821990966797,248.826433311358,241.55442975303322,248.65660659999048,55740700
2025-01-03,243.0927276611328,243.91181916074598,241.624340886356,243.0927276611328,40244100
2025-01-06,244.73092651367188,247.05836939894766,242.93290033169586,244.04168187374515,45045600
2025-01-07,241.94400024414062,245.28032844029428,241.08494412707995,242.71314361950866,40856000
2025-01-08,242.43344116210938,243.44234164075266,239.78635773622742,241.65429905026372,37628900
2025-01-10,236.58987426757812,239.8962364632009,232.74409661721964,239.7463920626497,61710900
2025-01-13,234.14256286621094,234.41227060505477,229.46771001708314,233.27352322575203,49630700
2025-01-14,233.02378845214844,235.8606656353981,232.21468051006943,234.49217517741417,39435300
2025-01-15,237.60874938964844,238.6975638581554,234.17252500331003,234.38230107288462,39832000
2025-01-16,228.00930786132812,237.74859991927732,227.7795647267042,237.089336348529,71759100
2025-01-17,229.7274169921875,232.03487756376998,228.22906438809179,231.86506609768284,68488300
2025-01-21,222.39547729492188,224.17352112887505,219.13906319002535,223.75398423747347,98070400
2025-01-22,223.58416748046875,223.87384226456615,219.54859611049605,219.54859611049605,64126500
2025-01-23,223.41436767578125,226.78066167492807,222.05586069453574,224.493183388126,60234800
2025-01-24,222.5353240966797,225.38220009721186,221.16683361690275,224.53312753788666,54697900
2025-01-27,229.6075439453125,231.89502211760887,223.73399710835045,223.77396171163917,94863400
2025-01-28,237.99832153320312,239.9262098046868,230.55650666713984,230.59647127201654,75707600
2025-01-29,239.0971221923828,239.5965730646729,233.75299176206667,233.86287156365174,45486100
2025-01-30,237.3290557861328,240.52553823889048,236.94948349745044,238.40787147181928,55658300
2025-01-31,235.74081420898438,246.91852728753366,233.18362815459494,246.91852728753366,101075100
2025-02-03,227.75958251953125,231.5753945205246,225.45212191586603,229.73741895869952,73063300
2025-02-04,232.54432678222656,232.87396618357337,226.40107197135944,227.00041910872287,45067300
2025-02-05,232.21469116210938,232.4144684638066,228.0193068583431,228.27901582634638,39620300
2025-02-06,232.9638671875,233.54323203112875,230.17692277145878,231.0359788855247,29925300
2025-02-07,227.3800048828125,233.74300400322835,227.0104008794231,232.3445476829273,39707200
2025-02-10,227.64999389648438,230.58999633789062,227.1999969482422,229.57000732421875,33115600
2025-02-11,232.6199951171875,235.22999572753906,228.1300048828125,228.1999969482422,53718400
2025-02-12,236.8699951171875,236.9600067138672,230.67999267578125,231.1999969482422,45243300
2025-02-13,241.52999877929688,242.33999633789062,235.57000732421875,236.91000366210938,53614100
2025-02-14,244.60000610351562,245.5500030517578,240.99000549316406,241.25,40896200
2025-02-18,244.47000122070312,245.17999267578125,241.83999633789062,244.14999389648438,48822500
2025-02-19,244.8699951171875,246.00999450683594,243.16000366210938,244.66000366210938,32204200
2025-02-20,245.8300018310547,246.77999877929688,244.2899932861328,244.94000244140625,32316900
2025-02-21,245.5500030517578,248.69000244140625,245.22000122070312,245.9499969482422,53197400
2025-02-24,247.10000610351562,248.86000061035156,244.4199981689453,244.92999267578125,51326400
2025-02-25,247.0399932861328,250.0,244.91000366210938,248.0,48013300
2025-02-26,240.36000061035156,244.97999572753906,239.1300048828125,244.3300018310547,44433600
2025-02-27,237.3000030517578,242.4600067138672,237.05999755859375,239.41000366210938,41153600
2025-02-28,241.83999633789062,242.08999633789062,230.1999969482422,236.9499969482422,56833400
2025-03-03,238.02999877929688,244.02999877929688,236.11000061035156,241.7899932861328,47184000
2025-03-04,235.92999267578125,240.07000732421875,234.67999267578125,237.7100067138672,53798100
2025-03-05,235.74000549316406,236.5500030517578,229.22999572753906,235.4199981689453,47227600
2025-03-06,235.3300018310547,237.86000061035156,233.16000366210938,234.44000244140625,45170400
2025-03-07,239.07000732421875,241.3699951171875,234.75999450683594,235.11000061035156,46273600
2025-03-10,227.47999572753906,236.16000366210938,224.22000122070312,235.5399932861328,72071200
2025-03-11,220.83999633789062,225.83999633789062,217.4499969482422,223.80999755859375,76137400
2025-03-12,216.97999572753906,221.75,214.91000366210938,220.13999938964844,62547500
2025-03-13,209.67999267578125,216.83999633789062,208.4199981689453,215.9499969482422,61368300
2025-03-14,213.49000549316406,213.9499969482422,209.5800018310547,211.25,60107600
2025-03-17,214.0,215.22000122070312,209.97000122070312,213.30999755859375,48073400
2025-03-18,212.69000244140625,215.14999389648438,211.49000549316406,214.16000366210938,42432400
2025-03-19,215.24000549316406,218.75999450683594,213.75,214.22000122070312,54385400
2025-03-20,214.10000610351562,217.49000549316406,212.22000122070312,213.99000549316406,48862900
2025-03-21,218.27000427246094,218.83999633789062,211.27999877929688,211.55999755859375,94127800
2025-03-24,220.72999572753906,221.47999572753906,218.5800018310547,221.0,44299500
2025-03-25,223.75,224.10000610351562,220.0800018310547,220.77000427246094,34493600
2025-03-26,221.52999877929688,225.02000427246094,220.47000122070312,223.50999450683594,34466100
2025-03-27,223.85000610351562,224.99000549316406,220.55999755859375,221.38999938964844,37094800
2025-03-28,217.89999389648438,223.80999755859375,217.67999267578125,221.6699981689453,39818600
2025-03-31,222.1300048828125,225.6199951171875,216.22999572753906,217.00999450683594,65299300
2025-04-01,223.19000244140625,223.67999267578125,218.89999389648438,219.80999755859375,36412700
2025-04-02,223.88999938964844,225.19000244140625,221.02000427246094,221.32000732421875,35905900
2025-04-03,203.19000244140625,207.49000549316406,201.25,205.5399932861328,103419000
2025-04-04,188.3800048828125,199.8800048828125,187.33999633789062,193.88999938964844,125910900
2025-04-07,181.4600067138672,194.14999389648438,174.6199951171875,177.1999969482422,160466300
2025-04-08,172.4199981689453,190.33999633789062,169.2100067138672,186.6999969482422,120859500
2025-04-09,198.85000610351562,200.61000061035156,171.88999938964844,171.9499969482422,184395900
2025-04-10,190.4199981689453,194.77999877929688,183.0,189.07000732421875,121880000
2025-04-11,198.14999389648438,199.5399932861328,186.05999755859375,186.10000610351562,87435900
2025-04-14,202.52000427246094,212.94000244140625,201.16000366210938,211.44000244140625,101352900
2025-04-15,202.13999938964844,203.50999450683594,199.8000030517578,201.86000061035156,51343900
2025-04-16,194.27000427246094,200.6999969482422,192.3699951171875,198.36000061035156,59732400
2025-04-17,196.97999572753906,198.8300018310547,194.4199981689453,197.1999969482422,51334300
2025-04-21,193.16000366210938,193.8000030517578,189.80999755859375,193.27000427246094,46742500
2025-04-22,199.74000549316406,201.58999633789062,195.97000122070312,196.1199951171875,52976400
2025-04-23,204.60000610351562,208.0,202.8000030517578,206.0,52929200
2025-04-24,208.3699951171875,208.8300018310547,202.94000244140625,204.88999938964844,47311000
2025-04-25,209.27999877929688,209.75,206.1999969482422,206.3699951171875,38222300
2025-04-28,210.13999938964844,211.5,207.4600067138672,210.0,38743100
