Date,Close,High,Low,Open,Volume
2011-04-29,19.997913360595703,20.553410422546726,19.565860090189354,20.48397310585709,319317900
2011-05-02,19.797311782836914,20.0596301408658,19.658437184872717,20.013339098732967,89825600
2011-05-03,19.91304588317871,19.94390756790351,19.666158291644805,19.75102645307188,71892900
2011-05-04,20.105924606323242,20.25251464819627,19.897614145474773,19.94390519548933,73292300
2011-05-05,19.897611618041992,20.12135289099725,19.812743477490468,20.098206633147083,55600000
2011-05-06,19.959341049194336,20.22937346840811,19.8667574543451,20.1136450785213,55993000
2011-05-09,19.928468704223633,20.0287661960767,19.805024958143463,19.90532244999653,38696400
2011-05-10,19.80502700805664,19.943901604662386,19.480986773165128,19.581284275399454,120798700
2011-05-11,19.56586456298828,19.797321357154544,19.45013469433874,19.78960593447348,78600000
2011-05-12,19.53499412536621,19.589000588385563,19.365259317081712,19.55814038304554,77400000
2011-05-13,19.31125259399414,19.53499386228483,19.249530712579563,19.504133657360406,66812300
2011-05-16,18.956357955932617,19.342120230889538,18.902351472889254,19.2572520594978,91350900
2011-05-17,19.041776657104492,19.18156154884101,18.847631303295216,18.94858623554298,82882100
2011-05-18,19.17379379272461,19.21262226742918,18.832097586721208,19.049540896216346,53931100
2011-05-19,19.19709014892578,19.321343044552897,19.026242787741335,19.298046552379912,37783600
2011-05-20,19.018482208251953,19.313584030245003,18.979653722774238,19.1970956113883,45451500
2011-05-23,18.769975662231445,18.832102125458718,18.66125472188665,18.80103815323922,52692500
2011-05-24,18.754440307617188,18.86316270964596,18.669017361779918,18.79327026591727,47691800
2011-05-25,18.785511016845703,18.878699987790835,18.76221303350343,18.769979027950853,34904200
2011-05-26,19.158267974853516,19.437837822559093,18.886464120829967,18.909762101876044,78016600
2011-05-27,19.228158950805664,19.33687989152827,19.142734508116916,19.1660324873625,50251000
2011-05-31,19.422313690185547,19.461142193087298,19.181573713527335,19.38348370607136,60196300
2011-06-01,18.97188377380371,19.49219336926431,18.92528930470303,19.40676894157017,74033500
2011-06-02,18.808799743652344,19.142729960789104,18.777737259915472,19.01847706341887,51487800
2011-06-03,18.568065643310547,18.74667905298975,18.513705169165732,18.67678659160018,60697700
2011-06-06,18.645721435546875,18.832100812231815,18.45934205886193,18.552531006598596,54778700
2011-06-07,18.684547424316406,18.769971849355436,18.560294523102225,18.707845398748347,41112600
2011-06-08,18.59135627746582,18.65348272068262,18.52922983424902,18.560292315251797,42205000
2011-06-09,18.606887817382812,18.669015745283463,18.498166905979325,18.64571777232072,42878700
2011-06-10,18.412742614746094,18.653483893406175,18.39721211387394,18.653483893406175,49327200
2011-06-13,18.66901969909668,18.785506626157897,18.404981874445042,18.474874326924102,47572500
2011-06-14,18.808799743652344,18.987414579682003,18.785503251152534,18.870926192337457,42894500
2011-06-15,18.436044692993164,18.645722054174755,18.381684224807938,18.63795606140377,49410200
2011-06-16,18.63795280456543,18.715611237493402,18.366149029923236,18.443807462851208,57184100
2011-06-17,18.839868545532227,18.870931037244056,18.62242517870241,18.808804572608643,83320400
2011-06-20,19.00294303894043,19.150493894166434,18.76220326130627,18.76996925170882,54338400
2011-06-21,19.228158950805664,19.30581740041255,18.948589124705563,19.041779560476172,49708700
2011-06-22,19.142736434936523,19.26698937432958,19.0961419529671,19.103907946830645,44287300
2011-06-23,19.127201080322266,19.14273306531533,18.793272290241045,18.979651666522987,59470400
2011-06-24,18.870929718017578,19.057310580106076,18.785506760872973,19.0340126020421,101387200
2011-06-27,19.569852828979492,19.771762699381934,18.816567886186643,18.816567886186643,92044200
2011-06-28,20.035799026489258,20.128989443891935,19.53878741690547,19.647508336199067,81032100
2011-06-29,19.896018981933594,19.965909955273414,19.69410761114166,19.965909955273414,66051000
2011-06-30,20.191118240356445,20.191118240356445,19.927080421793317,19.989206880207487,52535400
2011-07-01,20.206647872924805,20.323134783739206,20.066862987462944,20.136755430193872,52906200
2011-07-05,20.21441650390625,20.307605452241045,20.113460081796656,20.268776970636818,37805300
2011-07-06,20.447389602661133,20.478453571769403,20.160053813255935,20.167819805533,48744200
2011-07-07,20.789081573486328,20.874504508510686,20.47068336178606,20.5716382781644,51946500
2011-07-08,20.90557289123535,20.952167363937388,20.587174612216877,20.610472589173686,58320700
2011-07-11,20.68036460876465,20.812383522473674,20.57164367319663,20.672600097262638,43999800
2011-07-12,20.61048126220703,20.80462670824344,20.45516431289302,20.618245776581748,47319300
2011-07-13,20.68036460876465,20.93663644346903,20.58717565862396,20.657068111835304,40861800
2011-07-14,20.55611228942871,20.975467020970925,20.470689329501432,20.672600702331568,46382300
2011-07-15,20.796850204467773,20.913337116988917,20.556108906551096,20.556108906551096,49132400
2011-07-18,20.6492977142334,20.890037512156063,20.393025934196668,20.680360197250188,44501900
2011-07-19,21.387052536010742,21.46470949129221,20.796850492360416,20.82014698646027,86730600
2011-07-20,21.01429557800293,21.23950493044409,20.952169115469456,21.185144460878764,49795400
2011-07-21,21.04535675048828,21.20843813749169,20.695894519464538,20.99876228008895,81737400
2011-07-22,21.379287719726562,21.394818222909876,20.7191931950601,20.85897809219083,76380600
2011-07-25,21.674392700195312,21.814177627528323,21.11525447207514,21.169614947990894,108482400
2011-07-26,21.806407928466797,21.860768395146017,21.57343407663825,21.604496565649963,74636500
2011-07-27,21.22396469116211,21.736508178053835,21.123009784257853,21.65108376983484,71488700
2011-07-28,21.526840209960938,21.79864405094063,21.130783438455403,21.192911384930095,83761400
2011-07-29,21.27832794189453,21.51906773714888,21.169607030723792,21.371518352334682,104394800
2011-08-01,21.1773738861084,21.503538114145247,20.77355122640347,21.363753233384973,61838400
2011-08-02,20.81238555908203,21.31716476638425,20.78132306639938,20.952170479183458,63883100
2011-08-03,20.90557289123535,20.96769934857526,20.56387663526007,20.835680441576507,64581200
2011-08-04,20.144521713256836,20.866742644453495,20.1367557215953,20.602704852807157,92949500
2011-08-05,19.942607879638672,20.26877208257524,19.593145704631183,20.167815684812513,112071700
2011-08-08,19.01071548461914,19.880487449298503,18.94082302847474,19.430070221485543,134257200
2011-08-09,19.86495590209961,19.896019874944187,18.661255097395507,19.189329304847565,126268900
2011-08-10,18.793277740478516,19.484434979784645,18.715619274203075,19.375714015726256,127819900
2011-08-11,19.56207847595215,19.709627819628388,18.94857869119726,19.0262370980437,90690100
2011-08-12,19.49220085144043,19.678580280597277,19.142738496013816,19.515497354327515,64787100
2011-08-15,19.810592651367188,19.864953115006564,19.5310228598372,19.6009153077197,56529400
2011-08-16,19.810596466064453,19.998152227248788,19.576150646663514,19.709002830489172,54251500
2011-08-17,19.732444763183594,20.084112691820952,19.482370454179456,19.732444763183594,50923700
2011-08-18,19.279186248779297,19.607409178261708,18.77903759073394,19.201037648319566,105714200
2011-08-19,18.794662475585938,19.24010896470156,18.685255350484006,19.075996786488375,77397900
2011-08-22,18.739961624145508,19.13851812539637,18.591480930186552,19.08381455493144,54721000
2011-08-23,19.318256378173828,19.3417014013226,18.779034260794926,18.779034260794926,59670600
2011-08-24,19.458925247192383,19.482370272402942,19.08381378718608,19.263554508785713,45329700
2011-08-25,19.201038360595703,19.66211348079539,19.146334785412794,19.59959489622055,48192000
2011-08-26,19.732444763183594,19.802778348911065,19.083813965243937,19.15414755097141,71957000
2011-08-29,20.193525314331055,20.209155335529353,19.826228759536274,19.951265948000916,38863200
2011-08-30,20.498302459716797,20.654599684362402,20.08411734835931,20.10756088866359,57341400
2011-08-31,20.787446975708008,20.87340908748538,20.521742650809692,20.545187676145584,59300800
2011-09-01,20.482666015625,20.99063109114122,20.482666015625,20.678036739881904,60510800
2011-09-02,20.162261962890625,20.318559168100258,20.05285481358025,20.146633434818156,43894400
2011-09-06,19.93563461303711,19.998153203149435,19.62304166247549,19.69337526267195,54929300
2011-09-07,20.318561553955078,20.318561553955078,19.9825235666884,20.07630219893802,41961000
2011-09-08,20.490482330322266,20.83433524430186,20.279483067493366,20.318556618612682,65811900
2011-09-09,20.115371704101562,20.459224632278477,19.927815967976105,20.318557457544262,64529200
2011-09-12,20.232595443725586,20.263855480818012,19.7480767932778,19.880928969799406,55046100
2011-09-13,20.349815368652344,20.467037505178432,20.17007316938132,20.256036765095274,48792300
2011-09-14,20.70929718017578,20.943741457689473,20.23259212659619,20.451407878686574,66739200
2011-09-15,21.09222984313965,21.123489884317625,20.560821067600468,20.889044047165207,67808300
2011-09-16,21.19382095336914,21.311043112654815,20.967190153597624,21.139115887845907,89681500
2011-09-19,21.264150619506836,21.342299213594583,20.787447027636446,20.943742725251482,52324900
2011-09-20,21.084413528442383,21.490785095250786,21.045339969948028,21.342302889962962,49211900
2011-09-21,20.310741424560547,21.146927931575604,20.295111408031566,21.139112923311114,72750700
2011-09-22,19.58396339416504,20.04503847944332,19.22448193272666,19.77151913368426,96278300
2011-09-23,19.58396339416504,19.654296982804812,19.294815521366434,19.45892623448556,64768100
2011-09-26,19.88092613220215,19.943444706903144,19.326072477490456,19.685555399941485,51057600
2011-09-27,20.0606632232666,20.25603392022457,19.888737546545237,20.052848216521067,55620700
2011-09-28,19.990337371826172,20.607709728063266,19.935633794045305,20.263856751291204,60736200
2011-09-29,19.888744354248047,20.45141161748029,19.607409977351608,20.30292941961154,63407300
2011-09-30,19.451108932495117,19.927813979172274,19.443293924616437,19.693369705053207,54060500
2011-10-03,19.16977882385254,19.802779646311038,19.161963814864095,19.31825952295133,64592500
2011-10-04,19.802780151367188,19.8418537067454,18.958778536376663,18.990037082567113,83485400
2011-10-05,20.232595443725586,20.443596222417657,19.66211318183423,19.86529895125319,94061300
2011-10-06,20.584260940551758,20.63114950000875,20.084112331516046,20.240408026559493,55111400
2011-10-07,20.513931274414062,20.71711705828507,20.47485771582994,20.584264872314055,52741600
2011-10-10,21.053150177001953,21.076593710526215,20.68585225247787,20.771815850227824,41815300
2011-10-11,21.10004425048828,21.15474783042575,20.88122844017764,20.990637090613344,38826200
2011-10-12,21.068777084350586,21.342296382089376,21.021888530342874,21.24070426664596,52489800
2011-10-13,21.240705490112305,21.256335505868584,20.803075482858873,20.912482612032147,43823500
2011-10-14,21.311038970947266,21.490779679624186,21.115668246587045,21.342297511753525,50947700
2011-10-17,21.084413528442383,21.428266507323393,20.98282138202064,21.18600716542484,39453300
2011-10-18,21.342296600341797,21.412630177352742,20.943740160799855,21.05314877535037,52487900
2011-10-19,21.20163345336914,21.467337796614476,21.10785632667111,21.389190687886305,42880000
2011-10-20,21.131296157836914,21.3657404074971,20.631146139702896,21.30322184155037,76300200
2011-10-21,21.22507667541504,21.248521700376138,20.943742338123567,21.21726166709467,76620600
2011-10-24,21.24852752685547,21.412638274902072,21.131305351027777,21.146933881393522,56897800
2011-10-25,20.951560974121094,21.279783927604797,20.881227377620252,21.16256176362362,53554600
2011-10-26,20.779626846313477,21.146923209362928,20.3967004702253,21.12347968036493,63029900
2011-10-27,21.295406341552734,21.412628463669435,20.826516362525783,21.201627749523283,74512400
2011-10-28,21.084413528442383,21.248525753352233,20.935932813715272,21.209450704297165,57712100
2011-10-31,20.81088638305664,21.100035675943822,20.80307286672145,20.912479982135984,46799000
2011-11-01,20.310741424560547,20.568630735047066,20.209149298243005,20.46703860872952,61182600
2011-11-02,20.326372146606445,20.474854327664662,20.084112844240227,20.39670573286768,53533100
2011-11-03,20.732744216918945,20.77963277886163,20.302927679002753,20.50611343483505,65836100
2011-11-04,20.513931274414062,20.631153440727143,20.318560500372026,20.61552342106921,36549200
2011-11-07,20.943744659423828,20.959374677796912,20.4201509684102,20.482669551341953,42589700
2011-11-08,21.22507667541504,21.2563367086965,20.857780227720394,21.1078545317304,47822500
2011-11-09,20.47486114501953,20.904676323674433,20.36545247965062,20.77963912659079,62950900
2011-11-10,20.537370681762695,20.709296379252894,20.412333539849765,20.685851356184106,32514400
2011-11-11,21.029708862304688,21.162561041097067,20.76400450471993,20.771819514126616,37903000
2011-11-14,20.912490844726562,21.10004663595664,20.82652721478576,21.006267995061137,34199200
2011-11-15,21.054210662841797,21.21168479267348,20.78650554319869,20.9124842463502,43874200
2011-11-16,20.52667236328125,20.873114515486666,20.503052297261547,20.841619091747784,53262800
2011-11-17,20.1093692779541,20.5030530789936,20.0306322173893,20.4794315102888,70977500
2011-11-18,19.920400619506836,20.077874747653247,19.802295774289323,20.062127034481687,47626200
2011-11-21,19.684181213378906,19.881023025512697,19.605444188168622,19.87314917281328,61882500
2011-11-22,19.518840789794922,19.652691821326023,19.40860832002769,19.597576337334555,49204500
2011-11-23,19.26688003540039,19.518838868796657,19.26688003540039,19.377112494318805,49099700
2011-11-25,19.133033752441406,19.42436045070268,19.133033752441406,19.19602310587835,26164600
2011-11-28,19.581829071044922,19.660564614331093,19.440102690275054,19.63694455205893,46766700
2011-11-29,19.55821990966797,19.71569409966968,19.487356674345715,19.54247219031076,40917100
2011-11-30,20.14086151123047,20.14873536680476,19.794419374883585,19.975515049523516,81350900
2011-12-01,19.904653549194336,20.180231008881954,19.841664201010804,20.12511551694443,48545400
2011-12-02,19.857410430908203,20.172358673914736,19.81016879517103,20.14873710515389,52293800
2011-12-05,20.235347747802734,20.314083305702326,20.077873628434546,20.29833709519311,56818400
2011-12-06,20.203853607177734,20.36920159320071,20.164485825726103,20.321958453317233,46175300
2011-12-07,20.156606674194336,20.282585343888087,19.951890960495945,20.211722154462326,62667000
2011-12-08,19.9991397857666,20.2510972158574,19.97551971531105,20.0621291432893,60522200
2011-12-09,20.235347747802734,20.369200298730345,20.077873628434546,20.093621340728266,53788500
2011-12-12,20.085752487182617,20.132994134045383,19.91253211416257,20.007015407888094,38945900
2011-12-13,20.2825870513916,20.550292122473802,20.195976145516674,20.27471319614985,54581100
2011-12-14,20.14873504638672,20.361324638158692,20.132987335488565,20.251092163655983,47926400
2011-12-15,20.125118255615234,20.37707568263628,20.109372042764964,20.251096969125758,46213900
2011-12-16,20.4715576171875,20.60541016937126,20.18023094415772,20.211726369040733,101408100
2011-12-19,20.101491928100586,20.566038852732177,20.046374944035335,20.48730180585179,52258300
2011-12-20,20.49518394470215,20.550299449260372,20.3219620711936,20.361331361438662,60767600
2011-12-21,20.2825870513916,20.621155317865227,20.0306296907929,20.479428927082377,64132500
2011-12-22,20.32195281982422,20.361322092146807,20.062121629631857,20.329826674288736,35794100
2011-12-23,20.49518394470215,20.50305780275116,20.258972708586363,20.40069914989886,23205800
2011-12-27,20.503055572509766,20.58179114086562,20.416444645176686,20.440064714969562,21287200
2011-12-28,20.329833984375,20.589665267996022,20.282592342385193,20.558171340597724,29822500
2011-12-29,20.487306594848633,20.510926663185064,20.361327891105653,20.432191099684154,22616900
2011-12-30,20.440061569213867,20.56604176312104,20.4006937910947,20.47155699313678,27395700
2012-01-03,21.07782745361328,21.227426191069934,20.778626975131452,20.904605649718246,64731500
2012-01-04,21.573871612548828,21.62898710342767,21.085704548949547,21.117198471544103,80516100
2012-01-05,21.79433822631836,21.833706010694854,21.487265303184525,21.55812701470527,56081400
2012-01-06,22.132905960083008,22.19589531439657,21.676232765863503,21.676232765863503,99455500
2012-01-09,21.841581344604492,22.12503421699015,21.82583362907533,22.085664928167247,59706800
2012-01-10,21.920316696166992,22.164400260529614,21.849453483644826,21.991179908689155,60014400
2012-01-11,21.82582664489746,22.030542375913903,21.55024922024488,21.597490849930416,65582400
2012-01-12,22.046295166015625,22.06204288013396,21.770716176083496,21.94393802781581,49370800
2012-01-13,22.24314308166504,22.24314308166504,21.88095457004167,21.9911855950079,60196100
2012-01-17,22.251008987426758,22.55808187680662,22.180145781910706,22.361239972991932,72395300
2012-01-18,22.227388381958008,22.36124094242633,22.02267261290147,22.290377733838124,64860600
2012-01-19,22.140779495239258,22.39273690883086,22.069916284943538,22.172273421045883,74053500
2012-01-20,23.392688751220703,23.41631031792038,22.636816638243683,22.691932125425208,165902900
2012-01-23,23.408437728881836,23.581659557149635,23.10923871008618,23.26671132458435,76078100
2012-01-24,23.10136604309082,23.282460234887413,22.975387344294536,23.203723172693596,51703300
2012-01-25,23.274587631225586,23.345450840835717,22.888777657672982,22.888777657672982,59231700
2012-01-26,23.22734832763672,23.38482247633461,23.148611253287772,23.313959259599034,49102800
2012-01-27,23.014751434326172,23.250962583033647,22.9675098052984,23.187973243735183,44187700
2012-01-30,23.3139591217041,23.321832979270905,22.699811747556563,22.810042749922232,51114800
2012-01-31,23.250967025756836,23.384819585065248,23.01475583191485,23.35332415850581,50572400
2012-02-01,23.53441619873047,23.660394889851954,23.43205907536343,23.455680643117883,67409900
2012-02-02,23.581653594970703,23.754873877658532,23.392684102495135,23.54228432496159,52223300
2012-02-03,23.809995651245117,23.935974345025425,23.691890813549144,23.731258592186304,41838500
2012-02-06,23.77849769592285,23.794243903636506,23.59740204026557,23.65251902350819,28039700
2012-02-07,23.896608352661133,24.006839342512553,23.660397157827894,23.739134222772307,39242400
2012-02-08,24.14069938659668,24.148573245710672,23.79425709450634,23.82575253096231,49659100
2012-02-09,24.22730255126953,24.250922619237738,23.99896521567962,24.156439343795736,50481600
2012-02-10,24.014713287353516,24.250922981269376,23.904482297097392,24.124944277609636,44605300
2012-02-13,24.07770538330078,24.227305674115783,23.959600522882532,24.11707316951194,33319800
2012-02-14,23.97466468811035,24.141099651252237,23.65764463093232,24.038068699545956,59644000
2012-02-15,23.816160202026367,24.085627699807862,23.800310328729015,24.038075056573266,43311300
2012-02-16,24.798925399780273,25.004987361784575,24.01429845661607,24.022224149257976,94705100
2012-02-17,24.767223358154297,24.822701696609148,24.529458618584552,24.727596405449788,70036500
2012-02-21,24.917804718017578,25.052538453106163,24.6879641945313,24.711741269548504,50829900
2012-02-22,24.783069610595703,25.10801539281507,24.71173990116501,24.925729029457088,49253200
2012-02-23,24.86232566833496,25.036686345067512,24.569081131628636,24.727591937146283,35034700
2012-02-24,24.949506759643555,24.965358143488118,24.759294688522278,24.949506759643555,35575400
2012-02-27,24.846479415893555,24.965361788743774,24.6483416239194,24.759298303690084,34568400
2012-02-28,25.25860023498535,25.306152870211065,24.870248927017126,24.894026000465495,45230600
2012-02-29,25.15556526184082,25.36162867623574,25.052534310478794,25.2744475939265,59323600
2012-03-01,25.591474533081055,25.670728429992106,25.242751642321927,25.30615566685348,77344100
2012-03-02,25.42504119873047,25.710357060279485,25.361635658380084,25.607327592223967,47314200
2012-03-05,25.2031192779541,25.40125701288038,25.060461378610782,25.36955424969012,45240000
2012-03-06,25.01291275024414,25.345784278799556,24.957434414096785,24.997062876824383,51932900
2012-03-07,25.23482894897461,25.29823298104052,24.98913851367812,25.100095191875624,34340400
2012-03-08,25.369550704956055,25.528061475417704,25.282371141705813,25.393329285697266,36747400
2012-03-09,25.353708267211914,25.488442008087144,25.2982299347935,25.440887856010345,34628400
2012-03-12,25.393335342407227,25.520143384353965,25.21897315097714,25.337855501343316,34073600
2012-03-13,25.892641067504883,25.908492451131615,25.480517186579043,25.551846901228185,48951700
2012-03-14,25.97190284729004,26.05908396188525,25.749989481660673,25.781689231505684,41986900
2012-03-15,26.035301208496094,26.106630925095082,25.82131508204149,25.987750079658348,49068300
2012-03-16,25.83716583251953,26.114560544213766,25.757911928231266,26.0828577731614,65626400
2012-03-19,25.5201473236084,25.84509317021399,25.480520371259946,25.78961483225762,44789200
2012-03-20,25.353708267211914,25.480517827745526,25.155570501905473,25.440887856010345,41566800
2012-03-21,25.290306091308594,25.480519690176582,25.218976369650925,25.329933042597837,37928600
2012-03-22,25.361635208129883,25.43296492808645,25.195200202678734,25.21105007581366,31749500
2012-03-23,25.369550704956055,25.44880760185762,25.13971175062448,25.440880400496724,35912200
2012-03-26,25.82923698425293,25.845088366914872,25.48051563571652,25.5122153776983,36758300
2012-03-27,25.773761749267578,25.916421187001024,25.6786564652261,25.876794237262285,36274900
2012-03-28,25.512226104736328,25.916428974214377,25.393345219799482,25.77376949361546,41344800
2012-03-29,25.456737518310547,25.512215846976776,25.211047129215363,25.409186392792158,37038500
2012-03-30,25.567697525024414,25.686581401078556,25.39333833637891,25.678657220234808,31749400
2012-04-02,25.591474533081055,25.726206762498315,25.322007050904165,25.535996200574846,35853600
2012-04-03,25.314088821411133,25.512225133770052,25.092173914295127,25.488449562356227,42752100
2012-04-04,24.735515594482422,25.115941217355637,24.60870755741503,25.09216414352886,49455900
2012-04-05,24.981210708618164,25.068390300543395,24.60871072901234,24.687966140311744,50368600
2012-04-09,24.648338317871094,24.886103031680467,24.54530583332816,24.74344359872637,31056400
2012-04-10,24.149030685424805,24.719668426288898,24.014296942350917,24.616635940112346,54131300
2012-04-11,24.053926467895508,24.196585909426865,23.958819669650843,24.11733049616819,43014000
2012-04-12,24.55323600769043,24.60079016847056,24.109407755442774,24.156960404551445,38304000
2012-04-13,24.418502807617188,24.695896038572382,24.347173076466664,24.481906845120818,39749200
2012-04-16,24.632492065429688,24.71967318410178,24.386801608420104,24.561162334092792,38124800
2012-04-17,24.917804718017578,25.052538453106163,24.727592652893307,24.783070982928997,34361500
2012-04-18,24.680036544799805,24.814770269198913,24.600782657705857,24.79099470773913,40552900
2012-04-19,24.577007293701172,25.108016537181285,24.521528964208954,24.67211256949609,54781200
2012-04-20,25.694499969482422,26.066999877967334,25.40125696883573,25.480513876673957,106045000
2012-04-23,25.456737518310547,25.75790774774304,25.385407806690804,25.607324144697873,61398200
2012-04-24,25.29823112487793,25.77376208631765,25.226901405078408,25.52807015737652,40871100
2012-04-25,25.5201473236084,25.61525261391322,25.258605507763136,25.29823246011159,62495500
2012-04-26,25.448810577392578,25.543915841452908,25.29822547901432,25.45673475633851,40308100
2012-04-27,25.345781326293945,25.53599490188606,25.266525921742417,25.45673798566342,41419100
2012-04-30,25.377483367919922,25.448813078811778,25.298227965632183,25.345780602336397,35697200
2012-05-01,25.369550704956055,25.631093929719,25.321999590156597,25.40125346371668,43832300
2012-05-02,25.2031192779541,25.306151746651498,25.07631124853496,25.24274773194193,37385300
2012-05-03,25.171422958374023,25.282379627938226,25.052540596459345,25.266528243237268,31501300
2012-05-04,24.55323600769043,25.02084134032815,24.50568335858176,24.925736042110813,57927200
2012-05-07,24.29168701171875,24.458123502060143,24.228282994367508,24.331315467357662,48641400
2012-05-08,24.172807693481445,24.39472253781996,23.911265900215543,24.15695630924201,46328300
2012-05-09,24.378873825073242,24.434352164319513,23.855790181220737,23.927119906443476,50309300
2012-05-10,24.36302375793457,24.584938638603887,24.133184695519432,24.45813056727041,43839200
2012-05-11,24.695894241333008,24.99706453131126,24.323395737066626,24.323395737066626,43459300
2012-05-14,24.31546974182129,24.600788642113603,24.28376696993487,24.42642642008103,40528900
2012-05-15,24.100065231323242,24.570738604205506,24.052200580979733,24.44309852222962,61822800
2012-05-16,23.852766036987305,24.18782167856489,23.725125937490127,24.179843982147567,60083700
2012-05-17,23.70917510986328,24.100073180039654,23.70119741190985,23.92456838983505,48484000
2012-05-18,23.350189208984375,23.780974272750658,23.270413746334206,23.765020397492936,56205300
2012-05-21,23.73310661315918,23.765017402834285,23.18265766398519,23.214568453660295,38787900
2012-05-22,23.741092681884766,23.836822041484655,23.533677040630693,23.685250301853042,39504900
2012-05-23,23.222545623779297,23.453892757309966,22.847601461561418,23.414005792711972,65171000
2012-05-24,23.190637588500977,23.374120081982856,22.943335031130168,23.262435350574815,52575000
2012-05-25,23.182662963867188,23.421989376373265,23.142775989244782,23.29434923167291,29507200
2012-05-29,23.5815372467041,23.709177383016105,23.310301576643482,23.43794171295549,37758800
2012-05-30,23.406030654907227,23.517715385266392,23.230525861258492,23.414008353017213,41585500
2012-05-31,23.286367416381836,23.469849901757808,23.08692953534093,23.37411904935845,39134000
2012-06-01,22.696029663085938,23.102881568999408,22.688051965888985,22.943332189830834,56634300
2012-06-04,22.775802612304688,22.95928659676277,22.592320149436702,22.831646490281553,47926300
2012-06-05,22.7439022064209,22.935362440726514,22.648171328472746,22.7439022064209,45715400
2012-06-06,23.41400718688965,23.42996258231497,22.983220639947497,23.039063002345866,46860500
2012-06-07,23.318281173706055,23.693225436038468,23.270416499089997,23.645359239831837,37792800
2012-06-08,23.65333366394043,23.677266758729747,23.174682419286604,23.302322548315576,42551100
2012-06-11,23.055025100708008,23.780979066128634,22.99120502204215,23.717158987462778,46361900
2012-06-12,23.366146087646484,23.374122264985974,23.00715724374988,23.21457285115786,35337900
2012-06-13,23.238502502441406,23.485806584024974,23.174682437875727,23.310300265276588,32984600
2012-06-14,23.406030654907227,23.501759989046416,23.03906414979945,23.398052956797237,39458900
2012-06-15,23.948495864868164,23.996360519768388,23.525687102078,23.605462541305002,62314400
2012-06-18,23.804903030395508,23.956476229652772,23.701194491370497,23.924565441771193,58679900
2012-06-19,24.490976333618164,24.818054389325535,23.972436542364044,24.084122808364732,75725800
2012-06-20,24.674455642700195,24.770184976445677,24.443106963233014,24.674455642700195,36257100
2012-06-21,24.04422950744629,24.84198100029152,23.98040944888228,24.69838548812494,48456600
2012-06-22,24.490976333618164,24.514907909368613,23.95648266572725,24.17187445543393,45098100
2012-06-25,23.828853607177734,24.187841104733707,23.62941560133845,24.17188569908467,42217200
2012-06-26,23.948495864868164,24.1479337021407,23.88467581780455,23.932540472704773,38421300
2012-06-27,24.068166732788086,24.331424709767855,23.956481991521056,24.084122130566367,33781700
2012-06-28,23.86074447631836,23.972429186458232,23.469846469238743,23.916586831388297,45328400
2012-06-29,24.403221130371094,24.482996593265977,24.044232308139325,24.291536395272498,55227200
2012-07-02,24.379291534423828,24.427157731985698,24.100078135008708,24.427157731985698,30589100
2012-07-03,24.538843154907227,24.538843154907227,24.068169517130993,24.116034194412624,20938100
2012-07-05,24.490976333618164,24.554796404936905,24.23569452675267,24.403223164958447,28801900
2012-07-06,24.084121704101562,24.490975210700654,23.892661498923836,24.419177443560198,38294800
2012-07-09,23.93255043029785,24.116032951748398,23.757045608248276,24.0282813015189,30680800
2012-07-10,23.72513198852539,24.1080523846798,23.5416494889002,23.996367649532367,37534100
2012-07-11,23.374116897583008,23.725127961946892,23.222545217490307,23.701194870652717,39184900
2012-07-12,22.839632034301758,23.278396411702257,22.76783577634677,23.25446331132345,63523600
2012-07-13,23.4459171295166,23.517714889402324,22.911423540139715,22.943334331906836,39085000
2012-07-16,23.485807418823242,23.557605184210463,23.166707084652494,23.51771669144511,27900600
2012-07-17,23.66131019592285,23.820861110139884,23.29434522345008,23.645354800183092,33771300
2012-07-18,24.291542053222656,24.291542053222656,23.501766460359395,23.613452743062194,41090400
2012-07-19,24.467039108276367,24.57074613607576,24.23569043778426,24.339398987173915,46663200
2012-07-20,24.028270721435547,24.770178179963388,23.972426850217836,24.730291222112072,64021700
2012-07-23,23.358171463012695,23.597496376048962,23.142778128325645,23.589518676068995,55151900
2012-07-24,23.25446128845215,23.421989933349295,23.055023367416382,23.32625906175227,47723300
2012-07-25,22.999176025390625,23.39805178130901,22.959289058434887,23.326254023516483,45579500
2012-07-26,23.262435913085938,23.53367157157025,23.206593546031588,23.318278280140287,45301400
2012-07-27,23.741092681884766,23.81289046238005,23.278396719576673,23.51772164016713,44242600
2012-07-30,23.645353317260742,23.788948826732394,23.501757807789087,23.733106466735684,28905000
2012-07-31,23.509742736816406,23.70120296780888,23.398057982468462,23.517720436639923,37620900
2012-08-01,23.461870193481445,23.653330360283693,23.302319293684498,23.60546569898067,31721800
2012-08-02,23.286367416381836,23.557603056324695,23.11086110724806,23.302321290456497,39520500
2012-08-03,23.73310661315918,23.884679820935535,23.51771334762281,23.557601834716692,35859400
2012-08-06,23.89265251159668,24.020292600369444,23.7809662927281,23.932539468741965,27471800
2012-08-07,24.139965057373047,24.21176282743903,23.828842401480788,23.988391818168132,28002900
2012-08-08,24.195802688598633,24.307487410556387,24.02029790815213,24.100071840070402,26257600
2012-08-09,24.331422805786133,24.451085236578486,24.171871883669425,24.24366964646291,24920800
2012-08-10,24.26760482788086,24.427155763716378,24.13198698889781,24.33142489789697,27810300
2012-08-13,24.243671417236328,24.29951378757883,24.060188908513684,24.21176214343653,23049100
2012-08-14,24.19548988342285,24.404279564233384,24.099126357922987,24.332006154273177,34551400
2012-08-15,24.2517032623291,24.31594612198853,24.107156445177736,24.17942985375342,24351000
2012-08-16,24.71746063232422,24.845946332173558,24.299881341978697,24.380185287302123,35787200
2012-08-17,24.813825607299805,24.829886703647404,24.564884740593858,24.829886703647404,32589900
2012-08-20,24.685338973999023,24.773673468927235,24.5568532713782,24.749581825309434,23737700
2012-08-21,24.7335205078125,24.86200620928137,24.58094469461221,24.701399848280474,28822700
2012-08-22,24.524734497070312,24.701401968838905,24.468520657640273,24.56488570784983,33437400
2012-08-23,24.299890518188477,24.412315165093244,24.155343668356092,24.40428461436134,28355600
2012-08-24,24.540794372558594,24.597006681028606,24.235641184434005,24.29185349290402,22943300
2012-08-27,24.645193099975586,24.86201181277775,24.56488913554073,24.8379216956168,34691100
2012-08-28,24.597007751464844,24.733524020120438,24.508674776455177,24.653221594051757,23947900
2012-08-29,24.613067626953125,24.693371580704152,24.444430702579435,24.613067626953125,23346800
2012-08-30,24.348066329956055,24.58094764915386,24.26776237396817,24.516704790697666,23982100
2012-08-31,24.74958038330078,24.8620049836261,24.396243955845105,24.572912935408095,36590100
2012-09-04,24.404279708862305,24.62109994002789,24.211551125049777,24.45246300356841,48556700
2012-09-05,24.404279708862305,24.516705864839256,24.25973288808525,24.267763437202934,33650000
2012-09-06,25.175193786621094,25.18322433516806,24.46049028264637,24.492612476834232,48371700
2012-09-07,24.853979110717773,24.950342628418994,24.677310108814698,24.92625251482894,42649100
2012-09-10,24.669279098510742,24.81382590402672,24.500642179855745,24.75761359780839,40524000
2012-09-11,24.72549819946289,24.821861735871817,24.58095136317871,24.64519423134159,25191800
2012-09-12,24.71746063232422,25.03867488194756,24.67730789382733,24.845946332173558,32775800
2012-09-13,24.845951080322266,25.03867966692738,24.412310611707767,24.80579833415204,45047300
2012-09-14,25.062761306762695,25.094883492835187,24.74154710438843,24.90215497141063,51422800
2012-09-17,25.062761306762695,25.102914039353312,24.926246610965,25.046701745396582,36488500
2012-09-18,25.038671493530273,25.062761601698,24.918216357681192,24.97442865229942,34542700
2012-09-19,24.93427848815918,25.046704620648804,24.926249472389497,24.96640067791916,48871900
2012-09-20,25.255496978759766,25.279587092003627,24.82185656032457,24.853978753543682,45543000
2012-09-21,25.046709060668945,25.383984454585864,24.966405103703853,25.239437638382814,102348900
2012-09-24,24.71746063232422,24.950340388924758,24.60503449620328,24.894128086699467,46825900
2012-09-25,24.404279708862305,24.89413248334663,24.380189593179885,24.853981269428843,54266400
2012-09-26,24.227603912353516,24.57290974760858,24.12320987297576,24.31593839067554,54672000
2012-09-27,24.219579696655273,24.412308264731646,24.00275948319291,24.22761024511727,47129900
2012-09-28,23.89836311340332,24.29988130778509,23.882302018027165,24.23563845795082,54229300
2012-10-01,23.681541442871094,24.075029065007218,23.625329144233113,23.938512826170584,54042700
2012-10-02,23.81806182861328,24.002759851058336,23.689576114593198,23.834122925783426,43338900
2012-10-03,23.978666305541992,24.083060358867705,23.82608896760105,23.890331815417714,46655900
2012-10-04,24.11518669128418,24.11518669128418,23.745789104127965,24.06700339839169,43634900
2012-10-05,23.970640182495117,24.291854480866675,23.882305676066466,24.275793383030447,41133900
2012-10-08,23.914430618286133,24.02685525271038,23.729731035298165,23.802004452191117,29752000
2012-10-09,23.51291275024414,23.882308859696106,23.43260878202869,23.834127091435157,45121100
2012-10-10,23.271997451782227,23.53699943607774,23.247907337000274,23.40851371833874,47227100
2012-10-11,23.247896194458008,23.488806416834528,23.183653366379612,23.46471478192894,41488500
2012-10-12,23.448665618896484,23.54502913789892,23.127449804433653,23.263966066079202,46464700
2012-10-15,23.69760513305664,23.8662420474429,23.48881547833763,23.5851805234658,42440200
2012-10-16,23.681541442871094,23.882300527532603,23.545025204034456,23.64942078579379,47739400
2012-10-17,23.761838912963867,23.801990106295303,23.360320852970116,23.528957702965965,44206100
2012-10-18,23.689573287963867,23.87427128837084,23.496844739930026,23.810028439026222,59238500
2012-10-19,22.99895668029785,23.352293043348077,22.88653210046506,23.328201405525324,90470800
2012-10-22,22.48501968383789,23.151539848913412,22.34850343163349,23.071235900851338,83374000
2012-10-23,22.525169372558594,22.645626052361294,22.292289623725345,22.300320171156876,64414800
2012-10-24,22.404708862304688,22.64562063258234,22.380618757445884,22.613498450544007,53320400
2012-10-25,22.38865852355957,22.645631508269048,22.372598956497654,22.63760095890275,54084300
2012-10-26,22.65365219116211,22.758047762843752,22.356529632280765,22.37259072510411,57790000
2012-10-31,22.918659210205078,23.1916901725295,22.886537019537293,22.926688226201673,69464100
2012-11-01,23.705638885498047,23.73775955043568,23.143512698218412,23.159573796522547,72047900
2012-11-02,23.689573287963867,23.906393478878318,23.55305704164777,23.76184668493535,57131600
2012-11-05,23.79396629333496,23.88230078166046,23.553056001845768,23.785937277732895,38070800
2012-11-06,23.978666305541992,24.25169879168039,23.77790721465613,23.946544115798506,43401500
2012-11-07,23.352294921875,23.954572130862495,23.328203282114245,23.713661859935556,57871800
2012-11-08,23.13548469543457,23.585186307422184,23.127454145398634,23.384427151536187,49841800
2012-11-09,23.151538848876953,23.44063243674479,23.13547775362422,23.19169005533844,43291200
2012-11-12,22.66168785095215,23.296087375589096,22.653657302728465,23.239875069693763,61112300
2012-11-13,21.933015823364258,22.103038459639173,21.657739755270768,21.876341611272622,131689200
2012-11-14,21.73060417175293,22.094940550323376,21.698218029543884,22.05445787256207,76086100
2012-11-15,21.584871292114258,21.83585773664869,21.5605816835762,21.762990455290893,50955600
2012-11-16,21.471527099609375,21.617261691004842,21.32579250821391,21.592972077686703,64083300
2012-11-19,21.64154624938965,21.698220460348303,21.431040934217187,21.698220460348303,57179300
2012-11-20,21.62535858154297,21.698225883632777,21.422949752239468,21.66584127395776,47070400
2012-11-21,21.819665908813477,21.99778506954332,21.59296753167484,21.625352131691017,66360300
2012-11-23,22.426897048950195,22.483571269384914,22.022079423837425,22.04636749301991,57845700
2012-11-26,22.1759090423584,22.32974017252095,21.99778984297739,22.297355565477446,85198700
2012-11-27,21.924915313720703,22.1678051913154,21.892530717360962,22.151613665263618,45018600
2012-11-28,22.151615142822266,22.17590320564809,21.67393034666811,21.86824257055613,53018400
2012-11-29,21.819665908813477,22.15161616632512,21.74679862845664,21.949207397390882,69551400
2012-11-30,21.552488327026367,21.965400893709965,21.44723489296467,21.9006301436168,83690200
2012-12-03,21.398658752441406,21.71441598877837,21.374369140316794,21.682031383535488,53173800
2012-12-04,21.350074768066406,21.5605785006278,21.325785163114176,21.455326634347102,49777500
2012-12-05,21.59296417236328,21.80346944461643,21.26101396649458,21.358169295684576,68283800
2012-12-06,21.64154624938965,21.84395502810281,21.54439090039093,21.7063169968076,39182300
2012-12-07,21.422941207885742,21.714410299995055,21.35007547911461,21.714410299995055,46162100
2012-12-10,21.811574935913086,21.83586300605594,21.4715280556024,21.503912663878452,47031100
2012-12-11,22.119234085083008,22.256872135010955,21.900632203858034,21.900632203858034,52282800
2012-12-12,22.054466247558594,22.362128538351616,21.92492471804264,22.289261234966787,43966300
2012-12-13,21.949209213256836,22.281159498230846,21.819667713962417,22.11923185198458,45080100
2012-12-14,21.70631980895996,21.96540283219716,21.617260984882567,21.94921130143731,42077500
2012-12-17,21.94110679626465,22.038262122569428,21.601060065685786,21.690120401678556,42046100
2012-12-18,22.31354522705078,22.370219442820275,21.97349838817726,22.062558752533068,50486900
2012-12-19,22.111129760742188,22.451176497031515,22.062552096774024,22.41879190247144,53519900
2012-12-20,22.41070556640625,22.41070556640625,21.981598297350885,22.151622514998028,52607300
2012-12-21,22.2244873046875,22.2568719103254,21.86015083965723,22.2244873046875,98776500
2012-12-24,21.90871810913086,22.062549159515463,21.86014045163,22.022068035640725,20842400
2012-12-26,21.746801376342773,22.02207746041723,21.61725987139674,21.88443941838,31631100
2012-12-27,21.827760696411133,21.933014120055773,21.512003513989885,21.771086488720787,39394000
2012-12-28,21.495807647705078,21.779180193576746,21.495807647705078,21.625349118231075,28239900
2012-12-31,21.62535858154297,21.673937812440716,21.350083994406475,21.528203208261104,42749500
2013-01-02,22.362123489379883,22.45118230565367,21.98159398111886,22.062557804850343,52899300
2013-01-03,22.06255531311035,22.386409027203825,21.98968803440728,22.37021595543507,48294400
2013-01-04,21.649642944335938,22.13542432565499,21.64154640781737,22.078750114281448,52521100
2013-01-07,21.609159469604492,21.76298901405584,21.56867679138866,21.673930210493555,37110400
2013-01-08,21.495807647705078,21.69012139775021,21.42294037750219,21.65773525799064,44703100
2013-01-09,21.61726188659668,21.657743031569833,21.503911901009797,21.633453418031923,49047900
2013-01-10,21.422941207885742,21.843951775542262,21.285304741341008,21.576772289194125,71431300
2013-01-11,21.72251319885254,21.803477030851923,21.277214439240907,21.447237096608625,55512100
2013-01-14,21.77109146118164,21.924922591658873,21.665839557754076,21.779187999023254,48324400
2013-01-15,22.030166625976562,22.094938905572988,21.72250601917424,21.72250601917424,48244500
2013-01-16,21.89252471923828,22.046354212249106,21.868235120431212,21.981583493019347,41077400
2013-01-17,22.06255531311035,22.240674469797682,21.90872421981983,22.013977642060407,51685900
2013-01-18,22.06255531311035,22.094941456647856,21.892532692307395,21.941110363357335,52167700
2013-01-22,21.981590270996094,22.224481701194556,21.86014532802498,22.103035213967207,58650600
2013-01-23,22.354026794433594,22.378314860401662,22.022076509313795,22.022076509313795,50387700
2013-01-24,22.370216369628906,22.726456233855817,22.240674881593,22.42689212186892,101739300
2013-01-25,22.5726318359375,22.8560045042004,22.175910718072164,22.329741859858906,81847700
2013-01-28,22.59691619873047,22.855999191460498,22.47547123892032,22.677880020022712,56056500
2013-01-29,22.67787742614746,22.77503276518046,22.345927186648225,22.5240463377129,49242600
2013-01-30,22.54833984375,22.823615925705802,22.47547255474661,22.67788134769902,43580500
2013-01-31,22.2244873046875,22.64549644351994,22.184004617319346,22.499763401764454,50530000
2013-02-01,22.61310386657715,22.71025919349942,22.3054417280591,22.402598599237454,55565900
2013-02-04,22.216388702392578,22.685977022422627,22.200195628950322,22.56453206011867,50540000
2013-02-05,22.264970779418945,22.39451230404957,22.151622331431348,22.362127695020305,35410400
2013-02-06,22.135425567626953,22.29735321857087,22.062558279127845,22.16781017126182,41889600
2013-02-07,22.08684730529785,22.175906121128303,21.94111273215795,22.143521518350816,38028300
2013-02-08,22.30544090270996,22.434982363317065,22.111128711799307,22.143514849079093,33318500
2013-02-11,22.55643081665039,22.6050084825842,22.264961732535234,22.38640666949783,32247700
2013-02-12,22.5726318359375,22.669788752923022,22.467379924771926,22.5726318359375,35990900
2013-02-13,22.69407844543457,22.758849208892986,22.572631912725328,22.613114605047347,41715600
2013-02-14,22.702167510986328,22.71835903832853,22.56452949091164,22.605010625651598,32663200
2013-02-15,22.67787742614746,22.799322372066843,22.5726240072294,22.70216703303385,49650900
2013-02-19,22.898286819458008,22.93094109616743,22.694202261148966,22.759509257526194,38781400
2013-02-20,22.7513484954834,23.020740064971626,22.718694216979756,22.96359507759026,44110200
2013-02-21,22.44114875793457,22.645233415489862,22.228900527231986,22.645233415489862,49078500
2013-02-22,22.661558151245117,22.661558151245117,22.432982798561795,22.59625113005591,31425900
2013-02-25,22.343181610107422,22.898290387285655,22.343181610107422,22.832983380732813,48011800
2013-02-26,22.343181610107422,22.530939059316612,22.31869089875941,22.351343623514904,49923300
2013-02-27,22.70237159729004,22.857476336977005,22.310529519489087,22.384000103707017,36394700
2013-02-28,22.694211959838867,22.832989581079243,22.64523208088411,22.759518984125968,35840200
2013-03-01,22.81665802001953,22.841147174565187,22.465632272474327,22.62889901193223,34849700
2013-03-04,22.97992515563965,22.97992515563965,22.612573817745012,22.735024263709892,38157500
2013-03-05,23.14319610595703,23.29830085236847,22.988091359545596,23.094216233368922,41432200
2013-03-06,22.930946350097656,23.045233230682776,22.677881875784053,23.028906088587195,51448500
2013-03-07,22.971765518188477,23.086053970093776,22.86564219539302,22.947276359027615,29196700
2013-03-08,22.857481002807617,23.126872680916158,22.824826711137575,23.061565654618402,37667800
2013-03-11,22.7513484954834,22.8329810776591,22.5880802170486,22.808491925823066,36627500
2013-03-12,22.78400421142578,22.81665849422114,22.563592473682803,22.7268607735758,39255200
2013-03-13,22.79216766357422,22.873801813096108,22.653390076499573,22.75135136733422,29093400
2013-03-14,22.971765518188477,22.98809266232383,22.800335175893775,22.857478623325342,55914800
2013-03-15,22.89012908935547,22.988088823725736,22.84114766512843,22.88196551865096,92710300
2013-03-18,22.93911361694336,23.086054805393825,22.702374689541557,22.75951813904069,44809400
2013-03-19,23.004419326782227,23.037072057329908,22.881968862404694,22.95543945243964,51901600
2013-03-20,23.11870002746582,23.257477598469972,23.004413165594773,23.13502716688789,35447800
2013-03-21,22.94727325439453,23.151357857348472,22.898291828615378,22.94727325439453,34233200
2013-03-22,23.061561584472656,23.135032170721065,22.93911112640599,23.0125817126544,28720900
2013-03-25,22.988082885742188,23.14318757497936,22.824814627909213,23.10236973200037,44154000
2013-03-26,22.988082885742188,23.135024006383563,22.947266599804692,23.053389877467076,27824300
2013-03-27,23.159523010253906,23.22483002537837,22.922784107276428,22.971763979359263,36047400
2013-03-28,23.35544204711914,23.396258344171063,23.06972329662991,23.118703164500598,55453800
2013-04-01,23.35544204711914,23.396258344171063,23.151357447775677,23.379931202533523,29201100
2013-04-02,23.51054573059082,23.551363585568442,23.28197197088399,23.3391154108107,28456500
2013-04-03,23.31462287902832,23.632995894849333,23.298297295352807,23.469727601759487,35062800
2013-04-04,23.347278594970703,23.35544216583097,23.07788698474974,23.175846720989036,45263200
2013-04-05,23.428913116455078,23.494220127326397,22.947273327388356,23.037069494185197,50927300
2013-04-08,23.339113235473633,23.453400104674866,23.24115194969985,23.453400104674866,34759500
2013-04-09,24.171783447265625,24.343213784630173,23.412588394269203,23.453404696391587,77733800
2013-04-10,24.718721389770508,24.751374108284903,24.098304167581432,24.139120454984816,71116700
2013-04-11,23.624834060668945,23.83708223446703,23.45340218462197,23.75544808192285,130923200
2013-04-12,23.502382278442383,23.690139728724002,23.39625741903669,23.551362144376313,62886300
2013-04-15,23.420745849609375,23.657483142769397,23.27380470907612,23.388091570805667,56332900
2013-04-16,23.649324417114258,23.788102016372136,23.428914218209894,23.592180974544902,52797300
2013-04-17,23.535036087036133,23.70646796126113,23.347278628109372,23.551363228779834,52840700
2013-04-18,23.502382278442383,23.65748544674014,23.265643405184967,23.632996292294106,56906600
2013-04-19,24.302396774291992,24.686075297004507,24.171782742856152,24.179946314451154,99790700
2013-04-22,25.167715072631836,25.453433849730153,24.710565963499768,24.735055121194836,137904000
2013-04-23,24.979951858520508,25.224852721459822,24.800356439126077,25.061585998514182,59126900
2013-04-24,25.926902770996094,26.057516765244607,24.97995053417355,24.996277672715024,90946600
2013-04-25,26.073854446411133,26.808558850387634,25.74731932875961,25.886095391349528,110700200
2013-04-26,25.95140266418457,26.106505864101702,25.67384743890671,26.041198843862336,47799300
2013-04-29,26.62079620361328,26.677939643519846,25.93507181065059,25.959560966586572,59116400
2013-04-30,27.020797729492188,27.02896285675519,26.351400541772865,26.579977393882515,75165200
2013-05-01,26.710588455200195,27.00447072255895,26.612625623358422,26.882018739798376,54330900
2013-05-02,27.069778442382812,27.077940455348582,26.441197565178054,26.63712013127551,46059500
2013-05-03,27.33917999267578,27.36366915319097,27.00448130460207,27.1269302212625,46784600
2013-05-06,27.551420211791992,27.68203422749195,27.143251023469148,27.2820270527387,40978300
2013-05-07,27.192235946655273,27.58407804418345,27.135092502062676,27.46979115499825,43078300
2013-05-08,26.931001663208008,27.13508623651061,26.65344651895313,26.996307107341444,51595700
2013-05-09,26.661609649658203,26.93916480555147,26.604466215864026,26.816712810801896,46417800
2013-05-10,26.68610191345215,26.710594183706984,26.38405756903673,26.66977477131024,36394900
2013-05-13,26.96366310119629,26.996317392745787,26.571820944856242,26.62080238218049,36027600
2013-05-14,27.563762664794922,27.563762664794922,26.963657240990518,27.012982134314896,56870100
2013-05-15,27.826820373535156,27.86792601613827,27.481555554294765,27.497997184151963,46303900
2013-05-16,28.015897750854492,28.0734418878093,27.580202396299168,27.654188163229673,59382900
2013-05-17,28.665332794189453,28.665332794189453,28.03234397716683,28.05700799689367,60666700
2013-05-20,28.837961196899414,28.85439969138965,28.509134860528334,28.55023736859463,54020800
2013-05-21,28.648881912231445,28.9941498536695,28.542016026287392,28.85439757339787,48702400
2013-05-22,28.451595306396484,28.640669382702836,28.246079597030338,28.599566868013778,66047500
2013-05-23,28.073450088500977,28.40227337630853,27.86793435765081,28.13921349169401,51102700
2013-05-24,28.172086715698242,28.180305962196122,27.867924420555582,27.884362913551342,33174400
2013-05-28,28.788631439208984,28.920161324339404,28.287172772174316,28.295392018030043,48212100
2013-05-29,28.673545837402344,28.788634105560753,28.418705289394357,28.558457569243934,38412200
2013-05-30,28.796857833862305,28.977712646783633,28.61600615686158,28.648886284366785,51131000
2013-05-31,28.689992904663086,29.002374510041207,28.599565495135476,28.62422637558093,56165700
2013-06-03,29.25720977783203,29.29009303638419,28.632443544941744,28.70642617280389,51252600
2013-06-04,28.763973236083984,29.380520217856187,28.5831184512697,29.281870442910154,65529500
2013-06-05,28.591331481933594,28.681758854681195,28.30361087402708,28.443359987604694,46025100
2013-06-06,28.739315032958984,28.86262570860409,28.35294764538445,28.640668373995354,37618500
2013-06-07,29.32296371459961,29.41339107853289,28.821508294829904,28.977699018766128,40757300
2013-06-10,29.1585693359375,29.306540894954374,28.887287099099627,29.191449465558403,35994500
2013-06-11,28.640670776367188,28.920172280142616,28.5091408414094,28.813303228014096,39435900
2013-06-12,28.772184371948242,28.994141599127865,28.648873755986486,28.887272607688956,37372700
2013-06-13,28.542020797729492,28.788639005172968,28.435151757999748,28.763978125204815,45654900
2013-06-14,28.278955459594727,28.517351236746535,28.155644811889967,28.402262971379447,53192600
2013-06-17,28.772184371948242,28.903714232211808,28.4680221580736,28.51734389572292,49670100
2013-06-18,28.75575065612793,28.91194142817335,28.68998727586884,28.74753140956558,28616500
2013-06-19,28.435148239135742,28.846179579316413,28.435148239135742,28.739310552811766,30816200
2013-06-20,27.530885696411133,28.221418602557105,27.432235898446816,28.163871319117497,54493700
2013-06-21,27.350021362304688,27.72816938195799,27.169166598157563,27.67062525444204,85338500
2013-06-24,27.71994400024414,28.11453355983065,26.774571024457106,27.078733221986884,56109000
2013-06-25,27.678844451904297,28.26251124356605,27.506212069657185,28.015893106653063,44073400
2013-06-26,28.237857818603516,28.34472686782546,27.859709657874696,28.048783738239106,48665900
2013-06-27,28.45980453491211,28.59133441716091,28.36115790720545,28.377599534476516,28993100
2013-06-28,28.394044876098633,28.599560539991785,28.22963171780008,28.26251497664382,65545500
2013-07-01,28.24608039855957,28.763980878916378,28.221419516230515,28.566684412521088,31055400
2013-07-02,27.900806427001953,28.311837769900205,27.64596900139402,28.2871768928208,37630000
2013-07-03,27.958351135253906,28.254294209933274,27.621305552629146,27.670630443715822,15994400
2013-07-05,28.12276268005371,28.147426692133916,27.604865465171855,28.02411603949338,26085900
2013-07-08,28.22142219543457,28.43515717972622,27.933698285289708,28.237860694600567,32396900
2013-07-09,28.237857818603516,28.443373532380605,28.065225371651785,28.426935034888853,25318500
2013-07-10,28.52558135986328,28.61600877459606,28.213196600583007,28.22963823379996,29658800
2013-07-11,29.33942413330078,29.405190671352635,28.689996817604946,28.77220185424863,53638300
2013-07-12,29.32296371459961,29.37228858654116,29.00235988677734,29.24898111056597,35501200
2013-07-15,29.733997344970703,29.77510297625281,29.248983509403406,29.31474687479989,34142600
2013-07-16,29.81621742248535,29.947747341917232,29.561376831620805,29.602479343458146,36378500
2013-07-17,29.38051986694336,29.914858696545203,29.175004208807245,29.873756192101997,37285100
2013-07-18,29.1339054107666,29.50383430947628,28.95305372155806,29.364085134364185,49547100
2013-07-19,25.812768936157227,26.85678739250689,25.50038579437485,26.63483321907759,248428500
2013-07-22,26.314228057861328,26.314228057861328,25.97718401338145,26.059390604504493,79040700
2013-07-23,26.15803337097168,26.338888158149533,26.06760597738275,26.23201913518806,65810400
2013-07-24,26.27312660217285,26.462200671782345,26.21558245646217,26.33889313208263,52803100
2013-07-25,25.80455207824707,26.018288605070644,25.68946378224993,25.993627723334363,63213000
2013-07-26,25.993623733520508,25.993623733520508,25.656576577907835,25.69768065442655,38633600
2013-07-29,25.927860260009766,25.9771835866893,25.81277040714381,25.870314549596646,28870700
2013-07-30,26.18269920349121,26.404654956904906,25.9360794348667,26.125155061200243,45799500
2013-07-31,26.174482345581055,26.34711479855769,26.06761329262936,26.281349830572232,43898400
2013-08-01,26.03472900390625,26.37999544348917,25.977184858635823,26.355334562922053,42557900
2013-08-02,26.215578079223633,26.223798894089718,25.952518275349345,26.051166485782257,29199900
2013-08-05,26.059385299682617,26.3060034548882,26.01006041427351,26.223796880499673,30984000
2013-08-06,25.96074104309082,26.034726814490995,25.796327869321487,25.93607859663735,36331500
2013-08-07,26.355337142944336,26.38821727494568,25.689465079160914,25.927864067716577,38078600
2013-08-08,27.037649154663086,27.18562073232772,26.34711617086854,26.503310133915203,59034400
2013-08-09,26.881454467773438,27.045867656673728,26.692380398110362,26.938998613500427,26800700
2013-08-12,27.02120018005371,27.103408331937867,26.684154597129538,26.684154597129538,25493700
2013-08-13,26.681781768798828,26.946695270029043,26.665224280219686,26.913580292870755,39464100
2013-08-14,26.781126022338867,27.61726190391728,26.243021804766403,26.607277113185532,48519600
2013-08-15,26.317533493041992,26.64039671115299,25.531069945478432,26.491382432329626,33338000
2013-08-16,26.3258056640625,26.483098659523947,26.20990639320098,26.317528498151656,32866300
2013-08-19,25.98637580871582,26.466531790860323,25.978097066729532,26.292682946174065,27902500
2013-08-20,26.17679214477539,26.408590678991455,25.96982826550585,26.027777899059867,22979600
2013-08-21,26.168516159057617,26.499656505989943,26.110566519394,26.168516159057617,37409100
2013-08-22,26.814237594604492,26.897025034644912,26.574158755514173,26.648665872541585,31169900
2013-08-23,28.767974853515625,29.1405104112798,28.147083309914567,29.11567260208372,225493800
2013-08-26,28.271270751953125,28.701752896297883,28.171925803548724,28.478234657434427,72786800
2013-08-27,27.53447151184082,28.22987023218288,27.443410062977904,27.749715702289883,58522300
2013-08-28,27.335783004760742,27.815937447478515,27.31922551942324,27.64208858846091,44257400
2013-08-29,27.774547576904297,27.815939714612995,27.153656037220816,27.26127812167757,45284700
2013-08-30,27.650373458862305,27.71660025308975,27.393737130938327,27.62553564776131,42790200
2013-09-03,26.39203453063965,26.549327528998937,25.903601203435105,26.284414002715398,154507000
2013-09-04,25.829090118408203,26.052609885074148,25.754583003183242,25.986381513652955,142320600
2013-09-05,25.85392951965332,26.02778001344734,25.62213096660691,25.74630898845452,71644900
2013-09-06,25.787702560424805,25.986387722156994,25.771145068861465,25.92015933491293,75434900
2013-09-09,26.209903717041016,26.317525811002945,25.829090963659375,25.84564687279977,49628500
2013-09-10,26.814237594604492,26.8225179176175,26.317525586433696,26.40858861246023,56881200
2013-09-11,27.103988647460938,27.261280045058527,26.930136603990242,26.963251579700653,39087500
2013-09-12,27.062591552734375,27.137098664128985,26.979807276970448,27.087429361877707,32860200
2013-09-13,27.344064712524414,27.37717968870254,26.913579496262628,27.128823683402494,40899000
2013-09-16,27.153654098510742,27.73315345911057,27.095704478252504,27.633811704098942,52839700
2013-09-17,27.261276245117188,27.70831888084086,27.236441595805026,27.66692358796398,84716500
2013-09-18,27.584142684936523,27.650372635209045,27.178495292579782,27.310952035106983,64099900
2013-09-19,27.84906005859375,27.882175038353903,27.58414653654911,27.71660329757143,42026600
2013-09-20,27.145376205444336,27.71659522893591,27.062588780144374,27.658645610234622,102904900
2013-09-23,27.103988647460938,27.29439502076894,26.905301951216387,26.938416926926795,39826100
2013-09-24,26.863910675048828,27.211608457143086,26.615554665264646,27.211608457143086,40685000
2013-09-25,26.913583755493164,27.153662633751523,26.822522293619233,26.897029422802227,28907500
2013-09-26,27.128826141357422,27.319232534606126,26.979811893072657,27.021204038036597,28504000
2013-09-27,27.54274559020996,27.94011574630647,27.211602214454235,27.21988253575763,55348000
2013-09-30,27.5510311126709,27.575868926099776,27.07087654596186,27.319232574122964,39839500
2013-10-01,27.79939079284668,27.82422544869863,27.56758909216138,27.608981237920734,36718700
2013-10-02,28.080860137939453,28.17192475825533,27.559313389251464,27.617263027994575,46946800
2013-10-03,28.03118133544922,28.14708057370522,27.666922977481903,28.04773882063113,38703800
2013-10-04,28.04775047302246,28.138815100346935,27.832506234252115,27.8904558774552,33008100
2013-10-07,27.567588806152344,27.907009450686868,27.484804515492513,27.815944836150095,35069300
2013-10-08,27.327510833740234,27.59242752013639,27.15366192287075,27.575870029860482,41017600
2013-10-09,27.377182006835938,27.608980543674214,27.286117393644272,27.37718200683594,35878600
2013-10-10,27.948402404785156,28.056024512171906,27.534474623471276,27.575869928017347,42875100
2013-10-11,28.254701614379883,28.262978777659235,27.882166106463483,27.882166106463483,30033300
2013-10-14,28.519624710083008,28.561016856532284,27.964959842004,28.064304783104276,27757900
2013-10-15,28.552745819091797,28.966673688467896,28.53618832535447,28.70175694668969,47097800
2013-10-16,28.676912307739258,28.892156493417108,28.610685513850793,28.643797331786065,35111600
2013-10-17,28.908716201782227,28.96666899949128,28.453396250777192,28.51962621500553,31359200
2013-10-18,28.94183349609375,28.966671313672958,28.420286697211896,28.82593420745334,41811700
2013-10-21,28.966659545898438,29.14050840823254,28.900429603284984,28.958379224063016,27433500
2013-10-22,28.62724494934082,29.057727033946396,28.577572482031805,28.991500235552515,40438500
2013-10-23,27.948402404785156,28.552739744559574,27.873895277827923,28.43683731305627,58600500
2013-10-24,27.915279388427734,28.229862102306313,27.791099840621868,27.998063648286923,53209700
2013-10-25,29.57927703857422,30.04287726176975,29.36403599517303,29.70345662847139,113494000
2013-10-28,29.446819305419922,29.579276056504032,29.198463291889475,29.479934282695464,38383600
2013-10-29,29.405433654785156,29.571005419698718,29.1901894129919,29.49649828338855,31702200
2013-10-30,29.421987533569336,29.628951424787996,29.330922916150186,29.413707209430306,36997700
2013-10-31,29.314367294311523,29.546165856684784,29.25641765371821,29.521331198721523,41682300
2013-11-01,29.413694381713867,29.546151088006884,29.297795158459596,29.529593604968134,40264600
2013-11-04,29.75311851501465,29.78623348512791,29.43025545145376,29.463370421567024,28060700
2013-11-05,30.332626342773438,30.390575977669204,29.61239291048446,29.628950400171572,51681900
2013-11-06,31.607521057128906,31.640636032763506,30.680323845485336,30.82933807782315,88948800
2013-11-07,31.044574737548828,31.466779564451816,30.9866251173468,31.425387429738574,60437400
2013-11-08,31.276382446289062,31.276382446289062,30.91212713211649,31.185317828241324,36737800
2013-11-11,31.119089126586914,31.276380538517884,30.92040241223678,31.20187341538886,26872500
2013-11-12,30.928686141967773,31.127369720179864,30.796229370486866,30.9452436331552,31651600
2013-11-13,31.590961456298828,31.590961456298828,30.547865057721246,30.614091846542866,44957600
2013-11-14,31.475059509277344,31.56612409936641,31.226703545954614,31.350879948607272,46183700
2013-11-15,31.326040267944336,31.475054453606095,31.226698530175465,31.41710484340618,50601300
2013-11-18,30.796228408813477,31.110814415514007,30.68860629846516,30.920404851813743,53277500
2013-11-19,30.64607810974121,31.05480190181138,30.587685814620308,30.737830157575722,44275000
2013-11-20,30.929677963256836,31.20494041930937,30.746167537910196,30.79621352157388,32229900
2013-11-21,31.19659996032715,31.305035044427758,31.079818575809966,31.088161694259163,23064700
2013-11-22,31.338417053222656,31.430172310909846,31.138226656422408,31.30505092643295,27982000
2013-11-25,31.396800994873047,31.655383661801363,31.338411873626086,31.63870060116388,30646800
2013-11-26,31.154895782470703,31.405138465035034,31.1548957824707,31.33840623449311,34465300
2013-11-27,31.363433837890625,31.496895136614775,31.27168178036706,31.33841083874496,26002100
2013-11-29,31.805519104003906,31.93898036969894,31.546936509608972,31.546936509608972,22090400
2013-12-02,32.072452545166016,32.34771510718458,31.74714079824924,31.772163799714022,42950400
2013-12-03,31.955669403076172,32.10581375281405,31.76381899662625,31.813864991893436,52109800
2013-12-04,32.481170654296875,32.51453677164133,31.797181158575935,31.87225333161692,51983600
2013-12-05,31.69708824157715,32.43112696549111,31.01309869723742,32.40610078471984,116305000
2013-12-06,31.997390747070312,32.155875111081855,31.688761961586906,32.047436766247806,36457300
2013-12-09,32.28932189941406,32.42278319363091,32.00571625145723,32.16420372594291,30286000
2013-12-10,31.788841247558594,32.447807746821866,31.713769074453054,32.20590816881868,37828600
2013-12-11,31.371776580810547,31.947327828002564,31.188266104038462,31.747137473313305,39853400
2013-12-12,31.04646873474121,31.396803490065082,31.013102610814546,31.396803490065082,36012800
2013-12-13,30.60437774658203,31.23832141886319,30.545988616499418,31.213295233135682,40066100
2013-12-16,30.771190643310547,30.86294585632251,30.479245130970146,30.637729383102442,31734200
2013-12-17,30.462570190429688,30.95470931516379,30.30408589607976,30.812904898561616,45687700
2013-12-18,30.51261329650879,30.52929317093667,29.636770336565547,30.329102858125612,63192100
2013-12-19,30.23735809326172,30.48759766177772,30.095556837824525,30.454231537450585,34160100
2013-12-20,30.696125030517578,30.804563321922412,30.18730287311964,30.19564599351823,62649100
2013-12-23,30.54598617553711,30.77120273727373,30.48759705012043,30.704473671926966,25128700
2013-12-24,30.929677963256836,31.004746938752362,30.562657112563556,30.629389333405033,14243000
2013-12-26,31.229978561401367,31.27168781064496,31.004761979755642,31.029788165695592,17612800
2013-12-27,31.104860305786133,31.380122894897788,31.00476192613738,31.346759950317168,14563000
2013-12-30,31.104860305786133,31.179932499538214,30.779548526850096,31.04647117530884,16290500
2013-12-31,31.204938888549805,31.346743259898012,31.04645464477688,31.196598952337446,17503500
2014-01-02,30.996408462524414,31.196601952513525,30.94635929453524,31.15489272153876,30632200
2014-01-03,30.787893295288086,31.046476043641732,30.529310546934436,31.029792977750905,31134800
2014-01-06,30.137248992919922,30.771189152707528,30.12056593845613,30.737823043779947,43603700
2014-01-07,30.37080192565918,30.43753413589907,30.20397458202637,30.304072897386206,35802800
2014-01-08,29.82862663269043,30.145598403184263,29.67848545926523,30.028820167204504,59971700
2014-01-09,29.63677978515625,29.95375159379075,29.52834465696625,29.928728592203623,36516300
2014-01-10,30.06218910217285,30.153944348170043,29.820289486720007,29.945410855255915,40548800
2014-01-13,29.178003311157227,30.045503326994087,29.052885135891405,30.020480328334582,45901900
2014-01-14,29.845314025878906,29.92872933652496,28.88606181821484,28.96947394689215,41623300
2014-01-15,30.662761688232422,30.687787869725263,29.90369994362999,29.945409185461923,44812600
2014-01-16,30.771190643310547,30.86294585632251,30.287394768293964,30.604363272558558,38018700
2014-01-17,30.34579849243164,30.721159461993828,30.153948037315182,30.721159461993828,46267500
2014-01-21,30.170612335205078,30.712800475856458,30.07886030734211,30.712800475856458,31567300
2014-01-22,29.97043800354004,30.295749788388346,29.820293613307125,30.245700597654366,21904300
2014-01-23,30.07886505126953,30.137254160921845,29.628432049407817,30.103888046272573,43954000
2014-01-24,30.7044734954834,31.32173086976082,30.47091381319016,31.23831874306452,76395500
2014-01-27,30.053836822509766,30.771192328655832,30.012130773029376,30.754509272470155,44420800
2014-01-28,30.254043579101562,30.35413877813292,29.820293474007,30.12892219383561,36205500
2014-01-29,30.5793514251709,30.76286191807458,29.945411003636924,30.01214006707643,52745900
2014-01-30,30.74617576599121,30.762858825666186,30.220670523118443,30.687786648112933,35036300
2014-01-31,31.563634872436523,31.605340941572774,30.49594422909682,30.82125602311632,93162300
2014-02-03,30.42920684814453,31.688750924928264,30.38750078603224,31.48021743239824,64063100
2014-02-04,30.32076644897461,31.021439062808504,30.237354330505386,30.83793176578254,54697900
2014-02-05,29.878673553466797,30.4208618160702,29.8619904950209,30.270717472025197,55814400
2014-02-06,30.178951263427734,30.237340355764275,29.770224435105078,29.861979632195894,35351800
2014-02-07,30.49593734741211,30.52096034685337,30.037161144533048,30.295743805976848,33260500
2014-02-10,30.696125030517578,30.696125030517578,30.270718167264942,30.55432380342274,26767000
2014-02-11,31.004758834838867,31.07983102110595,30.746179334783413,30.762862396394837,32141400
2014-02-12,31.255002975463867,31.363438107836796,31.113198536406426,31.15490460131669,27051800
2014-02-13,31.371776580810547,31.58031005642671,31.138220106350307,31.138220106350307,37635500
2014-02-14,31.380107879638672,31.513569140007352,31.138211532823057,31.18825751673166,31407500
2014-02-18,31.447345733642578,31.74988619895567,31.438943256641075,31.62382980896101,32834000
2014-02-19,31.522981643676758,31.724676360906788,31.270865651510803,31.27927133455264,29750400
2014-02-20,31.72467613220215,31.825521887175775,31.43054134443376,31.573405896827335,27526100
2014-02-21,31.91795539855957,32.228898251317624,31.817109674443294,31.884339088578223,38021300
2014-02-24,31.67424774169922,31.917961224809385,31.548191365000697,31.67424774169922,32085100
2014-02-25,31.548185348510742,31.808703734168432,31.388509480317712,31.607012287583622,30736500
2014-02-26,31.489370346069336,31.716275713860757,31.254059294751038,31.58181362989128,41041800
2014-02-27,31.81712532043457,31.842335962403965,31.287679398271813,31.47256598825898,33903400
2014-02-28,32.195289611816406,32.32134598298556,31.783497772009447,31.917959824753478,41215000
2014-03-03,31.749889373779297,32.044027391503164,31.506179046421707,31.86754329853724,29717500
2014-03-04,32.279319763183594,32.33814669735523,31.993587566138164,32.10283896066869,26802400
2014-03-05,32.0272216796875,32.1616837762426,31.875951420334363,32.144875613444555,20520100
2014-03-06,32.06083297729492,32.1364680951099,31.84233010101665,32.052427294299505,23582200
2014-03-07,31.850732803344727,32.23731083340938,31.67424874107307,32.17007819905286,26591600
2014-03-10,31.783493041992188,31.94316570404193,31.699455473719215,31.926360755049526,19006600
2014-03-11,31.951580047607422,32.12806091232772,31.699464068602904,31.82552045519086,25216400
2014-03-12,32.16168212890625,32.296144218574135,31.7582958599026,31.766698337956612,30494100
2014-03-13,31.842327117919922,32.312945940882706,31.632229944319683,32.287732100087325,32169700
2014-03-14,31.682661056518555,32.052431005410924,31.5229851194055,31.640642254162692,27195600
2014-03-17,31.976783752441406,32.279324143999325,31.75828413955397,31.850727393177547,20479600
2014-03-18,33.23737335205078,33.53151132858523,32.11965801753984,32.15327113002868,64063900
2014-03-19,33.00204849243164,33.23735618747778,32.69950819547123,33.170126791390416,35597200
2014-03-20,33.892887115478516,34.161811316848464,32.97686305274047,32.98526553148293,59269800
2014-03-21,33.7500114440918,34.405513631035745,33.62395185160476,34.22063028943766,80721800
2014-03-24,34.035743713378906,34.15339762315924,33.49789543676673,33.90128164422586,46098400
2014-03-25,33.90127944946289,34.44753337331134,33.58193085371325,34.17020357035888,43193100
2014-03-26,33.43907165527344,34.21222782481948,33.27939572899365,34.01893878243297,41977500
2014-03-27,33.07770538330078,33.59034309061667,33.060897221736276,33.39705404136837,35369200
2014-03-28,33.86766815185547,34.15340047337962,33.34662799113338,33.43907127248367,43472700
2014-03-31,34.447547912597656,34.87614490935232,33.95171825432789,33.97692889948118,46886300
2014-04-01,34.808902740478516,34.95177050426175,34.514767941261375,34.58200058441322,32605000
2014-04-02,34.75007247924805,35.01059413796761,34.598802252356506,34.82570759269382,28666700
2014-04-03,34.4643440246582,34.69965507372361,34.212228020357834,34.69965507372361,30139600
2014-04-04,33.50630187988281,34.7836932909636,33.313012832958805,34.666039367255856,51409600
2014-04-07,33.44746017456055,33.842443777897515,33.39703891852779,33.581922200360516,37559600
2014-04-08,33.464290618896484,33.55673392430261,32.94325032258794,33.40546364378889,35918600
2014-04-09,34.01054000854492,34.07776945390843,33.51471042640068,33.55672923048153,27398700
2014-04-10,33.07770538330078,34.195420877793815,32.850800010923464,33.98532366698101,45960800
2014-04-11,32.95164108276367,33.439068081246525,32.77516022020757,32.77516022020757,34330200
2014-04-14,32.926414489746094,33.11970341779964,32.69110678704212,32.8675875640701,32006600
2014-04-15,33.40544891357422,33.58192976107733,32.81717621606889,33.060889694522686,33968700
2014-04-16,33.95170211791992,33.968507069481966,33.539910276428806,33.66596985394174,30615800
2014-04-17,33.62396240234375,33.78363836370861,33.20376790330715,33.62396240234375,36688400
2014-04-21,33.56512451171875,33.741608580342294,33.439068126506015,33.72480042114822,22221200
2014-04-22,33.60715866088867,33.733215091668114,33.472696544559426,33.581944810069,27056700
2014-04-23,33.35502243041992,33.60714157546425,33.17013911810301,33.60714157546425,24602800
2014-04-24,33.497894287109375,33.590337557572276,33.02727545831119,33.3970485401628,42381600
2014-04-25,33.539920806884766,34.18702064335177,33.40545871137404,33.859269485908705,56876800
2014-04-28,34.34669494628906,34.69965996674454,33.69119260150953,33.733211407179866,50610200
2014-04-29,34.04414367675781,34.61560822992562,33.94329793379537,34.53997312124669,29636200
2014-04-30,33.95170211791992,34.035739699043056,33.7584099108459,33.95170211791992,35458700
2014-05-01,33.61555480957031,33.9180953157891,33.57353600722417,33.81724954899255,28787400
2014-05-02,33.35502243041992,33.90127630357849,33.32981179824673,33.8760656714053,43416600
2014-05-05,33.13653564453125,33.31301654978333,33.02728418640072,33.21217077618633,22460900
2014-05-06,32.825584411621094,33.06929470290983,32.733141139898784,33.01887343166387,27112400
2014-05-07,33.12812423706055,33.20375935564954,32.36337057391797,32.96004904537726,41744500
2014-05-08,33.3129997253418,33.531502531249906,32.74994096747806,33.06088381576359,32120400
2014-05-09,33.228981018066406,33.48949954997452,33.086113224523324,33.228981018066406,29647600
2014-05-12,33.590335845947266,33.63235463788153,33.32141173057399,33.397046838387,22782600
2014-05-13,34.208160400390625,34.275867367066006,33.725759562389065,33.785001544007095,27004800
2014-05-14,34.05582046508789,34.23354638010595,33.895018060451754,34.106597453124294,18818700
2014-05-15,33.514163970947266,34.19122039738605,33.43799528439512,33.92886087071881,37793200
2014-05-16,33.70882797241211,33.717289726996135,33.23488900457949,33.573414071506996,29867100
2014-05-19,33.64112091064453,33.700362877871946,33.39568805873376,33.5226369761897,24537400
2014-05-20,33.581871032714844,33.801912112233474,33.39568019189148,33.581871032714844,21320900
2014-05-21,34.14889907836914,34.14889907836914,33.63264827785704,33.68342524565991,22398700
2014-05-22,33.93731689453125,34.14889618496709,33.72573760409541,34.0981192214665,20201800
2014-05-23,33.954254150390625,34.165833506412284,33.852696963464766,34.165833506412284,18020000
2014-05-27,34.013492584228516,34.07273453949496,33.6918943209091,34.07273453949496,26160600
2014-05-28,33.861167907714844,34.01350534367311,33.70036871573473,33.97119010667262,25711500
2014-05-29,34.14044189453125,34.14890364748256,33.776525177179856,33.97964276090054,19888200
2014-05-30,34.648231506347656,34.67362322245342,34.06427369102722,34.233537808472775,34567600
2014-06-02,34.52128982543945,34.77518441670031,34.42819438867333,34.65670048934157,18504300
2014-06-03,34.09812927246094,34.42819254628152,34.06427580118582,34.36048560373129,18068900
2014-06-04,34.1235237121582,34.16583894440868,33.734218409941434,34.030428264140006,23209000
2014-06-05,34.876739501953125,34.91059297299609,34.191224469778895,34.35202361456594,31865200
2014-06-06,35.10524368286133,35.25758106583914,34.90212932452059,35.10524368286133,24060500
2014-06-09,34.927520751953125,35.10524663757109,34.71594139428085,35.029077939671275,15019200
2014-06-10,34.7921142578125,34.83442948872437,34.58053487480799,34.724407305597374,15117700
2014-06-11,34.580528259277344,34.75825413217391,34.50435956682959,34.63977021690953,18040000
2014-06-12,34.343563079833984,34.59745766477721,34.09813024872945,34.538215702571954,29818900
2014-06-13,34.8936767578125,35.18142489154351,34.58054012736706,34.783654557973854,26310000
2014-06-16,35.12217712402344,35.21527256789135,34.7328718391623,34.7328718391623,24205300
2014-06-17,35.274513244628906,35.46916587993291,34.14044767878973,34.9444499400506,22518600
2014-06-18,35.24911880493164,35.325287495323195,34.85134861861524,35.2152653362144,27097000
2014-06-19,35.13064193725586,35.35068631981841,34.97830774037194,35.18142215518077,19828200
2014-06-20,35.274513244628906,35.40146215951826,35.020618643295215,35.07986060932491,47764900
2014-06-23,35.53687286376953,35.545334618162805,35.282975033740925,35.316828508204075,18743900
2014-06-24,35.33376693725586,35.494566151496194,35.172967723015525,35.40147390858616,26509100
2014-06-25,35.57072448730469,35.58765122519177,35.08832375708084,35.291441383280684,20049100
2014-06-26,35.30836868286133,35.49455634569086,35.06293582226195,35.48609459083528,23604400
2014-06-27,35.75691604614258,35.79076952255158,35.130639646356975,35.215273337379465,74640000
2014-06-30,35.29142761230469,35.72304796044583,35.29142761230469,35.68919449788154,30793100
2014-07-01,35.435298919677734,35.672269922056046,35.282961571164456,35.426837168513124,26917000
2014-07-02,35.46070098876953,35.46070098876953,35.147561220660805,35.3168253493922,20208100
2014-07-03,35.376060485839844,35.536862829914654,35.17294615330044,35.46915590010545,15969300
2014-07-07,35.53687286376953,35.64689181310724,35.2999017709725,35.33375524543565,21952400
2014-07-08,35.3591423034668,35.54533317702022,35.215269885499076,35.43531100369821,31218200
2014-07-09,35.266056060791016,35.53688068767677,35.147572102529224,35.5284157029748,18445900
2014-07-10,35.28297424316406,35.545333821707324,34.74133157767019,35.01215291041713,21854700
2014-07-11,35.62150573730469,35.62150573730469,35.10525151628726,35.291442410016884,24083000
2014-07-14,35.663822174072266,35.92618178515201,35.579191707760266,35.73152912987814,21881100
2014-07-15,35.92618179321289,35.94310853216816,35.570726732042985,35.824624587926635,28748700
2014-07-16,37.305667877197266,37.500320467445825,35.95155826943945,35.97694675516275,63318000
2014-07-17,37.6865234375,38.685178509952856,37.44955553164529,38.46513734429428,82180300
2014-07-18,37.82192611694336,37.94887502729374,37.44954759686442,37.78807587216883,43407500
2014-07-21,37.948875427246094,38.21969675896592,37.42415950059455,37.71190756910248,37604400
2014-07-22,37.94042205810547,38.211243449678236,37.73730440020307,38.08429450993353,43095800
2014-07-23,37.97425842285156,38.46512403333739,37.76267908628584,38.46512403333739,52362900
2014-07-24,37.576499938964844,38.08428916985145,37.50879298634252,38.02504720052952,30725300
2014-07-25,37.6611213684082,37.79653201272987,37.49185725589501,37.49185725589501,26737700
2014-07-28,37.21257781982422,37.66958677091011,37.17872434835275,37.542641095559205,29684200
2014-07-29,37.144874572753906,37.314138718508104,36.93329519767242,37.161801310173836,27763100
2014-07-30,36.88251495361328,37.32259717384988,36.63708212538708,37.29720868418674,31921400
2014-07-31,36.52705764770508,36.975604821779065,36.4593539367338,36.71324850265408,31537500
2014-08-01,36.27317428588867,36.60323764637988,36.053129893264156,36.56938416621525,31170300
2014-08-04,36.704776763916016,36.789410422605364,36.23084118903155,36.36625181449053,34277400
2014-08-05,36.45935821533203,36.780956529963966,36.24777884749499,36.65401084632871,26266400
2014-08-06,36.1716194152832,36.53553305105015,35.72306884518045,36.1716194152832,24634000
2014-08-07,36.586299896240234,36.772490752668986,36.09543749535251,36.25623663507624,30314900
2014-08-08,36.5609130859375,36.662470272084775,36.31548026000724,36.58630157536313,28942700
2014-08-11,36.5609130859375,36.77249244033709,36.40857569249422,36.61169006478877,20351600
2014-08-12,36.83174514770508,36.89098712594644,36.39165957473664,36.42551305614476,21431100
2014-08-13,37.305667877197266,37.390298315237764,36.83172903021539,36.96713966814674,22889500
2014-08-14,37.46646499633789,37.59341064660684,37.24642070369448,37.305665881286245,19313200
2014-08-15,37.90655517578125,37.99965060155552,37.57649192326847,37.72882930572737,41611300
2014-08-18,38.17737579345703,38.17737579345703,37.81345907831893,38.033500166603986,26891100
2014-08-19,38.603187561035156,38.61170216650286,38.17738581824117,38.29660978644597,28139500
2014-08-20,38.27956771850586,38.66278984055135,38.23698820463606,38.61169247474239,24770500
2014-08-21,38.509517669677734,38.53506473934196,38.177392769602456,38.185907376620506,22285500
2014-08-22,38.44990158081055,38.72241445691373,38.38177173747988,38.62021969191774,18294500
2014-08-25,38.466922760009766,38.69685606031933,38.35621666063073,38.66279439437681,16910000
2014-08-26,38.33067321777344,38.66280132124212,38.27106123093256,38.58615687407391,14873100
2014-08-27,38.21144485473633,38.32215420984202,38.11776795800146,38.23699516659719,21287900
2014-08-28,38.2199592590332,38.30511829459278,37.99002596469157,38.10924991391857,17657600
2014-08-29,38.68833923339844,38.69685383724266,38.20292559905645,38.398793973562086,21607600
2014-09-02,38.39879608154297,38.71388841881847,38.19440984336404,38.6883413572745,22976800
2014-09-03,38.288089752197266,38.41583156720547,37.92190001435698,37.92190001435698,33684500
2014-09-04,38.5435676574707,38.55208551051567,38.08370429992436,38.1007367574052,26475500
2014-09-05,39.097103118896484,39.114135572876236,38.41582120274858,38.41582120274858,36939400
2014-09-08,39.57402038574219,39.855047884849824,39.165251047015666,39.190798115495475,45736700
2014-09-09,39.82098388671875,39.99982311606403,39.53143852564782,39.57402130558384,40302400
2014-09-10,39.889102935791016,39.97426197538633,39.41220386767358,39.872070478150135,27302400
2014-09-11,40.02536392211914,40.02536392211914,39.574015113190704,39.803948444704105,29216400
2014-09-12,39.76988983154297,40.04240273093003,39.68472752010326,39.948725812651354,38244700
2014-09-15,39.378135681152344,39.77838699931151,39.258908497406615,39.633616006247436,37667600
2014-09-16,39.82098388671875,39.89762834254958,39.42073239392217,39.50589145657421,27910600
2014-09-17,39.6165885925293,39.761359604015084,39.3696228391146,39.39516990029232,38311900
2014-09-18,39.752845764160156,39.880587569722906,39.5654919822972,39.676201330544316,35556600
2014-09-19,40.468196868896484,40.51077639223759,39.68471999526063,39.86355919106831,202522400
2014-09-22,40.07646179199219,40.34897465150839,40.00833195280837,40.280844812324574,38686100
2014-09-23,39.650657653808594,40.00832954214385,39.57401321364971,39.8976201844456,33430300
2014-09-24,40.09348678588867,40.11903384652066,39.463298885225214,39.7102646333642,26582700
2014-09-25,39.20782470703125,40.102007704653694,39.199306853073345,39.9231717548511,33077400
2014-09-26,39.52289962768555,39.701735498506636,38.96935631483016,39.11413053069105,27078800
2014-09-29,39.548465728759766,39.65066048868439,38.96937508362517,39.15672889487741,26091000
2014-09-30,39.480342864990234,39.58253438595379,39.18227965998254,39.48885747148308,33033100
2014-10-01,39.088600158691406,39.62510800011369,39.0460173867546,39.40369252964552,38088400
2014-10-02,38.9693717956543,39.25891709379173,38.86718029296147,39.02898702488519,25119400
2014-10-03,39.25041580200195,39.42925180452535,38.84164640397259,39.15673887250578,32453200
2014-10-06,39.25041580200195,39.42925180452535,39.10564147952321,39.27596287418804,20604000
2014-10-07,38.77350997924805,39.11415271088002,38.67983306561876,39.054540720135904,25723700
2014-10-08,39.8380012512207,39.93167813380241,38.61169367128171,38.73091761325524,33031000
2014-10-09,39.04601287841797,39.855036722664714,38.95233923735718,39.599556363589166,34422800
2014-10-10,37.49609375,39.27594484769747,37.42796717256838,38.833110724260756,51978100
2014-10-13,37.172489166259766,37.947448118991296,37.03623275419518,37.3172601828119,37100200
2014-10-14,37.240623474121094,37.79416709031713,37.095852427534005,37.35984745333629,38115700
2014-10-15,36.80630111694336,36.951072140053206,35.8525029406778,36.61894732363954,60218700
2014-10-16,36.39752960205078,36.68707487889981,35.95469545812821,36.2186904247256,49040400
2014-10-17,37.15544509887695,37.419439987420134,36.440098346906865,36.78925549676083,40683300
2014-10-20,37.53867721557617,37.58977133745043,36.4571405715818,36.670041409015134,34527900
2014-10-21,38.2199592590332,38.30511829459278,37.63235086840159,37.77712512718364,36433800
2014-10-22,37.794166564941406,38.38177184659508,37.66642473263812,38.322159857816146,33570900
2014-10-23,38.33918762207031,38.70537736463036,37.92190050312653,37.998544943397455,45451900
2014-10-24,39.28446578979492,39.940200798265394,38.47544190928672,39.880588820096186,61076700
2014-10-27,39.097103118896484,39.25890655879147,38.9267818277074,38.9267818277074,30371300
2014-10-28,39.59103775024414,39.59955235362054,38.977882351665556,39.05452677648788,29049800
2014-10-29,39.701751708984375,39.76988154393864,39.46330378386312,39.54846282894661,30276100
2014-10-30,39.216331481933594,39.44626476374378,38.97788359647508,39.44626476374378,30073900
2014-10-31,39.98277282714844,39.99980528180678,39.5825182641988,39.97425497551499,35849700
2014-11-03,40.40005111694336,40.4170835692917,39.7954136773139,39.93167004749248,23130400
2014-11-04,40.510765075683594,40.64702146147799,40.23825230409481,40.28083181554146,21530800
2014-11-05,40.75774383544922,40.79180875495309,40.24677978871971,40.706646456193404,22449600
2014-11-06,41.473087310791016,41.60934372839841,40.69812832653471,40.757740306199864,33037800
2014-11-07,41.45606231689453,41.66044535580124,41.12393744221376,41.66044535580124,28000600
2014-11-10,41.6348876953125,41.856306387839396,41.34534242335278,41.43050470840505,36370100
2014-11-11,41.617855072021484,41.685984899791094,41.43050454287304,41.60082261507908,23445200
2014-11-12,41.54121017456055,41.66043412321231,41.31979473400855,41.35385964751161,22722100
2014-11-13,42.248043060302734,42.282107974248696,41.48159873956357,41.56676102442848,26210400
2014-11-14,42.22249984741211,42.622751252625584,42.06069311572582,42.35875626700571,29081700
2014-11-17,42.120296478271484,42.33319729336417,41.84778369484153,42.07771696497468,30318600
2014-11-18,41.768951416015625,42.27456665730055,41.734671640888,42.10317105076172,23995500
2014-11-19,41.32332992553711,41.77752556764782,41.07480642475588,41.70039769737433,26177500
2014-11-20,41.734657287597656,41.734657287597656,41.023366909271694,41.13477450557177,21510600
2014-11-21,41.117637634277344,42.03460012157041,40.766278207081854,42.00889193173366,42884800
2014-11-24,40.783416748046875,41.13477616368105,40.61202119354521,41.126207857050204,35434200
2014-11-25,40.68058776855469,41.109075094470455,40.66344788322619,40.84341177552709,28008000
2014-11-26,40.92054748535156,41.12622287970265,40.51776827550956,40.69773547147908,27163600
2014-11-28,40.971961975097656,41.306181588233116,40.800566379641275,41.09193791118741,21534400
2014-12-01,41.666107177734375,41.80322299297809,40.88626036557968,41.03194775814426,31191600
2014-12-02,41.528995513916016,42.034610746126845,41.30618351778377,41.854646833585505,25773500
2014-12-03,41.203330993652344,41.56325867486562,40.971947511830415,41.51183903365033,23534800
2014-12-04,41.85466003417969,42.043195584361214,41.306196545397356,41.469020622035785,30320400
2014-12-05,41.494712829589844,41.9660515233349,41.46043632658029,41.83750401247734,27313400
2014-12-08,40.87767028808594,41.43470156063756,40.66342673654366,41.357573751318455,26663100
2014-12-09,40.783416748046875,41.066216634241066,40.32064973162187,40.37206937870186,24330500
2014-12-10,40.192100524902344,40.84339962818627,40.02070499169145,40.77484337636064,30431800
2014-12-11,40.42350387573242,40.91198256919763,40.003588011537445,40.346379274190284,29060400
2014-12-12,40.23497009277344,40.90340943350679,39.995014910405345,40.08928266750356,34248400
2014-12-15,39.9949951171875,40.85196954800718,39.89215910083659,40.44919378850859,29247800
2014-12-16,38.70098114013672,39.71221164744994,38.6752729427116,39.33514391911764,47801400
2014-12-17,39.198020935058594,39.37798482240969,38.47816211655546,38.60670634933533,34970900
2014-12-18,40.72344207763672,40.72344207763672,39.71221157223867,39.91788695854817,40105600
2014-12-19,40.84341812133789,41.220485849852906,40.42349903829443,40.81770992390032,64551200
2014-12-22,41.117637634277344,41.23761354564677,40.886254118451276,40.94624207413599,26566000
2014-12-23,41.52041244506836,41.82035219268067,41.24618088465194,41.45185292041522,23648100
2014-12-24,41.25475311279297,41.68324037531736,41.203336733513005,41.68324037531736,11437800
2014-12-26,41.03193283081055,41.486128190613975,40.980513192888424,41.486128190613975,13197800
2014-12-29,40.6634521484375,40.94625211327354,40.5006248552872,40.87769583386752,14439500
2014-12-30,40.294960021972656,40.80914365218489,40.14070427908902,40.654887909301266,16384700
2014-12-31,39.80646514892578,40.65486805128042,39.80646514892578,40.04641695660617,21552500
2015-01-02,40.0721321105957,40.63773523351737,39.88359991568766,39.98643595555557,27913900
2015-01-05,39.70362854003906,40.04641636464425,39.635069013659134,39.737905034130875,39673900
2015-01-06,39.12089538574219,40.063566224562905,39.026627648040325,39.74648650882852,36447900
2015-01-07,39.61793899536133,39.81504277912743,38.98377956395717,39.403695325733096,29114100
2015-01-08,40.783416748046875,40.92053253782855,40.03784984542768,40.06355803441853,29645200
2015-01-09,40.44063186645508,40.98052680208878,40.19211170671151,40.800562913243816,23944200
2015-01-12,39.93500900268555,40.7405670968763,39.729336960537644,40.63772780670418,23651900
2015-01-13,39.72935104370117,41.05766128951461,39.472259265333946,40.25210617887082,35270600
2015-01-14,39.38654708862305,39.62650217071557,39.09517562894506,39.38654708862305,29719600
2015-01-15,38.97520065307617,39.74647902625709,38.91521269839525,39.60936323425808,32750800
2015-01-16,39.62649917602539,39.660775668792574,38.70953352617026,38.82951269269848,35695300
2015-01-20,39.75505065917969,39.97786588300665,39.05233175775364,39.67792281540861,36161900
2015-01-21,39.35227584838867,39.54081132463672,38.97520816499156,39.36941573432931,39081100
2015-01-22,40.38922119140625,40.397789500568045,39.48939835085179,39.746490123996026,35898000
2015-01-23,40.432064056396484,40.61202794745758,40.10641277559628,40.58631975419138,26211600
2015-01-26,40.286380767822266,40.389220089553824,39.62651310009021,40.27781245889422,42525500
2015-01-27,36.558536529541016,37.021303600964,36.087201150468864,36.807059949649506,169164000
2015-01-28,35.29877853393555,36.66993969756246,35.27307034500635,36.62709162631437,84507100
2015-01-29,36.001502990722656,36.095770723661914,34.95599615863881,35.07597208452558,63585300
2015-01-30,34.62178421020508,35.63301476443173,34.57893285370942,35.60730329671443,78004900
2015-02-02,35.37590408325195,35.45303191415257,34.476081568810145,34.78459289241261,50352500
2015-02-03,35.65013885498047,35.932942016783855,35.1788035210732,35.675850313661556,52082400
2015-02-04,35.85582733154297,36.17290710606813,35.44447980183745,35.94152350765261,41614800
2015-02-05,36.37858581542969,36.54140987249262,35.87297048453967,36.18148197716407,36548200
2015-02-06,36.34428405761719,36.669935243928634,36.121472152729076,36.575667537172855,34616600
2015-02-09,36.30145263671875,36.62710397234967,36.172905110546196,36.198616577240344,31381100
2015-02-10,36.50712966918945,36.65281710306646,36.147201778022435,36.62710890201162,29670700
2015-02-11,36.31858444213867,36.54996797629539,36.17289706029244,36.54996797629539,38262500
2015-02-12,36.92704391479492,36.92704391479492,36.429996966310945,36.558544492739394,33268800
2015-02-13,37.59549331665039,37.59549331665039,36.97847352352189,37.175577386378244,40264900
2015-02-17,37.61273956298828,37.975228803046434,37.2761381784667,37.94933765514619,33695700
2015-02-18,37.56958770751953,37.71631191183883,37.44875794652956,37.65589703134384,27111700
2015-02-19,37.54369354248047,37.56958469136714,37.15530984736136,37.267510313143276,27603400
2015-02-20,37.85440444946289,37.87166631464357,37.362452815088,37.5523267473472,29721100
2015-02-23,38.10469055175781,38.13921098431554,37.673153867331855,37.716306877301726,32518800
2015-02-24,38.05290222167969,38.23414682590796,37.90617804752105,38.10468780532922,25271700
2015-02-25,37.966590881347656,38.052896882958315,37.802604868979316,37.93206716375823,29759800
2015-02-26,38.02701187133789,38.17373275620168,37.88028769411065,37.966597001998274,28957300
2015-02-27,37.84575653076172,38.14783411043704,37.681773816558184,38.087419252974534,33807700
2015-03-02,37.87166976928711,38.139220473083206,37.58685390637127,37.690421814538645,31924000
2015-03-03,37.35380935668945,37.82850227998931,37.18982662378062,37.59547210646843,31748600
2015-03-04,37.16393280029297,37.293391803562066,37.0085793624797,37.12077650684033,25748700
2015-03-05,37.207096099853516,37.31929656763281,36.95680401494734,37.17257237248083,23193500
2015-03-06,36.55978775024414,37.20709276482392,36.37854313632906,37.11215416924072,36248800
2015-03-09,36.982696533203125,37.22435934139316,36.413068179924565,36.413068179924565,32108000
2015-03-10,36.27497863769531,36.86186888895148,36.27497863769531,36.55116189800831,39159700
2015-03-11,36.231815338134766,36.56841338534319,36.110985607584375,36.51663109645773,32215300
2015-03-12,35.40327835083008,35.94701562354828,35.265186710878645,35.67083234364541,59992500
2015-03-13,35.7139778137207,35.79165455054496,35.0494109080829,35.12708764490715,58007700
2015-03-16,35.86933517456055,35.93837934124021,35.627672360271596,35.791658429318396,35273500
2015-03-17,35.99016571044922,36.10236618762909,35.515475942577034,35.70534987430743,31673400
2015-03-18,36.68061828613281,36.96543407904203,35.67082402188441,35.75713004208279,44194800
2015-03-19,36.4993782043457,36.758299589482576,36.4389633242259,36.473483761177185,33879100
2015-03-20,37.008583068847656,37.0948890796705,36.671985017329966,36.73239988337861,71904500
2015-03-23,36.9913215637207,37.22435174601789,36.92227412050821,37.00858342452383,26246100
2015-03-24,37.025848388671875,37.258875298137056,36.89638606797915,36.922277215172265,25513300
2015-03-25,35.78302764892578,37.051746787515306,35.765765783297404,37.043114208519,43469900
2015-03-26,35.567256927490234,35.91248763261984,35.31696483088946,35.575889505918674,37495600
2015-03-27,35.3601188659668,35.757131846697916,35.23928911464548,35.489577902798004,34401400
2015-03-30,35.35149002075195,35.8520742346398,35.30833700391849,35.47231978483133,35049700
2015-03-31,35.09256362915039,35.41189985907195,34.98899574502842,35.19613151327236,34887200
2015-04-01,35.14436340332031,35.17888385038594,34.79050330506887,35.04079218502842,36865300
2015-04-02,34.773231506347656,35.16161523313224,34.62650730184501,35.09256777398651,37487500
2015-04-06,35.86069869995117,36.059205184589246,34.678289077383624,34.81638068810419,39223700
2015-04-07,35.84342956542969,36.17139830899166,35.65355569693636,35.91247700296401,28809400
2015-04-08,35.74849319458008,35.98152337211724,35.42052772310991,35.78301691548111,24753400
2015-04-09,35.80027389526367,35.9211036095813,35.601767465690024,35.601767465690024,25723900
2015-04-10,36.007423400878906,36.205929888342816,35.73986946088994,35.929746662970096,28022000
2015-04-13,36.04194259643555,36.30086724214453,35.72260637038841,35.731238947839316,30276700
2015-04-14,35.9470100402832,36.27497557650074,35.72260910248817,36.07646908067521,24244400
2015-04-15,36.473480224609375,36.64609556208472,35.97289936753097,36.04194352710287,27343600
2015-04-16,36.387168884277344,36.54252233606476,36.09372384116369,36.20592428797977,22509700
2015-04-17,35.92110824584961,36.024679407800555,35.52409533546063,35.964261250480895,42387600
2015-04-20,37.03447341918945,37.25887101793323,35.97289370549682,36.01604670998257,46057700
2015-04-21,36.801456451416016,37.24162581528264,36.70651783205794,37.11216346300083,26013800
2015-04-22,37.10352325439453,37.224352991696534,36.72376888874433,36.82733676466556,25064300
2015-04-23,37.40559768676758,37.638627877418095,36.939537305466544,37.01721403568338,46309500
2015-04-24,41.31531524658203,41.548345417422446,39.399294884721634,39.40792416851729,130933700
2015-04-27,41.45341110229492,41.53972041095442,40.754323810152094,40.762953094836305,59248200
2015-04-28,42.428688049316406,42.47184106067788,41.1686016803243,41.23764584002993,60730800
2015-04-29,42.342369079589844,42.55813736278562,41.85904693998072,42.048924082749075,47804600
2015-04-30,41.97990417480469,42.75667182052171,41.945380436691735,42.031689781974116,64725500
2015-05-01,41.997154235839844,42.18703144970986,41.772756585927596,41.928110071391444,38937300
2015-05-04,41.63465881347656,42.178392639903706,41.58287322851821,41.74685597567447,34039500
2015-05-05,41.0822868347168,41.56560905704596,40.831998085568735,41.27216400998241,50369200
2015-05-06,39.94303894042969,41.2290198530076,39.71864128798003,41.05640450138879,52433000
2015-05-07,40.30552673339844,40.642124818380886,39.83946632694724,39.934404923709174,32971700
2015-05-08,41.21176528930664,41.41027182650646,41.013258752106815,41.03914990710888,35364900
2015-05-11,40.883785247802734,41.34984566498329,40.883785247802734,41.039138720196256,24609400
2015-05-12,40.866519927978516,41.15133570072741,40.06386148596686,40.434983272805084,29928300
2015-05-13,41.10818099975586,41.70370037410507,41.056395418018134,41.591499926521614,34184600
2015-05-14,42.0489387512207,42.135244777661164,41.45341597474435,41.45341597474435,32980900
2015-05-15,41.68644714355469,42.212922476942374,41.470678780190156,42.1783987486367,28642700
2015-05-18,41.436153411865234,41.61740133211435,41.09092601956425,41.41026226284271,24136500
2015-05-19,41.331905364990234,41.53170189605086,40.98443111998741,41.31453132136409,28574800
2015-05-20,41.331905364990234,41.63594284404771,41.06261265942505,41.1668536074219,25047900
2015-05-21,41.19292068481445,41.34928379279964,40.836761008572765,41.07130567055055,22410700
2015-05-22,40.74119567871094,41.13210000977032,40.671699513516664,41.08866656340367,25720600
2015-05-26,40.471923828125,40.72384258590284,40.124449450930655,40.680409117193854,29581900
2015-05-27,41.35797882080078,41.4969679032576,40.497981594888444,40.67171877639974,27335600
2015-05-28,41.21897888183594,41.71412756478312,41.16685674698246,41.262412337333714,19283700
2015-05-29,40.70646286010742,41.32322664556098,40.47191818526717,41.20161162462769,36519600
2015-06-01,41.027870178222656,41.49695947894485,40.497973373380226,40.88019575786221,28837300
2015-06-02,40.758567810058594,41.132101426444216,40.49796380912342,40.767256487886904,21498300
2015-06-03,40.69776916503906,41.47089928555794,40.67170975341002,41.1494844112513,28002200
2015-06-04,40.272125244140625,40.96707065065396,40.13313616283796,40.645659021471744,27745500
2015-06-05,40.080989837646484,40.411089949282776,39.820385881621654,40.22866751144131,25438100
2015-06-08,39.724849700927734,40.3329281040911,39.67272755879578,40.219998453018874,22121600
2015-06-09,39.65535354614258,39.90726892788148,39.490301766586256,39.75090582817572,24406100
2015-06-10,40.48929214477539,40.68040335654563,39.69010251590411,39.776972754781845,28417400
2015-06-11,40.34159851074219,40.758565551888935,40.07230916065795,40.53270964726092,27347800
2015-06-12,39.933345794677734,40.36768715572052,39.87253826923267,40.150516475199126,23931000
2015-06-15,39.50767135620117,39.65534907315928,39.108078285919326,39.48161194710977,33254500
2015-06-16,39.81171417236328,40.16787380761826,39.351310267940825,39.39474372321383,27070300
2015-06-17,39.933345794677734,40.02021274138165,39.40344880400367,39.72486048332209,28704100
2015-06-18,40.58485794067383,40.65435083546346,40.10707979128807,40.150516578513404,32658300
2015-06-19,40.046260833740234,40.68040195757735,39.950708544901865,40.64565386322122,63837000
2015-06-22,40.1591911315918,40.58484700992186,40.09838362236761,40.246061368884014,20318100
2015-06-23,39.881202697753906,40.202614208307,39.62928404532263,40.07231385666865,25896500
2015-06-24,39.64666748046875,40.17656431843796,39.56848592546082,39.67272689421784,34890900
2015-06-25,39.65535354614258,40.01151320352561,39.52504985846763,39.98545047773436,20616000
2015-06-26,39.31656265258789,40.2026190686407,39.11676610491328,39.65535156082947,49835300
2015-06-29,38.54343795776367,39.29050536742512,38.5347525916385,39.12545690096335,34081700
2015-06-30,38.35232162475586,38.847470228750744,38.16989583873691,38.83878155078047,35945400
2015-07-01,38.612937927246094,39.29050921929046,38.308897062891255,38.621623294222736,28343900
2015-07-02,38.56949996948242,38.87353748464026,38.27414782028893,38.63899283847834,21752000
2015-07-06,38.560821533203125,38.63900310269222,38.17860236779047,38.18728773606203,23034000
2015-07-07,38.48263168334961,38.64768346884619,37.631323284179665,38.517379776481576,36435800
2015-07-08,38.43049621582031,39.00382624918599,38.24807046275373,38.60422997872697,39785900
2015-07-09,38.673744201660156,39.281822597179726,38.65637015450123,38.87354077334675,32424700
2015-07-10,38.75192642211914,39.212327081570365,38.7171783272049,39.09939742997943,25465800
2015-07-13,39.55980682373047,39.62929970932025,39.04728395168129,39.07334336955731,28178300
2015-07-14,39.629302978515625,39.92465522259974,39.36001346821873,39.48162851335429,22880300
2015-07-15,39.75090408325195,39.863833720029,39.464240622215186,39.68141121630012,26629600
2015-07-16,40.53273391723633,40.558793337361884,39.9333440580183,39.968088846931884,26271700
2015-07-17,40.49797821044922,40.63696728129064,40.1852519726158,40.437170699066144,29467100
2015-07-20,40.758567810058594,40.940993593096906,40.34160074581038,40.5240265288487,30631900
2015-07-21,41.0713005065918,41.114737275162334,40.37635528834561,40.636959330967905,42781900
2015-07-22,39.55980682373047,40.767275120483326,39.26445460401126,39.47293657454178,59152400
2015-07-23,40.05493927001953,40.15918021266728,39.17756833760147,39.32524604396562,33934000
2015-07-24,39.90726852416992,40.23736876618276,39.785653517575824,39.88120911240273,32333200
2015-07-27,39.394744873046875,39.968075115161156,39.307877959965445,39.90726761325209,39701400
2015-07-28,39.38606643676758,39.646670535622484,38.90829170324011,39.59455170410804,34328900
2015-07-29,40.2113151550293,40.63696773951042,39.316569894747765,39.4381882326461,40945900
2015-07-30,40.72383117675781,41.1755464150539,39.89858224744304,40.185245711619984,39777900
2015-07-31,40.567466735839844,41.14948232444198,40.393729601682715,41.07998945903526,31201500
2015-08-03,40.66302490234375,40.828073367684894,40.35029870379386,40.81069932179208,24125900
2015-08-04,41.297142028808594,41.44481637446219,40.55007499753829,40.610882470896684,33403900
2015-08-05,41.331905364990234,42.05290994979511,41.29715727773795,41.679376296233066,26959700
2015-08-06,40.49797821044922,41.49696443533252,40.24606279775971,41.444842291106674,27368000
2015-08-07,40.60221862792969,40.63696340700689,40.18524814139809,40.29817778624042,19163000
2015-08-10,41.114742279052734,41.25373133961771,40.68908641708218,40.78464201755071,23079900
2015-08-11,40.31554412841797,40.77594467237407,39.872517627560576,40.67170372754172,29237400
2015-08-12,40.60221862792969,40.741207685520045,39.70747346304127,40.12444063581234,30181400
2015-08-13,40.59352111816406,40.914932622600034,40.3850392340066,40.88018785108032,22627200
2015-08-14,40.82807540893555,40.914942328982235,40.41110822794237,40.4197935944428,21473400
2015-08-17,41.10605239868164,41.21898204264387,40.45454057497418,40.66302581661519,21099700
2015-08-18,41.33340835571289,41.47331398223908,40.83499435273753,40.95741135899628,23574100
2015-08-19,40.75628662109375,41.16726075137484,40.485218080923524,40.90493485125613,31485500
2015-08-20,39.925594329833984,40.63386823138237,39.925594329833984,40.284102600481674,36238200
2015-08-21,37.660884857177734,39.768215421429176,37.660884857177734,39.6108211605628,70053100
2015-08-24,36.44545364379883,37.32860735632848,34.731608748117154,35.36992842858185,88753700
2015-08-25,35.387413024902344,37.80953181218585,35.31745854620486,37.22367472774043,70616600
2015-08-26,37.346092224121094,37.459766585702404,35.90331610582844,36.73400386986973,63408000
2015-08-27,38.386634826660156,38.43035469882288,37.53845529713109,37.800777865719866,50943200
2015-08-28,38.412872314453125,38.605243785911945,37.94068961302492,37.949435590243766,28246700
2015-08-31,38.054359436035156,38.412867740217784,37.68710515567517,38.089336669519454,34441700
2015-09-01,36.567848205566406,37.241144715924904,36.42794265377837,36.873890557724145,49688900
2015-09-02,37.91444778442383,37.93193639837381,36.62032037263375,37.040037100597125,37671500
2015-09-03,38.03688049316406,38.456597394883985,37.8445089956874,37.95818336561574,28285200
2015-09-04,37.25864791870117,37.634644861812845,36.900139593363626,37.43353076082961,37138800
2015-09-08,38.37788391113281,38.474069618877934,37.774541747475276,37.861981480546106,32469800
2015-09-09,37.660884857177734,38.823853191844464,37.52097921814246,38.65771295225576,33469500
2015-09-10,37.853240966796875,38.290446327922425,37.38105837623436,37.704589409495846,31366600
2015-09-11,38.01937484741211,38.11556055307978,37.54719229355912,37.72207509153563,27132500
2015-09-14,37.634639739990234,37.98440204103402,37.47724553705621,37.97565940114316,23656000
2015-09-15,38.45656967163086,38.727638101243244,37.66960229908402,37.765784642871296,28882200
2015-09-16,38.73639678955078,38.80635125286897,38.33416863230837,38.44784296739424,23372200
2015-09-17,38.69268035888672,39.348488500562766,38.54403211453425,38.72765759365649,32768200
2015-09-18,38.01937484741211,38.4653261490328,37.88821525063868,38.03686346077095,63143700
2015-09-21,38.57026290893555,38.885051346852244,38.124311510016014,38.141800127190564,26177200
2015-09-22,38.386634826660156,38.517794443148325,37.87073232967017,37.93194081782047,28085900
2015-09-23,38.36040115356445,38.62272372843559,38.04561272947409,38.412867002783685,17145200
2015-09-24,38.395381927490234,38.58775339009019,37.83575949332253,37.9931537198838,27905600
2015-09-25,38.4216194152832,39.112404928773564,38.26422516320658,38.89380217151307,29384600
2015-09-28,37.853240966796875,38.552768877475316,37.78328650792294,38.32542355735939,27613800
2015-09-29,37.98439407348633,38.098068381897264,37.64337448386514,37.92318560025235,32763600
2015-09-30,38.70142364501953,38.73640088037246,38.17677845717667,38.36914991600501,34958900
2015-10-01,39.00746154785156,39.129878511171825,38.25546781818474,39.129878511171825,28657900
2015-10-02,39.84688949584961,39.84688949584961,38.40411071792595,38.71015641946726,41839000
2015-10-05,40.77378463745117,41.00113002294254,39.96058216506414,40.00430204662635,34369300
2015-10-06,40.87869644165039,41.254693274700614,40.41525988093762,40.51144558273351,27017200
2015-10-07,40.92241668701172,41.40334186486315,40.17916898811512,41.184739208056875,27711500
2015-10-08,41.49079513549805,41.55200362761186,40.66010416816568,40.7125700195258,33772700
2015-10-09,41.1934928894043,41.5694897963075,41.02735270435582,41.49079269170887,28600600
2015-10-12,41.09730911254883,41.15851760395255,40.66010369645788,41.07982049563168,19769100
2015-10-13,41.001121520996094,41.21098157883675,40.7125676940292,40.7125676940292,19987800
2015-10-14,40.81749725341797,41.184748195904895,40.68633429646546,40.791265996272486,24697800
2015-10-15,41.10606002807617,41.123548648513875,40.68634314441107,41.10606002807617,27189400
2015-10-16,41.54325485229492,41.56948944401377,41.00986707632726,41.11479543636538,26450300
2015-10-19,41.63943862915039,41.86678729017205,41.11479351782888,41.4645558135058,29387600
2015-10-20,41.77060317993164,41.8055804115271,41.114795097772465,41.482046022687655,30802200
2015-10-21,41.27219009399414,41.96297542096546,41.19349298920484,41.90176359669605,25144300
2015-10-22,41.99794387817383,42.802403438008014,41.1759990400844,41.56073853832821,56637100
2015-10-23,46.2300910949707,47.27938456396052,45.68795741464389,45.73167728093264,135227100
2015-10-26,47.43679428100586,47.498002780971014,45.906575110650834,45.932806371889306,64633300
2015-10-27,46.94712829589844,47.541728079561985,46.85094588185846,47.20945428063088,50999900
2015-10-28,47.20069122314453,47.20069122314453,46.221352130842746,46.815951699357605,47000800
2015-10-29,46.658565521240234,47.069539706030355,46.53614853060815,46.81595974794229,30202100
2015-10-30,46.02899169921875,47.209448478596414,46.0115030800117,46.62359140980608,46619800
2015-11-02,46.55362319946289,46.65855154061959,46.011486209660994,46.212600253382924,30285000
2015-11-03,47.3493537902832,47.55921054818384,46.2563401140127,46.28257137484702,36596900
2015-11-04,47.567955017089844,47.987671855194336,47.270655173147546,47.375583548770436,37087800
2015-11-05,47.55046844482422,47.83027968226853,47.218191349504195,47.64665418312315,31468500
2015-11-06,48.02263641357422,48.075102258984586,47.183202900681955,47.29687723126495,32851200
2015-11-09,47.358097076416016,47.97892805243806,46.833451838912644,47.69911681435452,32513100
2015-11-10,46.78971862792969,47.33185570457099,46.57986191200148,47.27938985778276,55283700
2015-11-11,46.912139892578125,47.39306515662215,46.74599970883774,46.955859764652594,36516300
2015-11-12,46.62359619140625,47.20070734197362,46.50992182270882,46.76350182379793,35361100
2015-11-13,46.20387649536133,46.59736210500614,45.93280788969198,46.404990621265746,36848200
2015-11-16,47.01707458496094,47.12200295919395,46.212614820873476,46.413732263605,32165200
2015-11-17,46.629737854003906,47.122706303208,46.524098879378144,46.80579609552211,31551300
2015-11-18,47.404396057128906,47.5188365825775,46.63853208117792,46.656138574177334,29710000
2015-11-19,47.483638763427734,48.11745928147583,47.34279013253885,47.52765668903371,28149200
2015-11-20,47.70371627807617,47.80055034413278,46.89383746759608,47.75653577540605,37147600
2015-11-23,47.70371627807617,47.94139897891611,47.31638337194609,47.75653577540605,28235900
2015-11-24,47.75653076171875,47.92378744855952,47.166728214888664,47.4660285940471,24600000
2015-11-25,47.2635612487793,47.73892662404915,47.2635612487793,47.61568449522278,21005100
2015-11-27,47.47482681274414,47.60687384449736,47.35158470742542,47.36038627576439,9009100
2015-11-30,47.84455871582031,48.38154511578402,47.536453416544035,48.011818756652495,56241400
2015-12-01,48.61042785644531,48.619229426109044,47.80054576544534,47.89737982222647,39952800
2015-12-02,48.60161590576172,49.26184435230724,48.46957223130993,48.69844994855035,47274900
2015-12-03,47.71250915527344,49.09458708439955,47.474826514468276,48.848102875310715,38627800
2015-12-04,49.217838287353516,49.4995355378426,47.624485485821566,47.64209198373915,43963700
2015-12-07,49.12980651855469,49.27065513623842,48.67204767155858,49.11220002158223,30709800
2015-12-08,49.11219787597656,49.385090171887754,48.40795481832476,48.830500652915845,32878000
2015-12-09,48.399147033691406,49.182617598953954,47.98540279258151,48.74246529414618,36373200
2015-12-10,48.65444564819336,48.99776397548339,48.425564524602514,48.76008128164501,31775800
2015-12-11,47.589263916015625,48.50477807151001,47.54524600321024,48.161459843437704,39549500
2015-12-14,48.53998565673828,48.601606698093995,47.2547419968978,47.82694121873789,46768900
2015-12-15,48.59281539916992,49.20902930102972,48.495981354265375,48.99775471595657,39843000
2015-12-16,49.411502838134766,49.51713845991574,48.20548300359313,48.89212294040915,37503300
2015-12-17,49.0329704284668,49.99250264600363,48.8833168894623,49.61397137205175,41280900
2015-12-18,47.650901794433594,49.29707090030166,47.56286929582518,49.094601190647,84684200
2015-12-21,48.2671012878418,48.72485671009328,47.73891652985898,48.311115844816506,37246300
2015-12-22,48.7248649597168,48.83930551370336,47.976607290172694,48.407958080986035,28322200
2015-12-23,49.13859939575195,49.191418877325965,48.804082728640545,49.03296379069926,27279800
2015-12-24,49.00655746459961,49.26184661493238,48.79528623253473,49.173817494587965,9558500
2015-12-28,49.253055572509766,49.253055572509766,48.39915881867202,48.7248706632724,22458300
2015-12-29,49.78123474121094,50.04532550414251,49.349887278645156,49.552356975495904,27731400
2015-12-30,49.56996536254883,49.98370634226845,49.55235886326981,49.7108139986846,21704500
2015-12-31,48.83930587768555,49.46432142825415,48.7864863851221,49.33227773398959,27334100
2016-01-04,48.240699768066406,48.240699768066406,46.99947020129615,47.81815388981442,53778000
2016-01-05,48.46078109741211,48.76008487935578,48.011827103544846,48.35514545616625,34079700
2016-01-06,47.580474853515625,47.88858355540024,47.21955001160811,47.818157557907846,39518900
2016-01-07,45.925479888916016,47.087484810470976,45.83745079032762,46.39204351410012,56564900
2016-01-08,46.06634521484375,46.902631968894696,45.90789010483296,46.1015548496605,48754000
2016-01-11,46.0399284362793,46.524095279179214,45.30047246159918,46.22479159042547,36943800
2016-01-12,46.46247482299805,46.74417202095193,45.82865780664955,46.444868328363995,36095500
2016-01-13,45.45893478393555,47.59807550243975,45.159631047574166,47.360392827261954,66883600
2016-01-14,46.752986907958984,47.025879237687334,45.39731675517308,45.775848075211954,52381900
2016-01-15,44.88673782348633,45.74943602061298,44.31453842916244,45.16843505691153,71820700
2016-01-19,44.508201599121094,45.49414180673867,44.06804930095845,45.31808021585451,43564500
2016-01-20,44.71066665649414,45.23004644925121,43.222949892478965,43.997618797866416,63273000
2016-01-21,44.437782287597656,45.40611950371571,44.27932716783463,44.89554114934684,40191200
2016-01-22,46.0311393737793,46.06635237216292,45.12442313493105,45.25647019982144,37555800
2016-01-25,45.590980529785156,46.348043097636676,45.46773841094345,45.723024217931616,34707700
2016-01-26,45.925479888916016,46.16316248481852,45.37969208985927,45.59096662780422,28900800
2016-01-27,45.089202880859375,45.95190098960488,44.9131412884817,45.78464096570308,36775200
2016-01-28,45.82866668701172,45.960710385210405,45.11561862759272,45.652605064650665,62513800
2016-01-29,48.49597930908203,48.49597930908203,47.53644718527761,48.17906912388491,83611700
2016-02-01,48.161468505859375,48.49598522639464,47.97660532796984,48.311122048505105,44208500
2016-02-02,46.65614700317383,47.76532939776261,46.34804171525911,47.68610184399943,56313800
2016-02-03,45.91668701171875,46.999461248119076,45.124411542110956,46.87621914353464,57559800
2016-02-04,45.77584457397461,46.488892592599136,45.221251670599976,45.8638737010708,46987100
2016-02-05,44.156089782714844,45.77585079118845,43.627908232208924,45.72303129289929,62009000
2016-02-08,43.49585723876953,43.63670586339519,42.42188437718882,43.61909936555497,59290500
2016-02-09,43.381412506103516,44.22650753060749,42.84442612700171,43.15253477240388,46740500
2016-02-10,43.759944915771484,44.35855236789865,43.59268823518437,43.9184000271049,38237000
2016-02-11,43.742332458496094,44.11206212059044,42.70357280712469,42.85322632881145,48878600
2016-02-12,44.455379486083984,44.61383457270181,43.79515107787482,44.23530335001426,34243300
2016-02-16,45.297672271728516,45.297672271728516,44.44651306680142,45.12921473602608,37291200
2016-02-17,46.47689437866211,46.78721524813779,45.61687017871434,45.65233600074704,40789000
2016-02-18,46.27296447753906,46.946801472710945,46.19316808027414,46.397094837222866,27176000
2016-02-19,45.94490051269531,46.3527471413424,45.68777848855479,46.07789559613502,33559100
2016-02-22,46.68082046508789,46.99113794770887,46.35276668950926,46.35276668950926,25008300
2016-02-23,45.377464294433594,46.4325467460148,45.200138631576436,46.405949080358226,28895300
2016-02-24,45.53706359863281,45.661190565814074,44.50857866486583,44.94302305000025,33014500
2016-02-25,46.19317626953125,46.19317626953125,44.872106481083584,45.86512585915397,26939500
2016-02-26,45.48387145996094,46.70741516620367,45.306545745950785,46.63648352771693,35975900
2016-02-29,45.11149978637695,45.794201727350064,44.916441122611104,45.52821141050303,31654000
2016-03-01,46.61874771118164,46.62761247369324,45.14694685099589,45.19128081017255,33024500
2016-03-02,46.94679641723633,46.95566117944162,46.246361825804726,46.468018085204136,29289900
2016-03-03,46.41482162475586,46.96453161001383,45.90944559930077,46.96453161001383,24427800
2016-03-04,46.131107330322266,46.50349166706904,45.84738754147076,46.459161084224746,33034200
2016-03-07,45.244476318359375,45.92717802930961,44.845497741931545,45.7143899061756,38407800
2016-03-08,45.794193267822266,46.219772961070156,44.86323409524783,45.04055981298614,33835100
2016-03-09,46.84926223754883,46.858126998829896,45.9803701971566,46.00696786320557,28251600
2016-03-10,46.148841857910156,46.93793775970756,45.359745956112754,46.92907299571056,38387800
2016-03-11,47.053192138671875,47.053192138671875,46.44142205868968,46.99112865442178,32275700
2016-03-14,47.1418571472168,47.514241465371434,46.66308214131298,46.73401039388126,24083600
2016-03-15,47.514244079589844,47.514244079589844,46.76061402077899,46.76947878451032,21104800
2016-03-16,48.188079833984375,48.40973614119168,47.3457885723621,47.3901191573622,31691700
2016-03-17,48.462928771972656,48.76438144711581,47.877756329895526,48.06394679278225,28223900
2016-03-18,47.42558288574219,48.73778776064772,47.390117066424196,48.69345379539689,67625500
2016-03-21,47.75362777709961,47.81569126267825,46.92906617474757,47.21278593230888,23925700
2016-03-22,47.939823150634766,48.09941595340693,47.39898125037427,47.531976380086626,23124100
2016-03-23,47.85115051269531,48.0905396594569,47.647227176314516,47.97527746682225,20129000
2016-03-24,48.063941955566406,48.17033939411348,47.638362347996306,47.7358916422281,19950000
2016-03-28,47.46990966796875,48.13487850700834,47.28371920476721,48.0639468740517,17025100
2016-03-29,48.50726318359375,48.640258314566324,47.390116935809516,47.57630741340578,23924300
2016-03-30,48.80872344970703,49.33183252658347,48.6757316803225,48.70232935775797,23008300
2016-03-31,48.96831512451172,49.28750077504265,48.640264709113644,48.720061121746376,26360500
2016-04-01,49.269752502441406,49.30521831526715,48.38312747503421,48.808707082324936,24399200
2016-04-04,49.14562225341797,49.34954559022066,48.76437324655029,49.14562225341797,18928800
2016-04-05,48.37425994873047,49.03036053748552,48.28559542173258,48.93283124889077,19272300
2016-04-06,48.87077713012695,48.94170876530908,48.06394838206612,48.19694350692935,21188700
2016-04-07,48.28560256958008,48.68458454461829,48.08167920060641,48.649118728569036,19225100
2016-04-08,48.25013732910156,49.012635472224495,48.161476170127166,48.47179360874398,22167200
2016-04-11,48.15261459350586,48.89737987767583,48.14374644769774,48.31220739598561,21414200
2016-04-12,48.454078674316406,48.56933753925124,47.66497924010433,48.20582126645559,24944300
2016-04-13,49.074703216552734,49.15449961943358,48.666856438364725,48.870779827458726,20818000
2016-04-14,49.083560943603516,49.278619527508766,48.82643887976587,48.95943398373872,20877100
2016-04-15,49.3406867980957,49.58007259210834,48.86190844565794,49.03036599238697,28793800
2016-04-18,50.05885314941406,50.17411536130873,48.95057175636713,49.19882908831,23786000
2016-04-19,49.996795654296875,50.333714185181975,49.36729255932728,50.20958719543662,29596800
2016-04-20,49.28748321533203,50.094311819076715,49.19882206941957,49.908121383337,36195700
2016-04-21,49.4559440612793,49.854926009047404,49.136758503064804,49.473676968091894,38909100
2016-04-22,45.90944290161133,46.48575052312153,45.0139531108373,46.02470510235458,126834100
2016-04-25,46.2020378112793,46.21977072041414,45.77645813866279,45.90944988386424,33226900
2016-04-26,45.608001708984375,46.414830552373914,45.29768422391414,46.33503414446915,33532600
2016-04-27,45.164695739746094,45.66120717124164,44.8189123819326,45.64347425773744,43369300
2016-04-28,44.24259567260742,45.013958594490624,43.9411429908521,44.880963471107854,43134800
2016-04-29,44.21599197387695,44.552910452676144,43.75494652452182,43.75494652452182,48411700
2016-05-02,44.872100830078125,44.996227813929,44.136200308381284,44.33125892997932,33114500
2016-05-03,44.13619613647461,44.69477089321178,43.97660334883542,44.6327074071528,26460200
2016-05-04,44.21599197387695,44.384452904379685,43.85247582487471,44.1893943036739,24257600
2016-05-05,44.27806854248047,44.59725420805548,44.091878031630806,44.21600503886391,25390700
2016-05-06,44.67704391479492,44.67704391479492,44.02980791556265,44.26032898263173,24787300
2016-05-09,44.39332962036133,44.85437519385726,44.331266118372184,44.765714014503395,17951600
2016-05-10,45.23560333251953,45.30653156660155,44.499703033460605,44.62383336196397,22891000
2016-05-11,45.26221466064453,45.90945063472239,45.217884078185676,45.33314629834401,24039100
2016-05-12,45.670066833496094,45.936057124128745,45.146957781302675,45.39521516041268,24102800
2016-05-13,45.288818359375,46.01585077719804,45.25335253845514,45.60800060103327,22592300
2016-05-16,45.95378112792969,46.06903995717445,44.99622438456269,45.040554963672705,20032000
2016-05-17,45.0966796875,46.185929461736336,44.96275771244951,46.17700269241187,27803500
2016-05-18,45.36452102661133,45.659152035215385,44.90917755077341,45.06988661214406,24907500
2016-05-19,44.92702102661133,45.19486824666552,44.480607857900274,45.06094633956952,23842400
2016-05-20,45.194881439208984,45.730579441551676,44.99846190362686,45.06988626042131,23905800
2016-05-23,44.66810989379883,45.24844849658749,44.623469248783444,45.17702073987256,26118700
2016-05-24,46.06092071533203,46.16805894504943,44.99845837313243,45.26630565035739,34757900
2016-05-25,46.53411865234375,46.86446692678717,46.23948766303227,46.35555266186192,24040200
2016-05-26,46.32876968383789,46.4091242105251,45.85557269660381,46.364483563668436,24335200
2016-05-27,46.712684631347656,46.712684631347656,46.22163071204053,46.35555265047176,17721400
2016-05-31,47.31980895996094,47.31980895996094,46.49841013735705,46.659115789110004,37653100
2016-06-01,47.185874938964844,47.275159624490506,46.81981624296591,46.81981624296591,25324800
2016-06-02,46.85553741455078,47.08767422720844,46.284128961644306,46.998389527777405,22840800
2016-06-03,46.23948287963867,46.801961093554006,46.06984367359147,46.76625062384222,23368300
2016-06-06,46.54304885864258,46.73946838303749,46.32876898873733,46.41805368697409,18243300
2016-06-07,46.51626205444336,47.07874373654138,46.51626205444336,46.64126063280304,20866800
2016-06-08,46.46269607543945,46.81982466418932,46.310913785676846,46.44483913512249,21149400
2016-06-09,46.08770751953125,46.42698257661744,45.97164251531117,46.42698257661744,20305700
2016-06-10,45.96272659301758,46.471637633504564,45.569883998601156,45.578810768669264,25833200
2016-06-13,44.76632308959961,45.28416412824378,43.80207217765475,44.266342396688586,83217800
2016-06-14,44.48954391479492,44.73060406063389,44.257407129069236,44.55204149421431,42577100
2016-06-15,44.36455535888672,44.74847109385426,44.36455535888672,44.44490989424884,33757600
2016-06-16,44.98952865600586,45.060956413782485,44.2038403497778,44.21277052243135,31188600
2016-06-17,44.75739669799805,45.02524398657024,44.48061923648438,45.00738704655035,45710500
2016-06-20,44.70383071899414,45.382380889779,44.66811683508685,45.212741644151066,35607900
2016-06-21,45.70378875732422,45.91806862269477,44.78417852305623,44.81989240159513,34097800
2016-06-22,45.525230407714844,45.94485659902915,45.489516525856494,45.60558493896452,28816800
2016-06-23,46.346614837646484,46.48054015002183,45.66806832273808,45.78413329387706,29028800
2016-06-24,44.48954391479492,45.480578419529124,44.21276648746434,44.471686976980436,133503000
2016-06-27,43.239601135253906,43.88243750535345,42.891399236737946,43.837793441757974,50216300
2016-06-28,44.141353607177734,44.16814072585521,43.45387659609479,43.67708328517897,38140700
2016-06-29,45.12345504760742,45.284164100476865,44.4627618962705,44.56097336256438,31304000
2016-06-30,45.68592834472656,45.80199673822232,45.087736251061216,45.28415916222902,28527800
2016-07-01,45.677005767822266,46.17698985762081,45.596651242780766,45.650222061429425,21400400
2016-07-05,45.68592834472656,45.78413980031046,45.302016100140875,45.38237061781292,24806400
2016-07-06,45.87342834472656,46.016280454162995,44.98952857605784,45.33773037994272,28167500
2016-07-07,45.87342834472656,46.078778039175006,45.596650892628425,45.909138817688465,19585200
2016-07-08,46.69481658935547,46.74838739550852,46.02519683882209,46.18590585141907,28391000
2016-07-11,46.953739166259766,47.168018994696695,46.846600954972466,46.87338465632871,22269200
2016-07-12,47.50730514526367,47.676944388216896,47.13231958773978,47.266241541485435,27317600
2016-07-13,47.77515411376953,48.0876454950623,47.48052308063101,47.819798172428136,25356800
2016-07-14,47.980491638183594,48.20369823540914,47.837639552193735,48.06977291472886,24545500
2016-07-15,47.944786071777344,48.21263335368075,47.50729956684016,48.16799270767401,32024400
2016-07-18,48.176910400390625,48.516185376692626,47.8108517227019,47.944777041360204,31433900
2016-07-19,47.40015411376953,48.12334473000628,47.2573020247939,47.95370553281728,53336500
2016-07-20,49.91793441772461,50.748263417347694,49.578659360514614,50.132214297505435,89893300
2016-07-21,49.8197135925293,50.20362922588883,49.78399971829527,49.980422620719914,32776700
2016-07-22,50.507198333740234,50.56076915356443,49.80186453243872,50.06971522569664,32157200
2016-07-25,50.650047302246094,50.65897747459378,50.23041775433814,50.41791390914855,25610600
2016-07-26,50.67683410644531,51.15003449978707,50.453627466183576,50.462557639077346,28079000
2016-07-27,50.16792297363281,50.71254771792743,50.09649862017581,50.542911898336904,32327500
2016-07-28,50.1857795715332,50.32863168333694,49.74829646919932,49.99828681339011,37550400
2016-07-29,50.605411529541016,50.676835885883946,50.0429298226891,50.230422589685354,30558700
2016-08-01,50.5161247253418,50.66790359468796,50.12327888776296,50.533978258083756,26003400
2016-08-02,50.5161247253418,50.801828931292164,50.27506116297191,50.7571848818489,35122000
2016-08-03,50.86432647705078,50.9893216413317,50.43577016843215,50.605405976261565,22075600
2016-08-04,51.23931121826172,51.35537961447544,50.596475061832166,50.712543458045886,26587700
2016-08-05,51.74822235107422,51.97142897274641,51.29288234144256,51.47144831995286,29335200
2016-08-08,51.83750534057617,51.864289044421,51.58751161652808,51.83750534057617,19473500
2016-08-09,51.96250534057617,52.23035262156546,51.80179629081001,51.93571822837317,16920700
2016-08-10,51.80178451538086,52.069631735483895,51.623218566691435,51.9267796577048,15756900
2016-08-11,52.051788330078125,52.18571367787254,51.81072474756601,51.81072474756601,18162300
2016-08-12,51.730369567871094,51.953576207472324,51.444665341650555,51.81072409436206,21655200
2016-08-15,51.891075134277344,52.230350157316884,51.748223030765345,51.79286367451357,19283900
2016-08-16,51.60358428955078,51.76529496403475,51.45085944536599,51.7563125608257,20523500
2016-08-17,51.711402893066406,51.81920888621063,51.414932128056364,51.69343465636058,18856400
2016-08-18,51.747344970703125,51.83718616991198,51.450877581042214,51.58563423921851,14214300
2016-08-19,51.76529312133789,51.86411668857027,51.38797051236699,51.59460004972105,17271000
2016-08-22,51.810218811035156,51.88209175197204,51.44187855645975,51.747331701260606,15221900
2016-08-23,52.007877349853516,52.26841167711399,51.971940871522854,52.01686318298178,18732400
2016-08-24,52.061767578125,52.14262291832067,51.85513802586725,51.92700753543548,18151500
2016-08-25,52.25940704345703,52.36721643966415,51.90903507350881,51.99887623701475,18552600
2016-08-26,52.133636474609375,52.735560317229734,51.82818335158341,52.35823425839051,20971200
2016-08-29,52.196537017822266,52.64573270102931,52.196537017822266,52.26840997213912,16417200
2016-08-30,52.007877349853516,52.27739408315105,51.75632885572131,52.088732712551895,16930200
2016-08-31,51.621551513671875,51.92700462315887,51.477809075506826,51.79224801511729,20860300
2016-09-01,51.73835372924805,51.944983311506405,51.217285144090724,51.217285144090724,26075400
2016-09-02,51.810218811035156,52.27738264585355,51.58562101124307,51.810218811035156,18900500
2016-09-06,51.75631332397461,51.9270064041845,51.39695550269146,51.90903817041133,16278400
2016-09-07,51.80123519897461,51.9629458852211,51.576637404420076,51.6305421088657,17493400
2016-09-08,51.594608306884766,51.91802969609994,51.37001050071761,51.77428723723659,20146100
2016-09-09,50.498573303222656,51.675467120229186,50.498573303222656,51.01964189348366,35113900
2016-09-12,51.253211975097656,51.39695441515134,49.95953001461446,50.3099019980522,29303000
2016-09-13,50.786048889160156,50.89385829100611,50.35482156304678,50.75909825224374,30130200
2016-09-14,50.543495178222656,50.875902440855654,50.33686558169162,50.66028701177184,24062500
2016-09-15,51.37900161743164,51.52274410066955,50.291948873751785,50.444677189930815,26847000
2016-09-16,51.43290328979492,51.77429295243928,50.98370762787532,51.77429295243928,44607000
2016-09-19,51.14541244506836,51.88209297153591,51.073539502441996,51.45086559704933,20937100
2016-09-20,51.03761291503906,51.522741630779,50.98370820124975,51.522741630779,17384000
2016-09-21,51.89107894897461,51.971934301451604,51.28017603003717,51.666481128437496,33707300
2016-09-22,51.94498062133789,52.106691316833235,51.774287521466384,52.03481837346172,19822200
2016-09-23,51.594608306884766,52.025835683474824,51.549689431069446,51.98989921198635,19955300
2016-09-26,51.118473052978516,51.33408507411871,51.055585927888345,51.280183782379304,21688700
2016-09-27,52.061767578125,52.16059115248529,50.9208104118485,51.14540819827088,28065100
2016-09-28,52.133636474609375,52.16059053908445,51.8102151176301,51.99887986059481,20536400
2016-09-29,51.567657470703125,52.25941569522752,51.396960945327294,51.93599773433284,25463500
2016-09-30,51.747344970703125,51.90007329581252,51.513764706942744,51.72039432448613,29910800
2016-10-03,51.58563232421875,51.70242416530897,51.262214300347004,51.576649918176976,19189500
2016-10-04,51.423919677734375,51.747337667970605,51.181353614739066,51.45087032014801,20085900
2016-10-05,51.783267974853516,52.07075288332716,51.44187836088216,51.46883242717623,16726400
2016-10-06,51.87311935424805,51.98092535935875,51.459856718323316,51.87311935424805,16212600
2016-10-07,51.9270133972168,52.088724095862844,51.58562376373174,51.97193227415389,20089000
2016-10-10,52.14263916015625,52.45707478825458,51.98991083572898,52.02584731525202,18196500
2016-10-11,51.37900161743164,52.12466810535343,51.10948488974696,52.007876266756654,26497400
2016-10-12,51.30712890625,51.450871380570085,50.66927189064781,51.30712890625,22177500
2016-10-13,51.13642120361328,51.477810790789434,50.597387899305815,50.93877748648197,25313700
2016-10-14,51.58563232421875,51.873120723923414,51.31611559078003,51.31611559078003,27402500
2016-10-17,51.40596008300781,51.62157211274821,51.091521017923554,51.53173433820495,23830000
2016-10-18,51.80123519897461,52.061769463159564,51.576637404420076,51.68444338622095,19149500
2016-10-19,51.68445587158203,51.96295843785977,51.56766745770628,51.6305545812059,22878400
2016-10-20,51.43290328979492,51.675469358482424,50.90285227164615,51.65750112075472,49455600
2016-10-21,53.59801483154297,54.3077446487683,53.445289984010785,54.15501637414592,80032200
2016-10-24,54.80185317993164,54.80185317993164,53.84057504586068,53.849557448298526,54067000
2016-10-25,54.79288101196289,55.134267201803816,54.62218448995196,54.66710336471098,35137200
2016-10-26,54.46946334838867,54.98154609519483,54.3257208830938,54.63117405023174,29911600
2016-10-27,53.993309020996094,54.649137603991015,53.98432661703703,54.451490445987595,28479900
2016-10-28,53.786678314208984,54.37063394474056,53.5261474798566,53.912452529501245,33574700
2016-10-31,53.83160400390625,54.28079964516885,53.83160400390625,54.047219419632235,26434700
2016-11-01,53.723793029785156,53.921440190289296,53.22967855561526,53.87652131574484,24533000
2016-11-02,53.39139175415039,53.84058737488052,53.27459993317519,53.74176378998539,22147000
2016-11-03,53.19374084472656,53.58004932556341,53.10390309773256,53.48122574761579,21600400
2016-11-04,52.74454879760742,53.256631529460655,52.57385569601988,52.690647516627465,28697000
2016-11-07,54.28080368041992,54.37064487160572,53.70583376519488,53.70583376519488,31664800
2016-11-08,54.325714111328125,54.60421317538318,54.03822921657372,54.39758362147159,22935400
2016-11-09,54.056190490722656,54.43351653235751,53.18475345980678,53.90346564971834,49632500
2016-11-10,52.73556137084961,54.34368235735336,51.774283111227874,54.33469652665207,57822400
2016-11-11,53.023048400878906,53.112886148967895,52.11567138056418,52.31331853886846,38767800
2016-11-14,52.21449279785156,53.07695090841297,51.459844093041745,53.02304620553717,41328400
2016-11-15,53.24557876586914,53.806346655747745,52.74812627343816,52.75717280889169,35904100
2016-11-16,53.95106506347656,53.960108149507825,53.191318177871906,53.30889554749164,27332500
2016-11-17,54.84648132324219,55.12686530578701,54.240494475789504,54.63845583306099,32132700
2016-11-18,54.58417510986328,55.298699540689704,54.53895278707825,54.97309329625021,27686300
2016-11-21,55.04545974731445,55.144950942,54.64749496857227,54.71985345570451,19652600
2016-11-22,55.280609130859375,55.407233012943195,55.000228663457214,55.153985248775555,23206700
2016-11-23,54.62940216064453,55.26252159492736,54.493731738874125,55.181120031913544,21848900
2016-11-25,54.746986389160156,54.746986389160156,54.38520430273384,54.53896091316044,8409600
2016-11-28,54.819358825683594,55.190187542519496,54.45757319695631,54.5751540438292,20732600
2016-11-29,55.25349044799805,55.54291752341414,54.73794825427295,54.85552908186164,22366700
2016-11-30,54.50277328491211,55.33487851114513,54.46659749700445,55.04545150643157,34655400
2016-12-01,53.544063568115234,54.40330175367337,53.30890190036598,54.36712250475147,34542100
2016-12-02,53.589271545410156,53.78825391092208,53.18226372970038,53.43551495405433,25515700
2016-12-05,54.46660232543945,54.80125168238561,53.86965864401875,53.99628253852581,23552700
2016-12-06,54.2224006652832,54.68367394262885,54.08673022770019,54.65654123520927,19907000
2016-12-07,55.506736755371094,55.515783291991575,54.086734127322416,54.27666999343886,30809000
2016-12-08,55.181121826171875,55.6966673755175,55.027365230058564,55.44341614332755,21220800
2016-12-09,56.049400329589844,56.06748994782268,55.28965361502005,55.3348759354812,27349400
2016-12-12,56.23030471801758,56.34788554299883,55.823300274281316,55.91374493950208,20198100
2016-12-13,56.96291732788086,57.360878674018956,56.29361854345576,56.52877673657311,35718900
2016-12-14,56.69157791137695,57.388012830499,56.55590747184622,56.98100496214941,30352700
2016-12-15,56.60112380981445,57.116665873641814,56.34787259495324,56.7096580731881,27669900
2016-12-16,56.347877502441406,56.935778093214395,56.18507436808096,56.935778093214395,42453100
2016-12-19,57.541770935058594,57.67744137811023,56.45641774137359,56.58304509833504,34338200
2016-12-20,57.46940612792969,57.70456427897592,57.008129460148304,57.605073097680254,26028400
2016-12-21,57.46940612792969,57.61411963247555,57.089531022095485,57.36991494663401,17096300
2016-12-22,57.47846221923828,57.975914788042694,57.35183830538729,57.7407565837827,22176600
2016-12-23,57.198089599609375,57.469427088315456,56.80012472927998,57.38802549667929,12403800
2016-12-27,57.23424530029297,57.94876974812752,57.17093335683848,57.17093335683848,11763200
2016-12-28,56.97195816040039,57.342786760656146,56.82724464445284,57.342786760656146,14653300
2016-12-29,56.890560150146484,57.161897578238104,56.73680008907426,56.854380906336246,10250600
2016-12-30,56.20317077636719,56.97196421486084,56.103679576659786,56.94482805569526,25579900
2017-01-03,56.60112380981445,56.8362819554977,56.194116009360734,56.79105963327884,20694100
2017-01-04,56.347877502441406,56.754885338342525,56.18507436808096,56.51068063680185,21340000
2017-01-05,56.347877502441406,56.6734837711623,56.10367280090073,56.248386314749766,24876000
2017-01-06,56.83628845214844,57.11667240234174,56.11272086321362,56.34787903577653,19922900
2017-01-09,56.65538787841797,57.05335258512646,56.564943236116186,56.76392213922849,20382700
2017-01-10,56.637306213378906,57.04431406137615,56.32978955603015,56.73679740402739,18593000
2017-01-11,57.15285110473633,57.18903034858618,56.465462722802144,56.628265869883876,21517300
2017-01-12,56.628265380859375,57.34278991463182,56.03132166346225,57.035273245048906,20968200
2017-01-13,56.70965576171875,56.863412341044175,56.39309261860576,56.63729728892428,19422300
2017-01-17,56.5558967590332,56.70965679139232,56.10366664658229,56.69156717286525,20664000
2017-01-18,56.52877426147461,56.709667029159846,56.185078347896926,56.682530871349385,19670100
2017-01-19,56.347877502441406,56.962910798860364,56.257432850126634,56.29361209114948,18451700
2017-01-20,56.745845794677734,56.818200830996716,56.41119296969451,56.682530393815135,30213500
2017-01-23,56.944820404052734,57.08953391593405,56.592081434482175,56.709662241086455,23097600
2017-01-24,57.451316833496094,57.65029919721278,56.92672822014922,57.16188982276751,24672900
2017-01-25,57.596031188964844,57.975902852312124,57.38800573757341,57.840235879791884,23672700
2017-01-26,58.12965774536133,58.37386587929209,57.478448705766894,57.993994227048844,43554600
2017-01-27,59.49540710449219,59.612991378922665,58.6904378586346,59.14266808217192,44818000
2017-01-30,58.90750503540039,59.504452228531896,58.60903833932006,59.414007566068605,31651400
2017-01-31,58.47335433959961,58.92558444756174,58.12061540742786,58.663290156885644,25270500
2017-02-01,57.50558853149414,58.44622808793218,57.40609734472289,58.21106647370152,39671500
2017-02-02,57.134761810302734,57.35183382440348,56.7548900984297,57.20712029841719,45827000
2017-02-03,57.596031188964844,57.61412080868265,57.04430986341956,57.43322806174682,30301800
2017-02-06,57.55985641479492,57.568902950476705,57.107626237494216,57.433232517189516,19796400
2017-02-07,57.36992263793945,57.68648239337249,57.18902987044519,57.650306600067694,20277200
2017-02-08,57.28852844238281,57.713625983199684,57.17999414800683,57.496553944204706,18096400
2017-02-09,57.939727783203125,58.28342713233759,57.270429056681294,57.45132181663723,22644400
2017-02-10,57.88547134399414,58.15681225111348,57.86738172016999,58.11158646643162,18170700
2017-02-13,58.53667068481445,58.66329457253626,58.00303552900025,58.102526712279435,22920100
2017-02-14,58.755062103271484,58.89155504132716,58.25459031117374,58.609474727046184,23108400
2017-02-15,58.71866989135742,58.755068474940785,58.381995142271315,58.691372689249896,17005200
2017-02-16,58.70956802368164,59.36472863811646,58.6367777994377,58.90975676057227,20546300
2017-02-17,58.80055618286133,58.86425195527465,58.509374517212066,58.66406325845606,21248800
2017-02-21,58.68227005004883,59.10084333880629,58.6458714672456,58.79146579845853,20655900
2017-02-22,58.56397247314453,58.591269671222676,58.281892169911806,58.536675275066386,19292700
2017-02-23,58.80055618286133,58.90065053127063,58.409280168802766,58.61856330288146,20273100
2017-02-24,58.80055618286133,58.96434630368395,58.36378021322817,58.71865765129076,21796800
2017-02-27,58.4456901550293,58.727770496169896,58.281900002230266,58.727770496169896,15871500
2017-02-28,58.218196868896484,58.41838212030526,58.01800814632801,58.30919332059111,23239800
2017-03-01,59.091732025146484,59.13722503391932,58.254578744375806,58.354673082921025,26937500
2017-03-02,58.2454948425293,58.91885119808666,58.127201196384526,58.86425680075795,24539600
2017-03-03,58.463871002197266,58.49116819695269,57.89060561422006,58.227287214945825,18135900
2017-03-06,58.482078552246094,58.745963058359926,58.06350875442787,58.20909960760107,18750300
2017-03-07,58.600379943847656,58.94615607583987,58.40929258598459,58.40929258598459,18521000
2017-03-08,59.137237548828125,59.219136089659536,58.4638811725578,58.47298255316558,21510900
2017-03-09,58.90066146850586,59.328329195655286,58.67317553302816,59.31923475670644,19846800
2017-03-10,59.08264923095703,59.38293234104695,58.918859074755254,59.2464393871588,19538200
2017-03-13,58.88243865966797,59.319214561707184,58.755047134556,59.155424466232155,20100000
2017-03-14,58.60947036743164,58.73686191552257,58.37288308855475,58.71865915589889,14280200
2017-03-15,58.91884231567383,59.07353104633085,58.46387056034044,58.736856390467686,24833800
2017-03-16,58.81875228881836,58.92794801734302,58.50937480480965,58.91884663771966,20674300
2017-03-17,59.028053283691406,59.36472802652083,58.85516175046343,59.06445186659834,49219700
2017-03-20,59.08264923095703,59.3101351733306,58.89156187244163,59.06445341018795,14598100
2017-03-21,58.42747497558594,59.60130299746927,58.35467782485246,59.31922271627504,26640500
2017-03-22,59.17363739013672,59.273731751997744,58.34559223748212,58.34559223748212,20680000
2017-03-23,59.028053283691406,59.36472802652083,58.937053355264155,59.09174906819858,19269200
2017-03-24,59.128150939941406,59.55581869266605,58.92796219397825,59.473927083310336,22617100
2017-03-27,59.23731994628906,59.34651566457374,58.55486232722509,58.80964539423811,18614700
2017-03-28,59.410213470458984,59.57400358234881,58.827850170921415,59.10993044160795,20080400
2017-03-29,59.57402420043945,59.60132140481541,59.10084951685439,59.25554524551905,13618400
2017-03-30,59.79240417480469,60.03809287991568,59.47392524440156,59.52851964895067,15122800
2017-03-31,59.92888641357422,60.22916946954551,59.55580620300646,59.7377990894976,21040300
2017-04-03,59.646812438964844,60.00168992733511,59.3192321508816,59.883392802998685,20400900
2017-04-04,59.81060791015625,59.883398136631676,59.401129042421395,59.50122341393524,12997400
2017-04-05,59.655906677246094,60.37476303244223,59.54671787646457,60.32927001288976,21448600
2017-04-06,59.81060791015625,60.11088408237766,59.58312196441026,59.69231077528346,18103500
2017-04-07,59.76510238647461,60.019885511246414,59.54671784271585,59.91979114904043,14108500
2017-04-10,59.62861251831055,59.89249703752404,59.473923747767415,59.701409684090784,17952700
2017-04-11,59.58311462402344,59.70140480200326,59.00984566828297,59.69230342144504,18791500
2017-04-12,59.355628967285156,59.61041208548151,59.24643322706416,59.52851354473594,17108500
2017-04-13,59.100852966308594,59.928905239751906,59.100852966308594,59.410237499374766,17896500
2017-04-17,59.58311462402344,59.5922090622624,59.15543998793746,59.18273718729286,16689300
2017-04-18,59.501216888427734,59.792398589355855,59.29193372899281,59.44662248897851,15155600
2017-04-19,59.182735443115234,59.828794597323636,59.04624250804156,59.73780162138087,26992800
2017-04-20,59.6013069152832,59.82879281954001,59.273726657767895,59.56490833752385,22299500
2017-04-21,60.420265197753906,60.693244151982356,59.55581448689783,59.75600321872386,32522600
2017-04-24,61.44850540161133,61.56680254196592,61.05722927910399,61.403012375746094,29770000
2017-04-25,61.80335998535156,61.91255570305155,61.512178347136114,61.78516417022716,30242700
2017-04-26,61.72149658203125,62.15826576759728,61.53040919555598,61.94898255769052,26190800
2017-04-27,62.12186050415039,62.22195487807219,61.49400399956489,62.01267169065045,34971000
2017-04-28,62.294734954833984,62.91349685005199,61.59408147196221,62.704213720057915,39548800
2017-05-01,63.15919494628906,63.28658650768721,62.33114285488169,62.49493299701065,31954400
2017-05-02,63.05908966064453,63.43216289944604,62.904393983757835,63.43216289944604,23906100
2017-05-03,62.858890533447266,63.13186938282522,62.52220898266567,63.13186938282522,28928000
2017-05-04,62.61320114135742,62.85888973924215,62.45851243443265,62.81338979376217,21749400
2017-05-05,62.786109924316406,62.813407122208126,62.32203673320043,62.695116950571034,19128800
2017-05-08,62.731529235839844,62.831623611526794,62.25835456126147,62.758826439696215,18566100
2017-05-09,62.82252502441406,63.04090960730123,62.49494467892295,62.658734851668505,22858400
2017-05-10,63.06818389892578,63.295669781628376,62.713306477295184,62.77700224675918,17977800
2017-05-11,62.294734954833984,62.540423602432014,61.98535747838417,62.20374198777923,28789400
2017-05-12,62.22193908691406,62.43122916354086,61.912561604086704,62.43122916354086,18714100
2017-05-15,62.267417907714844,62.31291784789575,61.48486614435324,62.00353352776117,31530300
2017-05-16,63.52122116088867,63.54867482741706,62.377271841455695,62.441332724059436,34956000
2017-05-17,61.75494384765625,63.237497234119765,61.70918309632401,63.04531464632303,30548800
2017-05-18,61.9654426574707,62.349807932997514,61.443802074366545,61.6817454753598,25201300
2017-05-19,61.947147369384766,62.32235912508583,61.70920394984706,61.773264834094206,26961100
2017-05-22,62.64265823364258,62.68841899655791,61.7732595951483,62.13017120312908,16237600
2017-05-23,62.8531494140625,62.91721029435044,62.5785987944786,62.8897566288145,15425800
2017-05-24,62.93551254272461,63.036180641174866,62.6426617969,63.02703407376123,14593900
2017-05-25,63.71339416503906,63.95133056034603,63.063631887802664,63.11853921254866,21854100
2017-05-26,64.02454376220703,64.26248713509437,63.62187143610712,63.878121904968836,19827900
2017-05-30,64.43635559082031,64.43635559082031,63.850647343202844,63.86895443518674,17072800
2017-05-31,63.91476058959961,64.73840585124198,63.88730691123079,64.54622312054468,30436400
2017-06-01,64.1526870727539,64.61942042745017,63.55783193160985,64.28080885920171,21603600
2017-06-02,65.67183685302734,65.76335139152422,64.28079073227255,64.46382679137804,34770300
2017-06-05,66.14772033691406,66.70596812966915,65.71759430163273,65.86402315709536,33316800
2017-06-06,66.36737060546875,66.4588921504503,66.13858070724206,66.16604136000468,31511100
2017-06-07,66.24840545654297,66.5961636044786,65.84573298263881,66.47719536542235,22301800
2017-06-08,65.845703125,66.3673436014233,65.43388426860136,66.35819703633764,24588300
2017-06-09,64.35400390625,65.96468628454245,62.77077519076233,65.92807907343222,49187400
2017-06-12,63.85980224609375,64.0062310566369,62.34978830238985,63.37476902986201,47761700
2017-06-13,64.65599060058594,64.81156596896606,64.0245285991364,64.079435909833,25258600
2017-06-14,64.30824279785156,65.06782671451585,63.539512315043055,64.89395119032528,25510700
2017-06-15,63.96964645385742,64.25334364687478,62.96297246310998,63.393091536289944,26068700
2017-06-16,64.0611572265625,64.0886108910931,63.34733402031873,63.81406726367506,48345100
2017-06-19,64.85736083984375,64.92142173006451,64.3814739563924,64.51874928746926,23798300
2017-06-20,63.978790283203125,64.85734237704077,63.94218307319597,64.81158161900397,21512200
2017-06-21,64.30824279785156,64.6285541478,64.00624552652626,64.25333547253997,19891100
2017-06-22,64.29910278320312,64.60110008529922,63.795762309522516,64.55534630358152,22965700
2017-06-23,65.16850280761719,65.20511002302747,63.98794629355731,64.14352172246667,27617300
2017-06-26,64.54619598388672,65.62608443244967,64.46383498340666,65.34238723242375,19607000
2017-06-27,63.338172912597656,64.22587853107828,63.3107192513434,64.16181766078128,25215100
2017-06-28,63.87812805175781,63.914728283005765,62.9538151152263,63.33818038233809,25806200
2017-06-29,62.67927169799805,63.59443119066836,62.313206504507356,63.4937630879056,28918700
2017-06-30,63.08195495605469,63.49377400572389,62.90807238827194,62.94467961212694,24161100
2017-07-03,62.38642501831055,63.695103457672026,62.24914968901269,63.448013450626505,16165500
2017-07-05,63.21919250488281,63.548650340500004,62.432155117809515,62.46876231977919,21176300
2017-07-06,62.75248718261719,62.944669841438554,62.340668196873246,62.477936537379264,21117600
2017-07-07,63.566978454589844,63.91473655334028,62.87145527497604,62.87145527497604,16878300
2017-07-10,64.0428466796875,64.28993660232922,63.32901660759951,63.56695996496217,15014500
2017-07-11,64.05200958251953,64.68347185338486,63.83237326391482,64.06116313224426,17460000
2017-07-12,65.11357879638672,65.23254697941151,64.56448467011062,64.69260640017136,17750900
2017-07-13,65.68099212646484,65.92808909348598,65.26001960788318,65.43390214155637,20269800
2017-07-14,66.60530853271484,67.05373474107066,65.85487800803016,66.11112155566204,25868100
2017-07-17,67.12693786621094,67.21845240607028,66.55038998119643,66.62360440592865,21803900
2017-07-18,67.08118438720703,67.16354537881506,66.49548295095481,66.8889947758979,26435300
2017-07-19,67.59365844726562,67.75838738103103,67.21843982731255,67.26420057973482,22416200
2017-07-20,67.9231185913086,67.99633300479385,67.06286668813365,67.88651138456596,42361000
2017-07-21,67.52963256835938,67.98721240119923,66.96223106207687,67.21847465132892,46717100
2017-07-24,67.35572052001953,67.49299580621711,66.9255945482523,67.29165965074215,21394800
2017-07-25,67.89566040039062,68.00547503117868,67.26419834491814,67.53874888610886,22018700
2017-07-26,67.767578125,68.069575517575,67.54793477134535,68.0329682919659,16252200
2017-07-27,66.95306396484375,68.10615976294073,66.18432645066709,67.50215819947736,36844200
2017-07-28,66.84322357177734,67.09031346430062,66.38564400760755,66.50461218073208,18306700
2017-07-31,66.53209686279297,67.20931996068721,66.26670673607421,67.08119818154253,23600100
2017-08-01,66.4222640991211,67.19099456467741,66.33989613089068,66.89814386606862,22132300
2017-08-02,66.12939453125,66.40393805542026,65.3789643938096,66.39479149209116,26499200
2017-08-03,66.02875518798828,66.29415226422783,65.75420456233014,66.0653624035502,18214400
2017-08-04,66.5137939453125,66.84325192985526,66.11112152373512,66.25755039780435,22579000
2017-08-07,66.2575454711914,66.71512519546467,66.12942370696389,66.62361064703252,18705700
2017-08-08,66.61444854736328,66.92559936851784,65.66268200518388,65.97383282633844,22044600
2017-08-09,66.32161712646484,66.35822434820662,65.93725177134671,66.12028089794192,22213400
2017-08-10,65.35153198242188,66.06535515224923,65.29661767405014,65.79995810513952,24734500
2017-08-11,66.34907531738281,66.5321044564472,65.23257941559343,65.53458377895235,21443700
2017-08-14,67.34654998779297,67.46552513081089,66.76084876436563,66.86151681671495,20096600
2017-08-15,67.36497497558594,67.70538348958331,67.19936836739681,67.70538348958331,19181400
2017-08-16,67.7605972290039,68.1746102817179,67.31897722270536,67.4753815297918,18150400
2017-08-17,66.61054992675781,67.9630027947186,66.61054992675781,67.6961917442294,22977500
2017-08-18,66.69334411621094,67.01535500547286,66.17812669339187,66.4909352660146,18761500
2017-08-21,66.38055419921875,66.68416755984092,65.96653406583044,66.67496524061552,17734800
2017-08-22,67.30977630615234,67.38337378496607,66.56454304643134,66.56454304643134,14343700
2017-08-23,66.90494537353516,67.30056069869275,66.73013647983694,67.12575180499455,13766500
2017-08-24,66.87735748291016,67.033761774204,66.30693316139529,66.9233550289495,17098300
2017-08-25,66.9969711303711,67.48458872257783,66.68416249360165,67.0337733851638,12794300
2017-08-28,67.00616455078125,67.24536864620006,66.74855582075394,67.21776871359877,14569700
2017-08-29,67.20860290527344,67.30980738209212,66.28856731187786,66.47257162283115,11478400
2017-08-30,68.0918197631836,68.27582402963162,67.00617774478947,67.17178439231782,16897800
2017-08-31,68.79103088378906,68.9658398232246,67.8986026091788,68.11020678072649,27652800
2017-09-01,68.02742004394531,68.76344415583883,67.75140661491457,68.73584421679837,21736200
2017-09-05,67.72378540039062,67.98139410959102,67.14416580468973,67.47537198843962,21556000
2017-09-06,67.53059387207031,68.11941591515274,67.48458929835881,67.84340251150866,16535800
2017-09-07,68.39541625976562,68.63462738717925,67.71459214869344,67.78819665240714,17471200
2017-09-08,68.06421661376953,68.48743202208227,67.93540521015805,68.386227574517,14703800
2017-09-11,68.78182220458984,68.94742879412433,68.36780222109843,68.36780222109843,17910400
2017-09-12,68.7082290649414,69.22344653112292,68.42302039892115,68.78183356562778,14394900
2017-09-13,69.19584655761719,69.21425119243375,68.58862697558955,68.93823782467749,13380800
2017-09-14,68.79103088378906,69.45345737079556,68.56102207687357,69.00264207464848,15733900
2017-09-15,69.28784942626953,69.36145392771212,68.14700773115578,68.8462364562372,38578400
2017-09-18,69.14982604980469,69.89505206827762,69.03941933549754,69.21422821165656,23307000
2017-09-19,69.40746307373047,69.65586950834343,69.01184762652312,69.19585187295405,16093300
2017-09-20,68.94744873046875,69.5086708339862,68.36782198984217,69.32465955945698,21587900
2017-09-21,68.27581024169922,69.2234453592311,68.18380812705455,69.10384331212417,19186100
2017-09-22,68.4598388671875,68.55184100518471,67.94461425963935,68.0734186566981,14111400
2017-09-25,67.40177917480469,68.31261203655153,67.08896356392201,68.16540303865112,24149200
2017-09-26,67.40177917480469,67.90779431163676,67.15336574567559,67.77898994812959,18019600
2017-09-27,67.94463348388672,68.23904462036637,67.31900894145303,67.66862699180182,19565100
2017-09-28,67.96302795410156,68.05503010435699,67.44780327790578,67.65941454087596,10883800
2017-09-29,68.53343200683594,68.57943658256497,67.97220987564307,68.02741677038044,17079100
2017-10-02,68.64383697509766,69.01185251333118,68.35862826714015,68.7358391048279,15304800
2017-10-03,68.32182312011719,68.89224051189308,68.25742093010015,68.69903394184199,12190400
2017-10-04,68.71743774414062,68.74503767962531,67.81580007553882,68.16541095719836,13317700
2017-10-05,69.89506530761719,70.03307197181468,68.96582792261866,69.20503900594026,21195300
2017-10-06,69.92269134521484,69.95029128449785,69.4994758978114,69.61907797447547,13959800
2017-10-09,70.18949127197266,70.42870240649407,69.79387582689618,69.89508026768169,11386500
2017-10-10,70.18949127197266,70.50229989308278,70.05148457823677,70.22629352492302,13944500
2017-10-11,70.30908966064453,70.34589191167446,69.8766719851825,70.25388979375548,15388900
2017-10-12,70.953125,71.10952931666715,70.2630985236672,70.37349826752057,16876500
2017-10-13,71.29351043701172,71.64312823060796,71.10950624408424,71.38551253347546,15335700
2017-10-16,71.44074249267578,71.58794449072367,71.16472909478159,71.2291312850486,12380100
2017-10-17,71.38552856445312,71.41313551697094,71.07271996236729,71.2751288316283,16824000
2017-10-18,71.40393829345703,71.62474479417075,71.18313179274331,71.45913816380744,13300700
2017-10-19,71.6799545288086,71.69835214655156,71.16472998094454,71.36713887267909,15092800
2017-10-20,72.50798034667969,72.65518936516744,71.96516288445885,72.05716501135753,22866400
2017-10-23,72.52635955810547,72.99557234659066,72.46195738992262,72.67356150567635,20627200
2017-10-24,72.55397033691406,72.86677890935957,72.1859548839757,72.59077258413899,17517200
2017-10-25,72.34236907958984,72.77478676957628,71.77195171774551,72.29637152874118,20410800
2017-10-26,72.46196746826172,73.069186992825,72.4527651517243,72.86677814486696,32120700
2017-10-27,77.10814666748047,79.30703019976264,76.92414243806469,77.62337114460519,71066700
2017-10-30,77.1817398071289,77.58655747543501,76.4641135909938,77.00693090139484,31756700
2017-10-31,76.52851104736328,77.61415262056869,76.46410887858457,77.61415262056869,27086600
2017-11-01,76.52851104736328,77.0621330282783,76.25249774156312,76.98852854415694,22307400
2017-11-02,77.32898712158203,77.7061980291674,76.47335381984712,76.68495805550592,23992900
2017-11-03,77.4117660522461,77.77978155933545,76.73094192668357,77.35656618294188,17633500
2017-11-06,77.71536254882812,77.92696668156252,77.35654943739986,77.46694915210982,19860900
2017-11-07,77.53135681152344,78.11098343200648,77.2185482386305,77.99137437352664,17939700
2017-11-08,77.79817199707031,77.84417656345335,77.1265502514706,77.41175890897365,18034200
2017-11-09,77.36576080322266,77.53136742899511,76.27092362885486,77.38416543903732,21178400
2017-11-10,77.16334533691406,77.3749494762836,76.5745234422961,77.08974084525914,19397800
2017-11-13,77.21854400634766,77.22774632249042,76.78612639867534,76.97013762497768,14196900
2017-11-14,77.32898712158203,77.37498468531427,76.34454941049466,76.82296478533036,18801300
2017-11-15,76.7279281616211,77.38443281990493,76.45977717929739,77.18100745024124,19383100
2017-11-16,76.93136596679688,77.13479138799711,76.69096051861885,76.83890179022345,20962800
2017-11-17,76.191650390625,76.85740379199365,76.04370205495866,76.85740379199365,22079000
2017-11-20,76.31183624267578,76.36731332899697,76.05293376709241,76.19163353745876,16315000
2017-11-21,77.41220092773438,77.52315513206577,76.50603494982423,76.50603494982423,21237500
2017-11-22,76.84815216064453,77.57863116579006,76.78342653003997,77.5139055351855,20553100
2017-11-24,76.98685455322266,77.14404436791294,76.54301660370109,76.75569057118463,7425600
2017-11-27,77.55086517333984,77.65257785037569,77.02381178077323,77.03305325718583,18265200
2017-11-28,78.48477935791016,78.6512176789895,77.68957482992707,77.73581044033497,21926000
2017-11-29,77.060791015625,78.52174849411547,76.91284979433696,78.32757167298377,27381100
2017-11-30,77.82828521728516,78.15191337057126,77.06081912908907,77.21801599316916,33054600
2017-12-01,77.91150665283203,78.42006315558649,76.94986368826083,77.30123038404925,29532100
2017-12-04,74.97108459472656,78.06867972698693,74.6197109196851,78.05943119486399,39094900
2017-12-05,75.44266510009766,76.45054361404094,74.87863153910605,75.2115011446917,26152300
2017-12-06,76.54301452636719,76.87589121583305,75.29473046815254,75.40569171616272,26162100
2017-12-07,76.27484130859375,76.56148935236867,75.82176202300214,76.32107691214016,23184500
2017-12-08,77.81901550292969,78.20736914596871,77.05154969318919,77.32894212911901,24489100
2017-12-11,78.80842590332031,78.93787716568168,77.78205728419465,77.93924709498137,22857900
2017-12-12,79.13203430175781,79.56662359742025,78.66970646459572,78.88237331913503,23924100
2017-12-13,78.91935729980469,79.52038487547371,78.75291900276653,79.27997243429357,22062700
2017-12-14,78.30913543701172,79.40023002964273,78.16118705957237,78.99337904625143,19306000
2017-12-15,80.30636596679688,80.52828141432413,78.48479265920537,78.83616642690214,53936700
2017-12-18,79.87175750732422,80.90737443979637,79.73306479479227,80.55600781044343,22283800
2017-12-19,79.36320495605469,79.84402284350355,78.8453929373826,79.84402284350355,23524800
2017-12-20,79.07656860351562,79.79780612350176,78.32759959012627,79.70533489085626,23674900
2017-12-21,79.05806732177734,79.61285936575429,78.96560315687512,79.56663081058497,17990700
2017-12-22,79.06730651855469,79.17826068151072,78.52175601729078,78.96559383280317,14145800
2017-12-26,78.9655990600586,79.0858017627389,78.62347390765021,78.88237637776976,9891200
2017-12-27,79.25224304199219,79.50190404364919,78.79916370230806,79.1967659547633,14678000
2017-12-28,79.26150512695312,79.45568202001836,79.1043153165524,79.42794347166114,10594300
2017-12-29,79.09506225585938,79.56663871463924,79.05807517531152,79.17827789616885,18717400
2018-01-02,79.47417449951172,79.80705119925423,79.05808215211601,79.64061284938298,22483800
2018-01-03,79.84403991699219,79.99198825526754,79.49267319543578,79.57588884479189,26061400
2018-01-04,80.5467758178711,81.05533938346264,80.04746078653521,80.06595080048189,21912000
2018-01-05,81.54541015625,81.74883559315292,80.8426696618304,81.05534363347391,23407100
2018-01-08,81.62860870361328,81.90600825119428,80.99984250971808,81.55463455031654,22113000
2018-01-09,81.57312774658203,82.04470413327556,81.24025112709992,81.97072998348771,19484300
2018-01-10,81.20325469970703,81.54537981214952,80.82414957119295,81.240241770341,18652200
2018-01-11,81.44367218017578,81.48990073041213,80.66695775783913,81.48990073041213,17808900
2018-01-12,82.8491439819336,83.01558227941423,81.78578858439413,81.98921395404409,24271500
2018-01-16,81.6933364868164,83.94949884015071,81.37895690882785,83.31148409656204,36599700
2018-01-17,83.34847259521484,83.47792384183644,82.06320160764056,82.3683397123474,25621200
2018-01-18,83.31147766113281,83.83853113112637,82.90463394778405,83.03408518219909,24159700
2018-01-19,83.2190170288086,83.78305759748004,82.90463746177912,83.34846826871055,36875000
2018-01-22,84.7077407836914,84.71698931941293,82.97863144118625,83.21904398798551,23601600
2018-01-23,84.9758529663086,85.34571662555797,84.64297637844041,84.9758529663086,23412800
2018-01-24,84.9018783569336,86.39057446267277,84.67996298442861,85.57688006044616,33277500
2018-01-25,85.37345886230469,86.21489184533438,85.00359518703944,85.5029100904631,26383200
2018-01-26,86.97310638427734,86.97310638427734,85.60462000111168,86.10393488834109,29172200
2018-01-29,86.84369659423828,88.25841925575071,86.65876820165383,87.97177813087501,31569900
2018-01-30,85.7525863647461,86.6032751559416,85.16080715191032,86.2703984669009,38635100
2018-01-31,87.85155487060547,88.21217009014914,86.46457108634074,86.68648651654509,48756300
2018-02-01,87.15805053710938,88.83167514042691,86.52928436247993,87.64811694219816,47227900
2018-02-02,84.86488342285156,86.88988129120658,84.6059810031565,86.58474327318231,47867800
2018-02-05,81.36969757080078,86.2148912236027,81.36969757080078,83.73681378812762,51031500
2018-02-06,84.44880676269531,84.58750652858922,78.82689841435906,80.34333319778932,67998600
2018-02-07,82.8583984375,84.85565109549665,82.47928621158212,83.6720929197115,41107600
2018-02-08,78.60498809814453,83.10805713243406,78.37382415824668,82.95086734639878,55628700
2018-02-09,81.5361328125,82.22962452714889,77.513882278449,79.79778278742265,63499100
2018-02-12,82.41455841064453,83.01558601495651,81.30497441388626,82.05394325896994,35720300
2018-02-13,83.06181335449219,83.21900311171937,81.18476363525782,82.22962191246253,26407700
2018-02-14,84.3624267578125,84.5296469204601,82.13283403944776,82.22573255476256,34960900
2018-02-15,86.08108520507812,86.13682289932902,84.18592563581777,84.73403186315882,27823900
2018-02-16,85.46793365478516,86.86143257306969,85.28213663409468,85.88598049518971,30596900
2018-02-20,86.13680267333984,86.45265898353156,84.54821497088493,84.98484570719789,30911700
2018-02-21,84.99414825439453,86.73137958448793,84.99414825439453,86.37836238427593,26922500
2018-02-22,85.21712493896484,86.14612441373183,84.8733925817278,85.51440448738214,24392800
2018-02-23,87.38166046142578,87.39095243776711,85.80236469306026,86.95432168984101,26329200
2018-02-26,88.64509582519531,88.67296466523345,87.55816853750213,87.69751982539377,30199800
2018-02-27,87.51175689697266,89.03531562890078,87.51175689697266,88.94241708918892,25869100
2018-02-28,87.11226654052734,88.91452756020449,86.98220719763339,88.10629556847552,31167300
2018-03-01,86.25759887695312,87.85547909021594,85.31930743308072,87.31665769965923,37135600
2018-03-02,86.44338989257812,86.53628840739391,84.40887910591134,85.07775975290876,32830400
2018-03-05,86.99149322509766,87.57676022808525,85.70947675239536,85.78379130917797,23901600
2018-03-06,86.69422912597656,87.7811567906489,86.34121188355488,87.64180545442602,22175800
2018-03-07,87.19588470458984,87.27020635802515,85.86741527217131,86.54558795628832,26716100
2018-03-08,87.72540283203125,88.34783065240084,87.11225990137315,87.57675954422248,25887800
2018-03-09,89.68560028076172,89.68560028076172,88.25494039644242,88.52435106501905,36937300
2018-03-12,89.89926147460938,90.30802344527832,89.22109593712939,89.6484347756913,26073700
2018-03-13,87.70682525634766,90.3358878269818,87.29806330587786,90.11292998477191,35387800
2018-03-14,87.18658447265625,88.63582822664338,86.86143612928495,88.36641757422079,32132000
2018-03-15,87.4931411743164,87.86474225586517,86.23899372582784,86.88929030276233,27611000
2018-03-16,87.8833236694336,88.60794191772524,87.25160392441241,87.95764530713056,49081300
2018-03-19,86.29473114013672,87.23302227340898,85.57011293159619,87.08437900616933,33344100
2018-03-20,86.5177001953125,87.11225916612524,86.39693284076372,86.44338563973741,23075200
2018-03-21,85.91385650634766,87.3723850919873,85.6630227317123,86.33190334713721,24457100
2018-03-22,83.41484069824219,85.23567831638408,83.2940733513828,84.78975557281593,38604700
2018-03-23,80.99015808105469,84.03727460676029,80.89725956994455,83.14543614223929,44068900
2018-03-26,87.12154388427734,87.32592484240882,83.98152913832494,84.17661811989551,56396800
2018-03-27,83.1175537109375,88.38497710334019,82.22571539220009,88.19918011149107,56569000
2018-03-28,83.0432357788086,84.7525979483188,82.56015932585862,83.44270570801197,52501100
2018-03-29,84.78977966308594,85.73736310450528,82.12355568400412,83.77717362909264,45867500
2018-04-02,82.2350082397461,84.42744697673139,81.29672412608241,84.04656098026531,48515400
2018-04-03,83.34053039550781,83.65639385843618,81.64975187099252,83.2197630322219,37213800
2018-04-04,85.77450561523438,86.17397559096709,81.50111032525551,81.61258570323538,35560000
2018-04-05,85.82093811035156,86.46194978582794,84.91052292111071,85.87668287845884,29771900
2018-04-06,83.82360076904297,85.89526501183879,83.126851370419,84.99413465558624,38026000
2018-04-09,84.32524108886719,86.55484023801343,84.18589690080205,84.57607480278506,31533900
2018-04-10,86.28543853759766,86.65703961529793,85.1334815756577,85.83023093845785,26812000
2018-04-11,85.33787536621094,86.66634463472717,84.98485818750181,85.47722667728368,24872100
2018-04-12,86.93573760986328,87.47455878972221,85.86738722571556,85.86738722571556,26758900
2018-04-13,86.47126007080078,87.49315792492689,85.8767010615746,87.37239056257555,23346100
2018-04-16,87.48387145996094,87.93908626735356,86.78712191264484,87.39097293785937,20288100
2018-04-17,89.24894714355469,89.68557787361806,88.14343589830494,88.25491834673632,26771000
2018-04-18,89.59271240234375,89.85283112353306,88.73802749138858,89.38833138206542,21043300
2018-04-19,89.2861328125,90.1779713850915,88.57079930609552,89.59270431524477,23552500
2018-04-20,88.25492858886719,89.28611832150062,87.37238213805924,89.10032130692056,31154400
2018-04-23,88.58009338378906,89.45335510768258,87.91121266656876,88.94240259099954,22331800
2018-04-24,86.50843811035156,89.62058509403401,85.84884929972125,89.40691208521108,34524800
2018-04-25,85.75591278076172,86.67562708007543,83.87004556305395,86.67562708007543,33729300
2018-04-26,87.56747436523438,88.39428315975867,86.48983179528692,86.90788572509152,42529000
2018-04-27,89.01671600341797,90.9490363214234,87.2423309590292,90.67033368581981,48272800
2018-04-30,86.87999725341797,89.55551933735862,86.53627210458465,89.49048968046846,41523600
2018-05-01,88.25492858886719,88.52433922139953,86.20184110063987,86.59201908387905,31408900
2018-05-02,86.87074279785156,88.41287823907783,86.57346324968123,88.24565805025054,27471000
2018-05-03,87.39095306396484,88.18989293021372,85.88597183244228,86.35976340142737,31142500
2018-05-04,88.40359497070312,88.59868401329982,86.32263100759774,86.69423222155967,22531300
2018-05-07,89.3883056640625,89.84351329517553,88.34782399095977,88.41285365254734,24242000
2018-05-08,89.00740814208984,89.33256352150404,88.31065876511859,89.04456895938578,23484600
2018-05-09,90.05719757080078,90.08506641674654,88.30138939919338,89.19322790796997,27327400
2018-05-10,90.95832824707031,90.99548198327383,90.1593882523483,90.5402742939051,22388100
2018-05-11,90.76324462890625,90.92117992414711,90.15010866941242,90.85615024529619,16778300
2018-05-14,91.0698013305664,91.68294427797244,90.40092069256066,90.96761083933207,19454100
2018-05-15,90.41022491455078,90.90259348206955,89.49980234780992,90.33590325855087,24594000
2018-05-16,90.64347076416016,90.87672724728026,90.14896815889318,90.8394053557703,17384700
2018-05-17,89.73844146728516,91.00735740386516,89.41188378914109,90.27959825873735,17246700
2018-05-18,89.90637969970703,90.43820419811907,89.57982204601946,89.57982204601946,17865800
2018-05-21,91.06333923339844,91.44588332308408,90.3169226793946,90.50352503828964,19422500
2018-05-22,90.97003173828125,91.59515742744583,90.69012110094803,91.13797669699655,15441200
2018-05-23,92.05233001708984,92.11764153918467,89.86904591570725,90.23292541286733,21251200
2018-05-24,91.72576904296875,92.31357988430622,90.32623026785639,92.11764531000117,26649300
2018-05-25,91.77242279052734,92.3509013777329,91.30590986748416,91.7164435176573,18363900
2018-05-29,91.44586944580078,92.25759741407722,90.71811039075736,91.28724963454513,28671000
2018-05-30,92.32290649414062,92.60281710100887,91.35256585875489,91.72577051001598,22158500
2018-05-31,92.22028350830078,93.29326479807118,92.00569152140065,92.64014946608393,34140900
2018-06-01,94.0396728515625,94.1049843739475,92.52816846696696,92.63080187620369,28655600
2018-06-04,94.86077117919922,95.03804843347612,94.09568998692383,94.47823414227399,27281600
2018-06-05,95.34591674804688,95.47653980148941,94.7301162517413,95.16863955333662,23514400
2018-06-06,95.62582397460938,95.72845739466818,95.07534210195108,95.61649884072972,21122900
2018-06-07,94.1236343383789,95.81241577278766,93.65712146714074,95.77509388887802,28232200
2018-06-08,94.82344055175781,95.12200862081997,93.8064455134732,94.31960560051088,22165100
2018-06-11,94.28227233886719,94.78610007292728,93.92771793244053,94.24495044774739,23490900
2018-06-12,94.52485656738281,94.65547963070276,94.00236431410303,94.3289219724029,18325200
2018-06-13,94.09564971923828,95.17796305502763,93.82507138529094,94.90738472108029,29492900
2018-06-14,94.62747955322266,95.19662588851781,94.23561040648832,94.84207862981849,25691800
2018-06-15,93.42388153076172,94.73011922460259,93.36790225422173,94.71146183856351,65738600
2018-06-18,94.10499572753906,94.33825220968775,92.76143611246731,93.31192511191811,23586000
2018-06-19,94.10499572753906,94.23561878806849,92.83607989517638,92.97603520815018,28653100
2018-06-20,95.04734802246094,95.6538091437521,94.34757861935039,94.5808350870539,26180800
2018-06-21,94.3662338256836,95.59782766198296,94.12364511171518,95.24328040189243,23198200
2018-06-22,93.68515014648438,94.02103297929585,92.9573838398584,93.68515014648438,38923100
2018-06-25,91.80042266845703,93.40522844170944,90.783427799607,93.3025950177161,35433300
2018-06-26,92.4442138671875,93.37723982761105,92.13631359182617,92.2016251243189,26897200
2018-06-27,91.00733184814453,93.32123170502058,90.87670881356709,92.91070521852924,31298400
2018-06-28,92.02435302734375,92.47220864533867,90.74611194632789,90.85807051200895,26650700
2018-06-29,92.00569915771484,93.21863586741794,91.74445300323697,92.30426720832153,28053200
2018-07-02,93.31192779541016,93.35857482212762,91.43654363184346,91.52984480370154,19564500
2018-07-03,92.41622161865234,93.8903971845078,92.31358819642897,93.75044898913318,14670300
2018-07-05,93.07865905761719,93.22793948926052,92.39754706768208,92.83607034797181,18977400
2018-07-06,94.38491821289062,94.63683211315794,92.99470427934048,93.19997114837064,19234600
2018-07-09,95.02869415283203,95.4019059666061,94.46887999138256,94.84209180515663,18212000
2018-07-10,95.28060150146484,95.6444810101946,95.03801278950425,95.16863583784713,19293100
2018-07-11,95.14997100830078,95.48585373602893,94.3289037761915,94.37555791198741,19644600
2018-07-12,97.21198272705078,97.41724958918518,95.84976560011403,95.88708037648067,24335900
2018-07-13,98.36894226074219,98.52755498972832,97.11868358194592,97.37993687009421,24635200
2018-07-16,97.8837661743164,98.73281617695201,97.51987946641677,98.34094694496635,21786900
2018-07-17,98.8541030883789,99.36727024216326,97.33327325199987,97.60385164959311,25901700
2018-07-18,98.0796890258789,98.94740343172332,97.70647722752443,98.84477000921527,29493900
2018-07-19,97.40791320800781,98.25696314362823,96.93206796762703,97.90241583578127,40171600
2018-07-20,99.15266418457031,100.95340454572754,98.97539409529496,100.84144598795848,56004000
2018-07-23,100.73882293701172,100.89743565579823,99.02205131741304,99.18067115462333,29707000
2018-07-24,100.44956970214844,101.53187602184825,100.07635792629857,101.29861955174489,26316600
2018-07-25,103.40726470947266,103.7058327199657,100.3935878473892,100.72947774899673,30702100
2018-07-26,102.27831268310547,103.56588600047898,102.16634700047251,103.32329724731929,31372100
2018-07-27,100.46823120117188,102.80079599770872,99.03137043229444,102.80079599770872,37005300
2018-07-30,98.31293487548828,100.32826697912625,97.74378854620771,100.0110416118143,34668300
2018-07-31,98.97539520263672,99.57253124549598,98.32227276184348,99.35793214333259,27655200
2018-08-01,99.1619873046875,99.32059999253464,98.3595844952671,98.92873083958673,23628700
2018-08-02,100.3656005859375,100.85077094507196,97.81843662481825,98.34093599437423,26104300
2018-08-03,100.80413055419922,100.81346280741889,99.6658376877988,100.5802063058917,18659600
2018-08-06,100.8880844116211,101.15866276719619,100.35625995229691,100.87875927821752,20265900
2018-08-07,101.58786010742188,101.79312694978074,100.92541255516919,101.28929209628794,16080200
2018-08-08,102.15702056884766,102.39960933583156,101.47591553634811,102.00774010192025,15487500
2018-08-09,102.32494354248047,102.78213133550183,102.25963201753774,102.36226543079378,13677200
2018-08-10,101.69981384277344,102.34360393306771,101.12133527479729,102.09168297668211,18183700
2018-08-13,100.96271514892578,102.24096298393806,100.86008174736311,101.92373052862939,18472500
2018-08-14,102.22232055664062,102.39959776460684,100.80412424818,101.28929460889933,16788300
2018-08-15,100.83613586425781,102.08183037898388,100.04937428808769,101.6135221287783,29982800
2018-08-16,100.81737518310547,101.96004818095855,100.49892907986907,101.43554535406798,21384300
2018-08-17,100.76118469238281,101.06090162678412,99.92759674527248,100.55512796014155,18061500
2018-08-20,100.0962142944336,101.06092820746662,99.73093440786414,100.69564832089716,17914200
2018-08-21,99.26262664794922,100.54578676796632,99.14086192124351,100.14304135940642,22881900
2018-08-22,100.27417755126953,100.53642907330966,99.07530936719007,99.1408722477001,18000600
2018-08-23,100.74246978759766,101.32317459778271,100.09620925319385,100.35846073333647,18167700
2018-08-24,101.52922821044922,101.6790831319401,100.74246664871791,100.84549503353767,17234000
2018-08-27,102.65316772460938,102.69063324238249,101.632259162105,102.34408256234376,19662300
2018-08-28,103.27133178710938,103.49611773430098,102.83112091223919,102.97161480891509,19151500
2018-08-29,104.91978454589844,104.92915271238432,103.28070555591808,103.44929682357731,20818000
2018-08-30,104.8542251586914,105.47239554260283,104.37655583928809,104.59197365490506,22798700
2018-08-31,105.21015167236328,105.63162631319759,104.45148731471623,104.61071757855454,23222700
2018-09-04,104.62942504882812,104.86357916642352,103.23386850878822,103.82393431263465,22634600
2018-09-05,101.613525390625,104.35781211075539,101.2482455154043,103.97380304908467,32872400
2018-09-06,101.8476791381836,102.08183326991757,100.69564481170993,101.38873904081375,23477600
2018-09-07,101.35128021240234,101.82895667349969,100.43339995707369,101.37001654583537,22498600
2018-09-10,102.44710540771484,102.69062768715796,101.49175976654027,101.94133166386366,20727900
2018-09-11,104.18921661376953,104.51703095694624,101.98816928579241,101.9975374515451,24301800
2018-09-12,104.62942504882812,104.76055078301623,103.50548814269686,104.36717358045193,18891100
2018-09-13,105.75336456298828,106.5213897499132,105.01343672563853,105.01343672563853,26055600
2018-09-14,106.1842041015625,106.52138657805679,105.31315056158826,106.17483593671098,19122300
2018-09-17,105.03215789794922,106.4932771309297,104.76990646083127,106.48391611232957,20736500
2018-09-18,106.03433990478516,106.49327993181218,104.63878349437961,105.07899433789807,22170900
2018-09-19,104.62006378173828,106.13738513629961,104.00190058635059,105.88450181678125,21728400
2018-09-20,106.37153625488281,106.58696119532966,104.83548575736815,105.16330010516393,23714500
2018-09-21,107.01780700683594,107.98252089200327,106.31534460744415,106.77428470755135,71229700
2018-09-24,107.40180206298828,107.6172269815342,105.10709471588994,105.86575172163452,27334500
2018-09-25,107.19575500488281,107.80455715585558,106.54012631664555,107.52357649481822,22668000
2018-09-26,106.75554656982422,107.76708690931181,106.53075347587901,107.21448663145021,19352000
2018-09-27,107.1583023071289,107.62661057947021,106.96160654442647,107.5048458553385,19091300
2018-09-28,107.12081909179688,107.30813951146175,106.47455149606591,106.9522278557721,21647800
2018-10-01,108.28223419189453,108.3477970610953,107.4580142439682,107.47674342981836,18883100
2018-10-02,107.85140991210938,108.49767054885614,107.18641294048993,107.99190384038234,20787200
2018-10-03,107.8701171875,108.81610182348989,107.64533123541904,108.10427130511418,16648000
2018-10-04,105.64098358154297,107.48611936417127,104.5545049324719,107.3456254497821,34821700
2018-10-05,105.02281188964844,105.99689396573768,103.62725522153414,105.49112016781727,29068900
2018-10-08,103.82393646240234,104.9291442061696,102.40964356201331,104.58260067827553,29640600
2018-10-09,105.14456939697266,105.91259463461084,103.77711017609573,104.09555635339649,26198600
2018-10-10,99.43122100830078,104.43275018821952,99.08467029616844,104.18922787305037,61376300
2018-10-11,99.1970443725586,102.02562269989949,97.5954240722324,98.67253433988063,63904300
2018-10-12,102.62507629394531,104.18922423568212,100.33036857802328,102.10057330649279,47742100
2018-10-15,100.77993774414062,102.54078140339118,100.17113556718309,102.00691026423516,32068100
2018-10-16,103.9644546508789,104.34847093138399,102.04438753999027,102.59699511387005,31610200
2018-10-17,103.69280242919922,104.7230790563576,102.60633110381173,104.6013214949225,26548200
2018-10-18,101.62289428710938,103.52422471431166,100.99536292217586,103.12147931747937,32506200
2018-10-19,101.77274322509766,103.83329648263013,101.35126155027318,102.02562651333942,32785500
2018-10-22,102.68125915527344,103.53358355737394,101.37936285745415,102.39091034154605,26545600
2018-10-23,101.24822998046875,102.06308880945073,98.44774898486058,100.93914485783945,43770400
2018-10-24,95.8345947265625,101.61351649892464,95.1508615749849,101.53859261386364,63897800
2018-10-25,101.4355697631836,102.34408176529315,99.42184285991642,99.79649088891306,61646800
2018-10-26,100.18050384521484,101.85704830235628,98.11995032409172,98.99100398851006,55523100
2018-10-29,97.2676010131836,101.81018862441901,95.18831169053675,101.2575884391866,55162000
2018-10-30,97.15524291992188,97.76403799237653,93.76468826039141,97.08968004385056,65350900
2018-10-31,100.04000854492188,101.28571023563188,98.71001479712562,98.75684848160707,51062400
2018-11-01,99.20642852783203,100.51769319660997,98.84114862560484,100.26480985884405,33384200
2018-11-02,99.43122100830078,100.5176925410706,98.32601314200083,99.7309380324253,37680200
2018-11-05,100.69564819335938,100.91106600013146,99.18769496268577,99.62790588845992,27922100
2018-11-06,100.892333984375,101.9413399270377,99.54360389144634,100.57388064762594,24340200
2018-11-07,104.86358642578125,105.12583791231225,102.46585038227842,102.50331590118529,37901700
2018-11-08,104.66690063476562,105.09774339509299,103.88014615394624,104.71373432111703,25644100
2018-11-09,102.62507629394531,104.38591285597681,101.86641916626331,103.8239443485895,32039200
2018-11-12,100.0962142944336,102.99035603353266,99.37501554190203,102.48458223386329,33621800
2018-11-13,100.1617660522461,101.84767138489885,99.88077825722907,100.73310266184863,35374600
2018-11-14,98.74137878417969,101.83616036770425,98.27104736741342,101.68565086952887,39495100
2018-11-15,100.914306640625,101.40345532819644,97.7442775158773,98.76018791181835,38505200
2018-11-16,101.86437225341797,102.41935984306556,100.46278673519258,100.72617116259737,33502100
2018-11-19,98.41211700439453,102.11832251249056,97.40560837891901,101.8455295161131,44773900
2018-11-20,95.67481231689453,96.86004945176676,93.45484753962995,95.75947570058635,64052500
2018-11-21,96.99172973632812,98.23340418977172,96.17335061920225,97.45265244113646,28130600
2018-11-23,96.9541015625,97.6501899320777,95.94759278796819,96.10750372021,13823100
2018-11-26,100.1523666381836,100.30286895005918,98.3745145704858,98.57205289170918,32336200
2018-11-27,100.78260040283203,100.96132861112861,99.10822195674872,99.96422127591732,29124500
2018-11-28,104.52644348144531,104.72398179040619,101.45988102086649,101.48809975404846,46788500
2018-11-29,103.65164947509766,104.52646627796571,102.56047704283706,103.78334170979277,28123200
2018-11-30,104.31008911132812,104.38534385181254,102.87087628882739,104.13136089684943,33665600
2018-12-03,105.43888854980469,106.68997178129024,104.15959375961322,106.29489513240665,34732800
2018-12-04,102.0807113647461,105.95624420851414,101.7891082290893,105.2977832000353,45197000
2018-12-06,102.71095275878906,102.75798158331231,98.76957412341969,99.54091717712562,49107400
2018-12-07,98.60027313232422,102.9555392563277,98.11113164039983,101.94903036042678,45044900
2018-12-10,101.20591735839844,101.57278248974855,97.7254675199756,98.58147419864528,40801500
2018-12-11,102.14656066894531,104.36652524813103,101.06480428918964,103.28476886837535,42381900
2018-12-12,102.60747528076172,104.66752143740301,102.56984791660439,104.31007224293718,36183000
2018-12-13,102.95552825927734,104.29127472958973,102.1841851427216,103.07781900171177,31333400
2018-12-14,99.73847198486328,102.77681587843539,99.23992186688257,101.82674447478709,47043100
2018-12-17,96.78478240966797,99.52211424871284,95.6748001620515,99.15525637825955,56957300
2018-12-18,97.80070495605469,98.30866369026091,96.4367396947545,97.5937580076721,49319200
2018-12-19,97.53730773925781,100.53801656691596,95.33615351325467,97.49968037388237,68198200
2018-12-20,95.48667907714844,98.12053050741318,92.9186665765358,96.93530059330335,70334200
2018-12-21,92.40131378173828,96.8882723635503,91.67699937716262,95.59956169122358,111242100
2018-12-24,88.5445785522461,92.156727100459,88.40348488670755,91.88393405260621,43935200
2018-12-26,94.59305572509766,94.71534649103818,88.38468223061419,89.49466470210427,51634800
2018-12-27,95.17625427246094,95.18566290913091,90.67988762027444,93.40781094291803,49498500
2018-12-28,94.43315887451172,96.33330217113739,93.61477947328908,96.032283118715,38196300
2018-12-31,95.54310607910156,96.32385780922436,94.48015985702033,95.27972168259906,33173800
2019-01-02,95.11981964111328,95.7124345886197,93.06917456384244,93.64297941413524,35329300
2019-01-03,91.62055206298828,94.24500196167683,91.43241520948595,94.16033858342901,42579100
2019-01-04,95.88175964355469,96.4273457908274,93.05977123906669,93.80289571345104,44060600
2019-01-07,96.00403594970703,97.1422369920707,94.9881256553517,95.60895932541956,35656100
2019-01-08,96.70014953613281,97.80072341293562,95.67482323747129,96.9259066239335,31514400
2019-01-09,98.08290100097656,98.65670584802626,97.11401952448887,97.6972330084358,32280800
2019-01-10,97.45264434814453,97.5937451740949,96.3050348228878,97.09519514219824,30067600
2019-01-11,96.70014953613281,97.30217322139359,95.6089771211674,97.06700749506709,28314200
2019-01-14,95.99462127685547,96.76596432240017,95.2514969610634,95.85352045140627,28437100
2019-01-15,98.77898406982422,98.81661143595386,95.83470546618504,96.42732751186898,31587600
2019-01-16,99.12703704833984,99.95482485337743,98.73196041958309,99.01416211251629,29853900
2019-01-17,99.82313537597656,100.3028682197314,98.54383343925562,98.76959049376892,28393000
2019-01-18,101.31877136230469,101.49749955915503,99.62558292853085,101.08360570400113,37427600
2019-01-22,99.40922546386719,100.7449646550796,98.63788240645151,100.41573417508869,32371300
2019-01-23,100.37812805175781,100.6885485028788,99.08941741257198,99.82314043613641,25874300
2019-01-24,99.89837646484375,100.65090950000453,99.08940596388634,100.51921729535442,23164800
2019-01-25,100.81083679199219,101.47870656011892,99.89839267125811,100.87668290499938,31225600
2019-01-28,98.84483337402344,100.1617625245517,98.44975678187092,99.95481559246615,29476700
2019-01-29,96.83184814453125,98.74139281976424,96.10753364080838,98.65672942083415,31490500
2019-01-30,100.06771087646484,100.06771087646484,98.13935635005471,98.41214943633173,49471900
2019-01-31,98.23340606689453,98.97653046123938,97.05757769166918,97.64079114938822,55636400
2019-02-01,96.68132019042969,97.92299478336884,96.27683490457214,97.62198297831351,35535700
2019-02-04,99.46566772460938,99.52211236439351,96.67189847429468,96.76597048170603,31315100
2019-02-05,100.85785675048828,100.90488557989966,99.67261972834298,99.76668456385265,27325400
2019-02-06,99.73847198486328,100.65091601664867,99.26814060160791,100.65091601664867,20609800
2019-02-07,99.02355194091797,99.32456369556773,98.10170658210333,98.94830438477027,29760700
2019-02-08,99.39984893798828,99.50332243322342,98.07351795394737,98.19580154982138,21461100
2019-02-11,99.00474548339844,100.255828550154,98.74136108548919,99.89837214440293,18914100
2019-02-12,100.54742431640625,100.78258996541584,99.2210937878689,99.84192736937747,25056600
2019-02-13,100.4721908569336,101.38463491653091,100.37812601275283,101.12125048214973,18394900
2019-02-14,100.55685424804688,100.92371216406113,99.39043439140377,100.00185946696915,21784700
2019-02-15,101.79854583740234,101.87380059598517,100.98957512435896,101.50694261875489,26606900
2019-02-19,101.75147247314453,102.21240231777207,101.38461463056255,101.39402326610434,18038500
2019-02-20,101.22248077392578,101.96877896659578,100.41005525822618,101.89320282389403,21607700
2019-02-21,103.35745239257812,103.42357971076773,100.95796409245443,100.98630334205896,29063200
2019-02-22,104.8311538696289,105.04842626070558,103.7447702922335,103.9620498906475,27763200
2019-02-25,105.41683197021484,105.97419688752096,105.10509306485436,105.5774330389996,23750600
2019-02-26,106.14425659179688,106.97557248499265,105.02008496666916,105.10510992346784,21536700
2019-02-27,105.96475982666016,106.14425134309728,104.74612169327851,105.51131743727996,21487100
2019-02-28,105.83252716064453,106.63550393096608,105.5491274102984,105.8419759811909,29083900
2019-03-01,106.3048324584961,106.76772361088295,105.49240713378839,106.6449178133661,23501200
2019-03-04,106.04979705810547,106.98502840090653,104.67056488576459,106.76774879230746,26608000
2019-03-05,105.520751953125,106.17258345228267,105.07675841218504,106.0403288303284,19538300
2019-03-06,105.5679931640625,106.42765544934961,105.26569584329556,105.68135736210135,17687000
2019-03-07,104.28321838378906,105.37905057774313,103.79198798440909,105.23734714475445,25339000
2019-03-08,104.39659881591797,104.58553195107717,102.78119672609435,103.1212821352506,22818400
2019-03-11,106.58824157714844,106.70159855961141,104.84058509326188,104.85002670357639,26491600
2019-03-12,107.33453369140625,107.68406064450794,106.41819302790105,106.57878688242539,26132700
2019-03-13,108.16585540771484,108.6381953876612,107.48568468341831,107.81632122791353,35513800
2019-03-14,108.25086975097656,108.8271250850327,108.00525815838625,108.20364007886423,30763400
2019-03-15,109.49786376953125,110.76373152746648,108.25087923329198,108.95938924306255,54681100
2019-03-18,111.0660400390625,111.1038281082731,109.63012944574568,109.74348644604025,31207600
2019-03-19,111.14160919189453,111.88790729538809,110.51811690011377,111.55726351241157,37588700
2019-03-20,111.01878356933594,112.18074306877082,110.25359512296173,110.89597777156476,28113300
2019-03-21,113.56942749023438,114.13623403248229,110.61257456249179,110.6598114440692,29854400
2019-03-22,110.5748062133789,112.97428727339415,110.56535739452741,112.88926952574172,33624500
2019-03-25,111.15103149414062,111.4816679909034,109.88515678281806,110.11187792240752,27067100
2019-03-26,111.38723754882812,112.14297732816111,110.38587171038922,112.05795957601282,26097700
2019-03-27,110.3102798461914,111.6706213453547,109.12942985242782,111.35887521724038,22733400
2019-03-28,110.4614486694336,111.07549219973835,109.70570167716043,110.94323755719117,18334800
2019-03-29,111.41557312011719,111.77454896289511,110.48978345238642,111.53837893827715,25399800
2019-04-01,112.43582916259766,112.52085412457929,111.56672514755009,112.36970183987312,22789100
2019-04-02,112.59642028808594,112.87037837433314,111.96347916114524,112.47360726581206,18142300
2019-04-03,113.33326721191406,113.76781917179834,112.55862985606177,113.22935182940513,22860700
2019-04-04,112.75699615478516,113.57887028220951,111.83120665927258,113.45605727955842,20112800
2019-04-05,113.2576904296875,113.57888539396883,112.76645997573208,112.78535040547249,15826200
2019-04-08,113.29547882080078,113.38049656588117,112.07684068995742,113.18211462002344,15116200
2019-04-09,112.68143463134766,112.92705346113884,112.02016148268305,112.0673911605381,17612000
2019-04-10,113.54106903076172,113.69221405302744,112.92702571084502,113.13485642287851,16477200
2019-04-11,113.67333984375,114.16457024535748,113.28601760564702,113.87172176789933,14209100
2019-04-12,114.25907135009766,114.28741781126458,113.71116229228686,113.96622278408343,19745100
2019-04-15,114.35352325439453,114.85420252911716,113.90007365790156,114.24960787201775,15792600
2019-04-16,114.08899688720703,114.92031987409632,113.45606303661539,114.91087105633542,14071800
2019-04-17,115.0336685180664,115.10924464000192,113.87171627448456,114.53298932308108,19300900
2019-04-18,116.54517364501953,116.68686987848217,114.58968634253497,115.43045096198306,27991000
2019-04-22,116.91358184814453,117.14030299718195,115.78941050496941,115.83664738104758,15648700
2019-04-23,118.50067138671875,118.632926021159,116.979735883319,117.23479633335744,24025500
2019-04-24,118.09446716308594,118.88799502683267,117.63156870189614,118.83131652437577,31257000
2019-04-25,122.00543975830078,124.10263091583921,121.70314959564534,122.8651021835759,38033900
2019-04-26,122.70448303222656,123.29963603720415,121.88261605557955,122.5249915282065,23654900
2019-04-29,122.59114837646484,122.97845628683946,122.19438443909982,122.71394699526277,16324200
2019-04-30,123.3752212524414,123.46968060936962,122.2321520406224,122.62891593493781,24166500
2019-05-01,120.80567169189453,123.42243203156514,120.63562900939107,123.30907504812028,26821700
2019-05-02,119.22807312011719,120.91905134363124,118.57624155262006,120.90016091308712,27350200
2019-05-03,121.76923370361328,122.26991289891765,120.21051762988024,120.31443299577387,24911100
2019-05-06,121.06072998046875,121.44805221998224,119.13358922247556,119.39809845563792,24239800
2019-05-07,118.57623291015625,120.14440520249408,117.34815320885872,119.46423443508667,36017700
2019-05-08,118.56680297851562,119.37922845213072,117.84884407471543,118.50067565891149,28419000
2019-05-09,118.55732727050781,118.83128530597334,116.7340947779747,117.41426545811866,27235800
2019-05-10,120.09718322753906,120.85293022010784,116.97029428027722,117.99999937746875,30915100
2019-05-13,116.52627563476562,118.60457594269167,116.23342714343485,117.24423444712818,33944900
2019-05-14,117.82994079589844,118.9163170413206,116.85691433162265,117.01751541086755,25266300
2019-05-15,119.48926544189453,120.14350990367045,117.28949503446358,117.82047908730318,24722700
2019-05-16,122.24844360351562,122.67513479282248,119.90645268285024,120.18142485830025,30112200
2019-05-17,121.43303680419922,123.69917928290204,121.29080157165824,121.66059002741198,25770500
2019-05-20,119.67886352539062,120.97786096695808,119.24270311404547,119.96331219330402,23706900
2019-05-21,120.32365417480469,120.92100303800294,120.02023784578108,120.82618679156104,15293300
2019-05-22,121.05374908447266,121.5942168889053,119.96334414864516,120.05816763055573,15396500
2019-05-23,119.64093780517578,119.74523782221313,118.27556102506081,119.65989815644883,23603800
2019-05-24,119.69784545898438,120.81669444948346,119.44184088830083,120.33312945663504,14123400
2019-05-28,119.62200927734375,121.36665141916652,119.51770923255911,120.39951409863714,23128400
2019-05-29,118.4652328491211,118.89190959166322,117.61187213002066,118.8824257964465,22763100
2019-05-30,119.21427917480469,119.24272332301526,118.31350682204962,118.7686348954648,16829600
2019-05-31,117.2705307006836,118.16181938835864,116.92918640472364,117.79203094007141,26646800
2019-06-03,113.62950897216797,117.92475613163094,112.84252769324272,117.43170012404758,37983600
2019-06-04,116.77745819091797,116.89123477717825,114.39753239677036,114.99488117668149,29382600
2019-06-05,119.30908966064453,119.3470176011016,117.77304062520103,118.4746894386192,24926100
2019-06-06,121.19597625732422,121.33820424521646,119.09102229176368,119.88749468355067,21459000
2019-06-07,124.59043884277344,125.39639499479182,121.61316395621192,122.49497599637579,33885600
2019-06-10,125.7282485961914,127.1315461994213,125.1593367329208,125.53860166308141,26477100
2019-06-11,125.2541732788086,127.28327124991335,124.47666128235113,126.94192698991297,23913700
2019-06-12,124.67578125,125.13090209438012,123.93620445237077,124.59043433640372,17092500
2019-06-13,125.46277618408203,126.10752954083871,124.74215247002277,125.14038503767217,17200800
2019-06-14,125.58602905273438,126.85658264200059,124.81800806919331,125.40587312463828,17821700
2019-06-17,125.96532440185547,126.79971035117946,125.66190080716797,125.75672429751614,14517800
2019-06-18,128.15557861328125,128.23143449276589,126.64798098710203,127.23584596807086,25934500
2019-06-19,128.65817260742188,128.8857258865343,126.87559475817956,128.00392799390053,23744400
2019-06-20,129.85281372070312,130.5260256346186,128.68656027313457,130.32690213477508,33042600
2019-06-21,129.8717803955078,130.5923895713415,129.38821542504405,129.50199201385198,36727900
2019-06-24,130.6398162841797,131.22768135112753,129.90023943607378,129.90023943607378,20628800
2019-06-25,126.5152359008789,130.45965524847747,125.85151496931934,130.137278577153,33327400
2019-06-26,126.98931884765625,128.70553110297533,126.67643321835342,127.38756585737555,23657700
2019-06-27,127.19792175292969,127.72891295506916,126.5910891328012,127.18844519268879,16557500
2019-06-28,127.0177993774414,127.62463208871235,126.25925487134445,127.59618793568661,30043000
2019-07-01,128.64865112304688,129.6157957344518,127.97545354097629,129.5494308664321,22613500
2019-07-02,129.50204467773438,129.51152124131212,128.32629973247506,129.06587679654652,15237800
2019-07-03,130.33641052246094,130.60189891225994,129.22703075390461,129.71061026020664,13629300
2019-07-05,129.9571075439453,130.21311932636584,128.68655412723962,128.89515417691123,18141100
2019-07-08,129.8623504638672,129.99509468781596,128.35473778069166,129.33135910003674,16779700
2019-07-09,129.38821411132812,129.87177907688212,128.76241394317827,128.95204641194277,19953100
2019-07-10,130.70619201660156,131.39835710554158,129.9192034500396,130.02350348821122,24204400
2019-07-11,131.2276611328125,132.00517304043214,130.72512859467963,131.03802866959757,22327900
2019-07-12,131.70176696777344,131.91985807398322,130.85789009687673,131.65436969671444,18936800
2019-07-15,131.70176696777344,132.30859961124938,131.2845812806593,132.21379060109996,16651500
2019-07-16,129.9761199951172,131.84403005954957,129.44514312832038,131.75869759196462,22726100
2019-07-17,129.2080535888672,130.78201604464186,129.1606418563614,130.56393943675053,20211000
2019-07-18,129.3502960205078,129.53992851431775,127.69098638061503,128.52538671501702,30381800
2019-07-19,129.53994750976562,133.38006756165908,129.37875914298928,132.9533907710118,48992400
2019-07-22,131.256103515625,131.9767271214024,130.21311774793935,130.2889736258122,25074900
2019-07-23,132.07156372070312,132.73529917380407,130.87686594757972,132.51720805382755,18034600
2019-07-24,133.42745971679688,133.44642730658364,131.6543734745802,131.70177074699927,20738300
2019-07-25,132.92491149902344,133.32314402962163,132.10000229050078,133.15246467763373,18356900
2019-07-26,134.01531982421875,134.33769649849393,133.02922221230898,133.0955870720568,19037600
2019-07-29,133.7213897705078,134.1765106407198,132.14741261215315,134.16703408001825,16605900
2019-07-30,133.07662963867188,133.90153888671296,132.5551294659898,132.87750612981839,16846500
2019-07-31,129.2080535888672,133.2093607494621,128.07972090816457,133.0576489926553,38598800
2019-08-01,130.90528869628906,133.63604255184586,129.83384426612378,129.90022358779385,40557500
2019-08-02,129.80545043945312,131.1518747698772,128.25044043956436,130.9337836010133,30791600
2019-08-05,125.35846710205078,126.98931796562597,124.00256668969038,126.39197639125715,42749600
2019-08-06,127.70995330810547,128.64863921140784,126.30665549955108,126.86607641720043,32696700
2019-08-07,128.2693634033203,128.62018420885127,124.9981561569602,126.85657468510476,33414500
2019-08-08,131.6923065185547,131.7871300083364,128.8856961565949,129.52098749567253,27496500
2019-08-09,130.5734405517578,132.15689415718393,129.38821948769362,131.4267939306718,23466700
2019-08-12,128.75291442871094,130.71564724452557,128.23142879099,129.96659397846946,20484300
2019-08-13,131.41732788085938,131.60696037266956,128.00388515614938,128.99947382319243,25154600
2019-08-14,127.45974731445312,130.2566720810994,127.16483604600668,129.723927271492,32527300
2019-08-15,127.17435455322266,128.0305640810874,125.81395355440316,127.84980825244232,28074400
2019-08-16,129.50518798828125,129.81913015851774,128.1638026744202,128.3160196993011,24449100
2019-08-19,131.67416381835938,131.80735001935133,130.22813183887018,131.14141901439157,24355700
2019-08-20,130.58013916015625,131.95958549088326,130.56112292606468,131.4839183468282,21170800
2019-08-21,132.03567504882812,132.70162064122573,131.28412737345974,131.80736411768265,14970300
2019-08-22,131.07484436035156,132.42573738281877,129.65735096622404,131.912023225738,18697000
2019-08-23,126.89847564697266,131.6170999371632,126.33719192061987,130.51354871788033,38508600
2019-08-26,128.8582305908203,128.96287794654694,127.38365949329416,128.42062493320694,20312600
2019-08-27,129.13412475585938,130.0664283172189,128.1066819568019,129.7524862522672,23102100
2019-08-28,128.962890625,129.15315460424168,127.05071368187272,128.31599019233605,17393300
2019-08-29,131.39828491210938,131.70271884671806,130.2471785728666,130.57062874123162,20168700
2019-08-30,131.15093994140625,132.40669359968166,129.6383219717666,132.3781547335533,23940100
2019-09-03,129.4195098876953,130.5230611434085,129.09605971432705,129.96177739852666,18869300
2019-09-04,130.93211364746094,130.98919136948132,129.83807074931462,130.61817166014274,17995900
2019-09-05,133.23440551757812,133.54834765840073,132.00717582925213,132.34014872545546,26101800
2019-09-06,132.33062744140625,133.3580558703443,131.47441772900902,133.21536150971724,20824500
2019-09-09,130.8275146484375,132.94898635907353,129.81910247700185,132.79676936665004,25773900
2019-09-10,129.45755004882812,130.22812837091885,127.96394849814315,130.14251178317696,28903400
2019-09-11,129.49559020996094,129.63829903155843,128.51571726972347,129.2958181824129,24726100
2019-09-12,130.8275146484375,131.68370982744966,130.2091385602964,131.14145675173165,27010000
2019-09-13,130.63722229003906,131.34120032371527,129.9237216237727,131.07482790293915,23363100
2019-09-16,129.69537353515625,130.04736249052416,129.05798145988206,129.21970650738098,16731400
2019-09-17,130.7038116455078,130.82748974283373,129.79052438104063,130.29474488698148,17814200
2019-09-18,131.77879333496094,131.92148763236682,129.88563339754646,130.6752423810046,23982100
2019-09-19,134.20472717285156,135.44145006237719,133.25339294016516,133.47219574914467,35772100
2019-09-20,132.654052734375,134.75649333887543,131.52196263216297,134.14763998762805,39167300
2019-09-23,132.36866760253906,132.8348266835551,131.7027364269525,132.45428421449785,17139300
2019-09-24,130.69430541992188,133.84321950120366,130.21863828942713,133.52927745313207,29773200
2019-09-25,132.57794189453125,133.14874825202168,129.40999709449758,130.80845960576133,21382000
2019-09-26,132.7491912841797,133.35804469887051,131.70273218941662,132.6540665571342,17456600
2019-09-27,131.02728271484375,133.52929682949886,129.99983982193834,133.32951021856826,22477700
2019-09-30,132.2639923095703,132.44474812967823,131.07482456276327,131.3316888606118,17280900
2019-10-01,130.3993682861328,133.42460366892203,130.33276793327855,132.8633200500331,21466600
2019-10-02,128.09713745117188,129.73343334995945,127.0792174594162,129.61927789718126,30521700
2019-10-03,129.6478271484375,130.09495539592123,126.73674673968516,128.38255088600567,24132900
2019-10-04,131.39828491210938,131.52196301257027,129.78101955407544,130.09496160556228,22897700
2019-10-07,130.44699096679688,131.45540328356026,130.3518662199818,130.46602172264528,15303700
2019-10-08,129.06752014160156,131.05580530469754,129.019950524317,130.40890496149677,25550500
2019-10-09,131.51246643066406,131.95007210478525,130.30426773555422,130.77042679523225,19749900
2019-10-10,132.33062744140625,132.87288052800068,131.52198735462193,131.75031284783685,17654600
2019-10-11,132.8823699951172,134.16667712534039,132.71113678639924,133.30095941581837,25446000
2019-10-14,132.75869750976562,133.46267556449297,132.7301586435582,132.89188372413636,13304300
2019-10-15,134.68040466308594,134.88968485548526,133.00604699421544,133.2438805707064,19695700
2019-10-16,133.57681274414062,134.12858821566965,132.73963416441316,133.9383097994006,20751600
2019-10-17,132.8918914794922,134.53769576373608,132.2544992366487,134.09056747878162,21460600
2019-10-18,130.7228546142578,133.18680706099585,129.91421462204636,132.95848159448425,32273500
2019-10-21,131.69317626953125,131.75977662621906,130.3422835507596,131.71220701661446,20078200
2019-10-22,129.7334442138672,133.19630022812208,129.62879686798826,132.20691901670997,27431000
2019-10-23,130.5611114501953,130.76088350406198,129.01043205168824,130.2186305559302,29844600
2019-10-24,133.12974548339844,133.58638195564055,131.92154666529177,132.60650863176076,37029300
2019-10-25,133.8812713623047,134.27132190741148,132.42573105125672,132.55891727199938,25959700
2019-10-28,137.1728973388672,138.58086806192878,136.5259824555948,137.37266941613848,35280100
2019-10-29,135.8791046142578,137.46783144331818,135.70785686056942,137.06827270632803,20589500
2019-10-30,137.57244873046875,137.9434685134082,135.8410133992788,136.5354978648443,18496600
2019-10-31,136.39280700683594,137.87688633435837,136.03130980924124,137.84834746392224,24605100
2019-11-01,136.7257537841797,137.39168482775145,136.01225312687964,137.2394678703042,33128400
2019-11-04,137.51536560058594,137.9434631000686,137.14434583220648,137.78173802320663,16912000
2019-11-05,137.4297332763672,137.96247806064088,136.90649660745314,137.9149084514293,18250200
2019-11-06,137.0491943359375,137.48681442890592,136.23104639220205,137.344105597713,16575800
2019-11-07,137.2394561767578,137.82929320755665,136.77331174407962,136.8398975846593,17786700
2019-11-08,138.85675048828125,138.88528935386205,136.7638035709673,136.9730982626987,16732700
2019-11-11,138.9994659423828,139.29437727567947,137.68661986129652,138.26693440998721,14362600
2019-11-12,139.91273498535156,140.38840210990983,138.95187810337032,139.16117279947264,18641600
2019-11-13,140.1410369873047,140.2837458253063,139.16116393443258,139.5987840482801,16919200
2019-11-14,140.8545379638672,141.18751073712227,139.84612604423668,139.8651567925904,19729800
2019-11-15,142.67161560058594,142.69064635238755,141.05435008649928,141.6822197338482,23485700
2019-11-18,143.02359008789062,143.22337667091233,141.72977490528922,142.7667402877027,21534000
2019-11-19,143.07115173339844,143.96540821634284,142.89039591030863,143.53731072367168,23935700
2019-11-20,142.82298278808594,143.98756118022834,141.7156909208991,143.48163945182608,25696800
2019-11-21,142.6893310546875,142.99480089901772,141.75385514623295,142.61296359360495,18576100
2019-11-22,142.79434204101562,143.47209419044654,142.05933249975104,143.25254683173145,15901800
2019-11-25,144.35983276367188,144.4743912394725,143.1093465253457,143.18571398734477,22420900
2019-11-26,145.12351989746094,145.49580224067012,144.44578221486296,144.48395867018402,24620100
2019-11-27,145.4003448486328,145.57216073538706,144.636684698867,145.40988532047277,15184400
2019-11-29,144.50303649902344,145.38124052001717,144.40757352399163,145.19032913555853,11977300
2019-12-02,142.7561492919922,144.93257081978192,141.58203060174844,144.91347531428116,27418400
2019-12-03,142.52706909179688,142.64161301141183,139.9879053925602,140.78975652668063,24066000
2019-12-04,143.04254150390625,143.35753727325195,142.42206130514742,143.3193608230783,17574700
2019-12-05,143.1188507080078,143.49114745295842,142.68929658808062,143.23340915476197,17869100
2019-12-06,144.856201171875,144.9707450719406,143.4434396638558,144.13073219545493,16403500
2019-12-09,144.4839630126953,145.29535472732059,144.05440869079078,144.20714364787906,16687400
2019-12-10,144.2643585205078,144.98982743115076,143.91115725132516,144.41707885154744,16476100
2019-12-11,144.80848693847656,144.9707623380976,143.50072870496317,144.65575200979637,18856600
2019-12-12,146.27850341796875,146.46941475461924,144.15935408026527,144.76072406243424,24612100
2019-12-13,147.5099334716797,147.8535797960323,145.8871648266387,146.04944023458228,23845400
2019-12-16,148.46450805664062,148.81769485975087,147.78677043090983,148.06358976417897,24144200
2019-12-17,147.6626739501953,148.6363410000052,147.43357153682658,148.38814307745426,25425600
2019-12-18,147.35714721679688,148.41672180074463,147.17577636355173,147.2903348088435,24129200
2019-12-19,148.6363067626953,148.69357871144388,146.76534056516215,147.00398339534942,24958900
2019-12-20,150.25906372070312,151.2900024169455,149.18993401778437,150.2017917762899,53477500
2019-12-23,150.25906372070312,150.93680115039496,150.12542432853846,150.93680115039496,17718200
2019-12-24,150.23048400878906,150.54549438663247,149.98228606924812,150.32593243002214,8989200
2019-12-26,151.4618377685547,151.51910972034838,150.24952804837662,150.4022629635619,14520600
2019-12-27,151.73867797851562,152.30187161554684,151.0322898903994,152.20640864815684,18412800
2019-12-30,150.43093872070312,151.79598371705066,149.61000654149183,151.7673477335811,16348400
2019-12-31,150.5359344482422,150.60276144997604,149.34271997962009,149.64818987507837,18369400
2020-01-02,153.3232879638672,153.42829142402064,151.13732537689975,151.56687969003406,22622100
2020-01-03,151.4141082763672,152.68368996502065,150.87955063179803,151.12774851363613,21116200
2020-01-06,151.80548095703125,151.87230794316667,149.39995707140503,149.9440697335836,20813700
2020-01-07,150.42138671875,152.41643776412104,150.17320335916705,152.0823464607139,21634100
2020-01-08,152.8173370361328,153.49508916164322,150.77455475450427,151.71003067939102,27746500
2020-01-09,154.72650146484375,154.8506004292795,153.71465793650782,154.48785857360957,21385000
2020-01-10,154.01055908203125,155.8051581253616,153.85782414949148,155.423335359617,20725900
2020-01-13,155.86241149902344,155.89104747475955,153.93417326104023,154.41145894411306,21626500
2020-01-14,154.76470947265625,156.16793099239288,154.3733315923253,155.96746453288432,23477400
2020-01-15,155.76693725585938,156.49242076357814,155.18466274765657,155.2323796600258,21417900
2020-01-16,158.62115478515625,158.68798178601898,156.57837222412832,156.8838421156046,23865400
2020-01-17,159.50889587402344,159.86208265119686,157.91474872726818,159.8143511653507,34371700
2020-01-21,158.9361572265625,160.54938541719685,158.8693302290307,159.10797310774927,29517200
2020-01-22,158.17250061035156,159.88119181662015,158.15340510126097,159.7952693085153,24138800
2020-01-23,159.14614868164062,159.22251614329255,157.76202303250872,158.64022699310001,19680800
2020-01-24,157.54246520996094,159.91935335669822,156.97927155195472,159.90025784938828,24918100
2020-01-27,154.9078369140625,155.95787122124548,152.92232676586377,153.82916663173845,32078100
2020-01-28,157.94338989257812,158.229749659442,155.66196483440646,156.33970237012244,24899900
2020-01-29,160.40618896484375,161.08394114088054,158.16295467202275,160.21527757735336,34754500
2020-01-30,164.93084716796875,166.14315693787148,163.0312448171451,166.14315693787148,51597500
2020-01-31,162.4967041015625,164.56812253080582,161.87623844618003,164.38676617897787,36142700
2020-02-03,166.45819091796875,166.57273484253994,162.6589856761577,162.6876216573005,30107000
2020-02-04,171.93736267089844,172.4337437813152,168.30044867042352,169.09274452714232,36433300
2020-02-05,171.7273712158203,175.83203072305338,170.3050692993806,175.66975534976305,39186300
2020-02-06,175.2880096435547,175.46938060089235,171.88018161090517,172.7488453720443,27751400
2020-02-07,175.5361328125,177.19709227933504,174.19018365311317,174.54338497300552,33529100
2020-02-10,180.1276397705078,180.2612791983537,174.9252279903285,175.24023833430923,35844300
2020-02-11,176.06114196777344,182.03675336983713,175.1638425690757,181.98902188925905,53159900
2020-02-12,176.3189239501953,177.40713497494,173.58884863329462,177.1493965685091,47062900
2020-02-13,175.36431884765625,177.76982829589463,174.56246779930643,174.7629342027948,35295800
2020-02-14,176.9298095703125,176.98708152211782,174.35245521424756,174.92520386350716,23149500
2020-02-18,178.72442626953125,179.17307606087337,177.0730215752583,177.17802502781936,27792200
2020-02-19,179.26040649414062,180.12186138936497,178.48509416736147,180.00700463143806,29997500
2020-02-20,176.52288818359375,179.2317055664298,173.345062600929,178.94454904497888,36862400
2020-02-21,170.94253540039062,175.6422861817176,169.659919486155,175.3264154675454,48572600
2020-02-24,163.572265625,167.07554313301836,156.2402733599048,160.58587278820414,68311100
2020-02-25,160.873046875,167.3531367927609,160.4710189288853,166.74054294898085,68073300
2020-02-26,162.88311767578125,165.84079671755148,161.00705537187227,162.44282359860227,56206100
2020-02-27,151.40655517578125,159.87759449466913,151.2151223120746,156.32646886592855,93174900
2020-02-28,155.07249450683594,156.69970975635738,145.49114230137508,145.8835890194543,97012700
2020-03-02,165.39088439941406,165.5153222915378,155.35965672866865,158.23119253790156,71030800
2020-03-03,157.46546936035156,167.50627960732479,155.31181719397168,166.35766803966655,71677000
2020-03-04,163.24681091308594,163.39038185896317,158.52791288497758,161.27502536097947,49814400
2020-03-05,159.1501007080078,163.55311380346967,158.5949353296999,158.93952023329146,47817300
2020-03-06,154.65138244628906,156.1254313406518,149.319889632788,155.64684195080312,72821100
2020-03-09,144.17025756835938,150.99494667832099,143.57681142154135,144.53399016435162,70419300
2020-03-10,154.02919006347656,154.13448030155593,146.04632344854542,151.38738218810445,65354400
2020-03-11,147.0513916015625,150.94710193161995,144.6775775344153,150.40151758117216,56371600
2020-03-12,133.10528564453125,146.89823607785505,132.64584389604912,139.07808679635838,93226400
2020-03-13,152.02871704101562,154.97682962340602,134.70377417991185,141.183879021812,92727400
2020-03-16,129.62115478515625,142.95466341800056,129.2191414311284,134.00503555820723,87905900
2020-03-17,140.29368591308594,141.18385507347162,129.21912159266896,134.00501498499003,81059800
2020-03-18,134.38787841796875,139.7480847719235,129.23826714365302,132.09065546935233,81593200
2020-03-19,136.59898376464844,143.72038128798528,133.04784422970064,136.65641215191422,85922700
2020-03-20,131.46852111816406,140.80101492188504,130.0423193712447,139.7481123428989,84866200
2020-03-23,130.1571502685547,134.55061142383002,126.84532027961379,131.14304312122096,78975200
2020-03-24,141.98789978027344,143.1939544165174,135.22065325461648,137.59445259067172,82516700
2020-03-25,140.62872314453125,147.72142234468006,138.25492354669387,142.53351442578665,75638200
2020-03-26,149.42515563964844,149.95160680414702,142.01658782883592,142.04530201913704,64568100
2020-03-27,143.28965759277344,148.25741769895353,142.81106821229966,145.2518769737937,57042300
2020-03-30,153.36874389648438,153.72290995842877,143.58637610247226,145.91232801235856,63420300
2020-03-31,150.95668029785156,157.72392705769573,149.85591587579952,152.57430025836976,77927200
2020-04-01,145.596435546875,150.99492219682824,144.36168159521696,146.44832390564008,57969900
2020-04-02,148.611572265625,148.82215276585558,143.9214020813381,145.35717025269807,49630700
2020-04-03,147.24278259277344,150.640769470052,145.6730103070818,148.45840347788032,41243300
2020-04-06,158.1929473876953,159.37027324467843,150.83223993821088,153.45491515825577,67111700
2020-04-07,156.4891357421875,162.72036321684644,156.26897414666294,162.32791648261895,62769000
2020-04-08,158.0589141845703,159.532962870213,156.4987083208587,158.5757842260487,48318200
2020-04-09,158.06849670410156,160.20300120701708,156.33600551975834,159.23625593654953,51385100
2020-04-13,158.4226531982422,158.48009619305355,155.3501175210317,157.31233692350142,41905300
2020-04-14,166.261962890625,166.3098247540783,160.80604638092177,161.76322522842725,52874300
2020-04-15,164.51988220214844,166.13751656730375,161.99293097885268,163.8689930811695,40940800
2020-04-16,169.4589080810547,169.6886362235502,165.49618890668037,166.83624782982258,50479600
2020-04-17,170.95213317871094,172.29217760683073,168.33902463579403,171.81358822458955,52765600
2020-04-20,167.56365966796875,171.09565053903464,167.4966647702498,169.06643686790306,36669600
2020-04-21,160.63372802734375,166.2332143656967,158.9969461097408,166.07049574786976,56203700
2020-04-22,166.08966064453125,166.5491023546214,163.50528094286486,164.05086523508652,34620200
2020-04-23,164.07958984375,167.56372012764132,163.5914339086313,166.6544031792957,32790800
2020-04-24,167.07554626464844,167.08511279378087,163.39998353425372,164.69216602575494,34277600
2020-04-27,166.59693908691406,169.3248893473687,165.87905513331236,169.02816631674182,33194400
2020-04-28,162.5384979248047,168.14756518079076,162.13648466002041,168.07098913910997,34392700
2020-04-29,169.8322296142578,170.07152431727428,164.519898891604,165.8025149944787,51286600
2020-04-30,171.53599548339844,172.67502582955896,168.68359253746573,172.2921602045926,53875900
2020-05-01,167.09469604492188,170.99040583781405,166.55866369356815,168.27202178019542,39370500
2020-05-04,171.1818084716797,171.3349605450572,166.35763500337288,167.018090540101,30372900
2020-05-05,173.01963806152344,175.78588426417025,172.196463692982,172.88563361108132,36839200
2020-05-06,174.723388671875,176.3123087755195,173.85236717889725,174.28309466098733,32139300
2020-05-07,175.73800659179688,176.6473233913739,174.76168027590157,176.28359082938823,28316000
2020-05-08,176.77174377441406,177.07804794901972,175.50827556763306,177.05890028676012,30877800
2020-05-11,178.74356079101562,179.480577895145,175.0201361260951,175.30727805996978,30892700
2020-05-12,174.6947021484375,179.03072105863703,174.49370277414178,178.80100748801334,32038200
2020-05-13,172.0528564453125,176.16872742043623,168.98030665766586,174.7329594946061,44711500
2020-05-14,172.79949951171875,172.9526516355735,168.15717616943115,169.93752944441883,41873900
2020-05-15,175.31686401367188,179.04985531053515,169.42063938623613,171.3924252817787,46610400
2020-05-18,176.991943359375,178.22669764043815,176.08262637962895,177.79597008217846,35264500
2020-05-19,175.76675415039062,178.60957645886265,175.63274969770194,177.10679867727748,26799100
2020-05-20,178.20474243164062,178.38711523926915,176.5538086361456,177.38886870679679,31261300
2020-05-21,176.06423950195312,179.1741404228149,175.9298618807712,177.9551340153388,29119500
2020-05-22,176.14108276367188,177.0529468789474,175.21003230096608,175.83394009805284,20826900
2020-05-26,174.27896118164062,179.01098721848516,173.82783312527624,178.85740859375179,36073600
2020-05-27,174.5093231201172,174.6821027430199,169.50854156521802,172.96397291656262,39517100
2020-05-28,174.11578369140625,176.75535602471408,173.1367528620367,173.4822974624214,33810200
2020-05-29,175.8915252685547,176.87057087435878,173.1655700836778,175.39240196907681,42130400
2020-06-01,175.48837280273438,175.65154461123888,174.17339051615602,175.21000969417707,22622400
2020-06-02,177.48486328125,177.5712457776536,174.0678189491154,176.85136234882526,30794600
2020-06-03,177.9167938232422,178.47350544307963,176.2082716243914,177.39848418880933,27311000
2020-06-04,175.57473754882812,178.3774814657733,174.97963870194747,176.8993275200795,28761800
2020-06-05,179.68289184570312,180.19160827140416,174.70129642604095,175.28680217113944,39893600
2020-06-08,180.79635620117188,180.97872904553515,177.033766569806,178.47353368290322,33211600
2020-06-09,182.17849731445312,183.04235154531418,179.7404839717792,180.45077420666559,29783900
2020-06-10,188.93580627441406,190.54835280749057,183.3399105366351,183.45510184718313,43872300
2020-06-11,178.79022216796875,187.89913623603275,178.59825621537857,185.37475539964854,52854700
2020-06-12,180.20123291015625,184.02141036884822,177.7440183982765,182.88878610959796,43373600
2020-06-15,181.35304260253906,183.1575551525556,176.62100106852748,177.1681195252707,32770200
2020-06-16,185.79708862304688,187.7263706057299,183.77181634137804,185.14438681128263,42556700
2020-06-17,186.44020080566406,188.43667912161857,185.9122834018671,187.19847151579805,25687800
2020-06-18,188.43670654296875,188.5998783740572,186.20985995056128,186.20985995056128,23061600
2020-06-19,187.31365966796875,191.28741555293973,186.56498208428334,190.6155272914356,44441100
2020-06-22,192.51602172851562,192.69837988397876,187.39044087875726,187.92795146469385,32818900
2020-06-23,193.80223083496094,195.7603074164586,193.34149487196547,193.9749958365343,30917400
2020-06-24,189.8956298828125,195.08839207499327,188.66703011055674,193.50465452912027,36740600
2020-06-25,192.29525756835938,192.55441970306296,187.6208192009114,189.8572588057207,27803900
2020-06-26,188.4462890625,191.863333440495,187.054517343966,191.70975479189462,54675800
2020-06-29,190.47157287597656,190.55795537859805,185.77793316800526,187.91838261622823,26701600
2020-06-30,195.33798217773438,196.1922433423255,189.7996890150342,189.93406668206873,34310300
2020-07-01,196.48016357421875,198.06391576552463,193.66782625721174,194.98280851775834,32061200
2020-07-02,197.97755432128906,199.66689029656212,196.7681553221372,197.42084266089836,29315800
2020-07-06,202.23922729492188,202.6519680337817,199.73403263748466,200.44432281925558,31897600
2020-07-07,199.8876495361328,206.0498504677859,199.6380951982517,201.9993048493179,33600700
2020-07-08,204.28375244140625,204.69647863872424,200.30999590733518,201.6345863007149,33600000
2020-07-09,205.71389770507812,207.6911751992889,202.97833478980377,207.64318004100818,33121700
2020-07-10,205.08998107910156,205.48352085550894,202.60398723586235,205.04198592289438,26177600
2020-07-13,198.7550048828125,207.13444315045686,198.20788649530527,205.8674413979546,38135600
2020-07-14,199.983642578125,200.46356491246553,193.9174172419484,197.85278624196766,37591800
2020-07-15,199.68606567382812,202.84396263388592,196.79693867821612,201.14503357793527,32179400
2020-07-16,195.73150634765625,197.4400285401688,194.1861559773425,197.1520722349672,29940700
2020-07-17,194.7332763671875,196.80652956400527,193.30310264624077,196.2594257601162,31635300
2020-07-20,203.1031036376953,203.77499186370676,194.85802818757483,196.76812403001048,36884800
2020-07-21,200.36752319335938,205.34911808941715,199.67643403748642,205.08036282280696,37990400
2020-07-22,203.24703979492188,203.77495711321205,200.0219622139864,200.79943378907632,49605700
2020-07-23,194.4069061279297,202.4504080367256,194.03256734424946,198.8701920137259,67457000
2020-07-24,193.21669006347656,194.71404505706334,189.57887140843255,192.37202226358085,39827000
2020-07-27,195.66432189941406,195.7794985613358,192.79438135598141,193.3798871308601,30160900
2020-07-28,193.90782165527344,196.48019830522122,193.63906632307194,195.43397114443204,23251400
2020-07-29,195.8658905029297,196.4321953127748,193.8982061058397,194.3685352414771,19632600
2020-07-30,195.71231079101562,196.2498360771528,191.55619650401667,192.92876727090675,25079600
2020-07-31,196.77774047851562,196.86413762541622,191.01867275251885,196.1922346738633,51044000
2020-08-03,207.84469604492188,208.9005307236025,201.98965410205233,203.0262877921943,78983000
2020-08-04,204.72525024414062,206.1458308108699,201.864917409733,205.56991818694544,49280100
2020-08-05,204.38929748535156,206.36657488271786,203.07431516004908,206.27058457085792,28806400
2020-08-06,207.66238403320312,207.68157037993976,203.0551270469576,203.81339783290838,32656800
2020-08-07,203.94776916503906,207.03846983746,202.46000715938482,206.22261074447047,27820400
2020-08-10,199.8876495361328,203.37189032283186,198.06395054885186,203.1703165008788,36716500
2020-08-11,195.21316528320312,199.31169046301954,194.98279734692096,198.84137606478103,36446500
2020-08-12,200.7899169921875,201.83614420980106,196.52820414142744,197.04651383994812,28013100
2020-08-13,200.31954956054688,202.86314634098838,199.79163214226165,201.02983978206382,22588900
2020-08-14,200.51150512695312,201.1738001585949,199.17732189149518,200.3771274861899,17958900
2020-08-17,201.8361053466797,202.7095673786257,200.53071620812176,201.18341810043327,20184800
2020-08-18,202.99752807617188,203.83258814350498,200.80908368545613,202.07607086878687,21336200
2020-08-19,201.7659454345703,204.07514964683784,201.3329742327292,203.48822856121845,27627600
2020-08-20,206.46131896972656,206.86542641303618,201.0058464628428,201.61200028707256,26981500
2020-08-21,204.96035766601562,208.06814597837223,204.79679140552005,205.7685726054539,36249300
2020-08-24,205.60494995117188,207.3657128815187,204.39261319306664,206.66332217258062,25460100
2020-08-25,208.27984619140625,208.4145486960417,205.03735503459245,205.03735503459245,23043700
2020-08-26,212.78273010253906,213.68716732300356,209.13613213396252,209.63646191833058,39600800
2020-08-27,218.00733947753906,222.4044257321356,211.0989873961827,214.4569484085319,57602200
2020-08-28,220.24913024902344,221.91367110887785,218.00728468282475,219.54673943062858,26292900
2020-08-31,216.9970245361328,220.04708516739845,215.8231823144508,218.41140795600424,28774200
2020-09-01,218.6711883544922,218.84437096358388,215.93862928769175,216.97776898664924,25725500
2020-09-02,222.88546752929688,224.04969338399036,218.74817068121502,219.34470815240513,34080800
2020-09-03,209.07839965820312,220.63399282952477,206.8269377039403,220.59551270000665,58400300
2020-09-04,206.14382934570312,210.09832766276753,197.42661772100655,206.96167538139008,59664100
2020-09-08,194.99232482910156,202.08347481385906,194.5497225545871,198.68703419320943,52924300
2020-09-09,203.29576110839844,206.71144852984153,198.87942891734866,199.74538590556278,45679000
2020-09-10,197.59979248046875,206.61528719660927,196.38747004293234,205.32597512707235,35461500
2020-09-11,196.3105010986328,200.7364654599557,193.62606751857373,199.36056203452765,33620100
2020-09-14,197.6382598876953,201.28485773932422,196.31046786776898,196.51252892007156,30375800
2020-09-15,200.88076782226562,201.8429326320979,199.10075705148796,200.5343879034672,21823900
2020-09-16,197.29188537597656,202.67999917944445,196.89739430401985,202.6511354113958,26328100
2020-09-17,195.23284912109375,196.59912127754978,192.39446610049652,192.4810574027475,34011300
2020-09-18,192.80819702148438,195.94484887575575,188.82483547440413,195.127017632901,55225300
2020-09-21,194.87686157226562,195.0404425158831,188.94993727507398,189.7292884517917,39839700
2020-09-22,199.5722198486328,200.22649954304467,194.4342633712233,197.3015103470911,33517100
2020-09-23,193.0006103515625,200.22647652123064,192.4618004778043,200.03403183934446,30803800
2020-09-24,195.50225830078125,197.79221510852776,191.6632156551125,192.28863155277108,31202500
2020-09-25,199.9570770263672,201.13090446530555,194.87683385196127,195.84862960494374,29437300
2020-09-28,201.51577758789062,204.52735780399723,200.18798560071832,202.9012971081629,32004900
2020-09-29,199.4182891845703,202.12198484934422,198.98531792173563,201.4292249562203,24221900
2020-09-30,202.3721160888672,203.95968207307456,198.72550342042436,199.87048183587524,33829100
2020-10-01,204.42153930664062,205.8936502720816,203.32467202491068,205.41256787340234,27158400
2020-10-02,198.38877868652344,203.00717304053887,197.76336270649114,200.13029476792047,33154800
2020-10-05,202.42022705078125,202.44909081908426,199.148858055574,199.37978288346707,21331600
2020-10-06,198.11935424804688,202.22778730612757,197.0705981567693,200.91925729376106,28554300
2020-10-07,201.89105224609375,202.16045722958788,198.89871897520425,199.2258515006656,25681100
2020-10-08,202.61264038085938,203.1995614238007,200.4381534861179,202.5452818060535,19925800
2020-10-09,207.644775390625,207.69288656512367,203.23805900928684,203.23805900928684,26458000
2020-10-12,213.02328491210938,215.3902168251195,208.60695191939405,210.51203414893342,40461400
2020-10-13,214.4280242919922,216.6891171954783,212.08995645120993,214.29332182209097,28950800
2020-10-14,212.50372314453125,215.73659753325902,210.8391821135151,214.5627552760652,23421700
2020-10-15,211.34910583496094,212.02261820240022,207.83719579947217,208.88596650177243,22733100
2020-10-16,211.34910583496094,213.87958906415912,211.02197335384307,211.82055715143417,26057900
2020-10-19,206.1149444580078,213.88923779727742,205.63386205841044,212.08036327672104,27625800
2020-10-20,206.5286407470703,209.14572982657478,205.0276662094214,207.63513892754474,22753500
2020-10-21,206.67298889160156,208.71277344039027,205.05654449557616,205.05654449557616,22724900
2020-10-22,206.7595977783203,207.88532885700985,203.69028965057882,205.8359130903989,22351500
2020-10-23,208.0488739013672,208.09698507380116,205.09503583671875,206.89427917029462,18879600
2020-10-26,202.131591796875,208.1547384232922,200.22650952026527,205.75895736252448,37111600
2020-10-27,205.181640625,206.54791285941357,202.37212121151256,203.58444355660558,36700300
2020-10-28,195.0115509033203,200.9384894820073,194.45350824964038,199.81275844922078,51195600
2020-10-29,196.974365234375,199.51447954120584,195.67543697276443,196.34896403076615,31432600
2020-10-30,194.80953979492188,196.56067238028837,192.06736379802746,195.8005685249777,36953700
2020-11-02,194.67481994628906,197.51320337704038,192.54842912333325,196.56065487022784,30842200
2020-11-03,198.6196746826172,200.24573556056401,195.43491151052956,196.17578252504643,27512000
2020-11-04,208.20285034179688,210.05983612807736,204.38305473043673,205.9225243559085,42311800
2020-11-05,214.8417510986328,215.64034956771135,212.78271921164216,213.63904521414136,36080100
2020-11-06,215.25552368164062,215.8713086048617,209.78080327849514,213.8507565260113,25231900
2020-11-09,210.1271514892578,219.4890100539561,209.63645277001197,215.9482509504058,44395000
2020-11-10,203.02638244628906,208.308672308873,201.78519635519584,206.3843427725324,44045100
2020-11-11,208.35675048828125,209.79036636968783,204.1713285369545,204.35414216299162,29440800
2020-11-12,207.28878784179688,210.81993091272767,206.3458704441471,208.9918236566661,21593900
2020-11-13,208.3182830810547,209.19385652014648,206.0572047454115,208.1739642422896,18621100
2020-11-16,209.01107788085938,209.50179137779625,206.40361921394384,206.7403681212931,24953300
2020-11-17,206.34585571289062,209.44401265541623,205.98022841519293,207.92380529244616,24154100
2020-11-18,203.62547302246094,207.5710265175272,203.48076161003306,206.1047029137225,28372800
2020-11-19,204.91812133789062,205.50657901685545,202.51605349033142,203.9148567100995,24792700
2020-11-20,202.95980834960938,205.75738526463866,202.5835822855895,204.70588353698125,22843100
2020-11-23,202.689697265625,204.79270071244719,200.80856695312227,203.50002805871765,25683500
2020-11-24,206.30728149414062,206.68350759361277,201.48386241377628,202.18807747793556,33979700
2020-11-25,206.31689453125,207.6867435944453,204.95670172562188,207.5131075970946,21012900
2020-11-27,207.62890625,208.63218572293246,206.48093008381176,207.26233638711614,14512200
2020-11-30,206.5098419189453,207.17546129173567,203.39390304212344,206.53878125167947,33064800
2020-12-01,208.5742645263672,209.64506399789343,205.81526861810434,206.93429049761355,30904500
2020-12-02,207.76393127441406,207.86040553586602,205.2847017300795,207.2912456650541,23724500
2020-12-03,206.67384338378906,208.73826593493447,206.10466880761174,207.03077164621303,25120900
2020-12-04,206.7896270751953,207.77360870664114,205.65129249765855,206.65457192734252,24666000
2020-12-07,206.72207641601562,207.92793111579616,205.4679993041687,206.7992528831903,24620000
2020-12-08,208.38133239746094,209.28813748138452,205.3715237954218,206.41338401610594,23284100
2020-12-09,204.3199920654297,207.6288497906529,203.75083226684845,207.56132959212985,32440600
2020-12-10,203.08523559570312,205.55482374295858,202.93088265652304,204.29109033322288,26733300
2020-12-11,205.7284698486328,205.7863632435943,201.72503781169945,202.63184297396953,30979400
2020-12-14,206.63525390625,208.5742776419708,205.36187902538944,205.57411062551716,28798400
2020-12-15,206.56773376464844,207.81216931133375,204.74448208653865,207.5709983765578,27000600
2020-12-16,211.53585815429688,212.3365474582881,207.13690247156956,207.16584180738437,35023300
2020-12-17,211.67092895507812,213.08901539454547,210.2239031776549,212.1050337443236,32515800
2020-12-18,210.87020874023438,211.9313667097204,208.39097925866105,210.87020874023438,63354900
2020-12-21,214.7289276123047,216.08913507569207,209.60645984582897,209.86692854985944,37181900
2020-12-22,216.03126525878906,217.66158303018838,214.01507990405824,214.82541066099722,22612200
2020-12-23,213.21441650390625,215.66470686657877,213.00218489140235,215.2306021027868,18699600
2020-12-24,214.88328552246094,215.71291405985113,213.38802290368852,213.60025448673514,10550600
2020-12-28,217.01528930664062,218.04749339049977,215.14380024853057,216.52329111348135,17933500
2020-12-29,216.23385620117188,219.1568467796806,215.68399411922664,218.31757662938773,17403200
2020-12-30,213.85108947753906,217.6616021166235,213.64851413049317,217.2757197795498,20272300
2020-12-31,214.5649871826172,215.12450560034335,211.92174804782283,213.87041361026112,20942100
2021-01-04,210.00201416015625,215.12448267035043,207.2237201668687,214.67108011672624,37130100
2021-01-05,210.20458984375,210.80270379708463,208.08228847102743,209.58719281314148,23823000
2021-01-06,204.75408935546875,208.84435302385506,204.45503980158287,204.67691290286865,35930700
2021-01-07,210.5808563232422,211.59377743085957,206.16261671538055,206.48094947043168,27694500
2021-01-08,211.86387634277344,212.78997937636316,209.365348539937,210.95707110902535,22956200
2021-01-11,209.80906677246094,211.1789158833176,209.07589772728036,210.75445269292996,23031300
2021-01-12,207.33949279785156,209.4328697056975,205.78636593059068,208.85405350778225,23249300
2021-01-13,208.69967651367188,209.10484191756842,206.37478517044826,206.46161789406628,20087100
2021-01-14,205.49691772460938,209.78011553748576,205.2268074769419,208.28485291795934,29480800
2021-01-15,205.1400146484375,206.93432719678094,204.54191537229212,205.97929960679494,31746500
2021-01-19,208.79615783691406,209.31708059671112,205.1207150230666,206.20115613666417,30480900
2021-01-20,216.41720581054688,217.8159946716279,209.61618064194855,210.01170461615848,37777300
2021-01-21,217.02490234375,218.30793348539314,214.5649558607472,216.76443361216235,30709400
2021-01-22,217.97027587890625,221.9447826742362,217.82557921398734,219.06037315431172,30172700
2021-01-25,221.42385864257812,221.6650295786433,216.30139031573844,221.0283347746538,33152100
2021-01-26,224.12498474121094,225.90964090519284,221.95444623265263,223.67158218627512,49169600
2021-01-27,224.6748504638672,231.94857453738325,222.01232848295177,229.59474371719836,69870600
2021-01-28,230.49188232421875,234.07086552904022,226.787500240888,227.28913991464296,49111200
2021-01-29,223.76808166503906,229.61406368492266,223.17962390317476,227.65575656525624,42503100
2021-02-01,231.1864776611328,233.93583250847365,224.22145911978276,226.758582343544,33314200
2021-02-02,231.0513916015625,233.75250895129713,230.260358608514,232.7781836969591,25916300
2021-02-03,234.4181671142578,236.43435275542583,230.8102443459254,231.10930869338551,27158100
2021-02-04,233.46310424804688,234.64967583453253,231.88102351930485,234.09015750462424,25296100
2021-02-05,233.64639282226562,234.68825300082415,231.92925698720768,233.67533215612235,18054800
2021-02-08,233.90687561035156,235.0741347325014,232.3054970144389,234.5628535104182,22211900
2021-02-09,235.16094970703125,236.11597714944006,232.85535625247002,233.32804184480403,23565000
2021-02-10,234.24453735351562,237.23504842887988,232.38268988590397,236.34754106148685,22186700
2021-02-11,235.85556030273438,236.49224045800057,233.5981889016559,236.1353121430884,15751100
2021-02-12,236.33792114257812,236.63697080548107,234.15772604157985,235.31534381277874,16561100
2021-02-16,235.09344482421875,237.4376341694884,234.3409926195413,236.37647607576025,26728500
2021-02-17,236.1183624267578,236.22472264095413,232.96625524373655,233.33368412074378,21653500
2021-02-18,235.72193908691406,235.85730529761895,232.88891240794374,233.79780614573818,16925600
2021-02-19,232.99525451660156,235.78961124122654,232.23139079471954,235.68325103009647,25262600
2021-02-22,226.74903869628906,230.05585424921347,224.70886718440133,229.56273767902795,36446900
2021-02-23,225.550048828125,227.05841903890274,221.16028962105955,222.70734431374834,30228700
2021-02-24,226.7876739501953,227.41615658480433,221.42134580631168,222.39791498954574,26339700
2021-02-25,221.41171264648438,226.82637500725085,220.33844686945937,224.39944732848625,39542200
2021-02-26,224.68954467773438,227.5805831932529,221.9435213576159,223.86766895538668,37819200
2021-03-01,229.0986328125,229.61109163953674,225.4340520450375,228.09304264916807,25324000
2021-03-02,226.13018798828125,229.44668157548566,225.72408944258817,229.16627071410718,22812500
2021-03-03,220.029052734375,225.84982902079332,219.73897808151912,224.47682473467253,34029500
2021-03-04,219.22647094726562,224.7958558426687,216.8382132793173,219.2361494443076,44727800
2021-03-05,223.935302734375,225.55003302657312,218.96540943108656,221.92413767630026,41872800
2021-03-08,219.8646697998047,225.64676131468542,219.61327964830866,223.71295006186025,35267400
2021-03-09,226.043212890625,227.59026790889763,224.0030412777604,225.17300366397794,33080500
2021-03-10,224.72821044921875,229.15664011730135,224.36078157928844,229.15664011730135,29746800
2021-03-11,229.2823486328125,231.2548297284497,226.5556675332269,227.18416507754895,29907600
2021-03-12,227.947998046875,228.01568852154853,225.51139177337745,226.2655769704919,22653700
2021-03-15,227.03907775878906,227.4065065694642,224.1383612630768,227.18412243585888,26034900
2021-03-16,229.84315490722656,232.11537439525682,228.13172772834727,228.46047211752122,28092200
2021-03-17,229.19529724121094,230.65533414161612,225.5113892608555,228.33475184620352,29562100
2021-03-18,223.08444213867188,226.43960546411142,222.7073495770655,224.86354474964523,34833000
2021-03-19,222.72669982910156,224.7765348783474,221.75979427699573,223.37452477855553,46430700
2021-03-22,228.1800994873047,229.05997253094483,222.52369479375847,222.6493972659119,30127000
2021-03-23,229.7174530029297,233.0726168895931,229.2243364179776,229.63043503272812,31638400
2021-03-24,227.66761779785156,230.12355173222502,227.53225159286734,229.97852178181688,25620100
2021-03-25,224.65089416503906,229.0986668284102,223.90638730808325,227.51294187738267,34061900
2021-03-26,228.65386962890625,228.87626857609533,223.88703132154123,223.88703132154123,25479900
2021-03-29,227.45489501953125,228.96326550344105,224.2060913796449,228.76020882115643,25227500
2021-03-30,224.1770782470703,226.11088952458203,223.45189901800342,225.80147263835175,24792000
2021-03-31,227.96731567382812,231.1871127848177,224.69917033669375,225.20196533174683,43623500
2021-04-01,234.32957458496094,234.80334887949442,230.17187761588366,230.5779761914017,30338000
2021-04-05,240.8271942138672,241.6877396410895,234.66799527040416,234.72600724804468,36910600
2021-04-06,239.6572265625,241.14625471940562,238.70966318992367,239.4155001585095,22931900
2021-04-07,241.62969970703125,242.6256112789347,239.00939383471342,239.60887057598896,22719800
2021-04-08,244.86886596679688,245.72941144065413,243.66023385442372,244.40475536671238,23625200
2021-04-09,247.38282775878906,247.51819396582258,244.08567580070337,244.50143816737415,24326800
2021-04-12,247.4408416748047,249.14260515231663,246.1935250574183,246.28055778347118,27148700
2021-04-13,249.93544006347656,250.61228584329,248.33037309194663,248.74616496060787,23837500
2021-04-14,247.1313934326172,250.26415806660793,246.71563111541306,248.95885914085616,23070900
2021-04-15,250.91200256347656,251.3277648885937,249.20059027856033,249.39395369349947,25627500
2021-04-16,252.1109619140625,252.3623668176979,249.07489361125147,250.8830023994161,24878600
2021-04-19,250.17718505859375,252.82652688667696,249.28764829020935,251.57921020332333,23209300
2021-04-20,249.7130584716797,251.58885776219208,248.34003948808945,249.2876176321232,19722900
2021-04-21,251.95628356933594,252.0529800444087,248.73650045352417,250.3705735071036,24030400
2021-04-22,248.6591339111328,253.11655470286385,247.17975472336747,251.59850578156508,25606200
2021-04-23,252.50746154785156,252.85556300432594,248.75586205847688,249.34568998197153,21462600
2021-04-26,252.8941650390625,253.75472524511878,251.55986000691124,253.00054000624235,19763300
2021-04-27,253.30029296875,254.47991912894528,251.5115114829657,252.92318557381552,31014200
2021-04-28,246.13548278808594,248.04996646470292,244.5787642096817,247.60516865114695,46903100
2021-04-29,244.1533203125,247.6245225237297,240.75948707118079,247.00570354871914,40589000
2021-04-30,243.8342742919922,244.70449828122986,241.33967054941743,241.4750367583464,30945100
2021-05-03,243.52484130859375,245.93244152740905,242.8093258640867,245.01386941830933,19626600
2021-05-04,239.5895538330078,242.8963842678736,237.62673646753146,242.66432159148357,32756100
2021-05-05,238.31324768066406,241.24297075441083,237.68476488082388,240.81752988826238,21901300
2021-05-06,241.46533203125,241.5910344808198,236.5921342853169,238.2938828346981,26491100
2021-05-07,244.10499572753906,245.88409850126487,242.85767923394673,243.80524259654717,27032900
2021-05-10,238.9997100830078,243.39913334730613,238.94169810981222,242.5675939726172,29299900
2021-05-11,238.08116149902344,238.43892660322572,234.54229821975156,236.45676717461123,33641600
2021-05-12,231.09043884277344,236.29239570195924,230.19122371487865,234.1555278301892,36684400
2021-05-13,234.98707580566406,237.4720303748559,233.4303571397704,233.79778600308975,29624300
2021-05-14,239.93765258789062,240.93356431608504,237.36569454194392,237.452712517306,23901100
2021-05-17,237.06588745117188,238.42922777033644,235.46083550669218,238.39055804135205,24970200
2021-05-18,235.03541564941406,238.2552130765147,234.86136496896637,238.11984688230368,20168000
2021-05-19,235.61691284179688,235.72351865268155,231.23641811133726,231.9244980642384,25739800
2021-05-20,238.87319946289062,240.29783391960277,236.33406189770037,236.43098164099266,21800700
2021-05-21,237.60366821289062,240.66614921501537,237.18694578423563,239.92960932842846,21863100
2021-05-24,243.04049682617188,243.4087741049209,239.87141050800008,240.14276804353833,21411500
2021-05-25,243.9514923095703,244.94970356838164,243.07927376097604,243.99995218179816,17704300
2021-05-26,243.7285919189453,245.13383947058784,243.01142426646751,243.6704312001958,17771600
2021-05-27,241.61587524414062,243.71890365055134,241.55772931026675,243.418473133618,24426200
2021-05-28,241.9744415283203,244.30038230069232,241.85814966545857,243.25371117130643,18270200
2021-06-01,239.76480102539062,243.53474828754858,239.33839261028746,243.47660235766526,23213300
2021-06-02,239.66790771484375,241.57711137410448,238.25295927147903,240.47229428901912,19406700
2021-06-03,238.12698364257812,238.73753072977723,235.50061228288084,237.65210054108795,25307700
2021-06-04,243.05020141601562,243.8836609923926,239.87142879631688,240.11371338493953,25281100
2021-06-07,245.97698974609375,246.24834728727228,242.10043654311272,242.2651882796942,23079200
2021-06-08,244.77525329589844,248.1090912201015,244.7170925794638,247.28531779785183,22455000
2021-06-09,245.76377868652344,247.64390936023426,245.39551618717297,245.97699029619437,17937600
2021-06-10,249.30111694335938,249.51432854393602,245.84130103923167,246.44216202928786,24563600
2021-06-11,249.93106079101562,250.51252004156663,248.6905355211727,250.0279509489406,18999700
2021-06-14,251.86936950683594,251.9275154393582,248.87470610316913,249.9407641590007,19150500
2021-06-15,250.38658142089844,251.96628173614434,249.72757441078255,251.75307010631195,18038900
2021-06-16,249.43682861328125,252.5380535301165,246.5681726439987,251.3944773965789,27220000
2021-06-17,252.84825134277344,253.6720250565815,248.1091790334338,248.16732498257204,27565500
2021-06-18,251.42352294921875,254.2049449265617,250.76451605351934,251.61736242477812,37202200
2021-06-21,254.52479553222656,255.38731323668682,249.96016243709636,251.8015192852255,26696100
2021-06-22,257.3158874511719,257.5872449583469,254.30185233414724,254.61198364970446,24694100
2021-06-23,257.0833435058594,258.59519710722395,256.2692707647983,257.7811243661629,19518700
2021-06-24,258.45953369140625,259.5837378342105,257.2771836080912,257.94589149972273,21446900
2021-06-25,256.8410339355469,259.00222309545813,256.58907807697693,258.0137126293254,25611100
2021-06-28,260.4268798828125,260.60131770189014,257.7036032627672,257.97496083991825,19590000
2021-06-29,263.0241394042969,263.26642398915266,259.7097028458924,260.57222058858645,19937800
2021-06-30,262.53961181640625,262.98540724193595,261.2797436059164,262.33610101410613,21656500
2021-07-01,263.2179870605469,263.4505708049754,261.27971032162645,261.28938159380704,16725300
2021-07-02,269.0813293457031,269.4205337746008,264.09027141575075,264.40040286935795,26458000
2021-07-06,269.0909118652344,270.7481298795678,265.83459218582897,269.44948826138983,31565600
2021-07-07,271.2908935546875,272.0274481712752,268.5966901015052,270.77725140779233,23260000
2021-07-08,268.85833740234375,270.1279061016344,266.3870172014392,268.35436660059395,24618600
2021-07-09,269.3622741699219,269.46886517575774,266.82313681336774,267.21078617893124,23916700
2021-07-12,268.7613830566406,271.1357536391102,268.0442007562918,270.54459359872203,18931700
2021-07-13,272.3085021972656,274.12078616611456,268.82929909583135,268.9552622367565,26120100
2021-07-14,273.791259765625,274.90576285138275,271.8917274782308,273.6361940946692,23113700
2021-07-15,272.3569030761719,273.7912382379195,271.1939254233224,273.29696829909597,22604200
2021-07-16,272.08551025390625,275.33212866896855,270.83531387571577,273.3647795908571,26186800
2021-07-19,268.46099853515625,271.71728888837185,265.9800069586817,270.32172742963587,32935600
2021-07-20,270.69976806640625,272.298840647594,267.7342066756191,269.44957114260086,26259700
2021-07-21,272.7155456542969,272.831837532653,268.7324009418103,270.2926996026849,24364300
2021-07-22,277.30926513671875,277.5806226950854,274.6732076086904,275.0802291583625,23384100
2021-07-23,280.73028564453125,281.04038740226895,277.65810442516977,278.50124995779606,22768100
2021-07-26,280.1294250488281,280.749687782131,277.79382767857606,280.08097996218163,23176100
2021-07-27,277.6969299316406,280.64308942099046,274.21772656817114,280.49772457377867,33604100
2021-07-28,277.38677978515625,281.1954864033692,275.0705249317499,280.07128236801464,33566900
2021-07-29,277.6580810546875,279.7126492085569,277.251030016775,277.4060956704679,18168300
2021-07-30,276.1172180175781,277.81321017411824,275.1480796424123,276.3692034593632,20944800
2021-08-02,276.0299987792969,277.91980086313254,274.98331277295944,277.52245058070406,16267400
2021-08-03,278.2590026855469,278.36562328511246,275.23529571822814,276.6114852101518,17879000
2021-08-04,277.6678466796875,278.71450311661016,275.8652339137432,277.38678826831455,16191300
2021-08-05,280.58489990234375,280.69152049091053,277.27046359767604,278.02639026152593,13900200
2021-08-06,280.5267333984375,280.5655072074138,278.7435226702853,279.6060698594421,16589300
2021-08-09,279.4316101074219,282.55223636050647,278.9276688800252,280.80779939388214,16117600
2021-08-10,277.5999755859375,280.323251828828,276.39825356437836,279.8871277657764,18616600
2021-08-11,278.09423828125,279.751456440991,277.0378515407644,278.3461941198243,13955900
2021-08-12,280.865966796875,281.0210324731041,277.50305573152406,277.784114118174,14561300
2021-08-13,283.8121643066406,283.86060939257436,280.37170550846537,280.54617288448674,18249000
2021-08-16,285.5081787109375,285.72139034208413,281.06950827409173,284.14169001710104,22507600
2021-08-17,284.0350341796875,284.37423849294635,282.09675761906914,283.3663559759671,20075300
2021-08-18,282.2969665527344,286.26832663173434,281.85028818269654,283.5689657375722,21813000
2021-08-19,288.1617431640625,288.8414504972894,280.26759054859315,280.3161283728074,29850500
2021-08-20,295.5315856933594,296.9686668297904,289.41433811840545,291.0261909838644,40817600
2021-08-23,295.813232421875,296.5414777156917,293.09446184457664,294.45384713322585,22830200
2021-08-24,293.842041015625,296.7841500631077,293.2400298015823,296.1724194319452,18175800
2021-08-25,293.2497863769531,295.75493682464673,291.70591011010885,295.4733403838141,20006100
2021-08-26,290.41448974609375,293.657605009389,290.27856604274746,292.2593717706494,17666100
2021-08-27,291.0262145996094,292.1428513577284,288.2200287600035,290.31737857564724,22605700
2021-08-30,294.78399658203125,295.39572740143205,292.3273835166958,292.38564077260276,16348100
2021-08-31,293.1235046386719,295.66750271229165,292.7545223900031,295.58983627527266,26285300
2021-09-01,293.0749816894531,296.3375355546533,292.7448474253484,294.0848233182499,18983800
2021-09-02,292.4147644042969,294.5606523132115,291.47289927339045,293.4343256300039,16285600
2021-09-03,292.405029296875,293.8226716672976,291.55055018077155,292.2593565497962,14747900
2021-09-07,291.4728088378906,292.3564164397279,289.55026075756587,292.27875000140284,17180400
2021-09-08,291.5019836425781,291.8903751604786,288.841470630968,291.08446350164445,15046800
2021-09-09,288.6278381347656,293.3760109065936,288.3850897427263,292.0942922848566,19927000
2021-09-10,287.1325378417969,291.22044264146325,286.81212296003343,289.76395209596836,19633400
2021-09-13,288.3753662109375,289.88042399953457,285.54977141202284,288.91912023075906,23652900
2021-09-14,291.09417724609375,292.6477729197862,289.45319570500504,290.870838052277,21853400
2021-09-15,295.97833251953125,296.46382941180826,293.0653511658691,294.4635845862172,28356300
2021-09-16,296.36669921875,296.454085096136,292.0360756003799,294.94905670941716,19550800
2021-09-17,291.1717834472656,295.6674875892263,290.84164925017643,295.3470728084054,41372500
2021-09-20,285.7634582519531,290.05526380757544,281.1221091582763,287.7345744445477,38278700
2021-09-21,286.24896240234375,288.90950558309277,285.54015588807613,287.11316111397,22364100
2021-09-22,289.9192810058594,291.5117248704752,285.9673592342835,288.12296639713196,26626300
2021-09-23,290.87078857421875,292.171916210303,288.89967310302404,290.18139153822386,18604600
2021-09-24,290.6668701171875,291.1037993525861,288.31705313259096,289.5793622881519,14999000
2021-09-27,285.6371765136719,287.87044975435487,284.4428438176853,287.5500349313378,23571700
2021-09-28,275.29608154296875,282.34550422174806,274.54842717463856,281.3939198719329,43186200
2021-09-29,275.76214599609375,278.4517872453746,274.8008719413528,276.8302447415665,26353700
2021-09-30,273.74249267578125,279.48103801905324,273.45117685474776,277.42253659950734,32343600
2021-10-01,280.7142333984375,281.5687124397736,273.13077635513565,273.93668794090405,30086300
2021-10-04,274.89794921875,279.4033731783341,272.1209220963619,279.0635195347015,31350700
2021-10-05,280.38409423828125,281.97650817908067,275.8106934903123,275.8106934903123,24993000
2021-10-06,284.60784912109375,285.11278463228933,277.22832330148674,277.49048084066203,28002600
2021-10-07,286.2974853515625,288.0355722925851,285.39446836339914,286.61790021974554,20430500
2021-10-08,286.2974853515625,288.0355722925851,285.2391058225794,287.62774191888644,17685700
2021-10-11,285.6954650878906,289.3269717647659,284.2583838545495,284.42346580912283,19298600
2021-10-12,284.3846435546875,286.87038509068907,283.870018071821,286.7732797928626,17974100
2021-10-13,287.71514892578125,288.65701402642674,284.9769395034044,286.3557636342251,23416300
2021-10-14,293.9683532714844,294.473259346029,289.1910510570346,290.531027152516,27262900
2021-10-15,295.3860168457031,295.6190755087031,291.803047338014,293.57026317323215,25384800
2021-10-18,298.3766784667969,299.26997612485764,293.91010127936016,294.7645805226375,22729300
2021-10-19,299.28936767578125,300.32830830606736,298.30865465847006,299.40588216647706,17682100
2021-10-20,298.4931335449219,300.7167170922215,297.23082413872754,300.2409100982718,16537100
2021-10-21,301.7460021972656,301.99844040130466,297.4736063458333,298.26013847986417,16918100
2021-10-22,300.1923828125,302.06639333549975,298.87181611698935,301.3964053856401,17449300
2021-10-25,299.1922607421875,300.425411938426,297.5706884026041,300.38656389761695,17554500
2021-10-26,301.11480712890625,303.3383907408495,299.6486269621218,301.9790056451273,28107300
2021-10-27,313.7960510253906,316.6410554905065,306.8340130703277,306.8340130703277,52588700
2021-10-28,314.9417419433594,315.4466478865551,312.03845128096805,314.9223031089949,26297900
2021-10-29,322.00091552734375,322.3698978624627,314.5048432230782,314.72818243443317,34766000
2021-11-01,319.81610107421875,321.8746024032,316.9031207862563,321.7483685162095,27073200
2021-11-02,323.4670715332031,323.7777965670248,320.427857116945,320.72886273334404,26487100
2021-11-03,324.3118591308594,325.18574743557576,321.05902467717414,324.2147538453636,21500100
2021-11-04,326.68109130859375,326.77819659570866,319.9521127279951,323.2340758588148,23992200
2021-11-05,326.3121643066406,328.96298796908593,324.71974993106187,328.69111089850526,22570100
2021-11-08,327.2151794433594,327.8560388842591,324.73915719511893,327.51618513997283,20897000
2021-11-09,326.2053527832031,328.89499472568826,324.82652865961444,327.33167942431567,21307400
2021-11-10,321.20465087890625,324.92357272775905,320.3502014556965,324.86531548600317,25500900
2021-11-11,322.78741455078125,324.0885424963487,320.9231233219346,321.6416491463469,16849800
2021-11-12,326.9529724121094,327.44818863991225,324.1079682216262,324.2342021332131,23831000
2021-11-15,326.32183837890625,328.07933448956584,324.34100306430065,327.7492002091939,16723000
2021-11-16,329.66204833984375,330.7884044776103,325.7780739195618,325.9431262382948,20886800
2021-11-17,329.88580322265625,332.8722146599983,328.79630542199965,329.71071172324827,19053400
2021-11-18,331.9772033691406,333.12509451765436,327.9402138531985,328.9713476663331,22463500
2021-11-19,333.76715087890625,335.70298365826625,332.8819561693576,333.30997740895356,21963400
2021-11-22,330.5764465332031,340.1485303404113,330.3040720955403,335.23602357528745,31031100
2021-11-23,328.4849548339844,330.2067766723785,324.4771473258713,327.87210500584973,30427600
2021-11-24,328.7087707519531,328.9519632937465,324.81769008325955,327.12315062960613,21661300
2021-11-26,320.7027893066406,328.72814137700954,319.1852705628066,325.24563802553985,24217200
2021-11-29,327.4635925292969,329.7982347536724,325.6250428524022,325.8196087405112,28563500
2021-11-30,321.58807373046875,328.5822933404473,320.0316355850728,326.18928713277177,42885600
2021-12-01,321.09197998046875,330.04147784635467,320.42079584278883,326.0044873854462,33337600
2021-12-02,320.51800537109375,324.40908570580257,318.87402155475235,321.3059467639453,30766000
2021-12-03,314.2144775390625,323.64062212414194,309.3700717841347,322.9499339831109,41779300
2021-12-06,317.307861328125,318.5335610767089,310.53739017038447,315.12886594094084,30032600
2021-12-07,325.8001708984375,326.65618363904804,321.1114119500236,322.6094861976196,31021900
2021-12-08,325.8487548828125,326.36432177445636,321.7922910850989,326.17949310701954,24761000
2021-12-09,324.0296936035156,327.3273684732717,323.0763683143852,325.30401993120887,22214200
2021-12-10,333.2126770019531,333.6601429338765,325.67370875782035,325.8585374509906,38095700
2021-12-13,330.1581726074219,334.4286476814138,329.8468790444135,331.4033171728672,28899400
2021-12-14,319.3992919921875,325.52776068430427,315.284464285477,324.14641424921746,44438700
2021-12-15,325.5375061035156,326.0628102666552,315.6638955841935,319.6619664219999,35381100
2021-12-16,316.05291748046875,327.5899833075639,314.2241054175183,326.568557155854,35034800
2021-12-17,314.9828796386719,316.0724068561132,308.6112487109197,312.1424081741553,47750300
2021-12-20,311.1988830566406,314.0101731797365,308.9226046084139,311.3350554322163,28326500
2021-12-21,318.37786865234375,318.80588978295987,311.0918019197525,314.48678905516573,24740600
2021-12-22,324.1269836425781,324.52579322794156,316.879835094261,319.3603867790755,24831500
2021-12-23,325.5764465332031,327.23016767632333,323.66982533590135,323.68927005188783,19617800
2021-12-27,333.1251220703125,333.15430398492487,326.29625718515126,326.3254390997636,19947000
2021-12-28,331.957763671875,334.44805250573944,331.0530946934616,333.8060207410828,15661500
2021-12-29,332.6387634277344,334.9247495224456,330.4305561960451,332.00643908331915,15042000
2021-12-30,330.0802917480469,333.7865427163204,329.59390679487103,332.59976224310805,15994500
2021-12-31,327.16204833984375,330.1192480801944,326.7048452037269,329.2924172414744,18000800
2022-01-03,325.6347961425781,328.79629901774877,320.80012748139205,326.21846414915797,28865100
2022-01-04,320.0511169433594,326.07256655416444,317.239796956852,325.7126166614886,32674300
2022-01-05,307.7649841308594,317.19112801347296,307.37588205960316,316.9868249346307,40054300
2022-01-06,305.3330383300781,310.0217966395678,303.00810388727007,304.62290557551444,39646100
2022-01-07,305.4886779785156,307.88168370072367,301.646224869703,305.59566842155346,32720000
2022-01-10,305.7124938964844,306.1502523809237,296.39336802101064,301.062653317601,44289500
2022-01-11,306.4031066894531,307.9886968599788,301.45171092918275,304.84666874501306,29386800
2022-01-12,309.603515625,314.60356797191446,308.4459168812307,310.96541745526014,34372200
2022-01-13,296.50030517578125,312.14246451080345,295.7221009951654,311.7436252200972,45366000
2022-01-14,301.7532958984375,302.3564086085924,295.4789168995165,295.96530194791075,39846400
2022-01-18,294.4088439941406,301.3641437796384,293.5236197033921,295.7901905004896,42333200
2022-01-19,295.0703125,305.36223577548463,294.4574923336944,297.9497330886086,45933900
2022-01-20,293.3874816894531,303.1638097727385,292.9400157349673,300.6540758605654,35380700
2022-01-21,287.9691162109375,295.82908513910786,287.56053972855347,294.44776829500927,57984400
2022-01-24,288.29986572265625,289.01970608679983,268.5331704445488,284.2434310873334,85731500
2022-01-25,280.6343688964844,286.9573730199383,277.40479550599815,283.58186040041585,72848600
2022-01-26,288.6305847167969,300.09955158053,285.05079816308023,299.6034293699441,90428900
2022-01-27,291.6753845214844,298.93224118758064,289.8173900598136,294.4186033404908,53481300
2022-01-28,299.86602783203125,300.08003837534045,286.43207927861965,292.05468753111256,49743700
2022-01-31,302.511962890625,303.87383467240653,298.02747867857715,300.53724138539724,46444500
2022-02-01,300.35247802734375,302.17155319764396,296.82131813836816,301.9575426078095,40950400
2022-02-02,304.92449951171875,306.53930139921533,300.4692256286445,301.1988031851684,36636000
2022-02-03,293.0469970703125,302.7552535027513,291.79211531003233,301.06261331619567,43730000
2022-02-04,297.60931396484375,300.3914224555143,291.8018747496891,292.0353300953145,35096500
2022-02-07,292.7552185058594,299.45759008889837,291.73379193177493,297.83308039647966,28533300
2022-02-08,296.266845703125,297.2396157585428,291.7823899972102,293.0469791946189,32421200
2022-02-09,302.73577880859375,303.43617447800517,299.0198195356215,301.4322704184702,31284700
2022-02-10,294.1462097167969,300.7026702927466,292.5119631728677,295.76101154707897,45386200
2022-02-11,287.0060729980469,296.0041956198733,286.20839446246674,294.9341426680689,39175600
2022-02-14,286.96710205078125,288.6791864644168,283.41649808136714,285.7705844635365,36359500
2022-02-15,292.2882385253906,292.60923960221265,288.9321697438567,291.84077258338215,27058300
2022-02-16,291.9469909667969,293.28243654977547,286.27375682419125,290.8454833697522,29982100
2022-02-17,283.3982238769531,289.31512471612086,282.6866227036371,288.88621849493984,32461600
2022-02-18,280.66876220703125,286.4492079631023,279.0896213190084,285.6596375190909,34264000
2022-02-22,280.4641418457031,284.1878144144707,277.3253441421195,277.8127349051109,41736100
2022-02-23,273.2020263671875,284.34380258389615,273.0363301552388,282.86211552379876,37811200
2022-02-24,287.160888671875,287.7165212860402,264.6726715319733,265.63772547972644,56989700
2022-02-25,289.8122863769531,290.12422359753356,284.2950194983155,287.69702717357785,32546700
2022-02-28,291.2549133300781,291.59609273510875,285.61092126640744,286.8878823912085,34627500
2022-03-01,287.51177978515625,292.4051716010198,284.7823740737529,288.9251949366631,31217800
2022-03-02,292.6196594238281,293.8673785477649,286.29333703933276,287.91144814315027,31873000
2022-03-03,288.4573059082031,295.48547100816484,286.6344398224137,295.25153300697923,27314500
2022-03-04,282.55010986328125,288.2038595827067,279.92797538105896,286.8684138832805,32356500
2022-03-07,271.87628173828125,282.384423958985,271.5058600494751,281.25367397398566,43157200
2022-03-08,268.89349365234375,276.79895765959355,263.1910156960027,270.7942998058096,48159500
2022-03-09,281.2244567871094,282.29672236396794,273.6991425767522,276.2920648815301,35204500
2022-03-10,278.3878479003906,279.3723867449448,273.50418301542686,275.88265227991445,30628000
2022-03-11,273.0070495605469,282.2089888863428,272.38317514959226,280.6980597805448,27209300
2022-03-14,269.46856689453125,278.20259972430927,268.86420719899286,273.27020832450415,30660700
2022-03-15,279.9084777832031,280.56159442132866,271.7008349155803,273.27997605054975,34245100
2022-03-16,286.9659118652344,287.14136537848043,276.05810557225556,281.8190374929418,37826300
2022-03-17,287.7749328613281,288.15508209447967,282.07245638034266,285.8936121161236,30816600
2022-03-18,292.85357666015625,293.409209212463,285.34777752908354,287.92118502466127,43390600
2022-03-21,291.61566162109375,292.5709582806592,287.4630825627041,291.3524813032419,28351200
2022-03-22,296.39202880859375,297.3083257004259,291.23542689570303,292.2394505433956,27599700
2022-03-23,291.93731689453125,295.583020120207,290.2119642602753,292.9316131142483,25715400
2022-03-24,296.4310302734375,296.528514363223,290.79679496025915,291.5961228493457,24484500
2022-03-25,296.0216064453125,297.7957157210351,291.742331596693,297.5325354540523,22566500
2022-03-28,302.8646240234375,302.9620783750849,296.65524087861996,296.65524087861996,29578200
2022-03-29,307.455810546875,307.85547449791466,301.25618526094905,305.9936384202282,30393400
2022-03-30,305.94488525390625,307.98220462024,303.72238478405603,305.8474309093087,28163600
2022-03-31,300.5348815917969,307.1926558891614,300.12549002106,305.98390660172134,33422100
2022-04-01,301.6169128417969,302.30899939577387,297.8347557615202,301.5681559167176,27110500
2022-04-04,307.0268859863281,307.1633399077133,301.8995265160975,302.26994819237575,24289600
2022-04-05,303.0400390625,306.92940723508406,302.05550035296193,305.3697510832116,23156700
2022-04-06,291.9469909667969,299.25785050686693,289.227342888461,297.4934987843671,40110400
2022-04-07,293.7698669433594,295.992367354406,288.87647500488833,289.1786548602699,31411200
2022-04-08,289.4808349609375,293.52617184109016,288.808233411817,292.8633276253669,24361900
2022-04-11,278.066162109375,285.2307818696367,277.81270941652224,284.4314837001225,34569300
2022-04-12,274.9468688964844,283.4079652196335,273.4164547942549,281.945792962261,30966700
2022-04-13,280.3666076660156,281.30238943438314,274.2059823826669,275.5999423242994,21907200
2022-04-14,272.7731018066406,281.03925987078986,272.2759834561352,280.82480674477745,28221600
2022-04-18,273.4457092285156,275.33678781211535,271.32069259266757,271.87632521472943,20778000
2022-04-19,278.10516357421875,278.9532485087538,271.3889341815737,272.3344734724712,22297700
2022-04-20,279.138427734375,282.39422425874454,278.17340352836885,282.101771947732,22906700
2022-04-21,273.7283935546875,285.90340510019286,272.9973074218899,281.30243518120113,29454600
2022-04-22,267.1193542480469,276.0581130561113,266.48575226772533,274.57642624284045,29405800
2022-04-25,273.64068603515625,274.0208353820041,263.94159742532975,266.39806604300793,35678900
2022-04-26,263.40545654296875,271.34016243652076,263.1910034243338,270.5018646305653,46518400
2022-04-27,276.0776672363281,283.63222521902594,272.12005601490773,274.98591651979507,63477700
2022-04-28,282.3259582519531,283.6419191689695,274.36198065629725,277.9979262014816,33646600
2022-04-29,270.5213317871094,282.5696457327582,269.52706543762076,281.3316542777626,37073900
2022-05-02,277.2961120605469,277.7542605844876,269.2541641761208,270.70657918377503,35151100
2022-05-03,274.6738586425781,276.96460052306134,273.08496044998844,276.7988746219358,25978600
2022-05-04,282.6671142578125,283.5444115470414,269.75126101959535,275.4634656066809,33599300
2022-05-05,270.3556213378906,279.1286537463805,267.42151986859074,278.3390832094538,43260400
2022-05-06,267.80169677734375,272.2076978652137,264.42893181498096,267.8796661979223,37780300
2022-05-09,257.9076843261719,265.4914834457657,256.67947982600253,263.2494978241472,47726000
2022-05-10,262.70355224609375,266.8463726432956,258.3852783598158,264.8383256070772,39336400
2022-05-11,253.9792938232422,264.5166788733009,252.76081701589987,258.97992740025,48975900
2022-05-12,248.91046142578125,253.32622042112627,243.71487425735856,251.1914465609955,51033800
2022-05-13,254.53494262695312,256.4065362115502,248.9104640346722,250.86002705080753,34925100
2022-05-16,254.9053497314453,259.1164127441504,249.32959863535496,253.40417796573698,32550900
2022-05-17,260.0911560058594,261.5630555538275,255.84109402969457,259.3990398579375,28828800
2022-05-18,248.2493438720703,257.55088195954716,246.9694082925234,256.9646448671213,31356000
2022-05-19,247.3309326171875,251.75699171298507,246.09985251439988,248.0734867398583,32692300
2022-05-20,246.76422119140625,252.60700218610816,240.78466843805458,251.3368168478214,39199300
2022-05-23,254.66854858398438,255.49904858681893,247.61423331558927,249.62697256957765,33175400
2022-05-24,253.66217041015625,255.3329205528105,247.68261847454892,251.97188996672497,29043900
2022-05-25,256.49560546875,258.508329616122,251.22931223025788,252.21614400385604,28547900
2022-05-26,259.798095703125,260.98032015992106,255.43067249294842,256.2513925154789,25002100
2022-05-27,266.9696044921875,267.06731562839224,261.41995783588675,262.3188585448169,26910800
2022-05-31,265.6310729980469,268.4645173068934,262.75853826764757,266.2759307760197,37827700
2022-06-01,266.1684875488281,271.3175402469702,263.8430992924874,268.8846905955963,25292200
2022-06-02,268.27886962890625,268.34727041092106,255.59675637137263,258.3813599596805,44008200
2022-06-03,263.8235168457031,267.17482718772595,262.25047775674227,264.1068702171186,28059000
2022-06-06,262.5826721191406,267.8880562545602,261.0877840528828,265.81671120246483,22400300
2022-06-07,266.24658203125,266.86212935863284,259.83712541433647,260.52107351526206,22860700
2022-06-08,264.20458984375,266.7351505141469,263.4229304866885,265.4747453002484,17372300
2022-06-09,258.71356201171875,266.4517957956073,258.55723014109145,261.6349374373484,26439700
2022-06-10,247.18434143066406,254.60014614141426,246.73489104071965,254.60014614141426,31422800
2022-06-13,236.70059204101562,243.3054725413383,235.9873483160347,239.4851959678667,46135800
2022-06-14,238.87939453125,240.10070925355024,235.96776949907485,238.26384714045005,28651500
2022-06-15,245.98255920410156,249.44133097278552,240.76510609798785,242.61173342919113,33111700
2022-06-16,239.348388671875,241.74216268049113,237.44314057965514,240.33520565588944,33169200
2022-06-17,241.96688842773438,244.75149220671116,238.42996544684556,239.08458840742492,43084800
2022-06-21,247.91714477539062,248.90396178868318,243.7842046658451,244.51699356218077,29928300
2022-06-22,247.32113647460938,251.26843424817747,244.6244638607428,246.1095868286238,25939900
2022-06-23,252.9196319580078,253.41793795165793,247.809669777073,249.7051527842737,25861400
2022-06-24,261.5567932128906,261.8303665392892,255.7140123924243,255.80194348120352,33923200
2022-06-27,258.8113098144531,262.14303078226516,257.2382406428297,262.0550996833187,24615100
2022-06-28,250.59426879882812,260.78491242096936,250.4379369250215,257.9221576614475,27295500
2022-06-29,254.2875213623047,255.9582716594945,249.890773174673,251.67877983050323,20069800
2022-06-30,250.93618774414062,253.57423939510866,247.0963815241397,251.15114032175472,31730900
2022-07-01,253.6231231689453,253.80876541831714,248.76718886364193,250.506354989603,22837700
2022-07-05,256.818115234375,256.9451367607204,248.89422319352843,250.2816351962551,22941000
2022-07-06,260.1009826660156,261.8401338868576,256.378417244903,257.6974432972696,23824400
2022-07-07,262.24072265625,262.8855804850251,258.9382824803674,259.0359936333195,20859900
2022-07-08,261.5177001953125,261.9476053921388,257.2479884069412,258.71356617323374,19658800
2022-07-11,258.4400634765625,260.41369800698305,256.16351535978515,259.5538873783597,19455200
2022-07-12,247.84872436523438,259.83715393450507,246.25612518586624,259.7785332128201,35868500
2022-07-13,246.92054748535156,247.73150231895372,242.41633781014775,244.44860746990463,29497400
2022-07-14,248.2493438720703,249.28501648121124,240.2961421519958,244.81989713467624,25102800
2022-07-15,250.82875061035156,254.39498387786978,248.9235024960798,249.85169876625037,29774100
2022-07-18,248.41539001464844,254.85415701748897,247.48719389897366,253.7891742627529,20975000
2022-07-19,253.57421875,253.75986095270025,247.85846051642795,251.66895606639244,25012600
2022-07-20,256.2513427734375,258.79168319801533,252.9684633205692,253.93573497770862,22788300
2022-07-21,258.76239013671875,258.81126061612775,251.13161811146432,253.82829056890776,22404700
2022-07-22,254.38516235351562,259.24111041987675,253.12478714848862,259.153179346311,21881300
2022-07-25,252.8903045654297,255.49904599402382,250.91667066137012,255.01052009346162,21056000
2022-07-26,246.11935424804688,253.91623871980474,243.8428365645717,253.89667859982464,39348000
2022-07-27,262.5728759765625,263.8528113750205,252.909849739427,255.16683688127296,45994000
2022-07-28,270.0669250488281,271.46410213964964,261.72289329505287,263.5597556772068,33459300
2022-07-29,274.2975158691406,275.5286106924797,270.28184723835176,271.3272998322268,32152800
2022-08-01,271.63018798828125,274.8251367286238,269.5099724039233,271.4445457557554,21539600
2022-08-02,268.51336669921875,271.5129227011394,266.1293580650753,269.6662805978078,22754200
2022-08-03,275.9878845214844,276.99424690662045,270.26234419508773,270.4089258514928,23518900
2022-08-04,277.1407470703125,277.2872988821304,273.7406257671143,275.33319521187644,18098700
2022-08-05,276.4176940917969,277.14070279275705,272.28475475529933,272.74397023713243,16774600
2022-08-08,273.8871765136719,279.3586727325531,272.91012468234504,277.5315607614773,18739200
2022-08-09,275.8217468261719,276.5838461358811,271.23937090713224,273.22281494179157,23405200
2022-08-10,282.5243225097656,283.15940026226946,280.35526616412074,281.5570506992945,24687800
2022-08-11,280.4334411621094,284.527291235615,279.93516494120047,284.1755668443852,20065900
2022-08-12,285.211181640625,285.211181640625,280.35523322114955,281.85990127405483,22619700
2022-08-15,286.73541259765625,287.42911107438584,283.4525028196031,284.32209329350565,18085700
2022-08-16,285.9928283691406,287.2923239805232,283.75540118161075,285.2893498697751,18102900
2022-08-17,285.23895263671875,287.22657693681026,283.4275638200521,283.6919170451894,18253400
2022-08-18,284.11297607421875,285.8166455815832,283.04570254636616,284.13254783525645,17186200
2022-08-19,280.1767883300781,283.21208370807085,279.5991078037717,282.8693837672335,20570000
2022-08-22,271.95220947265625,276.5638839382038,271.4332739585335,276.1918113279742,25061100
2022-08-23,270.66949462890625,273.03896194737587,269.65119559556206,270.66949462890625,17527400
2022-08-24,270.03314208984375,271.4430857854894,269.3673137642795,269.6610694645273,18137000
2022-08-25,273.02923583984375,273.1956704930622,268.7896043844489,271.5409454973836,16583400
2022-08-26,262.49383544921875,274.4881266505964,262.3861459525227,273.2544185652506,27549300
2022-08-29,259.69354248046875,261.81822869891334,258.34234411748866,260.30059568573864,20338500
2022-08-30,257.4806823730469,261.47550201720145,255.2189044329555,261.1034593568575,22767100
2022-08-31,256.0119934082031,261.53424671982935,255.87490146998655,259.85017923118824,24791800
2022-09-01,254.96435546875,255.44414743540307,250.07852722864436,253.46629417161157,23263400
2022-09-02,250.7149200439453,259.2137238025939,249.1581137933587,256.23720323972685,22855400
2022-09-06,247.96359252929688,252.44797525069836,246.68094020616354,250.8520254014025,21328200
2022-09-07,252.7025604248047,253.4271039157159,247.93422281842027,249.38332474051592,24126700
2022-09-08,253.12355041503906,254.9936839784181,249.4714159507378,252.13465383459854,20319900
2022-09-09,258.9396057128906,259.6935517170331,254.85666778097755,255.06227583640336,22084700
2022-09-12,261.0838928222656,261.8672114032807,259.62500491841365,260.23205814335745,18747700
2022-09-13,246.72987365722656,254.9643088767863,246.33821443983342,253.43687527963175,33353300
2022-09-14,246.95510864257812,248.92314610750662,244.64437117407763,248.23776104063654,23913000
2022-09-15,240.2578887939453,246.1522152354102,238.92627713488778,244.55625037262143,31530900
2022-09-16,239.6312255859375,240.17953357923247,237.00716098053297,239.16123450002272,39791800
2022-09-19,239.4158477783203,240.02290100098614,235.82245784044076,237.40863687528983,26826900
2022-09-20,237.38902282714844,238.4268936780499,234.63768200232818,237.01696522076853,26660300
2022-09-21,233.9620819091797,242.49027328915574,233.9131226363591,239.17103777962444,28625600
2022-09-22,235.94970703125,238.76959382847815,232.61089974845348,232.90462550627097,31061200
2022-09-23,232.95358276367188,236.09658280757657,230.29035968717196,234.53976160325183,34176000
2022-09-26,232.493408203125,236.40991123435145,231.95488604827668,232.10176387611173,27694200
2022-09-27,231.47511291503906,236.75259989953264,229.60497922142935,234.9705839342444,27018700
2022-09-28,236.03787231445312,237.27156548857522,229.83020316332315,231.86678669381607,29029700
2022-09-29,232.5423583984375,234.94121342333523,229.51686351062435,233.90334255103218,27484200
2022-09-30,228.03834533691406,235.51886429289485,227.8718957784232,233.3158317018502,35694800
2022-10-03,235.7147216796875,236.5665562407545,229.76163574998006,230.49598001028534,28880400
2022-10-04,243.684814453125,245.13391633829488,239.86621517346092,239.97391960048338,34888400
2022-10-05,243.9981231689453,245.34932142534083,239.00459102796964,240.85513801638095,20347100
2022-10-06,241.638427734375,245.11432699777998,240.94325684585763,242.7546304477217,20239900
2022-10-07,229.3504180908203,236.28263010395378,228.30274638054547,235.8713841468346,37769600
2022-10-10,224.4645538330078,229.66370861095376,221.99715302744525,228.18523426736718,29743600
2022-10-11,220.70474243164062,224.27854550032873,219.43187594817857,222.86860200727992,30474000
2022-10-12,221.03762817382812,223.10358401151333,219.28499973345657,220.69492820055035,21903900
2022-10-13,229.3504180908203,231.17159255986616,214.55582760214386,215.26079932824376,42551800
2022-10-14,223.78897094726562,232.2877899192671,223.57356209482342,230.62326425216398,30198600
2022-10-17,232.5717315673828,233.9718891188807,230.2316216892533,230.89743494920083,28142300
2022-10-18,233.52149963378906,238.83814547298792,230.45683114701563,238.16256123142458,26329600
2022-10-19,231.54364013671875,234.60830834251115,229.39935247453639,232.0919481353956,19985700
2022-10-20,231.22055053710938,236.27284322549886,229.96727071460137,230.8484928943571,21811000
2022-10-21,237.06594848632812,237.9275840241761,229.60501421263083,229.84000979757346,26299700
2022-10-24,242.08883666992188,242.66651726478315,236.26304156622302,238.67168249474804,24911200
2022-10-25,245.42764282226562,245.79970041565298,240.69846406656384,242.0986065964554,34775500
2022-10-26,226.4913787841797,233.32567243013398,225.2576707603945,226.34450095549056,82543200
2022-10-27,222.01675415039062,228.8118889501119,221.06700101900176,226.21719686136822,40424600
2022-10-28,230.9463653564453,231.6611378474482,221.33135911449682,221.5173953809148,40647700
2022-10-31,227.2844696044922,230.01622392707068,226.32491559359812,228.88043444903704,28357300
2022-11-01,223.40711975097656,230.81910882214837,222.58465770971134,229.70290606892462,30592300
2022-11-02,215.50558471679688,226.47179018805932,215.44682462164948,224.67020238397998,38407000
2022-11-03,209.77769470214844,215.80911298730175,209.5133265628878,215.49578557184125,36633900
2022-11-04,216.7686309814453,216.96445312693717,208.9747840925836,213.008792003022,36789100
2022-11-07,223.11337280273438,223.64210905753552,216.66093790033182,217.35612373452656,33498000
2022-11-08,224.09249877929688,226.81446708596394,221.12574904260384,223.92604919971197,28192500
2022-11-09,219.82351684570312,223.85752509677178,219.64728138196077,222.62381708948223,27852900
2022-11-10,237.90797424316406,238.2506742370908,230.0945548202056,230.515571727907,46268000
2022-11-11,241.95176696777344,242.8134024168077,236.87988776587653,237.91777362051934,34620200
2022-11-14,236.50782775878906,238.81856512501489,234.21667709082797,236.93864547897454,31123300
2022-11-15,236.91903686523438,241.84403773398816,235.01953069663728,240.53201293680507,31390100
2022-11-16,237.35105895996094,239.38356811952744,236.06479199573343,238.3918546720114,24093300
2022-11-17,237.30198669433594,238.84355351183237,233.3253639763413,233.47264075020115,23123500
2022-11-18,236.85031127929688,239.3246657828085,234.6999806378717,239.09882143559938,27613500
2022-11-21,237.66529846191406,240.23783270543555,236.82087665171096,237.05651949394007,26394700
2022-11-22,240.59130859375,240.86623522743278,236.34957268666008,239.17739163059406,19665700
2022-11-23,243.0950927734375,243.78240928452703,239.84505578484715,240.66983559815458,19508500
2022-11-25,243.00674438476562,244.19481694408375,242.26050213358,242.82999727913526,9200800
2022-11-28,237.38050842285156,242.18192539702906,236.43790722800586,241.6222587467849,24778200
2022-11-29,235.9764404296875,238.3918693092864,233.89484887777672,237.02704966267706,17956300
2022-11-30,250.51815795898438,250.70471852080405,235.51495518026599,236.21210017721677,47594200
2022-12-01,250.0762939453125,251.48038230881465,246.37458328695274,249.27114105088032,26041500
2022-12-02,250.40036010742188,251.42151409140007,245.1669103563843,245.29456022277358,21528500
2022-12-05,245.66761779785156,249.22205159608075,243.56638455022468,247.4448272057783,23435300
2022-12-06,240.6796417236328,247.29755188854818,239.36391944499817,246.27639810065844,22463700
2022-12-07,239.94326782226562,241.70085061999154,237.82240729803337,240.39494158070943,20481500
2022-12-08,242.91835021972656,244.23408754539898,238.65697278896897,240.40472694227282,22611800
2022-12-09,240.97421264648438,243.81185967062763,239.73704295172024,240.26725425451173,20609700
2022-12-12,247.93577575683594,247.96523110822213,242.69251345682534,242.96744005801403,30665100
2022-12-13,252.26589965820312,259.139094447694,248.4856365310329,256.9494801774457,42196900
2022-12-14,252.56051635742188,257.83323517087837,249.70322678422994,252.47215028378815,35410900
2022-12-15,244.49920654296875,249.5951926755457,242.8594602024895,249.12389201647076,35560400
2022-12-16,240.25746154785156,245.314163694285,239.09882936779724,244.0475385389959,86102000
2022-12-19,236.09425354003906,240.76803589280172,234.3857831687953,240.4243701377892,29696400
2022-12-20,237.4197998046875,238.50969277146442,234.101023657094,235.06326677746307,25150800
2022-12-21,240.0021514892578,241.1705970760226,235.76041593639175,237.3117960868346,23690600
2022-12-22,233.8751983642578,237.60636448544406,229.6334478309404,236.88957762417527,28651700
2022-12-23,234.40542602539062,234.54288934026997,229.70220298266847,231.83289185448697,21207000
2022-12-27,232.66748046875,234.60178017051703,231.55794560399602,234.37595081143152,16688600
2022-12-28,230.28152465820312,235.37751101989465,229.9280454024101,232.5987742278732,17457100
2022-12-29,236.64410400390625,237.53762297062295,231.38119968123485,231.38119968123485,19770700
2022-12-30,235.4757080078125,235.6131713319361,232.37294728344762,233.89487228920206,21938500
2023-01-03,235.24005126953125,241.29828098195574,233.09953380406293,238.67664937100366,25740000
2023-01-04,224.94985961914062,228.65155528390636,221.86674131670614,228.07224672935166,50623400
2023-01-05,218.2828826904297,223.42796620859252,217.7428428679085,223.0843004172486,39585600
2023-01-06,220.85540771484375,221.67037414337992,215.376502057129,218.96037666884743,43613600
2023-01-09,223.00572204589844,227.05109853622983,222.30859206839725,222.34786087714497,27369800
2023-01-10,224.70440673828125,227.11983564696362,223.21193722037137,223.63414061358225,27033900
2023-01-11,231.49903869628906,231.67577081089505,226.92345084138603,227.100182955992,28669300
2023-01-12,234.1894073486328,235.55422702400872,229.32907915113603,230.99828080713587,27269500
2023-01-13,234.8963623046875,235.0338256158968,230.6644400284827,232.7067627824332,21333300
2023-01-17,235.99607849121094,236.54593172373328,232.79512362957803,233.65918727061418,29831300
2023-01-18,231.538330078125,237.98932257293077,231.25358998270823,237.1939980149143,30028700
2023-01-19,227.72860717773438,231.25358612173252,226.50125078588513,229.5451006306224,28623000
2023-01-20,235.8684539794922,236.37903845699122,230.26188313206725,230.60554893050247,35389800
2023-01-23,238.18568420410156,240.728762962326,235.30875313249115,236.73249848259866,31934000
2023-01-24,237.6554412841797,239.5308452494921,236.0844342572351,238.10711498113173,40234400
2023-01-25,236.25137329101562,238.8926465935646,226.71726242697446,230.23241286471827,66526600
2023-01-26,243.50750732421875,243.81188931119357,237.61619666314894,239.236301101992,33454500
2023-01-27,243.6645965576172,245.30434278619185,242.35868764883875,244.47956294350342,26498900
2023-01-30,238.3133087158203,241.1509556923859,237.81253779018328,240.08068968374297,25867400
2023-01-31,243.3209228515625,243.45838615418756,238.548961085612,239.03990359246956,26541100
2023-02-01,248.1714324951172,250.55740584151195,241.02331092985187,243.50747876870054,31259900
2023-02-02,259.8067626953125,259.89512874467925,252.58990234951898,254.13146890622428,39940400
2023-02-03,253.67002868652344,259.414062675439,252.44267227712933,254.8384743854471,29077300
2023-02-06,252.1186065673828,253.62088945397664,250.16466496034164,252.77648271728145,22518000
2023-02-07,262.7132263183594,263.90129913149207,255.3687135472203,255.81057391450457,50841400
2023-02-08,261.8982238769531,271.7465302451499,261.387624446795,268.25102168143684,54686000
2023-02-09,258.8445739746094,269.0169203204388,258.0394209117732,268.84015820962117,42375100
2023-02-10,258.3339538574219,259.30601043512377,255.93815201976537,256.7923871898371,25818500
2023-02-13,266.40509033203125,269.6256724767286,262.3106160068339,262.79176011403075,44630900
2023-02-14,267.2396240234375,269.9888897329087,264.401962304779,267.73056646903945,37047900
2023-02-15,265.1036071777344,266.4915362093455,262.012751737167,264.11926290338346,28922400
2023-02-16,258.0458679199219,262.5640049267377,257.79978182996587,259.88658706642394,29603600
2023-02-17,254.01992797851562,256.01814602312515,251.99218080181078,255.3291229276305,30000100
2023-02-21,248.71429443359375,251.49015281418258,247.65120069336206,250.4959553706836,28397400
2023-02-22,247.57244873046875,250.35814511839848,246.42076761233298,250.1120590242694,22491100
2023-02-23,250.7814178466797,252.81900287001184,246.55857211355595,251.55904328555934,29219100
2023-02-24,245.3182830810547,247.07041470084704,244.21582229194536,246.04670325666007,24990900
2023-02-27,246.2436065673828,248.86196635972186,245.48565714962064,248.50760176361655,21190000
2023-02-28,245.5151824951172,247.5527826462789,244.83598244472995,245.17067096137697,22491000
2023-03-01,242.4145050048828,247.00153859615037,241.9420088680049,246.8342018468034,27565300
2023-03-02,247.17872619628906,247.46417946735576,241.76483192375827,242.69011807533903,24808200
2023-03-03,251.29327392578125,251.61810937843563,247.4543367942358,248.24181531401277,30760100
2023-03-06,252.8485565185547,256.0476760120962,251.97249055035027,252.41544255316742,24109800
2023-03-07,250.17112731933594,253.65571496313456,249.4230309703386,252.287461805782,21473200
2023-03-08,249.72816467285156,250.55501034221174,246.88341003286706,250.06283815522548,17340200
2023-03-09,248.36981201171875,255.49645659511006,247.6413916729042,251.8150177695167,26653400
2023-03-10,244.69818115234375,248.83242480341704,243.72368976781968,247.14920421929136,28333900
2023-03-13,249.94471740722656,253.87225680008146,241.88293471762614,243.52678799195508,33339700
2023-03-14,256.7071533203125,256.9827685172578,251.8543282071445,252.73039401598515,33620300
2023-03-15,261.2843933105469,262.3081199500826,255.15191657038366,255.90988102264944,46028000
2023-03-16,271.8759460449219,272.23029562382413,259.1582026765928,261.05798023414945,54768800
2023-03-17,275.0553283691406,278.89426524045854,271.9940319281041,273.90366232764774,69527400
2023-03-20,267.96807861328125,273.1358865548913,265.6253342067157,272.643714369976,43466600
2023-03-21,269.4938049316406,270.6947062847507,265.30048823245505,270.57658976474096,34558700
2023-03-22,268.0271301269531,276.6401431462095,267.9188366282979,269.1197379308607,34873300
2023-03-23,273.3130798339844,276.65984491000785,270.8916009314238,273.5886950746026,36610900
2023-03-24,276.177490234375,276.23654848978384,270.97030042393084,272.8996068601629,28172000
2023-03-27,272.0531311035156,277.05358782445194,271.20657923339166,276.1086255385682,26840200
2023-03-28,270.921142578125,271.8168996614657,267.79090429530686,271.4723730848255,21878600
2023-03-29,276.1184387207031,276.7385804574417,274.0513096115096,274.5926869792437,25087000
2023-03-30,279.60302734375,280.0066121706269,277.0732849525492,279.78023217395076,25053400
2023-03-31,283.7864990234375,284.7413143620683,278.5694853421409,279.288067620429,32766000
2023-04-03,282.7332458496094,283.7569423716875,279.5045974988717,282.0343397141944,24883300
2023-04-04,282.68402099609375,285.90284644844036,281.1976813612138,282.7332562405726,25824300
2023-04-05,279.8884582519531,282.65446336729383,278.4907061502915,281.37482777678053,22064800
2023-04-06,287.0348205566406,287.5072866226031,277.614637849039,278.77615698093774,29770300
2023-04-10,284.85943603515625,285.06613994489004,280.25268148244174,284.68223121557776,23103000
2023-04-11,278.402099609375,281.5028083472433,277.230757468165,281.27639833215596,27276600
2023-04-12,279.0517578125,282.5166689965512,277.5457122252791,280.3314234347205,27403400
2023-04-13,285.3023681640625,285.3614264229886,278.73680804839455,279.15021586087715,24222700
2023-04-14,281.6603088378906,283.96367102936733,279.2486531464038,282.5068305661248,20987900
2023-04-17,284.2785949707031,287.03477677423257,281.6799418848738,285.390908731001,23836200
2023-04-18,283.85540771484375,287.1923498602999,282.51671366556474,287.00532200932577,20161800
2023-04-19,283.9341735839844,284.5247562324658,280.08538311239806,281.51266456597375,17150300
2023-04-20,281.6307373046875,284.50503591954333,280.6168638626968,280.7842156136177,23244400
2023-04-21,281.2862548828125,281.78825008105144,278.6285130858529,280.54799661030216,21676400
2023-04-24,277.35870361328125,280.48894155472334,274.35646528671094,277.67370102270286,26611000
2023-04-25,271.108154296875,277.1913956236309,271.0589190518227,275.13411938360406,45772200
2023-04-26,290.7458190917969,294.88007785035614,288.1471653314123,292.05501404925786,64599200
2023-04-27,300.0577087402344,300.42194142413604,290.62770202416357,291.336431237466,46462600
2023-04-28,302.4496765136719,304.0935148750173,298.5615040334557,299.2505571443168,36446700
2023-05-01,300.7762756347656,303.7686910534892,300.3726908217299,302.1642048581886,21294100
2023-05-02,300.628662109375,304.3396301187959,299.15214533599857,302.9418777289602,26404400
2023-05-03,299.63446044921875,303.778542392161,299.3293160567343,301.81970644560397,22360800
2023-05-04,300.628662109375,302.9418777289602,298.65012002031114,301.4456548397933,22519900
2023-05-05,305.7865905761719,307.085932430796,299.50646831862997,300.93377975527426,28181200
2023-05-08,303.81787109375,305.3436228273613,301.2979520150605,305.2747115147881,21318600
2023-05-09,302.1937561035156,305.1861717412248,301.51455600745976,303.1781005859375,21340800
2023-05-10,307.4205322265625,308.0997321222845,302.85319079598924,303.7882997545886,30078000
2023-05-11,305.2550354003906,306.24923288297435,301.46533339371814,305.2452123832041,31680200
2023-05-12,304.13287353515625,305.78656482552327,301.79998224342324,305.68812438304315,19758100
2023-05-15,304.61517333984375,305.0482872274539,302.7744543374023,304.26082381714644,16336500
2023-05-16,306.8594970703125,308.79865663517415,304.9793957630767,304.9793957630767,26730300
2023-05-17,309.7597961425781,310.18398226866987,306.5438090074736,308.07289612814964,24315000
2023-05-18,314.21881103515625,314.73180841196273,309.48364052996965,310.28270017640136,27276000
2023-05-19,314.04119873046875,314.44566578774686,312.0977999996557,312.46279877914503,27529500
2023-05-22,316.84283447265625,318.2337976929915,313.7156584548846,314.29768758586613,24115700
2023-05-23,311.0028076171875,318.3620609809565,310.99293302124596,315.70838374356634,30797200
2023-05-24,309.61181640625,312.2260251295259,308.38854073338916,310.4799378174826,23384900
2023-05-25,321.5188903808594,322.4856374964896,315.6788189832587,318.87505739171115,43301700
2023-05-26,328.39471435546875,328.89780691493297,319.50637450410005,319.64446830879535,36630600
2023-05-30,326.7374572753906,331.20628466826486,326.05677236540816,330.7031919866763,29503100
2023-05-31,323.95550537109375,331.403539726326,322.9097916897827,327.80283457515725,45950600
2023-06-01,328.08892822265625,329.02611175560344,320.3350817076628,321.52873380846023,26773900
2023-06-02,330.8708190917969,332.94246713059334,328.05929890382134,329.7363544841506,25864000
2023-06-05,331.4035949707031,333.9882106590151,330.1408808136087,330.693316375745,21307100
2023-06-06,329.174072265625,330.8412533912164,327.68448335101743,330.8017851103892,20396200
2023-06-07,319.0131530761719,329.9731116515835,318.1450315839659,327.17146599385774,40717100
2023-06-08,320.8677978515625,322.229167569566,318.9835862960409,319.5656155034306,23277700
2023-06-09,322.37713623046875,325.53390634602147,320.0292702055803,320.6014248165846,22514900
2023-06-12,327.3687744140625,327.6153984673946,320.76911233845874,324.1429125289751,24260300
2023-06-13,329.77581787109375,332.4294950152336,325.928488773513,329.95337995894954,22951300
2023-06-14,332.7846374511719,334.46169309865223,328.31581069541244,329.8251487359543,26003800
2023-06-15,343.39935302734375,345.1158468804941,332.6465498488754,332.92276759657176,38899100
2023-06-16,337.7072448730469,346.72383496475805,337.3324015901357,346.57586654973045,46533600
2023-06-20,333.48504638671875,337.46062508330874,331.3246171835482,334.72804129963237,26375400
2023-06-21,329.05572509765625,333.16942818607606,327.5858551475746,331.82777747484,25117800
2023-06-22,335.12261962890625,335.52708668833833,328.838643577594,329.6081094184592,23556800
2023-06-23,330.4959716796875,333.39627314072527,328.9471954059109,329.8448805246099,23084700
2023-06-26,324.16265869140625,331.571224712544,324.05412845410723,329.2135144395698,21520600
2023-06-27,330.05206298828125,331.61071384237505,324.85320839821026,327.37863643109444,24354100
2023-06-28,331.31475830078125,333.4160000459161,329.30229760192987,330.14082540190753,20259500
2023-06-29,330.52557373046875,331.5712574014784,328.1283949434642,330.19016860066165,16997000
2023-06-30,335.94140625,338.1018352198604,332.6465127324508,333.189073570984,26823800
2023-07-03,333.42584228515625,336.2965498508415,332.0250345348407,334.60964977189394,12508700
2023-07-05,333.5837097167969,337.0364466828848,330.2099093118582,330.5650335205982,18172400
2023-07-06,336.6615295410156,338.3583041195477,330.969457605854,332.74513862980643,28161200
2023-07-07,332.666259765625,337.17455476042386,332.4492293908837,334.7379078689779,21185300
2023-07-10,327.3490295410156,330.7031407949626,323.1662951750732,330.0816433554904,32791400
2023-07-11,327.9803771972656,328.3650950420955,322.5842420360522,326.58941400885703,26698200
2023-07-12,332.6465759277344,337.03646655154864,331.13723774065795,332.0546721061305,29995300
2023-07-13,338.03277587890625,339.0981784792485,334.4419154262678,334.9746317791757,20567200
2023-07-14,340.57794189453125,346.684355842652,339.66050764457793,342.8962140090438,28302200
2023-07-17,341.0613708496094,342.3043356947929,337.57904017391905,341.0120279721599,20363900
2023-07-18,354.63555908203125,361.82712581899557,337.5494653799333,341.1600154859038,64872700
2023-07-19,350.2850646972656,357.56541162077775,347.6807303302268,356.8650077338188,39732900
2023-07-20,342.1859436035156,353.13605781346064,340.70619925367106,348.79548040834504,33778400
2023-07-21,339.1277770996094,345.56959587744933,335.2409797862232,344.43513130446024,69368900
2023-07-24,340.44970703125,342.2352929441679,337.6875295682125,341.1797347293557,26678100
2023-07-25,346.240478515625,347.1381937516986,340.41028183220885,342.42271258678073,41637700
2023-07-26,333.2088317871094,340.01568008356725,328.611755590644,336.82928631733375,58383700
2023-07-27,326.2540283203125,336.7207386752654,324.6065664004519,335.8822409797451,39635300
2023-07-28,333.80072021484375,335.418588461766,328.6709579484161,329.16420605704235,28484900
2023-07-31,331.38385009765625,333.1398123061402,328.8583918744818,332.37034639692763,25446000
2023-08-01,331.7981262207031,333.96842988932275,329.1937919238342,330.6636616188916,18311900
2023-08-02,323.0775451660156,329.1247724313431,321.9529249093119,329.1247724313431,27761300
2023-08-03,322.2488708496094,325.42539000063243,321.5484669368351,321.597779707483,18253700
2023-08-04,323.35369873046875,330.61432586715995,322.820982393301,327.3983388650913,23727700
2023-08-07,325.6522521972656,326.638748415641,323.09723060433043,323.9357584110446,17741500
2023-08-08,321.6471252441406,324.3106774509486,318.63832339667346,322.54484054190954,22327600
2023-08-09,317.87872314453125,322.69279994467314,316.7146345953678,322.06145794853927,22373300
2023-08-10,318.5692138671875,323.8272555255074,316.84284549970266,321.6174835434037,20113700
2023-08-11,316.6751403808594,318.05622897689796,314.8994292384039,315.93526826453797,24342600
2023-08-14,319.6641845703125,319.68390365310256,315.75763858404986,317.0499760908107,18836100
2023-08-15,317.513671875,320.7000656335948,316.5666438946888,318.63829206231935,16966300
2023-08-16,316.7425842285156,320.7167146880456,316.1494272765782,317.13801214006867,20698900
2023-08-17,313.2627868652344,318.19581584517493,312.6004217100495,316.8810112071374,21257200
2023-08-18,312.86737060546875,314.74567594521795,307.99362395485656,310.9000660727955,24744800
2023-08-21,318.2057189941406,319.08554388527233,313.42097159988043,314.30079649101214,24040000
2023-08-22,318.7790832519531,322.357755817273,317.790498336927,321.78438984101354,16102000
2023-08-23,323.2672424316406,325.44214114565574,319.76764365334907,320.1235498834675,21166400
2023-08-24,316.3175048828125,329.1790038104103,316.3076093798751,329.05048294908903,23281400
2023-08-25,319.29315185546875,321.64595850158366,315.16084417438077,317.8003790491066,21684100
2023-08-28,320.0049133300781,322.42692799992096,318.0475045559713,321.9425310997952,14808500
2023-08-29,324.6611633300781,325.2246639510212,318.20570528498234,318.20570528498234,19284600
2023-08-30,325.0368347167969,326.0451804445671,322.72354969246516,324.91820935696705,15222100
2023-08-31,324.0186462402344,327.13268311963805,323.04982202852636,325.4422111283998,26411000
2023-09-01,324.9082946777344,328.2002688955857,323.04975036551434,327.5280384500807,14931200
2023-09-05,329.7424621582031,331.02764055502126,324.9082979662232,325.2444131923776,18553900
2023-09-06,329.08013916015625,330.64208999362666,326.41094792069816,329.5744315993732,17535800
2023-09-07,326.14404296875,329.27784015884396,325.27408344304047,327.5082949368657,18381000
2023-09-08,330.4542541503906,332.32269403883413,325.699163331797,326.3219766279449,19530100
2023-09-11,334.0823669433594,334.5568985327326,331.60100931332755,333.39034548000865,16583300
2023-09-12,327.9827880859375,332.94550339059816,327.69612019842117,331.9865748697913,17565500
2023-09-13,332.2238464355469,333.0048369712179,327.38968185551636,327.5280680565873,16544400
2023-09-14,334.8337097167969,336.9690265009899,332.7280191029121,335.27855480966366,20267000
2023-09-15,326.45050048828125,333.54853269059,325.88699986571044,333.07403125618623,37666900
2023-09-18,325.3037109375,326.62841094537885,322.6345199175024,324.0580844389393,16834200
2023-09-19,324.8984069824219,325.6299802911353,320.8056813654168,322.44673584714667,16505900
2023-09-20,317.1083984375,325.8277253464485,316.85138685350296,325.7486518211925,21436500
2023-09-21,315.88250732421875,321.6360782353787,311.40421928226147,315.6156002828941,35529500
2023-09-22,313.39129638671875,317.78061558235316,312.54109771841047,317.6520947233704,21447900
2023-09-25,313.915283203125,314.0438040776846,311.4042689048914,312.97611540381934,17836000
2023-09-26,308.5768737792969,312.27417127506453,306.48104866233854,311.5327326754824,26297600
2023-09-27,309.21942138671875,310.7121637909888,306.15480273702576,308.7349943614077,19410100
2023-09-28,310.0597839355469,311.87877653956156,305.9176107720618,307.4400098031896,19683600
2023-09-29,312.1456604003906,315.82319717862225,311.38446094140835,314.12283006246753,24140300
2023-10-02,318.1266174316406,318.21561662397966,311.5821900421662,312.66963949567804,20570000
2023-10-03,309.8125915527344,317.7212696106561,307.6574538533491,317.167634390926,21033500
2023-10-04,315.3190002441406,316.38668872589204,310.4156280697813,310.44528440709587,20720100
2023-10-05,315.71441650390625,316.327364401189,311.3053368933147,315.4475094779053,16965600
2023-10-06,323.5242919921875,325.4322535375942,312.6893801694388,312.9365263852443,25645500
2023-10-09,326.0550842285156,326.529585679886,319.49086590519653,321.0429514638944,19891200
2023-10-10,324.6414489746094,327.32050592957563,323.9296665539326,327.18208954564545,20557100
2023-10-11,328.6253967285156,329.020824643838,325.3828395521265,327.42918731045415,20063200
2023-10-12,327.3797912597656,329.82159726019745,324.9676416006663,326.79652976741545,19313100
2023-10-13,323.98895263671875,330.019296623983,322.6345659293272,328.5858665652145,21072400
2023-10-16,328.8428955078125,332.3029426566613,326.82617386510276,327.2710189684246,22158000
2023-10-17,328.26947021484375,329.653482917614,323.6725568735075,325.827664522765,18338500
2023-10-18,326.34173583984375,331.759191769858,324.55239964479256,328.6945726494821,23153600
2023-10-19,327.5379333496094,333.0344625947889,327.1326099487148,328.35844548463956,25052100
2023-10-20,322.9410705566406,328.1311417316229,321.73499566730453,327.93341266679295,25012600
2023-10-23,325.5607604980469,328.93183835802176,320.6870445710428,321.7547029032871,24374700
2023-10-24,326.7569885253906,328.0520324209601,323.8604418074662,327.51818809043544,31153600
2023-10-25,336.7812194824219,342.24809258313576,333.7660175404183,341.08153951297123,55053800
2023-10-26,324.1470947265625,337.7302406507204,323.20792706940125,336.6526868052071,37828500
2023-10-27,326.0451965332031,332.876322086507,324.65128814798715,326.6581143687127,29856500
2023-10-30,333.45953369140625,335.5751196269722,328.0420781717034,329.60405903742685,22828100
2023-10-31,334.2503967285156,335.1302516935357,330.86945356194263,334.9819700053902,20265300
2023-11-01,342.11956787109375,343.45416345864317,335.7728398301243,335.9112561909914,28158800
2023-11-02,344.3438720703125,344.84802981392585,340.834377854448,343.27618356893754,24348100
2023-11-03,348.7727355957031,350.34461211282445,343.36517506433484,345.6389384028993,23624000
2023-11-06,352.46014404296875,353.4586243635472,349.31645156155355,349.4153160772212,23828300
2023-11-07,356.4145202636719,358.3224819200667,353.54763002740117,355.29741447617323,25833900
2023-11-08,359.0540466308594,359.7163816170377,356.4342725186346,357.55137827923454,26767800
2023-11-09,356.5726623535156,360.62586616316025,356.2464124670446,358.1642694379123,24847300
2023-11-10,365.4502258300781,365.87531013435387,356.948388898465,357.3635776987093,28042100
2023-11-13,362.4942932128906,364.2638685791425,361.7231982203745,364.0167223614231,19986500
2023-11-14,366.0433349609375,367.7041805891428,363.1566838302052,366.77490833178183,27683900
2023-11-15,366.1919250488281,369.6193627244979,363.6559833296178,367.7867626439103,26860100
2023-11-16,372.63079833984375,372.8090975451965,366.6971350089113,367.469795129225,27182300
2023-11-17,366.3702087402344,370.84767066024057,363.5470174090878,370.09481157714856,40157000
2023-11-20,373.8887939453125,375.3053322916461,367.5093833628424,367.7273146646205,52465100
2023-11-21,369.5599365234375,372.6802933507884,367.62827122388927,372.13548017935176,28423100
2023-11-22,374.294921875,376.21667138013174,371.44201414653855,374.44350452118096,23345300
2023-11-24,373.8788757324219,374.4138035112927,371.61044336899096,373.7798105540461,10176600
2023-11-27,375.04779052734375,377.05872006421737,372.6604918874323,373.23502159050327,22179200
2023-11-28,379.0993347167969,379.3965000397917,374.6020413692927,374.7902561506727,20453100
2023-11-29,375.2855224609375,380.6842269423362,373.88878509131484,380.1493294028235,28963400
2023-11-30,375.3449401855469,376.51383062398844,371.937303812454,374.9288785524772,30554400
2023-12-01,370.9863586425781,374.60201085324076,367.8164543800959,373.2151890748226,33020400
2023-12-04,365.6669006347656,366.0432999492324,359.4855901354516,365.6272685167618,32063300
2023-12-05,369.01507568359375,369.5698044164444,362.1800014727598,363.002209215325,23065000
2023-12-06,365.330078125,370.65946442979055,364.5673336677576,370.0255016850389,21182100
2023-12-07,367.4598693847656,367.95516505438763,362.8734266471938,364.76545973280383,23118900
2023-12-08,370.70904541015625,370.93686209382787,364.7654967711825,365.72637167703465,20144800
2023-12-11,367.8065490722656,368.10374460980563,362.6554922898368,365.0131044942587,27708800
2023-12-12,370.85760498046875,370.8972371001198,366.97447347680867,367.36081862489453,24838300
2023-12-13,370.84765625,374.0869091144722,367.2815215613571,372.48212583174757,30955500
2023-12-14,362.4870910644531,370.24343838413614,360.70403869901645,369.79766017755225,43277500
2023-12-15,367.2419738769531,368.8962446456856,362.83382989546425,363.3984742691784,78478200
2023-12-18,369.14385986328125,369.4905728812435,365.2112110016812,365.9739856872879,21802900
2023-12-19,369.7481384277344,369.7481384277344,366.3603026960237,367.9947723838569,20603700
2023-12-20,367.1329650878906,372.4920679743351,367.0438154931247,371.47176008252643,26316700
2023-12-21,370.0255432128906,370.88735294803485,366.5584730955825,369.0547526970815,17708000
2023-12-22,371.0556945800781,371.6500554361655,369.20329359245756,370.16416841117154,17091100
2023-12-26,371.13494873046875,373.393495737859,369.98585916804944,371.47174615266005,12673100
2023-12-27,370.5505065917969,371.53118233613856,369.3023518404904,370.17407704899347,14905400
2023-12-28,371.7491149902344,372.9180055102288,370.6396575319042,371.83826458273074,14327000
2023-12-29,372.5019226074219,373.61137991245073,369.9660115586576,372.4622904949725,18723000
2024-01-02,367.3806457519531,372.3633195298243,363.3192147660882,370.34250450989776,25258600
2024-01-03,367.1131286621094,369.7481050532778,365.0427965470012,365.5380921792409,23083500
2024-01-04,364.4781494140625,369.58960392636413,363.7154050293527,367.18247442785434,20901500
2024-01-05,364.28997802734375,368.559424433647,363.0517388090319,365.4985007136341,20987000
2024-01-08,371.1647033691406,371.66991466952265,365.53815133170025,365.8254010789615,23134000
2024-01-09,372.25433349609375,372.4524336286839,367.6976072202341,368.509899386066,20830000
2024-01-10,379.16864013671875,380.5554922110054,372.7793440678221,372.8288615431399,25514200
2024-01-11,381.0111389160156,387.0042042259602,376.80112586493703,382.3682441685505,27850800
2024-01-12,384.8150329589844,385.0230486833725,381.03096664819185,381.8630597761942,21645700
2024-01-16,386.5980529785156,390.32268591338345,383.9729920985464,389.95617197189966,27202300
2024-01-17,385.80560302734375,386.4395657529972,381.1894438434919,384.32963163268903,22234100
2024-01-18,390.1642150878906,390.2830812145117,386.4494974787357,388.0344497047316,23392100
2024-01-19,394.9190979003906,394.9190979003906,389.797726916255,392.0364732172694,29272000
2024-01-22,392.77935791015625,396.85067355830614,389.88681807260593,396.256312744514,27016900
2024-01-23,395.1468811035156,395.6223758316309,390.22364091426874,392.02652441578425,20525900
2024-01-24,398.7724609375,401.81358370975624,396.68232764982235,397.7620686193911,24867000
2024-01-25,401.06072998046875,403.18061005906736,398.74274976275865,400.5159168098495,21021200
2024-01-26,400.1295471191406,402.34849224643625,398.6436601299057,400.5654097210854,17803300
2024-01-29,405.8650817871094,406.1226452071924,400.52577999660826,402.23951388406,24510200
2024-01-30,404.7457275390625,409.16375662074074,402.6258777098208,408.3812111979871,33477600
2024-01-31,393.8393249511719,411.41243736511643,393.47281096125835,403.1310773427729,47871100
2024-02-01,399.9809875488281,404.161284395668,398.01960572688716,398.0493222591689,30657700
2024-02-02,407.35101318359375,408.7675516875465,399.7630791252122,400.01072698522285,28245000
2024-02-05,401.8334045410156,407.2915729534139,400.189019151807,406.0434180871643,25352300
2024-02-06,401.67486572265625,404.13154308563696,399.11915341177513,402.0612108490808,18382600
2024-02-07,410.154296875,410.40194468865,403.5668710779984,403.6065031927073,22340500
2024-02-08,410.2137756347656,411.65014520614363,408.6486545795197,410.1543425713037,21225300
2024-02-09,416.5931701660156,416.8606491715924,411.18454998916735,411.34304822902254,22032800
2024-02-12,411.3529968261719,416.7814183822025,410.8477855354943,416.6031191844753,21202900
2024-02-13,402.4970703125,406.21178774325523,399.59464501524405,401.1300494611104,27824900
2024-02-14,406.3873596191406,406.73471379055,401.50465451788693,404.97813565927675,20401200
2024-02-15,403.4795837402344,406.03011869599004,401.22679392364836,405.0476293953427,21825500
2024-02-16,400.9985046386719,405.19646556123695,400.38320711756694,404.86894895397035,22281100
2024-02-20,399.7381591796875,401.4252604899609,394.9943773768075,400.1847314590158,24307900
2024-02-21,399.1327209472656,399.2419032387698,394.21031077919827,397.1379710817067,18631100
2024-02-22,408.5309753417969,409.7020273662852,405.4743254278806,407.08204605240707,27009900
2024-02-23,407.2309265136719,412.7090915973696,405.87131159465224,412.5205590554713,16295900
2024-02-26,404.4521789550781,409.0371695148512,404.27351975281573,408.34246112673543,16193500
2024-02-27,404.3926086425781,405.2262404801438,400.7901076502163,404.89872387010075,14835800
2024-02-28,404.6307678222656,406.1987830728558,402.24895832016676,405.0872739909664,13183100
2024-02-29,410.50592041015625,411.0616749432697,402.8444125906921,405.5438047313932,31947300
2024-03-01,412.3518371582031,412.71902889421233,407.76684684717014,408.153876143975,17800300
2024-03-04,411.7762756347656,414.18785690698894,409.1959690810067,410.30747829521556,17596000
2024-03-05,399.59918212890625,411.1112969231929,397.6044321579871,410.8234857245891,26919200
2024-03-06,399.0434265136719,402.09017289690905,395.37147897743796,399.9167637441042,22344100
2024-03-07,406.0400695800781,406.6752047214003,399.1923248157397,403.04293193355477,18718500
2024-03-08,403.14215087890625,407.3103404061873,401.2664565057241,404.8689575439801,17971700
2024-03-11,401.45501708984375,402.6062316222378,398.21973809181884,400.70079606171487,16120800
2024-03-12,412.13348388671875,412.4212950799544,403.70782104780903,404.5315189350478,22457000
2024-03-13,411.95489501953125,415.0115452878592,408.3325562328795,414.9321647542621,17115900
2024-03-14,421.9981994628906,424.5785058716351,414.8229687362819,417.05592096351893,34157300
2024-03-15,413.264892578125,419.39806083838096,409.6623914264508,416.1131423873529,45049800
2024-03-18,414.1580505371094,417.54221722990445,410.6448639845401,411.111304092611,20106000
2024-03-19,418.21710205078125,418.4751417976777,412.40148582557026,414.66420971411236,19837900
2024-03-20,422.00811767578125,422.7325672103819,417.472736496582,418.8025799169323,17860100
2024-03-21,426.11676025390625,427.55578606152034,423.9235133811952,426.57326646256405,21296200
2024-03-22,425.4915466308594,426.6030558566972,422.8417934382558,426.4442947841674,17636500
2024-03-25,419.65606689453125,424.1716107025241,418.41553787360243,422.0180389961963,18060500
2024-03-26,418.4552307128906,422.76234370981615,418.1575158713517,422.3852180529654,16725600
2024-03-27,418.23687744140625,421.2340147133464,415.83523039825434,421.2240807902947,16705000
2024-03-28,417.5323181152344,418.673598815045,415.9444348307196,417.7704900076875,21871200
2024-04-01,421.3531188964844,424.64797113919235,419.0209183546172,420.7378213676411,16316000
2024-04-02,418.2468566894531,419.17973696688534,414.6741269340057,416.9269168072685,17912000
2024-04-03,417.2643127441406,420.05301928726703,415.9146015526027,416.54976688658525,16502300
2024-04-04,414.71380615234375,425.4220608182633,414.4061573873391,421.76992047315406,19370900
2024-04-05,422.2959289550781,423.2784485638512,415.1504997519638,416.8276974614869,16544300
2024-04-08,421.3729553222656,424.0425761054586,420.09272093696904,421.9485777283347,14272400
2024-04-09,423.0501403808594,424.49906970382636,418.42544485426635,423.2089317196758,12512300
2024-04-10,420.05303955078125,420.8171944866389,416.5200154975315,418.9911394928746,16216600
2024-04-11,424.6876525878906,426.1167444183971,419.15984809671994,422.5936541739285,17966400
2024-04-12,418.703369140625,421.9585162359949,416.58950274190113,420.8370731015467,19232100
2024-04-15,410.50592041015625,423.5860500706515,410.2974897454758,423.3677157693319,20273500
2024-04-16,411.4388122558594,415.2298762897989,410.59527673352017,411.4289086182102,16765600
2024-04-17,408.7195739746094,415.70624190109544,407.22100522560083,414.0885872118868,15855500
2024-04-18,401.2069396972656,408.769230365435,400.8893872722647,407.5187673684452,21029900
2024-04-19,396.095947265625,402.4077746386735,394.7561698730406,400.9687488676842,30276500
2024-04-22,397.9219970703125,399.7976914523607,392.7514806878664,397.04865981007964,20286900
2024-04-23,404.48193359375,405.10716505974153,400.0060952402287,401.1771473553241,15734500
2024-04-24,405.96063232421875,409.3447990752087,403.6979086365787,406.45684392489727,15065300
2024-04-25,396.01654052734375,396.8601062584313,385.0899520019121,391.0444908759172,40586500
2024-04-26,403.2414245605469,409.87080464048637,402.6856699602139,409.04710666417816,29694700
2024-04-29,399.2022399902344,403.24140976178137,396.1654273618807,402.1795096483343,19582100
2024-04-30,386.3800964355469,399.11290256766176,386.221335381575,398.4479657229549,28781400
2024-05-01,391.9476318359375,398.6762601059751,387.35270744745037,389.635268755834,23562500
2024-05-02,394.82562255859375,396.8997833087663,391.6597902856064,394.6469936602289,17709400
2024-05-03,403.57879638671875,404.0650740320478,398.8151471589616,399.23197820235123,17446700
2024-05-06,410.4067077636719,410.7937370714025,403.29101993493754,405.66292597330005,16996600
2024-05-07,406.238525390625,411.52815821970637,405.99041958064737,411.5182242956741,20018200
2024-05-08,407.4294128417969,409.1066104061556,403.6284151762591,405.07737479693975,11792300
2024-05-09,409.1959533691406,409.59291660377954,406.00034935781423,407.45921271703617,14689700
2024-05-10,411.5975646972656,412.23273004632824,408.6798382335046,409.8112151541409,13402300
2024-05-13,410.5853271484375,415.18025140614657,407.7073059282806,414.84283115281045,15440200
2024-05-14,413.40380859375,414.3267549073316,408.43175863614476,408.8981987547859,15109300
2024-05-15,420.6317443847656,421.35753100749633,414.85536761085484,415.48172683662517,22239500
2024-05-16,418.5538024902344,422.95818999519196,417.91752182390434,419.3591127494367,17530100
2024-05-17,417.7783203125,420.4726599302369,415.6109428181483,420.09485405964773,15352200
2024-05-20,422.878662109375,424.30037978174784,417.55961512858175,417.778343258253,16272100
2024-05-21,426.5572509765625,430.46450167288947,422.39149513236316,424.36001790160714,21453300
2024-05-22,428.0286865234375,429.9077641693655,424.6583193119375,427.60118209872775,18073700
2024-05-23,424.529052734375,431.09086617504613,422.95820916796526,430.4645069803894,17211700
2024-05-24,427.6707763671875,428.565562226306,421.95405016489985,424.71796179341015,11845800
2024-05-28,427.8298645019531,428.3269711402922,424.13138989907134,427.14385491376675,15718000
2024-05-29,426.6865234375,428.44627000677747,423.22665032702537,423.22665032702537,15517100
2024-05-30,412.2704162597656,421.84466424386284,411.84288150879064,421.84466424386284,28424800
2024-05-31,412.7277526855469,414.3383733012913,402.1692127903504,414.3383733012913,47995300
2024-06-03,411.1270446777344,414.02020882309534,406.553688084388,413.1254229827006,17484700
2024-06-04,413.6623229980469,414.03017705380546,407.30928563189894,410.04337212748766,14348900
2024-06-05,421.5563659667969,421.6259378345122,413.89096003424896,415.39223173706347,16988000
2024-06-06,422.0633850097656,422.848821948627,418.14618249774657,421.5563568996983,14861300
2024-06-07,421.3973083496094,423.81323935854607,420.55222098628695,423.73371564550735,13621700
2024-06-10,425.3940124511719,425.6027887352665,421.4370631899479,422.24237348386436,14003000
2024-06-11,430.1761779785156,430.3153823959729,422.78918087724,423.01786084549974,14551100
2024-06-12,438.5076904296875,440.8341457768561,430.7428874309175,432.8009161252906,22366200
2024-06-13,439.0246887207031,440.8242426789463,436.8274858579273,438.2989324414096,15960600
2024-06-14,440.00897216796875,440.5756810111054,434.19281849694386,435.74378876375306,13582000
2024-06-17,445.775390625,448.3305259626429,438.16966532085047,440.0288392462003,20790000
2024-06-18,443.75714111328125,447.53516969127554,442.3155500964385,447.10763493198164,17112500
2024-06-20,443.120849609375,443.946033241849,438.7164619327626,443.7173532757514,19877400
2024-06-21,447.17724609375,447.97260457820744,443.9261796037789,444.79114029939626,34486200
2024-06-24,445.0794677734375,450.13005783321864,443.82674934456685,447.197116551364,15913700
2024-06-25,448.3404541015625,448.80773551860256,444.1647465305247,445.65606632861267,16747500
2024-06-26,449.54345703125,450.9751265075422,445.59642930053803,446.4017395883299,16507000
2024-06-27,450.2294921875,453.5302875755873,449.1557248487335,449.56335593650766,14806300
2024-06-28,444.3636474609375,452.74485831487965,443.82676378238773,450.4482280145607,28362300
2024-07-01,454.0870361328125,454.72331684606445,443.0810879907853,446.0637277902953,17662800
2024-07-02,456.62225341796875,456.9304570935814,450.48794440717063,450.57745029839504,13979800
2024-07-03,458.1036376953125,458.3521910129211,455.23037712106725,455.5385808076234,9932800
2024-07-05,464.8543395996094,465.6397765538939,456.3140515175161,456.95033221316646,16000300
2024-07-08,463.5419921875,464.99356542878803,461.77229375422786,463.8501958785038,12962300
2024-07-09,456.8807678222656,464.6256672353131,455.3496709136752,464.29759021110544,17207200
2024-07-10,463.55194091796875,463.7607172108967,456.20469022907776,458.55104934272356,18196100
2024-07-11,452.06878662109375,462.0904430463112,448.93699054354346,460.3008712942663,23111200
2024-07-12,450.9254150390625,453.71915189160546,448.0422026334216,451.70090017355875,16324300
2024-07-15,451.3330383300781,454.6139602586164,448.8176800220224,450.67685394437046,14429400
2024-07-16,446.9187316894531,451.67106983710227,444.07529634239484,451.5915461266938,17175700
2024-07-17,440.9534606933594,442.2757813397234,436.63857872187197,440.0288496296795,21778000
2024-07-18,437.8216857910156,442.07691730431753,431.886231451246,441.7687136228689,20794800
2024-07-19,434.5805358886719,438.58724438350157,429.5001207828966,430.59376141790096,20940400
2024-07-22,440.3768615722656,442.02725936629844,436.37018300454787,439.2335222934249,15808800
2024-07-23,442.2757873535156,445.7953108894537,440.53591409904936,441.33127259326983,13107100
2024-07-24,426.4180908203125,438.92531149244144,425.11567378635556,437.90127297701764,26805800
2024-07-25,415.97882080078125,427.3128458662045,415.0939867790631,426.31863260886945,29943800
2024-07-26,422.8090515136719,426.4379540941027,414.8553456338981,415.7799870015666,23583800
2024-07-29,424.2606201171875,429.6492388018038,422.2423684855505,429.0825299821325,15125800
2024-07-30,420.4726867675781,426.5671885866718,414.9448331085773,425.2448982961915,32687600
2024-07-31,415.9291076660156,419.3392517370681,409.82462391670987,418.0666600260145,42891400
2024-08-01,414.6962585449219,424.98637136355273,410.6995323530128,418.3549862264431,30296400
2024-08-02,406.1261901855469,412.59852862073603,402.0002109675361,410.1030434734576,29437900
2024-08-05,392.86334228515625,398.71927263220283,383.34871462184185,386.9179667314658,40709200
2024-08-06,397.29754638671875,403.3225066578681,396.1939842314513,397.6853041219084,24946500
2024-08-07,396.1243591308594,407.7069368759002,395.16992295159474,406.27529777749277,20650900
2024-08-08,400.3597412109375,403.51138026295973,397.62565473832814,400.11118789524573,20203000
2024-08-09,403.6704406738281,405.68869229684987,399.93221959838144,401.6919660750819,19276700
2024-08-12,404.4559020996094,406.39463013243375,401.9007666876047,404.7044554196647,16762900
2024-08-13,411.6142272949219,412.5487901543895,407.19991814538804,407.21979148714996,19414300
2024-08-14,414.4477233886719,415.30276256625774,410.0632696291805,412.3996465083127,18267000
2024-08-15,419.34808349609375,419.42775054091777,415.991550712489,418.1229861127925,20752100
2024-08-16,416.7983093261719,419.6568394696199,415.6329698343419,418.919805326896,22775600
2024-08-19,419.8460998535156,420.06522222853687,414.7963458443911,417.2863590170559,15234000
2024-08-20,423.10302734375,424.15879050030776,419.9556774327427,420.015435317403,16387600
2024-08-21,422.4456787109375,424.69662989295495,420.03533264675815,422.38589043229285,16067300
2024-08-22,413.8899841308594,425.0851042062188,412.953736731063,422.66478826233237,19361900
2024-08-23,415.1250305175781,417.58516466451346,410.44379375355777,415.3142739439322,18493800
2024-08-26,411.83819580078125,415.6130641605339,409.6967906199474,414.70669574720716,13152800
2024-08-27,412.1867980957031,412.70470986954564,408.6111429903849,411.21070203411466,13492900
2024-08-28,408.95977783203125,413.3421950254565,405.68291191971673,413.22267925405737,14882700
2024-08-29,411.4696960449219,420.3640158924635,408.95977368399144,413.2824329478728,17045200
2024-08-30,415.4736328125,415.822210323597,410.48363692465733,413.93977626013776,24308300
2024-09-03,407.80438232421875,418.20267931936957,405.4040060811421,416.2405478075573,20313600
2024-09-04,407.26654052734375,409.5971891641853,402.7546379619835,404.2884945573242,15135800
2024-09-05,406.7585754394531,411.44975138862225,404.50759397621573,405.9916319874654,14195500
2024-09-06,400.0953063964844,409.0095348193582,399.19887738785627,407.4258901774711,19609500
2024-09-09,404.0992431640625,407.01753119323797,400.5434971977151,405.6131601713445,15295100
2024-09-10,412.5453796386719,414.66684525245614,406.0713456246143,406.56934824108026,19594300
2024-09-11,421.3500671386719,422.29625388353406,407.9438146629927,413.84017908445105,19266900
2024-09-12,425.29425048828125,425.6627675750461,418.07321227741465,421.6189886086143,17418800
2024-09-13,428.8699035644531,430.10494036688726,423.76039168984255,424.12890877471926,15874600
2024-09-16,429.6169128417969,431.79816683164466,426.50938123863534,428.87987866290234,13834700
2024-09-17,433.41168212890625,440.08492951868885,430.5431821213062,438.47140586333086,18874200
2024-09-18,429.0890197753906,434.28816840172493,428.6906237541022,433.2622842089649,18898000
2024-09-19,436.93756103515625,439.73633345516527,435.1547030637013,439.46742297057807,21706600
2024-09-20,433.53118896484375,437.4853309751932,432.4853956233,435.47341133704515,55167100
2024-09-23,431.77825927734375,434.7164566201473,428.6707276626035,432.5451724016005,15128900
2024-09-24,427.4555969238281,431.6188916752313,424.39785343692114,431.27028375011014,17015800
2024-09-25,430.3838195800781,431.38979462226376,426.8579828341436,428.11292879639643,13396400
2024-09-26,429.5870361328125,433.56108748494046,427.41575191106693,433.3519348863203,14492000
2024-09-27,426.3101501464844,430.1248672217253,425.762359424982,429.7961684722898,14896100
2024-09-30,428.5810546875,428.7006008520287,423.67075601092984,426.49940732473704,16807300
2024-10-01,419.00946044921875,426.7683500314763,417.1369656739266,426.73847108913304,19092900
2024-10-02,415.4636535644531,421.13092557899313,415.0453180067373,420.89186366215563,16582300
2024-10-03,414.87603759765625,417.8739927473743,412.63502577299244,415.9616796785687,13686400
2024-10-04,414.39794921875,418.07321108796054,413.3123071245128,416.5692334072243,19169700
2024-10-07,407.90399169921875,415.4437282135342,407.3661403625253,414.3381769946468,20919800
2024-10-08,413.0533447265625,413.99956190900485,406.5394920239681,409.25856700863125,19229300
2024-10-09,415.7923278808594,418.70067647812056,412.6449477589923,414.19871346026423,14974300
2024-10-10,414.1788330078125,415.68281071093077,411.49957636636015,413.57128437543724,13848400
2024-10-11,414.6568908691406,415.4636526469778,411.59914761969196,414.47761722865823,14144900
2024-10-14,417.4656677246094,422.3460875183581,415.8521136383557,416.10111495840073,16653100
2024-10-15,417.0672302246094,420.7923105426525,413.60115139482065,420.4934907291295,18900200
2024-10-16,414.45770263671875,414.6967341717602,408.84024879356656,413.51151588006746,15508900
2024-10-17,415.0552978515625,420.81220682616237,413.9298070859751,420.6727515049861,14820000
2024-10-18,416.48956298828125,417.97360109842316,414.5971590742364,415.47364856596283,17145300
2024-10-21,417.1070861816406,417.2863598354636,412.09718088424023,414.457708513249,14206100
2024-10-22,425.8022155761719,428.85992860317606,416.3700446113444,416.8182287379404,25482200
2024-10-23,422.9038391113281,429.3579337373482,420.8421009299413,429.13881136450993,19654400
2024-10-24,423.0333251953125,424.27833177082186,420.71261591698874,423.6309040350223,13581600
2024-10-25,426.43963623046875,430.79217425375066,424.8659613297776,425.0552047565001,16899100
2024-10-28,424.8858642578125,430.21449827781026,424.5970142324742,429.9356180313113,14882400
2024-10-29,430.2244873046875,431.43961494644003,424.09903059516625,426.29025434116863,17644100
2024-10-30,430.8021545410156,436.7483071680008,430.3738795735308,435.69254402246366,29749100
2024-10-31,404.72674560546875,414.4975548257246,404.67692710480617,413.70073237613923,53971000
2024-11-01,408.7306823730469,413.8401943287888,405.8721520793777,407.37612978056814,24230400
2024-11-04,406.82830810546875,408.78050033889826,403.9498686523884,408.1629515330161,19672300
2024-11-05,409.8163146972656,413.24257521436044,406.4498120639611,406.73866209939297,17626000
2024-11-06,418.50146484375,418.77040570560524,408.8800507986786,410.77248502778195,26681800
2024-11-07,423.7304992675781,425.14484007349097,418.2026823789465,419.5970836269586,19901800
2024-11-08,420.85205078125,424.7962229099081,420.095077093531,423.6209440547306,16891400
2024-11-11,416.34014892578125,423.11297221775334,414.3381687204943,420.83211176857736,24503300
2024-11-12,421.340087890625,422.744458901271,415.533390819855,416.57918414479684,19401200
2024-11-13,423.5014343261719,427.6149103778975,416.5393371261829,419.9556581526565,21502200
2024-11-14,425.1846923828125,426.4595778768523,418.3222016749388,423.30222788535474,30246900
2024-11-15,413.3421936035156,421.1110226744225,411.98764100476023,418.14294637599176,28247600
2024-11-18,414.0991516113281,416.72858966014985,410.45376875637714,413.21269235073834,24742000
2024-11-19,416.12103271484375,416.27042741990954,409.9059394231008,411.4597051471197,18133500
2024-11-20,413.8302001953125,415.62302783332285,408.93981090505724,415.2046922657536,19191700
2024-11-21,412.0437927246094,418.9399686403921,409.4689690149979,418.6605301722443,20780200
2024-11-22,416.16552734375,416.56472079906104,410.2374116400306,410.5467888521348,24814600
2024-11-25,417.95196533203125,420.23736087052777,414.0198472532827,417.54278213072394,27691100
2024-11-26,427.133544921875,428.18146205416855,418.01185069672323,418.75036014607525,23458900
2024-11-27,422.1435546875,426.37509083138485,421.17549451394376,424.2593075311874,18332400
2024-11-29,422.61260986328125,424.0297817162198,416.9639323784013,419.24935840992123,16271900
2024-12-02,430.1175842285156,432.13353107658475,420.4669212999132,420.72641076442574,20207200
2024-12-03,430.3371276855469,431.60457529422956,426.88402964452257,428.9798333762607,18302000
2024-12-04,436.544677734375,438.79017518476684,431.7642546343851,432.1634480898198,26009400
2024-12-05,441.7342529296875,443.770179142923,435.2971785217715,437.0436765362191,21697800
2024-12-06,442.682373046875,445.2073090094776,440.88595677867977,441.4148949698492,18821000
2024-12-09,445.12744140625,447.4328163406456,439.6184986530788,441.7143023543043,19144400
2024-12-10,442.4428405761719,448.7202622082635,440.71632196493806,443.500747434082,18469500
2024-12-11,448.0915222167969,449.4488165759074,443.1614051498909,443.1614051498909,19200200
2024-12-12,448.6603698730469,455.24716851093444,448.2112581986308,448.2112581986308,20834800
2024-12-13,446.37493896484375,450.5266178755225,444.6883184556146,447.5426110314286,20177800
2024-12-16,450.6863098144531,451.27512549789225,444.38893932865295,446.37494735046533,23598800
2024-12-17,453.5505676269531,454.3789237624039,448.67036888572403,450.10748972576295,22733500
2024-12-18,436.5147399902344,451.7441820228141,436.1454548251872,450.4168569277278,24444500
2024-12-19,436.15545654296875,442.29314366547726,435.4468858542376,440.73626782337294,22963700
2024-12-20,435.726318359375,442.85201454579715,427.7722660445124,432.2432815476765,64263700
2024-12-23,434.3790283203125,436.7742196281346,431.96385754199804,435.86603695951885,19152500
2024-12-24,438.4508361816406,438.7203153724094,433.32113775673025,433.7802087154167,7164500
2024-12-26,437.2332763671875,440.0576302640168,435.7562575113133,438.20133650274425,8194200
2024-12-27,429.66845703125,434.3490742197977,425.49682901810996,433.73031978660106,18117700
2024-12-30,423.9798583984375,426.6944166190143,421.05572893712207,425.2074080072107,13158700
2024-12-31,420.6565246582031,425.8760697244736,419.81820926028456,425.24732556190753,13246500
2025-01-02,417.74237060546875,425.2174031564215,414.01985416103116,424.67847521686525,16896500
2025-01-03,422.5028381347656,423.1814700735548,418.7004647827294,420.2373611517797,16662900
2025-01-06,426.99383544921875,433.450889550372,424.6285829292995,427.1435291929144,20573600
2025-01-07,421.5247802734375,429.7882097463078,419.957914728963,428.1415176926379,18139100
2025-01-08,423.7104187011719,426.11559975123726,420.69647292951623,422.61261379874435,15054600
2025-01-10,418.11163330078125,423.86008600637365,414.1894746460312,423.7802594986814,20201100
2025-01-13,416.35516357421875,417.66253969684465,411.4649750549722,414.4090535363967,17604800
2025-01-14,414.8382263183594,418.9000587938386,409.89811945983064,416.9739281792526,16935900
2025-01-15,425.4569091796875,427.29322350331137,417.4329894853562,418.29128437786517,19637800
2025-01-16,423.7303466796875,428.6305247845027,423.5407549144398,427.84212760615685,15300000
2025-01-17,428.1714782714844,433.61058460419247,427.31321381371214,433.22135040368397,26197500
2025-01-21,427.64251708984375,430.03770829379437,424.7483264493822,429.33912735658424,26085700
2025-01-22,445.30712890625,446.37496460039233,435.1275277712005,436.68440364505375,27803800
2025-01-23,445.8160705566406,445.85599903960934,440.61650492666485,441.1155043659929,18389300
2025-01-24,443.17138671875,445.7562002010948,440.5167060042179,444.2691915941594,15549500
2025-01-27,433.6903991699219,434.32913308449037,422.6525337820519,423.16152296669173,35647800
2025-01-28,446.30511474609375,447.4827461239755,430.51676503368185,433.73032267022137,23491700
2025-01-29,441.44482421875,445.98573732495043,439.51869372032735,445.79611510422404,23581400
2025-01-30,414.1595458984375,422.0137922192137,412.33322134699057,417.9319804505241,54586300
2025-01-31,414.22943115234375,419.84816997012905,414.0797374049759,418.141600337115,34223400
2025-02-03,410.09771728515625,414.57872255523336,407.8422300476431,410.7763492208031,25679100
2025-02-04,411.5447998046875,413.09171636714575,408.9200578355856,411.86416676091864,20532100
2025-02-05,412.4629821777344,413.0018796658512,409.5787506797878,411.5248607564065,16316700
2025-02-06,414.9879150390625,417.36315732347487,413.1715497090401,413.1715497090401,16309800
2025-02-07,408.9300537109375,417.8122379259866,407.2833615993766,415.6465973451397,22886800
2025-02-10,411.3951110839844,414.62861779989964,410.0977246861568,412.8821197108573,20817900
2025-02-11,410.6166687011719,411.6645553606299,408.48093644203584,408.8202828688126,18140600
2025-02-12,408.2214660644531,409.92803560329327,403.56079794352274,406.3951110778186,19121700
2025-02-13,409.7184753417969,410.17754630619044,405.54681680905935,406.185550721702,23891700
2025-02-14,407.6126708984375,408.0917213200678,405.06778596420224,406.9739674594389,22758500
2025-02-18,408.8202819824219,409.7783523938356,405.6865508328786,407.18354917543536,21423100
2025-02-19,413.94000244140625,414.6585628844229,406.8342549807474,407.06380569744374,24114200
2025-02-20,416.1300048828125,419.30999755859375,412.5400085449219,415.2900085449219,23508700
2025-02-21,408.2099914550781,418.04998779296875,407.8900146484375,417.3399963378906,27524800
2025-02-24,404.0,409.3699951171875,399.32000732421875,408.510009765625,26443700
2025-02-25,397.8999938964844,401.9200134277344,396.70001220703125,401.1000061035156,29387400
2025-02-26,399.7300109863281,403.6000061035156,394.25,398.010009765625,19619000
2025-02-27,392.5299987792969,405.739990234375,392.1700134277344,401.2699890136719,21127400
2025-02-28,396.989990234375,397.6300048828125,386.57000732421875,392.6600036621094,32845700
2025-03-03,388.489990234375,398.82000732421875,386.1600036621094,398.82000732421875,23007700
2025-03-04,388.6099853515625,392.5799865722656,381.0,383.3999938964844,29342900
2025-03-05,401.0199890136719,401.6700134277344,388.80999755859375,389.3399963378906,23433100
2025-03-06,396.8900146484375,402.1499938964844,392.67999267578125,394.2799987792969,23304600
2025-03-07,393.30999755859375,394.79998779296875,385.5400085449219,392.32000732421875,22034100
2025-03-10,380.1600036621094,386.3999938964844,377.2200012207031,385.8399963378906,32840100
2025-03-11,380.45001220703125,386.0,376.9100036621094,379.0,30380200
2025-03-12,383.2699890136719,385.2200012207031,378.95001220703125,382.95001220703125,24253600
2025-03-13,378.7699890136719,385.32000732421875,377.45001220703125,383.1600036621094,20473000
2025-03-14,388.55999755859375,390.2300109863281,379.510009765625,379.7799987792969,19952800
2025-03-17,388.70001220703125,392.7099914550781,385.57000732421875,386.70001220703125,22474300
2025-03-18,383.5199890136719,387.3699951171875,381.1000061035156,387.07000732421875,19486900
2025-03-19,387.82000732421875,389.67999267578125,384.0,385.5299987792969,19185500
2025-03-20,386.8399963378906,391.7900085449219,383.2799987792969,385.739990234375,18470500
2025-03-21,391.260009765625,391.739990234375,382.79998779296875,383.2200012207031,39675900
2025-03-24,393.0799865722656,395.3999938964844,389.80999755859375,395.3999938964844,21004500
2025-03-25,395.1600036621094,396.3599853515625,392.6400146484375,393.9200134277344,15775000
2025-03-26,389.9700012207031,395.30999755859375,388.57000732421875,395.0,16108400
2025-03-27,390.5799865722656,392.239990234375,387.3999938964844,390.1300048828125,13766800
2025-03-28,378.79998779296875,389.1300048828125,376.92999267578125,388.0799865722656,21632000
2025-03-31,375.3900146484375,377.07000732421875,367.239990234375,372.5400085449219,35184700
2025-04-01,382.19000244140625,382.8500061035156,373.2300109863281,374.6499938964844,19689500
2025-04-02,382.1400146484375,385.0799865722656,376.6199951171875,377.9700012207031,16092600
2025-04-03,373.1099853515625,377.4800109863281,369.3500061035156,374.7900085449219,30198000
2025-04-04,359.8399963378906,374.5899963378906,359.4800109863281,364.1300048828125,49209900
2025-04-07,357.8599853515625,371.0,344.7900085449219,350.8800048828125,50425000
2025-04-08,354.55999755859375,373.6499938964844,350.25,368.260009765625,35868900
2025-04-09,390.489990234375,393.2300109863281,353.1000061035156,353.5400085449219,50199700
2025-04-10,381.3500061035156,383.8999938964844,367.79998779296875,382.05999755859375,38024400
2025-04-11,388.45001220703125,390.04998779296875,378.8900146484375,380.6400146484375,23839200
2025-04-14,387.80999755859375,394.6499938964844,384.2099914550781,393.2200012207031,19251200
2025-04-15,385.7300109863281,391.8900146484375,384.1600036621094,388.510009765625,17199900
2025-04-16,371.6099853515625,381.6099853515625,368.0,380.6700134277344,21967800
2025-04-17,367.7799987792969,374.32000732421875,366.8900146484375,373.75,20943700
2025-04-21,359.1199951171875,364.4800109863281,355.6700134277344,362.82000732421875,20807300
2025-04-22,366.82000732421875,367.7699890136719,359.8599853515625,363.3800048828125,19485000
2025-04-23,374.3900146484375,380.3900146484375,373.0199890136719,376.05999755859375,20545500
2025-04-24,387.29998779296875,388.45001220703125,375.19000244140625,375.70001220703125,22232300
2025-04-25,391.8500061035156,392.1600036621094,384.6000061035156,387.0,18973200
2025-04-28,391.1600036621094,392.739990234375,386.6400146484375,391.9599914550781,16579400
