Date,Close,High,Low,Open,Volume
2011-04-29,52.07933807373047,52.26445339154478,51.991185520478844,52.02644654177949,44831200
2011-05-02,51.98234558105469,52.308501455969314,51.85011849958084,52.15864387278733,48149400
2011-05-03,51.73552703857422,52.00879479807616,51.41818806445305,51.95590328771861,38100000
2011-05-04,51.656219482421875,51.89422636415846,51.2242836828335,51.762002560533595,53097200
2011-05-05,51.37413787841797,51.98237880675927,51.19783947400024,51.40058532922184,72200000
2011-05-06,51.541603088378906,52.18510139306717,51.40056241012771,51.88538953144901,72507000
2011-05-09,51.73552703857422,51.9382727842661,51.42700163484196,51.62974738053383,40022000
2011-05-10,52.176273345947266,52.25560892073276,51.81485647474096,51.88537848018331,38053600
2011-05-11,51.7972412109375,52.282071734293915,51.44464116802181,52.09695309688725,61900000
2011-05-12,52.105777740478516,52.176296414424684,51.338869086931616,51.63858101722334,66100000
2011-05-13,51.488712310791016,52.07050553724783,51.471081805422614,51.98235637308091,63506600
2011-05-16,50.59840393066406,51.409387166383645,50.48380730381647,51.2507159484949,73115300
2011-05-17,50.73944854736328,50.74826212118,50.22817383641737,50.333953535598035,63136000
2011-05-18,51.162559509277344,51.250708678856164,50.60721032544005,50.66891541668028,42351100
2011-05-19,51.31242752075195,51.42702416205413,50.99508504494665,51.32124445767775,35015800
2011-05-20,50.924560546875,51.31242166040858,50.85403851022756,51.25953349559879,44703300
2011-05-23,50.17528533935547,50.3780345388354,49.937281842477,50.228176873481914,43700000
2011-05-24,49.86674880981445,50.30750140906166,49.857935237406714,50.29868783665392,39314800
2011-05-25,50.0606803894043,50.29868719347541,49.77859899850715,49.80504307806769,41369000
2011-05-26,50.36919403076172,50.510234693087185,49.9019974673101,49.91081103753529,40564100
2011-05-27,50.624855041503906,50.677746575702194,50.41329226738698,50.457370227223656,30127200
2011-05-31,51.444644927978516,51.444644927978516,50.836404177013094,51.100858431872254,47590100
2011-06-01,50.32511901855469,51.444630737240125,50.28104444246109,51.3212205791082,51795000
2011-06-02,50.430912017822266,50.60721373152103,50.14883062097446,50.422098445341305,50198100
2011-06-03,49.67280960083008,50.23697567313238,49.60229094346417,49.84911128825736,57773700
2011-06-06,49.267333984375,49.831496876197214,49.24088989965711,49.55823236697613,50175600
2011-06-07,49.17918014526367,49.59348533828144,49.14391912718853,49.39955646421968,46311100
2011-06-08,48.82657241821289,49.16154533526972,48.685531720927194,49.07339279779399,46426400
2011-06-09,48.914730072021484,49.15273354141173,48.685536813287136,48.84420803466451,45307500
2011-06-10,48.165443420410156,48.782497730772974,48.12136883310041,48.685531621086255,53740600
2011-06-13,48.165443420410156,48.421080734552326,47.997958643562946,48.19188750026091,37736800
2011-06-14,48.78251266479492,48.89710931702265,48.50924475953696,48.53569221015967,40565300
2011-06-15,47.85691833496094,48.615013348472715,47.75995222448727,48.31530144458842,59022400
2011-06-16,47.67180252075195,48.04203308826538,47.266307575749764,47.88336188428092,66316200
2011-06-17,47.52251052856445,48.238128986478834,47.38115350488357,48.0614352345407,70337000
2011-06-20,47.769866943359375,47.91122391515469,47.389969449743944,47.389969449743944,37402900
2011-06-21,48.7946891784668,48.84769928862943,47.734510566718384,47.937710933686134,55892800
2011-06-22,48.441314697265625,48.874218945435906,48.432477990852995,48.59150500412013,36833300
2011-06-23,48.89188766479492,48.91839104288346,47.76103193013821,47.9200589391013,80743300
2011-06-24,48.04374694824219,48.70635837713951,47.94656339943602,48.66218495592289,56298300
2011-06-27,48.812381744384766,49.059755632221886,47.990743193821245,48.09676009286337,49968900
2011-06-28,49.53683090209961,49.545667608605854,48.84771608411897,48.91839288508865,47028800
2011-06-29,49.74004364013672,49.83722721444353,49.38665280745918,49.651696774521554,65407300
2011-06-30,50.40266036987305,50.43800046780068,49.89024243079142,49.91674581912852,50347200
2011-07-01,51.16242980957031,51.23310996976298,50.287781363371465,50.429141683756804,53203900
2011-07-05,51.41864013671875,51.47164688644337,51.091752822626695,51.2154397322715,43128800
2011-07-06,51.586517333984375,51.67486756278196,51.188949729936795,51.356813479543895,49282700
2011-07-07,52.29328918457031,52.443482850710396,51.89572505055149,51.97523855139841,54799800
2011-07-08,52.15194320678711,52.16077991441755,51.568845201188026,51.842725844051415,69519500
2011-07-11,51.20661163330078,51.86922307794561,51.02991457401894,51.6041791741309,52080800
2011-07-12,50.817893981933594,51.30380849334968,50.76488383933263,51.19779157836472,84000700
2011-07-13,51.02989959716797,51.5423205816724,50.84436925597089,51.18892656682693,82378100
2011-07-14,50.43798828125,51.40098381069206,50.243621159827214,51.162443262641304,98774200
2011-07-15,51.109439849853516,51.109439849853516,50.63236206122892,51.003422937961034,68281500
2011-07-18,50.83556365966797,51.05643419690648,50.340812442975604,50.826726950856944,59512200
2011-07-19,51.992916107177734,52.037092904842225,51.32147124740517,51.32147124740517,73904600
2011-07-20,51.77204895019531,52.2933035163348,51.68370208958185,52.28447017836014,57085500
2011-07-21,52.116607666015625,52.408154990302975,51.54234298483817,51.825056971511714,70148800
2011-07-22,52.65552520751953,52.74387542856813,52.054757185254374,52.09009727367381,43620400
2011-07-25,52.54950714111328,52.8410578087503,52.143106243997664,52.24028979987667,48916100
2011-07-26,52.6820182800293,52.858715306030696,52.40813772121636,52.51415458873102,40918900
2011-07-27,51.32146453857422,52.38164350982037,51.18894090333744,52.33747008814679,83969500
2011-07-28,51.40982437133789,52.06360263602772,51.14478040411327,51.34798089132604,61031900
2011-07-29,51.24195861816406,51.78088320493457,50.74720745960728,50.994584723993945,82860500
2011-08-01,51.00339889526367,51.9663940973971,50.384961022021194,51.86037723548033,85421100
2011-08-02,49.71352005004883,50.994569302129136,49.66050993009384,50.764862152539706,90853300
2011-08-03,50.19062042236328,50.25246390111129,48.90073396652104,49.775382747726496,103612300
2011-08-04,47.858219146728516,49.554506368462214,47.858219146728516,49.47499285228382,132830000
2011-08-05,47.557830810546875,48.61800636128875,46.22377129585846,48.34412913777398,214111800
2011-08-08,44.69535827636719,46.930566846012965,44.69535827636719,46.10009490939839,204804500
2011-08-09,46.8510627746582,46.89523958345995,44.11226913981668,45.36681232074411,193707100
2011-08-10,44.93388366699219,46.85987420830648,44.88087354715413,45.79086206818874,205917900
2011-08-11,46.91289520263672,47.434149743564525,45.35796828761725,45.578838798684686,143825300
2011-08-12,47.32814407348633,47.619694834988,46.71854253155192,47.20445709717071,90483300
2011-08-15,48.02607727050781,48.02607727050781,47.29278566592117,47.52249285033801,73554300
2011-08-16,47.619693756103516,48.01725806519144,46.983585469215214,47.55785026934685,89219200
2011-08-17,47.33696746826172,48.079089117409204,46.84221633194701,47.68152491114202,84416600
2011-08-18,45.01341247558594,46.06475493343327,44.59817482112593,46.05592159556284,130019400
2011-08-19,44.200592041015625,45.64950161003529,44.16525533144638,44.54514939337817,96674600
2011-08-22,44.359642028808594,45.26963101887918,44.227121716231736,45.26079430924371,77107700
2011-08-23,46.188446044921875,46.188446044921875,44.47449187527383,44.660022319212736,75688400
2011-08-24,46.5506591796875,46.63900939007472,45.684847339188266,46.05591148238275,80197700
2011-08-25,45.79087448120117,46.73619996817159,45.6318474487934,46.52416280155575,93623700
2011-08-26,46.93938064575195,47.09840761114135,45.19008739668365,45.64066155181026,91573300
2011-08-29,48.24696350097656,48.299970276059284,47.38998468815642,47.407654736589706,45985800
2011-08-30,48.56501007080078,48.85655739901344,47.80521495755475,48.070258902352606,61617900
2011-08-31,48.6445198059082,49.24528783148244,48.238115527278794,48.85655359716008,60900400
2011-09-01,48.20276641845703,49.15692497425865,48.11441621963203,48.768194210075094,57158400
2011-09-02,47.07190704345703,48.24693940069051,46.81569989469768,47.33695426734294,58185700
2011-09-06,47.08076477050781,47.15144159027746,45.86155845497458,45.97641207859433,52992200
2011-09-07,48.273441314697266,48.28227801934106,47.61966672010151,47.75218695782021,48952200
2011-09-08,48.05259323120117,48.7417082244534,47.8935661758019,48.0260898453736,61422800
2011-09-09,46.98356246948242,47.92005439227221,46.69201185730816,47.71685061215436,63663500
2011-09-12,47.58434295654297,47.619683046804,46.444650322248606,46.46232036737912,65973000
2011-09-13,48.2204475402832,48.317627726001504,47.531329311936446,47.76103651145745,59020000
2011-09-14,48.90956115722656,49.457319021065224,47.99073912289217,48.4678201834369,90757300
2011-09-15,49.634029388427734,49.72237625877952,48.93607765391063,49.439662229393335,83536100
2011-09-16,50.08897018432617,50.142078630865996,49.64640992589476,49.74377372298436,91902100
2011-09-19,50.10667037963867,50.37220584551866,49.062227954239646,49.469382560353395,73042900
2011-09-20,49.8853874206543,50.761654745795035,49.77032082062242,50.36335325789458,66570100
2011-09-21,49.01796340942383,50.38989920612811,49.00911031555772,50.14206660133317,79938000
2011-09-22,47.42475509643555,48.20365865751558,46.69010350587612,47.769951529988425,151885500
2011-09-23,47.92927551269531,48.132852818641844,46.99104658503739,47.02645221471505,85940600
2011-09-26,48.48691177368164,48.575425871220006,47.09727251877135,48.1682677754787,96261400
2011-09-27,48.991432189941406,49.743786853752454,48.663938457665,49.31007620035854,81148600
2011-09-28,48.265625,49.54020081866637,48.1505617536226,49.20385404691084,76757100
2011-09-29,47.690303802490234,49.06224019899468,46.88484410829982,49.0002820207083,116900200
2011-09-30,46.459983825683594,47.45131799592988,46.43342791051645,47.05301303309561,104870100
2011-10-03,45.265071868896484,46.77862744922896,45.23851932847688,46.0439790270574,99149500
2011-10-04,46.19445037841797,46.282964478630724,44.34454788981744,44.80481108152071,137013700
2011-10-05,47.3805046081543,47.51327404865883,45.72533003259131,46.079379622958655,108825700
2011-10-06,48.177101135253906,48.18595085314821,47.09725322297383,47.318533311459674,71939200
2011-10-07,47.858463287353516,48.38068449692499,47.54867247509358,48.150554661598555,72525200
2011-10-10,49.51363754272461,49.51363754272461,48.58426173077865,48.672775803062365,48230200
2011-10-11,49.8499870300293,49.97390336163446,49.30121325729208,49.380874238533515,66449100
2011-10-12,50.09782028198242,50.65544715722562,50.06241802715547,50.3279535089252,85627600
2011-10-13,50.55807876586914,50.620036926770545,49.94734687564109,50.00045531775652,63443700
2011-10-14,51.49629211425781,51.50514183037375,50.90325984052438,51.17764831063573,65643600
2011-10-17,50.699703216552734,51.41665206616929,50.42531801135892,51.25733009958783,65161300
2011-10-18,51.3281364440918,51.59367190412412,50.15092462344417,50.620037382050164,91434600
2011-10-19,50.336795806884766,51.20421338688991,50.16862414773468,51.044891446025055,67639400
2011-10-20,50.08897018432617,50.38105819912816,49.38087444612927,50.32795312905515,80378300
2011-10-21,50.717403411865234,51.03604732856373,50.25714035179704,50.62003961771106,60455800
2011-10-24,51.77070236206055,51.91232151474724,50.72625984482113,50.90328125332928,61449500
2011-10-25,50.752811431884766,51.62022914793109,50.64659791347235,51.602526332117876,65299200
2011-10-26,50.69085693359375,51.14226695186812,49.75262788638892,51.03605342576835,98193800
2011-10-27,52.089351654052734,52.3991459238011,51.363552952822566,51.90347711808422,104455500
2011-10-28,52.16899871826172,52.230956880369796,51.779546931230016,51.797249745613264,42950000
2011-10-31,51.29273223876953,51.90346415143478,51.25732660939184,51.717589661901876,60520200
2011-11-01,49.95621109008789,51.2573395994954,49.6729727362188,50.02702236678891,99933000
2011-11-02,50.38105773925781,50.59348814701126,49.90309523062943,50.47842153545869,65003800
2011-11-03,51.425506591796875,51.4963178619915,50.195189472136384,50.77936894537328,78994200
2011-11-04,51.159969329833984,51.38124947691499,50.64660114436895,51.177672146776516,61527800
2011-11-07,51.522857666015625,51.558263292362305,50.602331639800056,51.12455281078135,65559000
2011-11-08,52.115901947021484,52.20441265655965,51.3104423349425,51.89462179670894,62906900
2011-11-09,50.2837028503418,51.18652627378066,50.12438087111922,51.10686528416937,69539000
2011-11-10,50.257137298583984,50.82361383764829,49.77032173385475,50.77935849112136,66052400
2011-11-11,51.20423126220703,51.3547035373163,50.62890483176402,50.69086301078915,54471000
2011-11-14,50.88557815551758,51.34583783631131,50.69970028759956,51.06259955129977,44617600
2011-11-15,51.452056884765625,51.655634199631784,50.68199959963693,50.73510804648034,52203900
2011-11-16,50.60233688354492,51.47860765586522,50.50497646570197,51.080302759355995,68342800
2011-11-17,49.41626739501953,50.48726213521261,49.10647326774267,50.46955932424257,101706900
2011-11-18,49.03569412231445,49.47825452639141,48.9471800156183,49.42514606237372,60417000
2011-11-21,48.09746170043945,48.442658252779125,47.601792864804096,48.37185034852705,52283700
2011-11-22,48.256771087646484,48.39839023558846,47.68144139986963,47.97353279176254,51940100
2011-11-23,47.16806411743164,47.946967591991125,47.141508211015946,47.89386253209208,48437300
2011-11-25,46.805171966552734,47.504414580216846,46.79631887092407,46.96449392320194,25448100
2011-11-28,48.43379211425781,48.49575027565301,47.92042063245011,47.94697316548618,46710700
2011-11-29,48.13285446166992,48.77013893528829,47.991235314591755,48.4072396598713,52056700
2011-11-30,49.91193389892578,49.9561892392729,49.274646193235945,49.44282121360745,66918600
2011-12-01,50.257137298583984,50.38990671463127,49.876535240812686,49.903091149902046,45362200
2011-12-02,50.11552047729492,50.752808301394566,50.07126512872504,50.752808301394566,36938900
2011-12-05,50.6642951965332,51.000638530853585,50.3810535509198,50.86787249145338,40492200
2011-12-06,50.52267837524414,50.85017200585275,50.35450332391721,50.708552864794974,38670000
2011-12-07,50.52267837524414,50.75280821328803,49.876537456672224,50.38105585771971,44576200
2011-12-08,49.6729621887207,50.584638612090814,49.57559839216466,50.195183425866645,51692600
2011-12-09,50.46958923339844,50.620058151115394,49.779196078757465,49.79689552375056,55757900
2011-12-12,49.90308380126953,50.460707163033995,49.47822645953498,49.9384860473979,55411700
2011-12-13,49.354312896728516,50.43416088441614,49.15073560628135,50.23058359396897,68557700
2011-12-14,48.584259033203125,49.203843998921016,48.30987386552503,49.16843837197338,63682800
2011-12-15,48.45149230957031,49.05337107681037,48.38068105667949,49.00026601360864,58732900
2011-12-16,48.70094680786133,49.36674538058325,48.62105084367763,48.70982263213656,60978900
2011-12-19,48.22158432006836,49.00278914234881,48.088423214233565,48.88738307638716,46733900
2011-12-20,49.650814056396484,49.71295497920639,48.976136342422805,49.00277058536013,81758800
2011-12-21,48.94063949584961,49.393381079634565,48.37249186661869,49.35787100620089,78552300
2011-12-22,49.35786056518555,49.38449480784017,48.976135822589875,49.04715595443385,40334100
2011-12-23,49.78398132324219,49.78398132324219,49.340115598404836,49.4555182486353,26594600
2011-12-27,49.969688415527344,50.12961672770134,49.69424973186051,49.74756142884439,21443500
2011-12-28,49.392147064208984,49.98744564313437,49.25886954296901,49.90747980826802,38180100
2011-12-29,49.74755096435547,49.7830886988138,49.312180670706745,49.47211233862765,28077900
2011-12-30,49.605384826660156,49.86304947494054,49.59649785190593,49.64092255751373,21832400
2012-01-03,50.55610275268555,50.813767477367115,50.4228252069557,50.564986340686104,39514100
2012-01-04,50.76933670043945,50.84041895351702,50.2540039231806,50.47613087996543,29403400
2012-01-05,51.18693542480469,51.23136013738225,50.46724287925036,50.66271568185758,41260600
2012-01-06,51.36463928222656,51.48014286068832,51.00035120459609,51.195820623971294,46325200
2012-01-09,51.19581985473633,51.51568321358403,51.02700458840598,51.49791265038267,39195500
2012-01-10,51.56898498535156,51.8888482826826,51.21358056845314,51.737800219215075,35949900
2012-01-11,51.67561721801758,51.79112418932915,51.36464082147317,51.560110246706,37144100
2012-01-12,51.87997817993164,51.95106044218301,51.409070055377235,51.791128741506256,26188300
2012-01-13,51.69337463378906,51.71114519327001,51.249120814928304,51.60452522577197,35980400
2012-01-17,52.16428756713867,52.38641449773223,51.968818173000166,52.14651700596463,41790800
2012-01-18,52.857337951660156,52.857337951660156,52.1376453122019,52.262035879404586,48692700
2012-01-19,53.18608093261719,53.283817339318524,52.99949509585382,53.09722811316666,47774500
2012-01-20,53.106117248535156,53.132771400759545,52.9195314041872,52.9550691440235,41041700
2012-01-23,53.12386703491211,53.49703857765017,52.81288735990975,53.114980061387506,40958300
2012-01-24,53.026161193847656,53.16832234760908,52.78626361136478,52.88400004008624,38440200
2012-01-25,53.69253158569336,53.82580912376191,53.159428212196346,53.54148348325643,61591800
2012-01-26,53.50594711303711,54.021279935352254,53.2482790071852,53.923543523519555,37852700
2012-01-27,53.66587829589844,53.76361131741158,53.3637854755605,53.39043962784694,45532300
2012-01-30,53.71029281616211,53.79025864722887,53.00837089784142,53.212727268481366,42797800
2012-01-31,53.781394958496094,54.07460426249247,53.43487733696544,53.97686782782701,51449600
2012-02-01,54.21675109863281,54.41222391631187,53.89688772039019,54.09236053806925,46146700
2012-02-02,54.38555908203125,54.56326131160135,54.172319118057615,54.39444605767322,46373600
2012-02-03,55.131900787353516,55.19409605371363,54.803153895251796,54.89200330736973,36453800
2012-02-06,55.08747100830078,55.10524156696545,54.78537828977654,54.92753936970633,28541300
2012-02-07,55.20298385620117,55.30960383021878,54.79426774192261,55.04305220048084,37935700
2012-02-08,55.49620056152344,55.49620056152344,55.007521912532155,55.21187831522347,41171100
2012-02-09,55.89603042602539,55.958225706286036,55.37181064283668,55.70944458524345,46856400
2012-02-10,55.50507736206055,55.65612204485769,55.30960458254621,55.49619038696194,58090500
2012-02-13,56.02042007446289,56.091502330396935,55.665018962958236,55.922683667247846,36810200
2012-02-14,56.16258239746094,56.171469374336915,55.700557892179084,55.896030710787564,51648200
2012-02-15,55.77163314819336,56.740106753391295,55.68278033753088,56.42912700015487,105709100
2012-02-16,56.5357551574707,56.59795043550383,55.64724731198207,55.78940843168471,83642300
2012-02-17,56.35804748535156,56.589058011610135,56.10926639716723,56.5446333014898,76112300
2012-02-21,56.51797866821289,56.76675975426198,56.1625742115244,56.42024227315415,38141300
2012-02-22,56.26032257080078,56.58018597196437,56.180356720509884,56.41137068330084,43174700
2012-02-23,56.63349151611328,56.69568679409517,56.05596006126615,56.33139871332052,54250000
2012-02-24,56.82896041870117,56.92669682303485,56.68679930041266,56.793419291781944,41364900
2012-02-27,56.9089241027832,57.09550991684243,56.2691974381366,56.517978523548905,42678500
2012-02-28,57.486454010009766,57.486454010009766,56.89115538956815,56.9622376430236,43717500
2012-02-29,57.22878646850586,57.717461655518775,57.04219387882203,57.530875844611,59784400
2012-03-01,57.681922912597656,57.73523798846825,57.27321015106357,57.44202879689716,67558900
2012-03-02,57.63750457763672,57.82409040591048,57.450918749362955,57.601963451473615,33358200
2012-03-05,57.042205810546875,57.67305239971312,56.855623349999,57.60197013913418,45788800
2012-03-06,56.4824333190918,56.615710827726225,56.180340570323224,56.4824333190918,54638600
2012-03-07,56.917808532714844,57.051086060891166,56.6601438419694,56.748993267828055,42741800
2012-03-08,57.5308723449707,57.69969097356955,57.13104660002942,57.25543713306785,43711100
2012-03-09,57.770774841308594,57.87739821890098,57.59307599076458,57.62861711662871,43117200
2012-03-12,57.79745101928711,57.85075933276005,57.50424173762908,57.75302290554071,32687300
2012-03-13,58.87253189086914,58.87253189086914,57.992904240863865,58.10841459949035,61559100
2012-03-14,59.076904296875,59.29903133174842,58.71261948464775,58.93474651952117,59926900
2012-03-15,59.24570846557617,59.37009903226047,58.95249922462998,59.25459544284718,65531200
2012-03-16,59.20387649536133,59.337380287610486,59.06147742983785,59.337380287610486,53023100
2012-03-19,59.62220001220703,59.76460590337262,59.14159031495313,59.30179354737109,60966200
2012-03-20,59.72898864746094,59.7912895108115,59.150476750471555,59.31067994055654,47290600
2012-03-21,59.73787307739258,60.06717463349133,59.657768110853134,59.73787307739258,39648100
2012-03-22,59.6132926940918,59.75569176620436,59.34628509723852,59.38188656283797,56953900
2012-03-23,59.577693939208984,59.70229567933368,59.23948339576861,59.68449155058126,45541700
2012-03-26,60.6190071105957,60.6190071105957,59.92479552456222,59.97819432647708,40855300
2012-03-27,60.70799255371094,60.957195955510606,60.636789641687194,60.66349582640867,37278200
2012-03-28,60.46772003173828,60.97502913868941,60.11171209223352,60.74362295946831,44421900
2012-03-29,60.23629379272461,60.45879783203132,59.809083049530585,60.1650908704782,53975300
2012-03-30,60.12058639526367,60.53888823145808,59.880278261196814,60.50329356520269,39480900
2012-04-02,60.743614196777344,60.82371240671069,59.951500210547714,60.05830461407786,40031600
2012-04-03,60.72581100463867,61.010615929647706,60.387600487869484,60.797007143177154,45539900
2012-04-04,59.8980712890625,60.30747777799619,59.55096563996041,60.271876328052095,54088100
2012-04-05,60.2718620300293,60.32526079713676,59.74674925577688,59.7912527552202,42979900
2012-04-09,59.817970275878906,60.0582783812864,59.417465820576716,59.524263387173185,36908200
2012-04-10,58.85676574707031,60.02269152476854,58.669863169794496,59.791285423733754,69254200
2012-04-11,59.14158248901367,59.5331918476125,58.99028134238621,59.3729886363935,62950000
2012-04-12,59.817970275878906,59.88027111982109,59.168262444808,59.2572626803993,57407400
2012-04-13,58.910179138183594,59.80909068270208,58.88347973650477,59.61329280696224,55227500
2012-04-16,58.25156021118164,59.23947878113169,58.064657615553934,59.20387731668569,57588000
2012-04-17,59.435279846191406,59.62218243051649,58.41175987369105,58.500766924566,47362400
2012-04-18,59.28395080566406,59.6310564117037,59.10595036830886,59.26614668775969,42536100
2012-04-19,58.61648178100586,59.78240111466593,58.40287974215444,59.070392055065724,81110900
2012-04-20,58.45624923706055,59.19496412253423,58.36724899803211,58.93685867615368,59906900
2012-04-23,57.92225646972656,58.011256732505586,57.39714337584616,57.90445234299988,70514400
2012-04-24,57.610740661621094,58.055748677022734,57.36153046915809,57.81544054614712,49661500
2012-04-25,59.14158248901367,59.17718395709409,58.71437845262016,58.80337872767833,57526900
2012-04-26,59.48867416381836,59.6221779397907,59.052568166573884,59.13267314827094,41799500
2012-04-27,59.844661712646484,60.03156421962891,59.426353191660276,59.73786416024613,46003800
2012-04-30,59.4174919128418,59.782395076092456,59.37298838036176,59.66669539804434,37787700
2012-05-01,59.51539993286133,60.1918075171788,59.26618963358577,59.35519670704164,37643800
2012-05-02,59.68449020385742,59.72899373444873,59.07927885535681,59.22168472102068,38299300
2012-05-03,59.052589416503906,59.764605284384146,58.901288251422486,59.72010174628417,51297600
2012-05-04,57.58403396606445,59.052561761920096,57.5751386948394,58.50965144472326,107554000
2012-05-07,57.637447357177734,57.913350188785344,57.21913868326665,57.236936018412436,50267800
2012-05-08,57.42383575439453,57.619640382738076,56.498221591184084,57.27253464714141,72659700
2012-05-09,57.2458381652832,57.566244520652745,56.52492386570174,56.756329964642916,85715300
2012-05-10,57.1301383972168,57.52174088277882,56.91653302901498,57.5039435476423,49448900
2012-05-11,57.12123107910156,57.72644227232546,56.88092633516192,56.93432852108467,47099900
2012-05-14,56.58721923828125,57.0322272408655,56.49821560067943,56.63171935951135,46360000
2012-05-15,56.40031433105469,57.20132671330887,56.30241202546834,56.7385213698598,66908600
2012-05-16,56.01762390136719,56.76523771851767,55.90192422851896,56.59613584617915,52825900
2012-05-17,54.833900451660156,56.12442466367411,54.82499838808392,56.03542100362411,62253900
2012-05-18,54.121891021728516,55.14540770310039,54.07738749176841,55.00300523459897,79496500
2012-05-21,55.63491439819336,55.68831659554504,54.1574875562225,54.22869048602474,61473000
2012-05-22,55.572608947753906,56.026519099941694,55.17210438365469,55.7951129923167,62954800
2012-05-23,55.67940902709961,55.81290940642628,54.6202876840078,55.10089719792465,56951100
2012-05-24,55.31450653076172,55.81291341493768,54.905096510719986,55.75951461742869,83131200
2012-05-25,55.243282318115234,55.46578627570234,55.08307919704124,55.36788399114146,32078900
2012-05-29,55.946414947509766,56.204520442223654,55.430203958081975,55.759512373465405,44216700
2012-05-30,55.474708557128906,55.6705098024839,54.89619669846479,55.43910709610357,56431800
2012-05-31,55.23439025878906,55.545894478605355,54.816081682057444,55.40349206452628,55260100
2012-06-01,53.7658805847168,54.5757952222214,53.74807985261155,54.23758810250687,71430800
2012-06-04,54.17527770996094,54.255379292775885,53.436566130793715,53.91717562768337,74119500
2012-06-05,54.397769927978516,54.50457427865545,53.96166404570843,53.98836343580709,47916900
2012-06-06,55.64381790161133,55.68831803631776,54.75380162691213,54.80720382564543,58781800
2012-06-07,55.42131042480469,56.23122504916958,55.37681029283479,56.23122504916958,38414800
2012-06-08,55.955318450927734,56.026521377750946,55.145403831597015,55.332306421794314,39730800
2012-06-11,55.01189422607422,56.409219177177675,54.97629276862323,56.38251638651852,51008900
2012-06-12,55.67940902709961,55.70610842393654,54.89619390017681,55.26999903646191,48802600
2012-06-13,55.29670333862305,55.93751264620434,55.10979737023398,55.51920737205288,50840100
2012-06-14,55.50140380859375,55.72390783066467,55.00299357690378,55.28779845354321,65170600
2012-06-15,56.190982818603516,56.27126852892231,55.62898284637195,55.655743615496135,41536100
2012-06-18,56.7172966003418,56.86002636662579,55.86983712424171,55.95904195206444,32191200
2012-06-19,57.30604934692383,57.54690984935316,56.958145781985074,57.002751595291706,36476500
2012-06-20,57.350650787353516,57.600426988685975,56.922461555235515,57.430933078114215,51389700
2012-06-21,55.923343658447266,57.368482579785685,55.860899615132624,57.30603853647104,42492700
2012-06-22,56.512115478515625,56.58348205821495,55.95903809762917,56.11069037801731,29504200
2012-06-25,55.42378616333008,56.06606817817942,55.263214808881536,56.04822994141387,33136400
2012-06-26,55.77170181274414,55.9322732022669,55.36135421860623,55.61113042322138,30611100
2012-06-27,56.11067581176758,56.36045196998204,55.923340290161796,55.985784329715415,35705800
2012-06-28,55.486228942871094,55.72708596908325,54.897468457556315,55.691402690471506,49793400
2012-06-29,57.23468780517578,57.23468780517578,56.38722501977952,56.556718938037044,44761300
2012-07-02,57.404170989990234,57.43093175295966,56.97598176775222,57.31496617812852,33425600
2012-07-03,57.88588333129883,57.88588333129883,57.350647670971924,57.43985248004463,15895100
2012-07-05,57.921566009521484,58.20702547909907,57.520140969952905,57.83236120138298,37016200
2012-07-06,57.199005126953125,57.70748008125824,56.779734991564595,57.65395174519515,40684100
2012-07-09,57.09193801879883,57.32387592264922,56.80647860094041,57.13654381773176,35628300
2012-07-10,56.529945373535156,57.546898505199046,56.30692996274788,57.40416537546788,47365700
2012-07-11,56.21772766113281,56.610233576523534,55.753855177700906,56.45858472385391,43432000
2012-07-12,55.691410064697266,55.92334460049508,55.18293518745821,55.77169575073212,57680400
2012-07-13,56.53887939453125,56.663767505500736,55.807388970613566,55.84306885735784,32357200
2012-07-16,56.37830352783203,56.66376301684825,56.15528808935401,56.41398681469544,27621400
2012-07-17,56.672691345214844,56.86002693021309,55.86983767801442,56.735135405898895,42467800
2012-07-18,57.43984603881836,57.60933992117316,56.547784436344536,56.56562607674741,44489700
2012-07-19,58.073211669921875,58.260543798476654,57.734230695283244,57.84127373680585,53017800
2012-07-20,57.30604934692383,58.07322305573533,57.27928858129648,58.05538481394762,40573100
2012-07-23,56.61024475097656,56.80649944888381,55.76278530440409,56.19097799128281,48657800
2012-07-24,56.16421127319336,56.788655226700726,55.79846606374482,56.70836952692198,57269700
2012-07-25,55.78954315185547,56.15528833645096,55.44163961077018,55.7270991010425,46264400
2012-07-26,56.529945373535156,56.85108810954006,56.173122758042574,56.59238941631999,41928200
2012-07-27,57.8680419921875,57.97508503498481,56.770803162282945,56.94029705456576,42621000
2012-07-30,57.823429107666016,58.26053735931644,57.627174478711694,58.0107612155162,37821300
2012-07-31,57.805606842041016,58.1445878728689,57.75207850651667,57.912649901307006,34588300
2012-08-01,57.6361198425293,58.23379968148321,57.40418184312473,58.21596143809464,30920200
2012-08-02,57.430938720703125,58.00185775295324,57.01167197055148,57.199007542902066,40534900
2012-08-03,58.51925277709961,58.76902899240572,58.15351097779891,58.35868138070404,42117400
2012-08-06,58.96528625488281,59.223985005154994,58.69767178645388,58.822559899565725,23523600
2012-08-07,59.455909729003906,59.69676337746267,59.12584447174021,59.21504927465493,28223300
2012-08-08,59.42916488647461,59.55405300518381,59.206149416509305,59.3042767677654,20723500
2012-08-09,59.60755920410156,59.68784829169594,59.313177226072646,59.42022707423505,20726200
2012-08-10,59.64326095581055,59.66109919974956,59.24183581120515,59.39348470531009,20312000
2012-08-13,59.785987854003906,59.79491037899855,59.32211864266895,59.625416433562485,19890300
2012-08-14,59.8127555847168,60.13389842643576,59.64326163883944,60.00900349386287,24218700
2012-08-15,59.964378356933594,60.053583150572706,59.75920120626311,59.76812372739386,29100400
2012-08-16,60.67802810668945,60.81183871022547,60.116031738906194,60.18739830157741,35699900
2012-08-17,60.9456672668457,60.95458979128046,60.66913026239632,60.81185662389238,22584800
2012-08-20,61.03485107421875,61.04377359558075,60.66018684769065,60.90104047734738,26924000
2012-08-21,60.79399871826172,61.44519986764825,60.55313827766903,61.19542371139644,41391000
2012-08-22,61.04378890991211,61.15975449315228,60.49070814683842,60.66020206578984,44555700
2012-08-23,60.54423904418945,60.96350238866983,60.383667642044664,60.76725450239657,28800400
2012-08-24,60.91889953613281,61.06162588131462,60.30337473243998,60.40150207232988,38384800
2012-08-27,61.01702880859375,61.25788250129394,60.88321817669745,61.17760020569103,20671400
2012-08-28,61.01702880859375,61.186515923497055,60.758330068498616,60.96350047230036,27337900
2012-08-29,61.01702880859375,61.16867768199356,60.758330068498616,61.01702880859376,26672400
2012-08-30,60.40150451660156,60.77616884449301,60.303377172740724,60.74940807905669,24425400
2012-08-31,60.80293655395508,61.06162849102151,60.187411723955385,60.83861303735687,42128000
2012-09-04,60.7404899597168,60.972427953469094,60.14281013532819,60.68696842496319,32017200
2012-09-05,60.67802810668945,60.97241007329069,60.51745674362424,60.71371138802506,26129300
2012-09-06,62.025054931640625,62.042899978671265,61.03486580407069,61.05271085110134,43100000
2012-09-07,61.935829162597656,62.042878990894906,61.75741958799125,61.88230765139354,32958600
2012-09-10,61.14189529418945,61.909068719469374,61.0972894973682,61.775258134894685,25490000
2012-09-11,61.04378890991211,61.391692465524,60.94566156798143,61.15083877544322,29810100
2012-09-12,61.22220993041992,61.38278135562805,60.847545540231835,61.266815750824875,42203400
2012-09-13,62.05181884765625,62.31944011957678,61.2132853536958,61.27572940969171,45417800
2012-09-14,62.604881286621094,62.82789667923432,62.25697781861563,62.274816055433234,38880300
2012-09-17,62.63164520263672,62.65840596215722,62.4086297987792,62.64056772444022,31798400
2012-09-18,62.68516540527344,62.71193297012182,62.46215000609931,62.471072527715435,27169800
2012-09-19,62.80113983154297,62.96171119645848,62.49783533964029,62.67625174837424,36484600
2012-09-20,62.73868179321289,62.80112582086625,62.32833435350678,62.497821396629554,42520200
2012-09-21,62.75659942626953,63.10549514886802,62.6939772920929,63.051820983945404,23678500
2012-09-24,62.389793395996094,62.4971485264168,62.10351987350669,62.237712080207785,32341600
2012-09-25,61.51308822631836,62.693967446268985,61.486251148071695,62.55082726188726,41299600
2012-09-26,61.012115478515625,61.46836636740639,60.6990047999831,61.43258131481683,32770400
2012-09-27,61.853031158447266,61.996171331795296,61.05683271377147,61.164187843782486,25339500
2012-09-28,61.34309768676758,61.8351334324604,61.28942354189133,61.64726710009538,30112600
2012-10-01,61.2536735534668,62.02303525498709,61.056859142570616,61.638354404226945,37715300
2012-10-02,61.43257522583008,61.7099076495857,60.94948730170439,61.52203443578664,33254300
2012-10-03,61.826202392578125,61.9424986800809,61.36100359196692,61.60255096063429,38236000
2012-10-04,62.04090881347656,62.21088609395224,61.727798158890096,61.924612520430266,26128600
2012-10-05,61.70991516113281,62.44349169255047,61.54888583348986,62.35402564640357,25207900
2012-10-08,61.14628982543945,61.477296346050856,61.003156482268906,61.352052111289545,30911500
2012-10-09,60.17118453979492,61.1373535606995,60.02804434392746,60.985272221565474,67974000
2012-10-10,59.86702346801758,60.32327437497916,59.75967513129803,60.15329707477165,45134300
2012-10-11,59.67912673950195,60.35902876967523,59.64334170367202,60.31429576856339,30469400
2012-10-12,59.652320861816406,59.992268642016676,59.53602455352977,59.67020997643694,24891200
2012-10-15,60.09065628051758,60.171174333360334,59.51810924476545,59.87595284843529,22220100
2012-10-16,60.940547943115234,61.01211121799614,60.162238460569235,60.18012757296436,33960600
2012-10-17,60.9047737121582,61.10158810996879,60.546929972984564,60.627441231015275,33439400
2012-10-18,60.1980094909668,60.904748708736875,59.9743580989623,60.707934391725104,61707600
2012-10-19,58.757686614990234,60.18010601369108,58.686116540448594,60.126431870433834,75362600
2012-10-22,59.061851501464844,59.21393962213261,58.596659649364476,58.73085183804862,38621500
2012-10-23,58.49824523925781,58.99922206785202,58.31932689341628,58.57876327259468,52591200
2012-10-24,58.292518615722656,58.92768793006748,58.203052573315716,58.82928074366046,39872400
2012-10-25,58.292518615722656,58.79349569175784,58.12254132551039,58.69508850535082,52688700
2012-10-26,58.46249008178711,58.70403747994104,57.83626872601927,58.29251961396491,54213100
2012-10-31,58.104644775390625,58.49827351687598,57.90783722994863,58.390918362297974,38524500
2012-11-01,58.92768096923828,59.04397725520874,58.3014528728667,58.47143014300041,26945000
2012-11-02,58.301456451416016,59.231847272187025,58.2477822892582,59.19606222231502,44083000
2012-11-05,58.686126708984375,58.802429806590865,58.18514975098461,58.31039399048455,28094700
2012-11-06,58.793487548828125,59.19605738270015,58.5608881563266,58.78453958076658,29608400
2012-11-07,57.40684127807617,58.23882478175696,57.16530076262658,58.16725469373513,70737800
2012-11-08,56.503299713134766,57.70207156906,56.503299713134766,57.56787933988585,58585800
2012-11-09,56.74483108520508,57.35316314053283,56.50328717388529,56.53907221541031,51542100
2012-11-12,56.73588562011719,57.13845882340056,56.58380430590432,57.07583670429532,32663700
2012-11-13,56.34226608276367,56.87903154565004,56.163344261801555,56.297536480685615,43288300
2012-11-14,55.68025588989258,56.682213239539074,55.590793279339536,56.61959111847677,82655300
2012-11-15,55.49238204956055,55.90390320266369,55.286623179333674,55.7160334405875,55124200
2012-11-16,55.73393249511719,55.89496178854613,54.848274793907805,55.537121568542766,70873100
2012-11-19,57.057952880859375,57.10268589788198,56.32437644866937,56.3422689729484,55306400
2012-11-20,57.07583999633789,57.15635464163852,56.53013000181692,57.040054951171,52012700
2012-11-21,57.19214630126953,57.27265754323182,56.89692476347395,57.138468727311206,19611700
2012-11-23,58.059906005859375,58.077795115097764,57.478410988773035,57.51419603254903,16462900
2012-11-26,58.3104133605957,58.34619841595441,57.73786612545913,57.91678457695127,26430900
2012-11-27,58.11358642578125,58.50721512446651,58.015179251109934,58.30145280689014,25828600
2012-11-28,58.614559173583984,58.65929218619516,57.478413001434475,57.836256626425474,37295800
2012-11-29,58.963478088378906,59.16923362301206,58.6682565035908,58.927693033377196,41136100
2012-11-30,58.86505889892578,59.01714023271848,58.695081628628074,58.97240721675594,33497400
2012-12-03,58.74875259399414,59.37498065692853,58.721915515995455,59.32129967563155,28240000
2012-12-04,58.71297073364258,58.838214987964534,58.32829000242514,58.775592860803556,49584500
2012-12-05,58.059906005859375,58.63245305567691,57.74679540444341,58.62350508840811,54076200
2012-12-06,58.43565368652344,58.57879389826994,57.72891424795222,57.88099560395716,47512300
2012-12-07,58.086761474609375,58.78455298593781,57.88994708417287,58.721930845826314,30089400
2012-12-10,58.25674057006836,58.560903309869644,57.92573391913616,57.92573391913616,33219600
2012-12-11,59.01713943481445,59.34813917738233,58.61456277249424,58.659295787851995,40750800
2012-12-12,58.891902923583984,59.330257865452836,58.73087360254837,59.330257865452836,45917700
2012-12-13,58.42669677734375,59.18711709162171,58.1762082704145,58.77559245846661,45467700
2012-12-14,57.87204360961914,58.22093927871271,57.67522926801771,58.03307290499308,39630300
2012-12-17,58.64141845703125,58.65930757158807,57.845219765878376,57.92573101933595,42302900
2012-12-18,59.536014556884766,59.62547376556894,58.77559421981897,58.93662352557054,55596000
2012-12-19,59.276573181152344,59.723876012951834,59.24078813557244,59.7059800775121,34832500
2012-12-20,59.276573181152344,59.4107653957521,58.981351674092785,59.3839214925925,40754300
2012-12-21,58.653160095214844,58.725128813380366,58.11340843560288,58.36529208586748,51152900
2012-12-24,58.53620910644531,58.59918001151424,58.40126949177936,58.5002247516468,11418300
2012-12-26,58.02345275878906,58.63517315542982,57.83454001526521,58.581200046798706,21751300
2012-12-27,57.93350601196289,58.1494053497597,57.21383240155194,58.07743661605536,52933200
2012-12-28,57.375755310058594,57.96048922686291,57.34876875230569,57.49270277975104,33082100
2012-12-31,58.590179443359375,58.69813250266291,57.19582179308503,57.31276579317867,57544000
2013-01-02,60.452327728271484,60.479321140987835,59.80462995266644,60.02952701544024,70695900
2013-01-03,60.137481689453125,60.57827807289236,59.957566759200475,60.45233624905258,47366500
2013-01-04,59.93954849243164,60.16444550189893,59.79561797529484,60.16444550189893,33972500
2013-01-07,59.95755386352539,60.056509112875446,59.59771721709914,59.78662991222746,26766200
2013-01-08,59.84062957763672,60.110508898117274,59.52577494595354,59.94858267849219,28734900
2013-01-09,60.06550979614258,60.22743597013419,59.867606128654415,59.93057703724481,25600300
2013-01-10,60.425350189208984,60.5153076550698,59.86760978288313,60.479330159377234,37528000
2013-01-11,60.506317138671875,60.53330369228859,60.27242223513576,60.39836406089026,21158600
2013-01-14,60.23643112182617,60.40735509332008,59.97554969392483,60.2004467666004,36768500
2013-01-15,59.93954849243164,60.0295127868682,59.66967619905812,59.93954849243164,31675300
2013-01-16,60.18244934082031,60.389350774385605,59.91257014720741,60.02052319731517,33822300
2013-01-17,60.4703254699707,60.70422034523443,60.3263880503272,60.42534331050363,32024200
2013-01-18,60.33539581298828,60.39836672864691,60.065516538271225,60.290413646097086,31992000
2013-01-22,60.43435287475586,60.47933504297585,60.029540814037,60.39836851284292,32123100
2013-01-23,60.80317306518555,60.98309485253231,60.68622905089595,60.77618651291213,31975700
2013-01-24,59.966548919677734,60.524289175937554,59.87658461470808,59.966548919677734,42596300
2013-01-25,60.27241134643555,60.44333530621561,60.038516485154425,60.15546734745174,39240100
2013-01-28,60.40736389160156,60.61426538514228,60.209453340691326,60.281422061625044,32926100
2013-01-29,60.416343688964844,60.55127642135181,59.93955620238346,60.33537718621972,35554700
2013-01-30,60.2904167175293,60.704233456727586,60.155483936611816,60.52431164331193,34445000
2013-01-31,60.15547561645508,60.58727418229938,60.101495648238696,60.26342182625893,34870500
2013-02-01,60.86615753173828,60.97410375270285,60.33539677984019,60.57828264032564,53120800
2013-02-04,59.80461883544922,60.686211314185606,59.7866232303169,60.51528738199058,48483700
2013-02-05,60.68623733520508,60.87515009022194,59.92158850871335,60.06551909492439,35120300
2013-02-06,60.48830795288086,60.76718495873707,60.30839306026858,60.48830795288086,43593200
2013-02-07,60.54230880737305,60.60527972785295,59.87660837565337,60.56029755751777,46017900
2013-02-08,61.163002014160156,61.28894381766199,60.83914970135159,60.84814750540559,39837200
2013-02-11,61.18101119995117,61.22598650357529,60.974102840671996,61.19899994873781,17650400
2013-02-12,60.92911148071289,61.216979428644166,60.86614058158146,61.10002857074776,22057900
2013-02-13,61.14501190185547,61.3789067588336,60.96509014136714,61.109027549757805,23494700
2013-02-14,61.12702560424805,61.21698992985114,60.83016666502692,60.86615102260527,24478800
2013-02-15,60.94710159301758,61.270953899624885,60.77617763583222,61.11802555020294,25333600
2013-02-19,61.38792037963867,61.40591599399283,61.046079203384934,61.06406795442316,23436500
2013-02-20,60.44334411621094,61.39690558173251,60.43434631088115,61.36991902905768,38200300
2013-02-21,59.79563903808594,60.28141757324642,59.57973975467499,60.218446662946796,45855600
2013-02-22,60.39837646484375,60.407374272335446,59.90360000254305,60.13749495411394,21968000
2013-02-25,59.65169143676758,61.001073738826726,59.59771834094547,60.78517449222499,40927600
2013-02-26,59.876609802246094,59.984562895633225,59.33685806194193,59.73267920771233,42088800
2013-02-27,60.48830795288086,60.857142405043206,59.79562806667906,59.876587709360614,36339500
2013-02-28,60.36237716674805,60.93811316410946,60.353379361482084,60.49731679247967,28557300
2013-03-01,60.6142692565918,60.72222234488737,59.85861822846905,60.15548407379531,31617200
2013-03-04,60.88414764404297,60.89314545042987,60.33539813080219,60.416364661653695,19380500
2013-03-05,61.783721923828125,61.864681572775275,61.24397034090588,61.24397034090588,35581900
2013-03-06,61.63079833984375,61.99063504409683,61.54983182131252,61.97263943406132,29071100
2013-03-07,61.792724609375,61.89167987478084,61.576818468499916,61.70276028568657,21775900
2013-03-08,61.864681243896484,62.08957830752799,61.62179543503249,61.999620854738126,26159900
2013-03-11,62.04458999633789,62.062578737796485,61.59479596343802,61.78370863365849,23187900
2013-03-12,61.8197135925293,62.00862632573923,61.52284778463602,61.864688892828106,27575400
2013-03-13,61.73875045776367,61.97264536741878,61.522851159867,61.90067664701491,34297300
2013-03-14,61.945655822753906,62.0805954511684,61.81071619433941,61.95465362819877,31530800
2013-03-15,61.77342224121094,62.025888775749,61.620133091643865,61.98982114521541,30752600
2013-03-18,61.638179779052734,61.89064635222597,61.07012998941294,61.205375025614195,36163000
2013-03-19,61.52097702026367,61.94475634765585,60.970957502670146,61.82754166721114,33125100
2013-03-20,61.95374298095703,62.08899485266246,61.665208864943565,61.95374298095703,28035400
2013-03-21,61.25046157836914,61.53899578895161,61.1061910334788,61.385713494404285,30050800
2013-03-22,61.84556198120117,61.89064824744768,61.430794472687204,61.502929747002256,28837200
2013-03-25,61.62015914916992,62.179197340047395,61.322613110038404,62.04394538815123,24909800
2013-03-26,61.95374298095703,61.9717802327556,61.71930686194736,61.85455873365279,19725200
2013-03-27,62.03489303588867,62.079972404217436,61.439787588706515,61.529953204559575,22539500
2013-03-28,62.18819808959961,62.26934510988414,61.89064525682687,62.03491579848568,23662800
2013-04-01,61.76441192626953,62.29639407004277,61.59309237797738,62.23327742791378,28112800
2013-04-02,62.251319885253906,62.45870020705885,62.00786504584977,62.061969943049924,29431900
2013-04-03,61.68326187133789,62.37754490059934,61.52997270868212,62.28737925616506,35131200
2013-04-04,61.70130920410156,61.854591529681684,61.36768866089812,61.65622292989583,32287400
2013-04-05,61.18735122680664,61.27751688703592,60.58323373615161,60.72749741667869,55610800
2013-04-08,61.51193618774414,61.52996656315106,61.03405212869493,61.21438339955225,17891600
2013-04-09,61.92671203613281,62.17917860134743,61.39472302011806,61.6742454709182,30931400
2013-04-10,63.13494873046875,63.27020064563425,62.107045181927994,62.14311281791867,55271300
2013-04-11,63.10791015625,63.25218072406347,62.90954156510614,62.98167684901287,37233600
2013-04-12,63.06281661987305,63.107896002805155,62.58493250976659,62.95461371828002,32783700
2013-04-15,61.8184928894043,62.92755001429055,61.746364517720856,62.82836576413015,48795800
2013-04-16,62.63906478881836,62.71120009600999,62.04395882328966,62.17019217127426,27682600
2013-04-17,61.41278076171875,62.11608267917736,61.05211117145272,62.09805229530417,60204800
2013-04-18,60.56520462036133,61.611145681418314,60.30371935509708,61.57507803663706,56798200
2013-04-19,61.39472961425781,61.52096978962199,60.592243568977864,60.682416105552086,43062800
2013-04-22,62.025909423828125,62.25132703030553,61.385724246936206,61.61114185341362,34412100
2013-04-23,62.62102127075195,62.846438923820465,62.0529712615316,62.37757323228633,53078300
2013-04-24,62.59395217895508,62.81936975973138,62.3234552095427,62.46771888405625,44500700
2013-04-25,62.927574157714844,63.162010373421595,62.747235961325494,62.756254590944664,26437100
2013-04-26,62.72920227050781,62.90953357818068,62.45869842980009,62.77428853702525,24079800
2013-04-29,63.306278228759766,63.549733090150674,62.900529298707255,62.92757831015086,31664000
2013-04-30,63.76613235473633,63.775150984992166,63.15299620212543,63.38743243438235,30135800
2013-05-01,63.46857833862305,63.88334589341353,63.342345034086776,63.78416159996372,28537200
2013-05-02,64.27104949951172,64.40630140270852,63.52266159712731,63.576766485924566,31744200
2013-05-03,65.02845764160156,65.22681930811595,64.8391077241121,64.89320573505259,34061700
2013-05-06,65.28096008300781,65.38014441038521,65.0916100614332,65.14570810211123,19244300
2013-05-07,65.2448501586914,65.43420005759012,65.00139537496659,65.38911380010121,25838100
2013-05-08,65.56044006347656,65.61453807466717,65.10058633076316,65.20878923234213,24252100
2013-05-09,65.47027587890625,65.91209236494677,65.34404259718038,65.43420824424201,29337200
2013-05-10,65.86700439453125,65.89405339720382,65.4882977195243,65.60551923670143,20663700
2013-05-13,65.94818878173828,66.11048976896228,65.69572210810115,65.75883877651043,29730100
2013-05-14,66.29078674316406,66.48915527785907,65.9391359331856,65.96619181635093,36009800
2013-05-15,66.42606353759766,66.48918019691048,66.00227730541155,66.16457826924453,27214400
2013-05-16,66.35391235351562,66.81376612076086,66.31785159614581,66.48015252110307,27253400
2013-05-17,66.99408721923828,67.02113621996693,66.48013556780441,66.69653445283011,31114500
2013-05-20,66.8949203491211,67.11131929038682,66.6244165131402,66.86787134136266,25132400
2013-05-21,66.96707153320312,67.21052644427657,66.62443918633015,66.85887546534885,25900000
2013-05-22,66.3809585571289,67.58017462189228,66.03831949931315,67.04819253831114,59843200
2013-05-23,66.22765350341797,66.45307098556601,65.66862255037601,65.79485579004326,48222100
2013-05-24,66.191650390625,66.20968077804916,65.60556305091606,65.78589444196422,26430300
2013-05-28,66.6243896484375,67.21047647060497,66.41700941977851,66.96702174054984,27057100
2013-05-29,66.30883026123047,66.54326644975686,65.93013041151723,66.36292827427579,32090300
2013-05-30,66.66046905517578,66.97605220622677,66.3178369024914,66.3358672771814,32390500
2013-05-31,66.04735565185547,66.91295839530422,65.97522037010162,66.40802518142556,38347600
2013-06-03,66.16455841064453,66.18259566743446,65.30797445146516,66.0563623866964,47613100
2013-06-04,65.8219223022461,66.56129156526781,65.55141850000994,66.29980639089219,35251900
2013-06-05,64.9653549194336,65.85800668716588,64.91125001770492,65.6055400764294,48654200
2013-06-06,65.28096008300781,65.28997871618799,64.44240605649078,65.055542407914,62524100
2013-06-07,66.17359161376953,66.24572689842131,65.38913587137995,65.55143682224679,31969800
2013-06-10,66.20062255859375,66.50719399509632,66.05635890786122,66.29980682812128,25390000
2013-06-11,65.54242706298828,66.12850735079753,65.31700945100023,65.54242706298828,40278900
2013-06-12,64.78502655029297,65.94818236570252,64.6858422411278,65.92113335033024,42081900
2013-06-13,65.60555267333984,65.74981638751821,64.51453210791388,64.69486347043699,28221500
2013-06-14,65.17272186279297,65.6776549804804,65.07353758907611,65.60552659166632,27690700
2013-06-17,65.80389404296875,66.18259387492611,65.46125496521886,65.68667251460266,32441900
2013-06-18,66.34490966796875,66.4711429736042,65.87603720772347,65.89407446807094,24853100
2013-06-19,65.60555267333984,66.43508794766693,65.53341737665039,66.36295265097749,43145100
2013-06-20,64.04563903808594,65.06453085956487,63.82924009655343,64.84812503883404,60908400
2013-06-21,63.7055549621582,64.19399820871055,63.17188280536547,64.02213663095246,51558900
2013-06-24,63.072383880615234,63.56082016623513,62.54775895047598,63.18092221032545,41492300
2013-06-25,63.53368377685547,63.786949073592176,63.144738670877885,63.67841074696888,28897400
2013-06-26,64.10354614257812,64.22113164575195,63.85027391111017,64.0764046563417,23742300
2013-06-27,64.37492370605469,64.78196334492009,64.33874194475784,64.43824006308282,23545000
2013-06-28,64.46532440185547,64.84522914881707,64.0311574066993,64.17587743809804,28301100
2013-07-01,64.86332702636719,65.39699904931325,64.80001070848827,64.89950876529244,24942800
2013-07-02,64.89045715332031,65.28844935323154,64.53769384920285,64.83618799913627,23067900
2013-07-03,65.15277099609375,65.4603123121247,64.6010115799165,64.65528763625181,18847500
2013-07-05,65.6502456665039,65.67738023774737,64.99898835282445,65.52361306672836,28795900
2013-07-08,65.71356201171875,66.02109635396889,65.46933706844094,65.99396178270672,20558500
2013-07-09,66.11157989501953,66.25630688121525,65.71359448490634,66.02112897912846,26108600
2013-07-10,66.49146270751953,66.59096075225419,66.0120668015945,66.04824163517053,25598900
2013-07-11,67.81208038330078,67.86634954696511,67.16082281548161,67.20605171917643,47768900
2013-07-12,68.11058044433594,68.155802450959,67.67640639478769,67.85730822320473,31412600
2013-07-15,68.26435089111328,68.30957289985787,67.99299123479487,68.18294023383267,19783600
2013-07-16,68.17387390136719,68.37286308547812,68.00201239135856,68.31859393535332,31747100
2013-07-17,68.34574890136719,68.50856330127732,68.15579991829905,68.38193064589856,24631500
2013-07-18,68.17387390136719,68.50854286175019,68.06532870015752,68.33668825270165,36278800
2013-07-19,67.4683609008789,67.60404071828815,67.26937165643584,67.58595329641592,37732400
2013-07-22,67.6673355102539,67.82110960155688,67.45929917060397,67.72161156052083,21135900
2013-07-23,67.16985321044922,67.80301629836475,67.11557715937069,67.79396913969165,24739500
2013-07-24,67.3869857788086,67.85733485788704,67.23321847420267,67.83020026307013,24426900
2013-07-25,67.81208038330078,67.89348412879727,67.35077178926856,67.70353515501031,23162200
2013-07-26,68.17387390136719,68.18291415908126,67.43216561216799,67.54070391241758,20885600
2013-07-29,68.04724884033203,68.32764868172829,67.86634015155956,68.03820168065319,20958400
2013-07-30,68.4090805053711,68.69852762529591,68.15581513805733,68.2914949851079,24104600
2013-07-31,68.53569793701172,68.93369022620006,68.40906528153582,68.54474509839204,25007600
2013-08-01,69.23216247558594,69.33166051631208,68.93366835340747,69.00603181956467,16880000
2013-08-02,69.62115478515625,69.63924221350536,69.08748248583495,69.24125668114324,18105300
2013-08-05,69.66633605957031,69.72061211480155,69.44925254152719,69.58493232816437,15462800
2013-08-06,69.25027465820312,69.63921980169982,68.96987475276217,69.57590347140791,23675400
2013-08-07,69.12362670898438,69.25930650130404,68.62614333842681,69.05126323295244,20281200
2013-08-08,69.46736145019531,69.63017584816303,69.01510000039185,69.50353629333297,19994000
2013-08-09,69.18695831298828,69.59399777988769,68.98796216041022,69.34977271955556,18558500
2013-08-12,69.34977722167969,69.47640989045706,68.91561004328949,68.92465030465725,20515900
2013-08-13,69.73871612548828,69.89248336648129,68.9427384359696,69.44022190405794,23917000
2013-08-14,69.47639465332031,69.81107057652595,69.37689659239327,69.7115725155989,29921000
2013-08-15,68.3005142211914,68.73468127307079,68.10151811367966,68.69849953525403,39406600
2013-08-16,68.27338409423828,68.62614743474946,68.155791713427,68.30955893345264,23825000
2013-08-19,68.15579223632812,68.86131892276336,68.13770481658217,68.28242487743387,29586900
2013-08-20,68.45429229736328,68.7708739273118,68.22816157583406,68.28243074069324,18842800
2013-08-21,68.21913146972656,68.82516029870334,67.96586610245052,68.23722579651124,30705100
2013-08-22,68.88845825195312,68.93368025038608,68.48141886028962,68.51760059961268,17269500
2013-08-23,69.34977722167969,69.4402281420974,69.10555904645557,69.37691180770871,20697300
2013-08-26,69.38594818115234,69.90152593842483,69.24122811117924,69.40404250300011,27525500
2013-08-27,67.96583557128906,68.90654001356857,67.80302120818375,68.56282386966207,40068900
2013-08-28,68.2281723022461,68.5176193952701,67.88445603583104,67.88445603583104,20490400
2013-08-29,68.70756530761719,69.05128155854679,68.11058372432235,68.21008180503195,27287900
2013-08-30,68.26435089111328,68.77992871734808,68.02012582023417,68.77992871734808,26228500
2013-09-03,68.65328216552734,69.14172530753046,68.32765340419193,68.82513680553785,27241500
2013-09-04,69.38594818115234,69.50353366931562,68.68042145024916,68.88846474572765,27142900
2013-09-05,69.50352478027344,69.70252088937775,69.40403362668219,69.4311682050217,17809700
2013-09-06,69.58492279052734,69.95577346214714,68.78894539949586,69.73868997385848,27715100
2013-09-09,70.39900207519531,70.51658753964136,69.85628984557911,69.88342442191586,25161900
2013-09-10,70.74276733398438,70.84226545028396,70.48045474564596,70.80608368972364,27619400
2013-09-11,70.60704040527344,70.65226930107504,70.18191362819657,70.27237141979977,28132900
2013-09-12,70.56182098388672,70.77890450953831,70.41709403281175,70.6251372997418,18332700
2013-09-13,70.60704040527344,70.67940387817175,70.22714252399817,70.63417498237015,16932500
2013-09-16,70.4170913696289,71.20402860917503,70.25427700630766,71.20402860917503,25704300
2013-09-17,70.88745880126953,70.97790970679483,70.53469543904762,70.57087028048835,27174300
2013-09-18,71.73771667480469,71.88244366676876,70.85128800239454,70.99600809339582,31714700
2013-09-19,71.90957641601562,72.08143798934307,71.78294375176255,71.96384558613477,26435700
2013-09-20,71.6628189086914,72.16180321256903,71.62652851189254,72.08014808935022,26328900
2013-09-23,71.51762390136719,72.04382397560254,71.18194311159328,71.96216889844389,30319400
2013-09-24,71.51762390136719,71.89866247029008,71.28173991607522,71.67185280950052,21871300
2013-09-25,71.27268981933594,71.67187717295963,71.12753518636254,71.5720803345537,22746400
2013-09-26,71.82610321044922,71.99848081916863,71.53578703463336,71.56300309460303,22421700
2013-09-27,71.73536682128906,71.86237969102409,71.29988918099592,71.40876032148977,25151600
2013-09-30,71.56297302246094,71.75349228387239,70.76460560487763,70.9914152382266,28031900
2013-10-01,72.28880310058594,72.3250934908385,71.53579307663466,71.57208346688722,33129700
2013-10-02,72.26160430908203,72.36140117570731,71.7263295770295,71.79891037488169,25503800
2013-10-03,71.41780853271484,72.32504694004774,71.03677006283816,72.1708180720043,42998200
2013-10-04,72.03475189208984,72.13454869967643,71.35432288855313,71.41782931868262,22852700
2013-10-07,71.43598937988281,71.98940566518915,71.37248293345505,71.39969899311215,20227100
2013-10-08,70.0569839477539,71.49949037302869,70.02976789017258,71.43598393144458,43660700
2013-10-09,69.83927917480469,70.25660839122057,69.26771402835722,70.22031799131231,64526700
2013-10-10,71.31803131103516,71.48133454600335,70.57409588988708,70.59223761746948,48062700
2013-10-11,71.88053131103516,71.93496342268931,71.12752146530072,71.13659579113727,25214100
2013-10-14,72.38860321044922,72.38860321044922,71.38156733096397,71.4359994579574,31471900
2013-10-15,72.10736083984375,72.67891893447936,72.01663139988634,72.33417059636835,38684000
2013-10-16,72.92383575439453,72.96012612878637,72.38856830589756,72.44300040664474,46735900
2013-10-17,73.3411865234375,73.36840950360114,72.53374448733047,72.59725093101248,32193500
2013-10-18,74.52967834472656,74.5568944047412,73.80388444314609,74.01255243939765,39628200
2013-10-21,74.69298553466797,74.8835048864226,74.45710146605958,74.70205294069153,31176900
2013-10-22,74.80182647705078,75.210088036495,74.33006540848798,74.98327836625326,43944800
2013-10-23,74.34819030761719,74.57499992651984,73.98530045471715,74.43891969252246,38021300
2013-10-24,74.6748275756836,74.8290634407601,74.28471459307009,74.39358574694472,23155100
2013-10-25,75.2101058959961,75.5548541848225,74.84720895309891,75.37340917421565,35824500
2013-10-28,75.22823333740234,75.34617880140603,74.89255943937873,75.21916593377296,28618400
2013-10-29,75.35525512695312,75.5367070462569,75.02864859388932,75.48226800962428,36878100
2013-10-30,75.28268432617188,75.74537116532592,74.91978739456778,75.61835827751698,33535500
2013-10-31,75.11030578613281,75.57299954117862,74.82906395545946,75.09215713285398,31309900
2013-11-01,75.12845611572266,75.45506269528805,74.7564917411356,75.36434018356076,30867800
2013-11-04,75.23731994628906,75.36433283465881,74.9742198427565,75.35525850786576,16834000
2013-11-05,75.31895446777344,75.5004063623228,74.7292548451136,74.94699019689081,27975600
2013-11-06,75.30081939697266,75.66371629647531,75.05586796977587,75.63650024030709,25576800
2013-11-07,73.88555908203125,75.41878854897602,73.82205261797655,75.3099242801311,52173200
2013-11-08,74.88350677490234,74.90164850909098,73.9490517262944,74.15771281704234,31470500
2013-11-11,74.76553344726562,74.97419444102744,74.52057515862931,74.7746008493033,24822900
2013-11-12,74.88350677490234,74.99237794508659,74.50246806178372,74.53875845184513,20108500
2013-11-13,75.79076385498047,75.79983818508319,74.39361465165203,74.39361465165203,31345900
2013-11-14,76.02662658691406,76.08105870883793,75.42784555901608,75.59114884647154,31101200
2013-11-15,76.17176055908203,76.17176055908203,75.85422839784448,76.04474769458702,20511300
2013-11-18,75.4278335571289,76.30785630385166,75.28267894786728,76.15362736848533,31679600
2013-11-19,75.2101058959961,75.74537352246473,75.0830930042346,75.38247657956757,25545300
2013-11-20,75.02864074707031,75.690928070319,74.81090538836047,75.40968627691535,32177400
2013-11-21,75.79076385498047,75.85427032232786,75.28271211620134,75.34621858354872,28125000
2013-11-22,76.1989974975586,76.22621355859815,75.86332351582557,75.91775563790468,25361300
2013-11-25,76.38044738769531,76.55281807687419,76.18992804385528,76.47116989595004,21695100
2013-11-26,76.77964782714844,76.97016722066269,76.23530571400978,76.39860904011992,26621000
2013-11-27,77.31489562988281,77.3330373612778,76.8703505330329,76.93385697544004,21638100
2013-11-29,77.77759552001953,77.87738543309464,77.54171146316396,77.62335964341187,16708900
2013-12-02,77.55078887939453,77.98625970142947,77.43284338542698,77.86832112914583,26354600
2013-12-03,77.48727416992188,77.69593523108088,77.18788368563303,77.49634157488832,37147000
2013-12-04,77.55984497070312,77.81387073344625,76.91570623755224,77.16066459568518,37193200
2013-12-05,77.46005249023438,77.71408518890573,77.26953315749333,77.62335576425288,39829300
2013-12-06,78.02255249023438,78.18585578394176,77.65058118502371,78.11327500414201,36842900
2013-12-09,78.34007263183594,78.503375900283,78.20398542118288,78.34007263183594,22590000
2013-12-10,78.28565979003906,78.43081444123824,78.13143081011344,78.21307900359709,26965900
2013-12-11,77.27860260009766,78.38543506274819,77.16973145040514,78.27656391305567,36830600
2013-12-12,77.07902526855469,77.49635438152146,77.02459314302817,77.3058350204943,33662600
2013-12-13,76.97923278808594,77.4782170393153,76.85221987353385,77.44192664634546,34072000
2013-12-16,77.4056167602539,77.85016184923599,77.30581993513995,77.36025205004466,24902500
2013-12-17,77.25138092041016,77.59612915348659,77.10621939805229,77.40560984665363,24454900
2013-12-18,78.14955139160156,78.22213215839666,76.25342558043897,77.34210939563397,68387200
2013-12-19,77.93183898925781,78.03163584260311,77.58708370617957,78.02256151365764,44964100
2013-12-20,78.7254409790039,78.88926298364343,78.0246510913998,78.079256111723,40475400
2013-12-23,79.55367279052734,79.55367279052734,79.13501105773646,79.37164444068966,28181800
2013-12-24,79.59008026123047,79.64469224401766,79.42625820021352,79.57188089608296,13852500
2013-12-26,79.85401153564453,79.91771972545625,79.58097941231084,79.73569830990046,15241100
2013-12-27,79.65374755859375,79.99959781187958,79.5536406861712,79.95408900686763,15827400
2013-12-30,79.53546142578125,79.64467842873839,79.30793121070724,79.53546142578125,18983700
2013-12-31,80.05421447753906,80.05421447753906,79.65375915487417,79.6810686080584,24890500
2014-01-02,79.42622375488281,79.70836586985318,79.19869359901568,79.68106336213621,29177500
2014-01-03,78.85286712646484,79.49905207408989,78.83466776531759,79.42624074215927,35723700
2014-01-06,78.56161499023438,78.96207030208251,78.27037665716381,78.871059624936,32073100
2014-01-07,79.28974914550781,79.40806238343434,78.78007663086231,78.92569933323892,25860600
2014-01-08,79.46261596679688,79.68104987890892,79.13497204229692,79.3078971534686,27197400
2014-01-09,79.19866943359375,79.76294654769063,78.9256374960634,79.75384340000613,23674700
2014-01-10,79.45355987548828,79.54457057964974,78.79827169565118,79.3898516882081,38008900
2014-01-13,78.27949523925781,79.61737398242391,77.97915369616523,79.34433495349049,48842300
2014-01-14,79.7720947265625,79.83580290898279,78.54343295493086,78.54343295493086,37178900
2014-01-15,80.42737579345703,80.58209465950904,80.03602358047985,80.1179311176825,39835600
2014-01-16,80.43647766113281,80.55479781475537,80.23625690821576,80.36367327083161,31630100
2014-01-17,79.98139190673828,80.42735597831414,79.79026742334953,80.19072268968907,36895800
2014-01-21,80.59117889404297,80.62757760625314,79.91768467578416,80.49106507629284,26412700
2014-01-22,80.80052947998047,81.00075718175421,80.56389611027775,80.80052947998047,29376900
2014-01-23,80.52748107910156,80.56387979598858,79.96320375597618,80.55478358860171,35011900
2014-01-24,78.9438705444336,80.25444662372499,78.91656803339338,80.13613342799403,63974600
2014-01-27,78.17938232421875,79.08040002057444,77.58780238358624,78.9438805044791,63519300
2014-01-28,78.13385009765625,78.21576456024268,77.64238415314456,77.81530928464005,44378800
2014-01-29,77.29654693603516,78.03374243916646,77.1418280923085,77.46036893047206,51939300
2014-01-30,78.7254409790039,78.99847996795975,78.1611636422078,78.24307811636251,65833600
2014-01-31,78.51612091064453,78.88927378372482,77.76982210815484,77.85173659352381,45187000
2014-02-03,76.7140884399414,78.72545471562019,76.51386073892586,78.37050813424575,65596900
2014-02-04,77.27838134765625,77.58781917032877,76.86882271075892,77.10545612694365,37675500
2014-02-05,77.07811737060547,77.35114938984009,76.21349861718937,77.02350541182314,41721800
2014-02-06,78.0610580444336,78.16117188803453,77.28745675233874,77.30566305681383,32308600
2014-02-07,79.45355987548828,79.50816490925082,78.27039989037443,78.4979301226139,38359400
2014-02-10,79.90858459472656,79.94498330517172,79.3716098761353,79.42621488547157,30205400
2014-02-11,80.81874084472656,80.97345973535612,79.99052747075963,80.0815381744434,38635500
2014-02-12,80.97343444824219,81.15545579876645,80.72769798699807,80.98253759886923,32507200
2014-02-13,81.57413482666016,81.63784301274066,80.36367929113057,80.38187865415149,40454500
2014-02-14,81.7379379272461,81.91996623363113,81.3010838792618,81.54681341329423,33212400
2014-02-18,82.1384048461914,82.29312372069491,81.67424127901002,81.8744689724479,29546600
2014-02-19,81.57413482666016,82.17481796142336,81.41031278478579,81.98369340318183,41749900
2014-02-20,81.95636749267578,82.11108633704002,81.28287321073229,81.62872350245179,41814800
2014-02-21,81.84715270996094,82.33861870847869,81.74703888005901,82.22029857659292,31192200
2014-02-24,82.28402709960938,82.65717302705256,81.94727989472628,82.03829058846821,31500400
2014-02-25,82.19300079345703,82.56615362521535,81.92906494887264,82.40233161628952,26771700
2014-02-26,82.12020111083984,82.67536839897829,81.79255707424208,82.41143948296336,42953700
2014-02-27,82.65296936035156,82.73521686540926,82.00410236576235,82.13204757751284,28742400
2014-02-28,82.56159973144531,83.12821939793552,81.83048500346692,82.63471329599113,48609800
2014-03-03,81.94927978515625,82.16862045328273,81.21816514221209,81.78477777030763,38885700
2014-03-04,82.99110412597656,83.14647213931605,82.76262954620238,82.84488402061632,33189000
2014-03-05,83.2196044921875,83.36583161534853,82.95457306082787,83.12821602645835,27203300
2014-03-06,83.14653778076172,83.47553502067743,82.84494942396795,83.41156236673599,24063900
2014-03-07,82.73524475097656,83.4937823137957,82.31485220317755,83.41152780852337,31167800
2014-03-10,82.8083724975586,82.85407022747896,82.27830950945885,82.68956816125817,18131700
2014-03-11,82.45195770263672,83.21962941162617,82.20520110153647,83.0094365747579,27484300
2014-03-12,82.76265716552734,82.80835488572863,81.77565195061527,82.07723319746701,27977200
2014-03-13,81.59286499023438,83.10079905805985,81.21817019407369,83.07338321596185,48542000
2014-03-14,81.035400390625,81.68426766563718,80.99884360397013,81.32784771136984,38732300
2014-03-17,81.74823760986328,82.16863715631722,81.51062896316448,81.55631971560938,28467200
2014-03-18,82.73524475097656,82.83577416159083,81.82134608902389,81.84876193328351,31250200
2014-03-19,82.28746032714844,82.85408017269859,81.74825633384344,82.7626847018874,40869400
2014-03-20,82.51590728759766,82.76265684725348,81.86704010369502,82.03154213429661,31634500
2014-03-21,81.52297973632812,83.03436221901505,81.36726336237149,82.98855999682172,62754000
2014-03-24,80.80850219726562,81.88020700680745,80.06655378888085,81.81608809482898,77735300
2014-03-25,81.07412719726562,81.75195658925473,80.39629081684032,81.2298435325919,41723300
2014-03-26,80.02992248535156,81.66038099345458,80.02076064304815,81.4771790895768,40930400
2014-03-27,79.58109283447266,80.27724617781746,79.14142218805199,79.92001115693607,64784500
2014-03-28,79.7367935180664,80.61614154899773,79.51695126900587,79.83755280177658,39895100
2014-03-31,80.3047103881836,80.84514723899098,80.25891515609197,80.35967445050628,33924300
2014-04-01,81.71533203125,81.77028910413271,80.34134930168163,80.69858425229441,38683800
2014-04-02,81.926025390625,82.14586070529597,81.55962854054764,82.0634180945202,34631600
2014-04-03,81.27570343017578,82.14589014609761,80.80854710418895,82.00849040452019,30319100
2014-04-04,79.11392974853516,81.89853564431337,78.90324931732385,81.81609304481758,131213200
2014-04-07,78.36283111572266,79.35209353783446,77.81323233979097,78.61930681732345,83995800
2014-04-08,79.08646392822266,79.19638509212572,78.17963703845054,78.45443645398848,51495700
2014-04-09,80.44209289550781,80.4878951062632,79.16886970699316,79.37955009265731,45685200
2014-04-10,77.95063018798828,80.49707743421155,77.73079487588431,80.49707743421155,73659600
2014-04-11,77.04380798339844,78.26207459790056,76.86061304384519,77.25448146504077,93657400
2014-04-14,77.64833068847656,78.06052964611946,76.93386088135283,77.72161143496018,46500700
2014-04-15,77.90483093261719,78.35366337664517,76.28352724480703,77.93230947165834,84631500
2014-04-16,78.93988037109375,78.93988037109375,77.94144938389474,78.5826454551663,46970900
2014-04-17,78.95822143554688,79.35209684755887,78.43610816738575,78.63762679517409,53719500
2014-04-21,79.54442596435547,79.54442596435547,78.77499909508559,79.14139583740122,25947900
2014-04-22,80.17646789550781,80.37798647262046,79.68183329398691,79.81923295914892,38593400
2014-04-23,79.47119140625,80.20397826389586,79.42538917020461,80.17649971764465,34376700
2014-04-24,80.2314224243164,80.79933776105608,79.370398060892,80.78102106755217,48926300
2014-04-25,78.94904327392578,79.84670800197055,78.75668654648761,79.75511055868148,44334000
2014-04-28,79.2055435180664,79.79177572337137,77.95979833468358,79.32461953249303,58623800
2014-04-29,79.83753967285156,79.9840941596881,79.05894406523004,79.44366444360196,36742700
2014-04-30,80.04826354980469,80.1307061787564,79.26967443951072,79.47119310090355,38689400
2014-05-01,80.2863998413086,80.74439412792366,79.97496009242248,80.17647869668322,37127200
2014-05-02,80.13984680175781,80.70776229313913,79.94749001962195,80.56120075145145,40074200
2014-05-05,80.56121826171875,80.5795419526319,79.47119625936205,79.66355308330735,27924400
2014-05-06,79.51696014404297,80.4787508728285,79.48031976511005,80.43294865205291,33698500
2014-05-07,79.28794860839844,79.76426645952962,78.34448173475022,79.68182387480304,67489100
2014-05-08,79.2146987915039,80.1764826477287,78.82082340606749,79.00401833436597,46556900
2014-05-09,79.5078125,79.56276957916376,78.63761914542324,79.16889420546737,35081500
2014-05-12,80.81767272949219,80.84515126780404,79.91083903457263,79.98411979569627,38951100
2014-05-13,80.87261962890625,81.16573564807636,80.71690327244275,80.89093632266314,30311900
2014-05-14,80.45130157470703,80.92761269706862,80.25894475672791,80.62533470234133,26483600
2014-05-15,79.8192367553711,80.57034704041754,79.30628543536989,80.43294736872076,59680300
2014-05-16,80.34133911132812,80.38714132521261,79.36123183475526,79.91082345918586,66804100
2014-05-19,80.90010833740234,81.02834617513857,79.96580309269008,80.10319578423746,32017000
2014-05-20,80.60700988769531,81.1566017392417,80.27725337907958,80.86348561918766,33716000
2014-05-21,81.37640380859375,81.42220602267793,80.70773620895956,80.75353842304374,36837700
2014-05-22,81.73369598388672,81.96269321830613,81.33982046114771,81.4680583533473,30617100
2014-05-23,82.32905578613281,82.34737947231133,81.63290945699983,81.816104388153,22687300
2014-05-27,83.35493469238281,83.37325138333739,82.62214126235007,82.69542200304056,29725200
2014-05-28,83.09848022460938,83.44655334876795,83.03436130730549,83.32747735618582,30468100
2014-05-29,83.62975311279297,83.63890796614713,83.22671593520415,83.39159414526887,33036100
2014-05-30,83.63890075683594,83.76713857711744,83.1992302268528,83.64806259783806,29906400
2014-06-02,83.55648803710938,83.75800666372454,83.02521292847648,83.7396829767019,30409900
2014-06-03,83.51984405517578,83.6572437481733,83.17177088956227,83.28168505320933,21774500
2014-06-04,83.83126068115234,83.96866034767078,83.18090971396494,83.30914753913217,20118300
2014-06-05,84.53661346435547,84.69232989468613,83.6206245963769,83.90457890914931,35583100
2014-06-06,85.02204132080078,85.02204132080078,84.68312310369092,84.84800129195561,22680600
2014-06-09,84.95793914794922,85.16861959217766,84.72894200738871,85.0403747641007,23399500
2014-06-10,85.10449981689453,85.15029505148343,84.78389823258198,84.88465753249083,20626000
2014-06-11,85.08619689941406,85.20527292453392,84.72896183561477,84.81139747105779,22878200
2014-06-12,84.31673431396484,84.99456376756382,84.02361830794068,84.90296632601319,35275900
2014-06-13,84.56404876708984,84.774729173899,84.19765200958173,84.68312474319431,39447100
2014-06-16,84.63734436035156,84.88465819669334,84.2343071575625,84.41750906266576,25212300
2014-06-17,84.68315124511719,84.91214841667072,84.43583737475258,84.5732370753725,19977900
2014-06-18,85.1594467163086,85.27852269813454,84.25262011394251,84.76557140603853,34514000
2014-06-19,85.10449981689453,85.34265180900813,84.71977931340707,85.28769473212623,38422200
2014-06-20,85.20458984375,85.29644043489215,84.98416384088469,85.14029863428027,25897500
2014-06-23,85.22298431396484,85.25053669538774,84.96581941106038,85.19543193254194,20837900
2014-06-24,85.1402816772461,85.93933541341104,84.89230334931347,85.21375933263906,31945800
2014-06-25,85.68222045898438,85.82916884801965,84.93827803529942,84.94745749215109,32818600
2014-06-26,85.72811889648438,85.74649182036752,85.0668407882555,85.73730535842594,22563900
2014-06-27,86.10469055175781,86.12305646923309,85.59036077583829,85.61791315566003,22877800
2014-06-30,86.25165557861328,86.46289518571231,86.03122250092069,86.08633427395306,19751900
2014-07-01,87.19766998291016,87.42728254805814,86.51801174487414,86.55475059616414,31862500
2014-07-02,87.34457397460938,87.47315638514301,87.17007327872277,87.25273039668761,18777300
2014-07-03,87.89566802978516,87.89566802978516,87.39052470059477,87.62932367846211,15291700
2014-07-07,87.62928771972656,87.90481842061587,87.46396649630697,87.79460193593114,23266400
2014-07-08,86.57310485839844,87.52829376432115,86.21490989457965,87.46400254023106,40612400
2014-07-09,87.21599578857422,87.31702583134653,86.55471078396137,86.80269616429926,29919000
2014-07-10,86.94049835205078,87.2986933655864,85.99448877025227,86.09551885173349,44245300
2014-07-11,87.500732421875,87.500732421875,86.8945590378825,87.16091039093993,19566300
2014-07-14,88.02424621582031,88.22630634060035,87.74871541520733,87.89566377409074,19579000
2014-07-15,87.72116088867188,88.29059540033089,87.09661461246523,88.1620129617487,39467500
2014-07-16,88.07017517089844,88.44674305673138,87.9783315668863,88.35489244550142,22052600
2014-07-17,86.90373992919922,88.1436460050218,86.6282021313643,87.8313693669944,43111500
2014-07-18,88.28140258789062,88.32732087631224,87.25273622766139,87.35376627229176,36682200
2014-07-21,88.17121887207031,88.31817426698885,87.75791908649505,88.09774117461106,29750700
2014-07-22,88.73145294189453,88.86922184004844,88.49265398557557,88.5844975819391,25770400
2014-07-23,89.30094909667969,89.40197220944641,88.87845568188074,89.04377705938681,28947500
2014-07-24,89.19987487792969,89.55806985090433,89.07129242646279,89.45703978086348,24707200
2014-07-25,88.85084533691406,88.97024831387178,88.3824409121655,88.74063582860474,29898900
2014-07-28,88.87840270996094,89.10801520813479,88.18956521543936,88.94269392916092,25603400
2014-07-29,88.72224426269531,89.2733127100978,88.64876660111753,89.0712596515821,27022200
2014-07-30,89.07129669189453,89.38356637263432,88.72228115786959,89.21824506894313,35348500
2014-07-31,87.27110290527344,88.48345644423075,87.14252048502163,88.33650810989285,50047900
2014-08-01,86.94967651367188,87.56503645009636,86.3710554251678,87.08744544156868,60708000
2014-08-04,87.54664611816406,87.88647511125548,86.81188337907548,87.13334645693723,33230500
2014-08-05,86.8761978149414,87.44563944030588,86.47208450691957,87.19766097872927,50331100
2014-08-06,86.81189727783203,87.35378646129118,86.26082863889681,86.33430632601295,34431900
2014-08-07,86.53633880615234,87.38131091629278,86.23324869907512,87.2159896767248,33274700
2014-08-08,87.16087341308594,87.26190343542582,86.30671495607629,86.67409621847455,40236900
2014-08-11,87.67521667480469,87.95075441645807,87.43641776585282,87.5007089712765,28277500
2014-08-12,87.63849639892578,87.8681088965171,87.18845786566763,87.5833916418134,28152300
2014-08-13,88.56610107421875,88.60283990151777,87.95074148319357,87.99665976190622,27996500
2014-08-14,89.02538299560547,89.04374891742543,88.56615787069411,88.6855538805721,25006600
2014-08-15,89.45702362060547,89.66826317819041,88.61205137583207,89.53968074995171,55205500
2014-08-18,90.14588165283203,90.22853880105976,89.79686611884365,89.92545558367301,38938300
2014-08-19,90.6510009765625,90.70611273464874,90.30199254236014,90.35709729322986,21363400
2014-08-20,90.6510009765625,90.83469515815575,90.49486617762065,90.57753031114174,23435600
2014-08-21,90.8346939086914,90.8806121980457,90.55915614369994,90.69692502619567,19339500
2014-08-22,90.97248077392578,91.15616798208568,90.66939057396591,90.87145070727249,24692000
2014-08-25,91.29395294189453,91.5511178814168,91.07352685190673,91.4041624832789,24124700
2014-08-26,91.38578033447266,91.48681040094749,91.17453373896588,91.43170564004042,20100400
2014-08-27,91.40412902832031,91.51434553658324,91.21125539427257,91.41331548914634,15589100
2014-08-28,91.3031005859375,91.41331008046313,91.00001046155987,91.09185404273659,23563900
2014-08-29,91.64295196533203,91.76235496569883,91.1745404415339,91.50518304571865,17906300
2014-09-02,91.9093017578125,91.9368541398168,91.53274085838999,91.86337644965985,18326800
2014-09-03,91.367431640625,92.1572923889915,91.20211031952059,92.1572923889915,25950700
2014-09-04,91.28474426269531,92.04705943877616,91.05513176439752,91.5786479802278,24663500
2014-09-05,91.74396514892578,91.79906990373887,90.95409762959206,91.4225090671544,30798200
2014-09-08,91.9184799194336,92.14809242502338,91.4959937500145,91.7715245523917,25571300
2014-09-09,91.15614318847656,92.26746661217545,90.98163548313663,91.9276376615703,36449200
2014-09-10,91.9093017578125,91.94604060289097,91.01840403450952,91.27556894284064,31080100
2014-09-11,91.8357925415039,91.88171783389095,91.14695519899323,91.51433651644209,28691900
2014-09-12,91.367431640625,91.78073143977647,91.08270730542237,91.75317905412892,30444400
2014-09-15,90.48567962646484,91.47760718442916,90.21014886517467,91.46842072355453,32972200
2014-09-16,91.27555847167969,91.45006621397832,90.0540252972415,90.14586889579226,38166900
2014-09-17,91.413330078125,91.84500271202634,90.86226146329636,91.25719525524678,37196500
2014-09-18,92.10216522216797,92.11135168422308,91.59702192461542,91.69804497835199,30196700
2014-09-19,92.0450668334961,92.57902965868485,91.67681152296583,92.48696758702374,46918000
2014-09-22,91.18890380859375,91.8333455290671,90.79303045919212,91.8241372119495,48658000
2014-09-23,90.94031524658203,91.34539685445037,90.75619107421657,90.82063523693319,33989600
2014-09-24,91.91618347167969,91.9622180254467,90.71936233649161,91.0323748256697,35959000
2014-09-25,89.98284912109375,91.74126507264589,89.94602288387999,91.62157804572956,68642500
2014-09-26,90.94031524658203,91.10602981126573,90.12095073894794,90.27745698784727,56106200
2014-09-29,90.82064056396484,91.06920891362654,89.99206769194694,90.03810224968191,33342700
2014-09-30,90.94954681396484,91.41907270458587,90.51684717200907,91.06922685421036,41834300
2014-10-01,89.49491882324219,90.78380910295581,89.2095242485787,90.69174701666633,58164900
2014-10-02,89.49491882324219,89.77111210599759,88.35333350070128,89.458092583949,54501300
2014-10-03,90.37873840332031,90.74699381681359,89.7066787707913,90.01969130673352,41627800
2014-10-06,90.18538665771484,90.88507109174112,89.90920042441316,90.66412070032251,36038700
2014-10-07,88.90572357177734,90.01969110275161,88.89651525489172,89.76191442105677,45154000
2014-10-08,90.63650512695312,90.92190672859313,88.43618822854663,88.95174856034535,64931600
2014-10-09,89.17267608642578,90.74696055376934,89.03457947899875,90.51680188268604,62497100
2014-10-10,86.94477844238281,89.1450957024267,86.92636180756648,88.64795192070838,77579400
2014-10-13,85.58222961425781,87.4511175591531,85.50857712778713,86.78825922869241,80835900
2014-10-14,85.59142303466797,86.69618204390456,85.35205600724167,86.11618461763832,71814500
2014-10-15,85.03907012939453,85.39811727089699,83.07811279238561,84.3025592102728,108847800
2014-10-16,84.50509643554688,85.23239900537958,83.2162058943736,83.24382382347423,93165800
2014-10-17,85.61903381347656,86.43839819881293,85.12189019362877,85.61903381347656,69546700
2014-10-20,86.89875030517578,86.97240280211118,85.43494380400047,85.60985970436116,41479300
2014-10-21,89.18190002441406,89.18190002441406,87.7549132041388,87.97586360040088,53609800
2014-10-22,88.7215805053711,89.57777117252971,88.66633763969595,89.45808415013882,39178000
2014-10-23,90.05652618408203,90.55366998637535,89.45811195777219,89.61461824074736,48123800
2014-10-24,90.79302978515625,90.85747395672516,89.8908043593036,90.24985146145723,43157600
2014-10-27,90.85748291015625,91.02319751393328,90.24065203705428,90.61811581050307,29545700
2014-10-28,92.22918701171875,92.24759661570518,91.21649021921257,91.28093436899336,34495100
2014-10-29,91.88859558105469,92.17399726469225,91.23494544247285,91.92542183132691,40552800
2014-10-30,92.08191680908203,92.30287428355709,91.27176047433804,91.47430131399608,35935800
2014-10-31,93.35238647460938,93.67460730626624,93.0485752516669,93.61016313993485,54254100
2014-11-03,93.62854766845703,93.87712297478336,93.37997938601616,93.51807599798796,33481000
2014-11-04,93.31555938720703,93.55492644164781,92.68031902206651,93.3339689957545,22773300
2014-11-05,93.32474517822266,93.93236044805481,93.00251740337416,93.93236044805481,25818600
2014-11-06,93.6193618774414,93.6469797996309,92.91046909644032,93.3155506855838,24671900
2014-11-07,93.53651428222656,93.82191590751513,93.04857885768133,93.78508966477185,20931700
2014-11-10,93.8679428100586,93.98762283025154,93.33397282971302,93.58254821058212,20360000
2014-11-11,94.16254425048828,94.16254425048828,93.62857427851067,93.88635797193561,15454000
2014-11-12,94.3282699584961,94.42954037974884,93.78509862985702,93.78509862985702,22050300
2014-11-13,94.73333740234375,95.08317615342438,94.2914295375007,94.50317866571216,28027800
2014-11-14,95.0279312133789,95.0279312133789,94.39269091340239,94.70571041769753,19251300
2014-11-17,94.7425537109375,95.01874000386204,94.29143749188479,94.80699788167534,23361600
2014-11-18,95.45143127441406,95.58031960466246,94.81619091541323,94.82539923154161,26336800
2014-11-19,95.01873016357422,95.35015929987061,94.57682933110378,95.35015929987061,23760200
2014-11-20,95.44220733642578,95.52506812024419,94.5399891723609,94.61363461767208,22874000
2014-11-21,95.6263656616211,96.38128612553008,95.32255440783273,96.28921700094836,34049100
2014-11-24,96.37206268310547,96.4180972381714,95.80126651016786,95.88412730450916,17928300
2014-11-25,96.51937866210938,96.80478031388189,96.2708102803857,96.51937866210938,17526000
2014-11-26,97.1453857421875,97.20062860912363,96.5101524754568,96.61142287030552,18973800
2014-11-28,97.59652709960938,97.81747755280463,97.33875040023351,97.40319457507748,17360400
2014-12-01,96.49174499511719,97.51365033175829,96.13269793347432,97.32952615487527,35969500
2014-12-02,96.8783950805664,97.05331090185452,96.39045277686547,96.59299353993275,26031300
2014-12-03,97.05335998535156,97.19145666854583,96.44574441274148,97.02574205349052,32974300
2014-12-04,97.00730895996094,97.3847656438483,96.60222732700997,96.96127440207565,31008800
2014-12-05,97.01652526855469,97.31112822251174,96.8047831268388,97.16383025747744,25622200
2014-12-08,96.32605743408203,97.19145676062284,95.8197122937421,96.76796541594453,32685800
2014-12-09,96.62985229492188,96.70350478335145,94.86223471593932,95.20287220701022,46035100
2014-12-10,95.11082458496094,96.69431832471668,94.93590866525965,96.45495119515397,39330100
2014-12-11,95.56192779541016,96.70351337190499,95.36858824013943,95.3870048758264,47576000
2014-12-12,94.52159118652344,95.7368290724266,94.51238989397348,94.65047952109745,46889400
2014-12-15,93.54570007324219,95.35935170427112,93.27871514555858,95.00950599439595,52968400
2014-12-16,92.0450668334961,94.33744543012108,92.02665020483238,92.95649328354698,65348600
2014-12-17,93.72066497802734,93.98764300161062,91.98986632874298,92.10955339851039,79715300
2014-12-18,95.9761962890625,95.98540460551493,94.80699295955274,95.06476962912105,49840900
2014-12-19,96.39851379394531,96.7866196164237,95.8348332684151,96.07509227521331,51419900
2014-12-22,96.63876342773438,96.66648426235699,96.19520892359351,96.24141501467099,33869200
2014-12-23,96.29684448242188,96.99913608746805,96.18595410792234,96.98989346041172,30156900
2014-12-24,96.3800277709961,96.74964830525688,96.35229988587272,96.41698418437434,14291300
2014-12-26,97.06378936767578,97.2670847976152,96.62947768554274,96.65719850779693,13924300
2014-12-29,97.04534149169922,97.25787962759081,96.91597290465538,96.97142162057362,17073800
2014-12-30,96.39851379394531,96.9899151567868,96.2691451864525,96.76814140823632,18604000
2014-12-31,95.40975952148438,96.9437115815971,95.2711482913443,96.56484135588491,24367100
2015-01-02,95.12329864501953,96.28761602332015,94.66126592504187,95.88103202378049,31314600
2015-01-05,93.7279281616211,94.81832531730919,93.45994842292869,94.7074349616255,36521300
2015-01-06,92.47123718261719,94.02366755296337,92.05541051469216,93.86657810508596,66205500
2015-01-07,93.66326141357422,93.88503511639175,92.85932204702968,93.0811027999061,37577400
2015-01-08,95.45597839355469,95.64078869177527,94.35633808397756,94.45798586301717,40212600
2015-01-09,94.82758331298828,95.77936944085704,94.27313849475985,95.75164860995736,41410100
2015-01-12,93.83882141113281,95.11402881556135,93.59856249143778,95.01238108223106,34129800
2015-01-13,93.81110382080078,95.7516465425846,93.05337057564869,94.75365435139153,56162300
2015-01-14,93.29361724853516,93.77413507740303,92.47119982418653,92.86854812303366,51354200
2015-01-15,92.08312225341797,93.87580440805976,91.97223186290061,93.72795760409643,51005400
2015-01-16,93.16426849365234,93.28439445137431,91.81513392592748,91.96298071619611,35362200
2015-01-20,93.90351867675781,94.14377057961799,92.6745101311271,93.72794401307948,30964100
2015-01-21,94.38402557373047,94.8275800028182,93.29362827936737,93.62629233866855,40128800
2015-01-22,96.13050079345703,96.23214852857924,93.92198554863437,94.75364563142611,40887200
2015-01-23,96.34306335449219,96.6387640090115,95.84406717810467,96.12128257605792,34783000
2015-01-26,96.23217010498047,96.40774478684075,95.74241657143284,96.23217010498047,19960900
2015-01-27,93.7372055053711,94.77215434151152,93.42301957292833,94.71671266816406,45253200
2015-01-28,93.25667572021484,95.34506543651878,93.23819751478706,95.24341768151774,43591700
2015-01-29,94.15299987792969,94.32857451675284,92.36955381270101,93.18272862661762,46539700
2015-01-30,93.42300415039062,94.79062395102585,93.29363556722961,94.06985411625475,42927600
2015-02-02,94.2362060546875,94.31936856853784,92.17553681631615,93.63556204887985,43624700
2015-02-03,95.14177703857422,95.20646133749568,93.95897440111891,94.57809655509007,30750400
2015-02-04,95.05858612060547,95.68695071519801,94.54110483384484,94.75364292395224,34073200
2015-02-05,95.88099670410156,95.9456809790683,95.05857932949996,95.29883117934372,23605500
2015-02-06,95.29883575439453,96.25986435007769,94.95693616318117,96.02884806409783,34169300
2015-02-09,94.9939193725586,95.446709413238,94.76290303853006,94.92923508103296,22604700
2015-02-10,96.47241973876953,96.60178831811757,95.37277976425241,95.52063359782665,23686500
2015-02-11,96.82357025146484,97.04534397062508,96.39850101888295,96.58331127650658,20303600
2015-02-12,97.95093536376953,97.9878988268951,97.30409238422136,97.45193918666392,22520300
2015-02-13,98.79181671142578,98.81029491392313,98.04331908420697,98.22813635947134,29030200
2015-02-17,98.88423156738281,98.94891585758432,98.54232486199834,98.79182644567479,17675300
2015-02-18,99.02284240722656,99.0782840700337,98.63472961739998,98.76409819732255,15149600
2015-02-19,99.51258850097656,99.57727278613133,98.93042288452543,98.95814371386913,19828100
2015-02-20,100.17791748046875,100.23335913964043,99.13371923234635,99.4479050844554,28336700
2015-02-23,100.27959442138672,100.30732231105404,99.90073119666462,100.1225049635766,17868000
2015-02-24,100.35348510742188,100.47361810239909,99.84525344809606,100.1501896236682,19745000
2015-02-25,100.10400390625,100.59375742767783,99.88222313989604,100.2056516616474,19472300
2015-02-26,100.61223602294922,100.66768473978217,99.92842961585711,100.20565204984385,22255500
2015-02-27,100.16868591308594,100.63996121825166,100.0115964947171,100.57526987533124,27757600
2015-03-02,101.07428741455078,101.11125088259229,100.34427478336768,100.36276004241876,22988600
2015-03-03,100.6030044555664,100.87098427242034,99.96539706201536,100.76933651257714,20788900
2015-03-04,100.2148666381836,100.41816210718692,99.66967156227277,100.27031534340315,21007400
2015-03-05,100.39046478271484,100.69540805761221,99.97463817153445,100.47363433498664,15381000
2015-03-06,99.25386810302734,100.45514889426245,99.00436649673007,100.2610960060643,30990400
2015-03-09,99.54032135009766,99.78981589437652,99.05056783906417,99.45715180196525,26237100
2015-03-10,97.69217681884766,98.85650097760151,97.69217681884766,98.82877309877318,34234500
2015-03-11,97.1285171508789,97.96017744137973,97.09155368796112,97.84004442438201,25459700
2015-03-12,97.7660903930664,97.8769736930219,96.98987204309189,97.05455631808499,21473200
2015-03-13,97.34103393554688,98.06181078135984,96.73115451223886,97.67369800282712,42021100
2015-03-16,98.59777069091797,98.63473415117473,97.59978546422239,97.70143321741367,25674100
2015-03-17,98.7548828125,98.91197225594601,98.09879715158407,98.32981352726124,19603800
2015-03-18,99.72512817382812,100.17792525908352,97.97864527372572,98.48688402245772,40622200
2015-03-19,99.87299346923828,100.15020886848785,99.67894057474567,99.82678737766682,31314000
2015-03-20,100.51947021484375,101.0196140142989,100.50094951098566,100.69544869972812,31761400
2015-03-23,100.32493591308594,100.74171873362391,100.28788745206256,100.46386587535574,17268500
2015-03-24,99.96376037597656,100.77880563052544,99.94523967153701,100.31571029052115,22445300
2015-03-25,97.67603302001953,100.21379258895301,97.63898455823498,100.12117496762741,41581400
2015-03-26,97.3426284790039,97.89834141337393,96.54610401543998,96.87026930496638,47846300
2015-03-27,97.73161315917969,97.96316077164259,97.1759003025232,97.32409416631019,33878400
2015-03-30,98.85232543945312,98.93567920129806,98.32439708228145,98.32439708228145,30570200
2015-03-31,97.80573272705078,98.7782357509782,97.7779481377284,98.57447267424871,30488100
2015-04-01,97.29633331298828,97.82426171550908,96.66652337083417,97.8057339448808,32970500
2015-04-02,97.36117553710938,97.67607700467445,97.04626700326956,97.38896012939162,19164200
2015-04-06,98.15767669677734,98.42626573549055,96.6387177077547,96.78691158620492,24451100
2015-04-07,97.99093627929688,98.82450189383673,97.99093627929688,98.10207459255756,19379400
2015-04-08,98.76895141601562,98.90788140013657,98.01873939454403,98.02799621155225,25866900
2015-04-09,99.38949584960938,99.42654431590549,98.38921552470401,98.72263758882418,23114700
2015-04-10,99.79704284667969,99.80630673176508,99.13018444600988,99.35246822414184,17164300
2015-04-13,99.5469741821289,100.38054011420165,99.43582876025806,99.87113949640985,17783500
2015-04-14,99.25983428955078,99.7321934235852,98.69485751867718,99.4450766295019,23755700
2015-04-15,99.88038635253906,100.09341328997448,99.3987703716857,99.51917260033075,21128600
2015-04-16,99.74146270751953,99.91743410715989,99.47286659975218,99.61179659566952,16195300
2015-04-17,98.18547821044922,99.05609266449015,97.7594313358602,98.78750357946986,46514000
2015-04-20,99.65811920166016,99.83409769815451,98.63931083167705,98.67635930811136,28945900
2015-04-21,100.08414459228516,100.40831692491403,99.96374236943086,100.23233846620383,22759800
2015-04-22,100.63060760498047,100.79732219149251,99.69515314364766,100.34348372104267,21429200
2015-04-23,101.01036071777344,101.46419927202062,100.26941235912281,100.28793306492236,29473200
2015-04-24,102.38109588623047,102.5200258706424,101.90873676573892,102.07545133377873,32508100
2015-04-27,102.12178802490234,102.95536106378489,101.89949717035086,102.76085479948378,31121300
2015-04-28,101.91801452636719,102.39037371117595,101.05665698525635,102.19586746675142,36849200
2015-04-29,101.27896118164062,101.94581967912458,100.72324812249563,101.35305814053326,34043900
2015-04-30,99.68588256835938,101.11221680916555,99.15795425755155,100.70469778770153,44080500
2015-05-01,101.00110626220703,101.06593933343498,100.05638771999998,100.07491549250784,32874300
2015-05-04,101.16780853271484,101.79761846187333,101.11223228825085,101.32525924843598,23507300
2015-05-05,99.51915740966797,100.95475538151021,99.47285212861402,100.76952012475022,47843300
2015-05-06,98.83380126953125,99.98227567206054,98.17620677024941,99.69515883799664,42687200
2015-05-07,99.42654418945312,99.70440415318437,98.73190134639742,98.8059982788954,29335800
2015-05-08,100.66764831542969,100.88066817460611,100.3064345835455,100.45462138998047,33023300
2015-05-11,100.27863311767578,100.93623453061102,100.20454325484641,100.73247150871808,19679300
2015-05-12,99.82481384277344,100.33422145899645,98.9171510836689,99.68588385050599,33665000
2015-05-13,100.02857971191406,100.77879179854601,99.88038583164087,100.26012735013609,20738400
2015-05-14,101.49195861816406,101.57531237294009,100.47315046202199,100.84362101605703,23904200
2015-05-15,101.49195861816406,101.89022082339731,101.24188322129027,101.75129083249773,23937400
2015-05-18,101.9365234375,102.14028647664183,101.25114445097327,101.32524138634716,17631100
2015-05-19,101.82539367675781,102.20512813655418,101.6586790912617,102.0476774353282,14212900
2015-05-20,101.89019012451172,102.50147200751235,101.35299809023155,101.89944693918257,21131900
2015-05-21,102.41815185546875,102.55708185005756,101.5660582525246,101.71424506481908,16771800
2015-05-22,102.31626892089844,102.68674654594011,102.2329080987844,102.29774115319623,13543800
2015-05-26,101.14000701904297,102.23291216998832,100.73248797491424,102.09398923805423,25488400
2015-05-27,102.77009582519531,102.88124122774829,101.22335940426444,101.44564314309774,30572700
2015-05-28,102.53857421875,102.81643426249408,102.22367276436285,102.5756226956675,17302400
2015-05-29,101.92725372314453,102.61263262294837,101.6864422467863,102.4737026532697,30383000
2015-06-01,102.26993560791016,102.54779553631285,101.4363628889736,102.47369861323592,24570200
2015-06-02,101.9457778930664,102.44592156117793,101.39006506169984,101.89020872981136,19449600
2015-06-03,102.2514419555664,102.63117642079943,102.00136654060528,102.4088926590466,20507200
2015-06-04,101.47344207763672,102.32554281850247,101.14927677385425,101.67720514466389,31374600
2015-06-05,101.23263549804688,101.5938492670716,100.61208242511789,101.35303773229728,22641700
2015-06-08,100.2045669555664,101.26042371304452,100.00080388547875,101.18632676641741,24549200
2015-06-09,100.03784942626953,100.3990631976458,99.28763022964118,99.96375248181451,27554600
2015-06-10,101.40858459472656,101.70496523913249,100.26937436346422,100.38051268869648,30297900
2015-06-11,101.55680084228516,102.01989614291914,101.38082236683672,101.7513000205986,17593500
2015-06-12,100.72322082519531,101.23262844668251,100.58429083149215,101.01960151416795,27201800
2015-06-15,100.22306823730469,100.3805189186703,99.38949541496851,99.97299992374003,31238800
2015-06-16,100.76954650878906,100.93626111003204,100.0749035146557,100.12120880783357,16456900
2015-06-17,101.0473861694336,101.37155144411612,100.42684020557375,100.93624782741273,23296700
2015-06-18,102.5200424194336,102.69601383290633,101.36230413957288,101.41787331579862,43032400
2015-06-19,102.01317596435547,102.65371960674301,101.93890859776904,102.57016704870182,27877600
2015-06-22,102.76509857177734,103.07144610232929,102.5330183969698,102.76509857177734,19120900
2015-06-23,102.84864807128906,102.94147872195751,102.42162141219448,102.87649655823714,18127900
2015-06-24,102.31951141357422,103.16427959017068,102.29166292503615,102.72797479886594,15815900
2015-06-25,102.11531066894531,102.82083661667474,101.9482126045496,102.71872073940362,18326700
2015-06-26,101.43760681152344,102.32880097798598,101.0569989810257,102.09672078688175,32311700
2015-06-29,99.04253387451172,100.87132671516682,98.99611500831783,100.31432865093866,50874900
2015-06-30,99.39530944824219,99.9987193949192,99.08896187927182,99.7852024910086,34809900
2015-07-01,100.18437194824219,100.58355014730172,99.7202115810811,100.37931845254683,21293000
2015-07-02,100.21222686767578,100.55570811112518,99.90588638841074,100.47216263928715,20499400
2015-07-06,99.98014068603516,100.55570209351403,99.3674526816449,99.58096248524865,24311000
2015-07-07,100.23080444335938,100.32363511290599,98.24419836845242,100.09155489777642,44230800
2015-07-08,98.48551940917969,99.6366419398615,98.29985814037212,99.51595574086552,39691500
2015-07-09,98.42987823486328,99.88734197691224,98.42059304140305,99.79451128989224,28381000
2015-07-10,99.93372344970703,100.30505314130052,99.37673245357918,99.73877695518853,26415800
2015-07-13,101.688232421875,101.77177787055174,100.7877603682329,100.79704555670486,25780700
2015-07-14,102.35665130615234,102.63514329096422,101.77180468124898,101.82750874423175,21977200
2015-07-15,102.4680404663086,102.86721866677655,102.1802633040614,102.55159301560546,28631500
2015-07-16,103.91625213623047,103.9348154394058,103.10861033882784,103.31284208639129,29838900
2015-07-17,105.44793701171875,105.44793701171875,104.57532043522458,104.75169653889105,35926800
2015-07-20,105.81002044677734,106.19062833699475,105.34585999173933,105.67077089376065,26539000
2015-07-21,105.74502563476562,106.0142324339067,105.43867807122845,105.84713440675239,35468900
2015-07-22,104.54750061035156,105.05807284754644,104.12975196261799,104.12975196261799,35575000
2015-07-23,104.1575927734375,104.99308292475372,103.88838596928771,104.64960875548121,25698300
2015-07-24,103.13644409179688,104.90025510745394,102.9786312485211,104.71459377213256,30844700
2015-07-27,102.28238677978516,102.99719068473263,102.05959176925325,102.55160066366881,35994800
2015-07-28,103.16429138183594,103.36852309782546,101.92034486811919,102.73726464955142,33553500
2015-07-29,103.55419158935547,103.77698660581365,102.98791531552462,103.38709355638036,26714100
2015-07-30,104.04620361328125,104.22257976043582,102.69085600856559,103.31282928450905,25438100
2015-07-31,103.92552185058594,104.42681598614469,103.71201200994741,104.3711189985914,22081700
2015-08-03,103.60060119628906,104.23185963171106,102.91364577855875,103.94408244641708,25001800
2015-08-04,103.4056625366211,103.7398586209282,102.97863578056786,103.55419727743593,22132300
2015-08-05,104.20404052734375,104.90028133264893,103.86055918034987,103.98124545275384,28989900
2015-08-06,102.53302001953125,104.43608031607867,102.0688596625709,104.29683079248558,42125400
2015-08-07,102.40306854248047,102.6444339415093,101.55830026966835,102.28238938422899,30006800
2015-08-10,103.57273864746094,103.79553362898055,103.04359613977391,103.05288132974027,21500800
2015-08-11,102.24524688720703,103.42421820648399,101.67897066283469,103.02504000049241,36123300
2015-08-12,102.59801483154297,102.80224654698135,100.46288117588236,101.53972965384035,41889000
2015-08-13,102.43091583251953,103.19214570379746,102.20812081892826,102.70012972009997,22510500
2015-08-14,102.58870697021484,102.73723457675987,101.9852971902894,102.18952884649713,17924900
2015-08-17,103.44279479980469,103.47064329269307,102.07816198806455,102.33809069839103,21224900
2015-08-18,102.91363525390625,103.3870808026864,102.77438572985032,103.30352825524285,13984400
2015-08-19,102.2359619140625,103.14571936774307,101.64183719911713,102.59800644090342,42511400
2015-08-20,99.40458679199219,101.61398760910608,99.3953016014615,101.28907676578422,57747300
2015-08-21,95.06005096435547,98.83831632226295,95.06005096435547,98.00282618902868,97763400
2015-08-24,91.4024658203125,95.18073122203867,78.66590321325751,87.47567277235858,150829900
2015-08-25,91.0589828491211,95.3756759371178,90.98472256867507,94.75370270791332,75088300
2015-08-26,95.64490509033203,95.83057352741193,91.8387906617777,93.72328103234688,104103800
2015-08-27,98.06781005859375,98.13279223216288,95.87697237465487,97.02808819896192,69377700
2015-08-28,98.04925537109375,98.40201476109384,97.3344443165201,97.5479612384454,49919600
2015-08-31,96.8331527709961,98.03997279841401,96.59179443153374,97.50154496571822,39549400
2015-09-01,93.80683898925781,95.8862760263382,93.41693879025198,94.41952716050625,73155500
2015-09-02,96.45254516601562,96.47110846813503,94.41023488907983,95.50565385981518,43963600
2015-09-03,95.97911834716797,97.49227919652401,95.70990437718537,96.83317206278508,45131800
2015-09-04,94.83724975585938,95.47778624735592,94.30810013730222,94.66086654967366,49379600
2015-09-08,97.51082611083984,97.63150527556225,96.25759433901432,96.65677260082073,37343500
2015-09-09,96.41541290283203,98.68979636121135,96.16476228409657,98.66194786635778,47146700
2015-09-10,97.46440124511719,98.10494487953645,96.19260625014374,96.30400021611175,47686700
2015-09-11,98.0028076171875,98.0028076171875,96.74029100677895,97.01879002592246,29106100
2015-09-14,97.70576477050781,98.38344207477607,97.33443503183447,98.36487169245329,19718800
2015-09-15,98.85686492919922,99.16321244627491,97.57578497032526,97.93782946049669,30020200
2015-09-16,99.41388702392578,99.50672478484265,98.5319849554297,98.87546625625251,31329100
2015-09-17,99.45100402832031,100.93632296349833,98.99612882274798,99.31176157535727,56139800
2015-09-18,98.03653717041016,99.1997614061762,97.86903259646955,97.92487218762129,48384000
2015-09-21,98.34359741210938,99.15320376724016,97.45955012642739,98.57624218199989,35772600
2015-09-22,96.87332153320312,97.1711066800006,95.97065831016636,96.8360975023837,47359700
2015-09-23,96.94776916503906,97.39445043313395,96.44525540084152,97.13388221855315,21775100
2015-09-24,96.5941390991211,96.95706447662315,95.17034673381652,96.0078695664201,38284300
2015-09-25,95.77521514892578,97.72012948229236,95.17964499415235,97.62707297681332,44700000
2015-09-28,93.0486068725586,95.43089431548236,92.769437388456,95.36575405921621,44077500
2015-09-29,92.5647201538086,94.23045788164089,91.89470195046194,93.28126306031436,49315500
2015-09-30,94.69577026367188,94.7981345748751,93.52323812609899,93.88616355681664,41411400
2015-10-01,95.12381744384766,95.13312522480513,93.60696863682736,94.86325637509135,39339100
2015-10-02,96.78955841064453,96.78955841064453,93.50461450120447,93.80239960376613,59370900
2015-10-05,98.17610931396484,98.43667036386083,97.292061880424,97.50609112865737,32853500
2015-10-06,97.7108383178711,98.26918454545029,96.94776348356945,97.94348317100888,33051500
2015-10-07,98.29707336425781,98.5111096933158,97.05010070726279,98.32499670263925,37389300
2015-10-08,98.68794250488281,98.85544707118989,96.97567281599302,97.92486772498546,50188900
2015-10-09,99.13463592529297,99.32075609064175,98.46461752955408,98.73448644449104,23916200
2015-10-12,99.3765869140625,99.56269997651353,98.96712965696035,99.32075441527884,16162000
2015-10-13,98.73444366455078,99.81391885658056,98.64138717207535,98.80889169843323,26999600
2015-10-14,98.57624816894531,99.22765072429917,98.16679107714839,98.73444491813761,30902600
2015-10-15,100.19547271728516,100.20478049832758,98.80891153174598,98.93919206731306,38393800
2015-10-16,100.61421966552734,100.67005214227909,99.92558598673048,100.40949111776371,27091100
2015-10-19,101.19120025634766,101.25634052925547,100.26062087208906,100.48396503613635,23776300
2015-10-20,100.67007446289062,101.22842065347112,100.3257575471501,101.01439137863115,23404700
2015-10-21,100.0558853149414,101.2842497327672,100.01866838994506,101.18189253939208,30195200
2015-10-22,102.09385681152344,102.17761264257949,100.66076380020723,100.94924821855945,42778700
2015-10-23,104.95075988769531,105.3788256261737,104.29004926310314,104.83909488620613,53170900
2015-10-26,105.01586151123047,105.22059007160311,104.47612387020368,104.87627321099859,25918000
2015-10-27,105.22991180419922,105.37880080436706,104.70878255421968,104.73670589777318,31390500
2015-10-28,106.1046371459961,106.1046371459961,104.5412638076872,105.38809428665928,42221900
2015-10-29,105.9371566772461,106.11396903715315,105.50909100041201,105.62076308557818,24913300
2015-10-30,105.46257019042969,106.16050477407802,105.43465394304499,105.9836924076313,27199200
2015-11-02,106.65371704101562,106.78399760300815,105.51840891528813,105.74174600730986,22176900
2015-11-03,107.02592468261719,107.40745849448108,106.28145842078827,106.43965519400606,20418400
2015-11-04,107.0352554321289,107.45402048445668,106.5885812293561,107.3795724174084,28633000
2015-11-05,106.74673461914062,107.38883651162789,106.18838854294783,107.12827548272163,25004100
2015-11-06,106.82122039794922,106.94219317561047,105.86272466020759,106.5420437113364,29924900
2015-11-09,105.6858901977539,106.56063700655054,105.03448753147337,106.42104869241712,33479800
2015-11-10,105.41603088378906,105.51839518342724,104.8111528676791,105.1275535483127,35452100
2015-11-11,105.2857437133789,106.21632303352527,105.10893137062892,105.70450156754205,22748800
2015-11-12,104.26209259033203,105.36948409082089,104.18764455169708,104.85766269990023,31196900
2015-11-13,102.21482849121094,103.93640590274724,102.15899600426614,103.82473382910092,52836000
2015-11-16,103.68513488769531,103.70375044794059,101.87981603048385,102.11246083525775,33980600
2015-11-17,103.75029754638672,104.4947639222791,103.48973644475164,103.86196963269784,30579500
2015-11-18,105.7417221069336,105.84408639675618,104.06668364573567,104.16904793555824,32966500
2015-11-19,105.816162109375,106.30006727897594,105.61143354529429,105.79755364889311,26188100
2015-11-20,106.53269958496094,106.61644829693778,106.21629899584188,106.31866326587259,22727600
2015-11-23,106.22563171386719,106.96079023497681,105.76964983106745,106.56994152139163,20696200
2015-11-24,106.13255310058594,106.38380634293983,105.00654610036433,105.53698302264934,26374400
2015-11-25,106.22563171386719,106.42105252078137,106.0022946630734,106.29077198283859,14159900
2015-11-27,106.37452697753906,106.58856335947947,106.01160158622221,106.45828281386609,8828000
2015-11-30,106.1046371459961,106.69090658520933,105.76032738621014,106.69090658520933,25041600
2015-12-01,107.16551971435547,107.16551971435547,106.40243784326314,106.53272548204632,28639400
2015-12-02,106.50482177734375,107.71457797681383,106.34662496503466,107.24928822313429,22395500
2015-12-03,104.6994857788086,106.97940237084646,104.07599221180942,106.79328933875412,42754300
2015-12-04,107.14690399169922,107.32371633715225,104.8018471929729,105.01587646401477,40037300
2015-12-07,106.66300964355469,107.28649611574909,106.15118815159981,107.22135584402366,25892100
2015-12-08,106.67232513427734,107.01664210391591,105.50910076358261,105.54632479541581,30792600
2015-12-09,105.05310821533203,106.79329425450092,104.4110061554702,106.20702468688536,48509200
2015-12-10,105.52767944335938,106.23492160146547,104.97863404042991,105.29503465053881,30154600
2015-12-11,103.09886932373047,104.5877946079477,103.03372906441334,104.30861801101382,56022200
2015-12-14,103.88056182861328,103.92709363222835,101.78675846155082,103.23846695721515,53098500
2015-12-15,104.51334381103516,105.41600673757986,104.38306329583855,104.83905219878224,48428000
2015-12-16,106.06744384765625,106.24424910700768,104.12252919673111,105.22061318009007,44944100
2015-12-17,104.52268981933594,106.53274495997616,104.50408135311143,106.53274495997616,45668800
2015-12-18,102.5176773071289,104.431186964665,102.5176773071289,104.19783160729911,53746100
2015-12-21,103.65643310546875,103.67509839711562,102.723011851467,103.48841699489087,26432800
2015-12-22,104.33785247802734,104.4872033339535,103.65645878182642,104.20717403981234,26540300
2015-12-23,105.11259460449219,105.18727003287057,104.69255778238518,104.87923923189034,25656900
2015-12-24,105.0938949584961,105.38326038813209,105.04722816893084,105.11256737147336,11468600
2015-12-28,105.03791046142578,105.05658287769158,104.08582375363605,104.84189281927614,19183600
2015-12-29,106.6900863647461,106.92344175301417,105.59797773535607,105.66331695921347,27725700
2015-12-30,105.72863006591797,106.63404988817139,105.7099647729014,106.59671218069872,19520100
2015-12-31,104.41252136230469,105.55129664233017,104.39384894576376,105.35527899729239,29886800
2016-01-04,102.20962524414062,102.30296594336347,100.9215065034119,102.16295133380976,50807600
2016-01-05,102.03227233886719,102.84435137241796,101.55623263915977,102.71367296997606,38795200
2016-01-06,101.05220031738281,101.64025322146166,100.25879357083325,100.25879357083325,41891100
2016-01-07,97.88790130615234,100.14677930480396,97.83189118156173,98.89599097006504,61386300
2016-01-08,97.08515167236328,99.21335110274994,96.98247475936749,98.59728962477519,69344000
2016-01-11,97.38385772705078,98.06525137053156,95.89038489054472,97.77589301136358,50024100
2016-01-12,98.51332092285156,99.01736946395927,97.1505261804975,98.3173032326611,46734200
2016-01-13,95.11565399169922,99.15737086882238,94.96630313071091,98.9146792804369,69870700
2016-01-14,97.14115142822266,97.99056820347417,93.96751768122441,95.48899891130368,78445700
2016-01-15,94.12620544433594,95.15297462570916,92.8847604620715,93.92085872950103,91443900
2016-01-19,94.33155822753906,95.55434502404029,93.23012076281256,95.40499419152974,56563800
2016-01-20,94.04220581054688,95.05030262912565,90.77523091886535,92.84742756101947,86675000
2016-01-21,94.13555908203125,95.53569136521894,93.17413605367292,94.44358989347839,61660100
2016-01-22,96.86113739013672,96.89847510142096,95.70369682608633,96.03039289802311,42229800
2016-01-25,95.42366790771484,97.06648435909788,95.33965628292198,96.51576917994375,38881500
2016-01-26,96.28242492675781,96.69312552616645,94.98496966837385,95.82505040581972,36143900
2016-01-27,93.8835220336914,96.1330638066031,93.48215056430851,95.72236325106327,54524700
2016-01-28,95.20899963378906,95.47969274222281,93.58484810462801,95.44235502504836,47641500
2016-01-29,97.1971664428711,97.23450415291556,95.15297844837713,95.18097995055047,54245100
2016-02-01,97.45856475830078,97.82259865772247,96.35712684887446,96.73048983801488,32750300
2016-02-02,95.34898376464844,97.04781018423978,95.05961832955381,97.01047247901985,44928100
2016-02-03,94.8916244506836,95.98372579689794,93.23012835026283,95.98372579689794,61572900
2016-02-04,94.88225555419922,95.63832436087999,93.75281688592676,94.63956407594895,49321600
2016-02-05,91.58734893798828,94.58363204042084,91.21397879631577,94.54629431410928,70749900
2016-02-08,90.18717193603516,90.58854339487428,88.52567597800926,89.87914118639219,91673100
2016-02-09,89.90715789794922,91.2699524228084,88.84305796591615,88.98307261411857,73778400
2016-02-10,90.25255584716797,92.1193994415067,90.18721660622384,90.94328598306922,59421700
2016-02-11,90.12184143066406,90.84057279446706,88.85238772297225,89.10440837428386,76839200
2016-02-12,91.49397277832031,91.58732062596454,90.28986530384816,91.1392751701714,49186500
2016-02-16,93.55681610107422,93.55681610107422,92.26869020348148,92.84741394888106,40565900
2016-02-17,95.67570495605469,95.8063833979867,93.9955433862988,94.23823497336154,41766500
2016-02-18,94.58360290527344,95.99306425179385,94.46225355178002,95.97439895510921,38991500
2016-02-19,94.86360931396484,95.1529747752793,93.9208588771344,94.12620559229211,28257900
2016-02-22,96.40377044677734,96.49711117158505,95.65703752687492,95.75037825168262,23979100
2016-02-23,94.81697082519531,96.10509011006994,94.75163159599389,95.84373319326423,29869700
2016-02-24,95.72238159179688,95.84372382804507,93.12746373356832,93.70618765097603,40739100
2016-02-25,96.66511535644531,96.66511535644531,95.05962945134549,95.91838252899791,29389300
2016-02-26,96.54377746582031,97.4211958768489,96.3104221115204,97.40252346049836,30925000
2016-02-29,95.67570495605469,97.16917795059271,95.67570495605469,96.45044651996662,27553900
2016-03-01,98.74668884277344,98.74668884277344,96.29179217774755,96.59048685608319,37699800
2016-03-02,98.78401184082031,98.80267713980237,98.01860639660332,98.62533187442648,29209800
2016-03-03,98.5972900390625,98.70930315955749,97.88789497357912,98.68130165979359,25474600
2016-03-04,98.6346664428711,99.26939346515067,97.9812741205725,98.70934188583156,31655400
2016-03-07,98.02790069580078,98.69996516371181,97.32783472863332,98.13057760736714,25861200
2016-03-08,97.21583557128906,98.20525992897007,97.04781944249042,97.35585019886123,28898500
2016-03-09,97.84123992919922,97.85990522549511,97.03849688110112,97.57988305241207,31047400
2016-03-10,97.69187927246094,98.81198201365201,96.43175478682153,98.25193064305647,44236100
2016-03-11,99.4000473022461,99.4000473022461,98.43862435701944,98.746655141832,31454000
2016-03-14,99.56804656982422,99.80140189062428,98.99865901735693,99.02666051642267,25374900
2016-03-15,99.53072357177734,99.64273670603191,98.89599672054877,99.2133637068832,26524600
2016-03-16,100.41748046875,100.67883733315564,99.2600327528958,99.28804137817393,31693100
2016-03-17,100.3614730834961,100.59482845044394,99.7547548265842,100.12811771654825,29623700
2016-03-18,100.51874542236328,100.77151363634331,99.98511728834812,100.60299911283514,37682300
2016-03-21,100.9119644165039,101.0055820283093,100.28471856058526,100.3408876991553,17288600
2016-03-22,101.22091674804688,101.45496436684249,100.32217474897973,100.34089541575413,18840300
2016-03-23,100.3876953125,101.09919484250992,100.16300448375051,101.02430504215901,20912900
2016-03-24,100.41577911376953,100.4438636815074,99.73235701436428,99.90087156335699,19017300
2016-03-28,100.27534484863281,100.71535543790294,100.09746640380483,100.69662763183408,13892300
2016-03-29,101.8855972290039,101.95113026762395,99.91959892783719,100.08811347608379,29963900
2016-03-30,102.38176727294922,103.0183769346307,102.16644037069842,102.49411267532766,23807200
2016-03-31,102.23197174072266,102.69071010271813,102.07282111353143,102.30686867442371,21447200
2016-04-01,103.3179702758789,103.3554187479576,101.47367409575584,101.61410408040953,26389000
2016-04-04,102.92475891113281,103.39285403859103,102.68134744493639,103.31795710398215,17163000
2016-04-05,101.93238830566406,102.51282881181217,101.8013222466249,102.1289873942228,20107900
2016-04-06,103.6081771850586,103.64562565358749,102.03537721967062,102.03537721967062,25056000
2016-04-07,102.11962890625,103.19624906661876,101.6796183686812,103.00900674075736,28567200
2016-04-08,102.04471588134766,102.99962659365627,101.68896623216665,102.75622232227293,22898000
2016-04-11,101.67027282714844,102.99966143929583,101.66090892352325,102.4847610209622,25772100
2016-04-12,102.52220916748047,102.718808287591,101.12728037695018,101.74516944806814,28564100
2016-04-13,103.83287811279297,103.99202876262319,103.17754056353472,103.30860664487322,25356700
2016-04-14,103.84223937988281,104.22608087943406,102.9809459101231,103.85160328397495,17199700
2016-04-15,103.58010864257812,103.97330690910948,103.31797646489056,103.7579871099659,21353300
2016-04-18,104.1324462890625,104.16988761419475,103.21497668689489,103.28050971972365,17126100
2016-04-19,103.49584197998047,104.32905078731274,102.86858904179479,104.32905078731274,42481400
2016-04-20,103.58010864257812,104.05756776197542,103.14009799750279,103.49585493227833,18078300
2016-04-21,103.58943176269531,103.96390921591356,103.12133673181333,103.52389874407437,20216000
2016-04-22,102.02600860595703,102.71878733684093,101.22088448253889,102.2413283467757,39074000
2016-04-25,102.02600860595703,102.03536536507839,101.52982181252065,101.71706413341104,14351900
2016-04-26,101.52983093261719,102.40985206344094,101.22089357488457,102.24133753078458,19118300
2016-04-27,100.71534729003906,100.94939484900873,99.88213855151226,100.49065649078163,33059800
2016-04-28,99.498291015625,101.41748373833373,99.3016919352725,100.82767935471198,29818200
2016-04-29,98.97402954101562,99.70425675755644,98.18762605527323,99.49829376980094,67502800
2016-05-02,99.91023254394531,100.05066252109191,98.81489157881947,99.22681046453339,24813800
2016-05-03,98.9833984375,99.64809265898192,98.72125916731585,99.19871819551672,38569400
2016-05-04,98.34680938720703,98.7493715654178,98.10339787088822,98.38425071965644,27474500
2016-05-05,98.31867218017578,98.9178403606144,98.12207313423811,98.70251351455146,20788100
2016-05-06,98.84295654296875,98.86167720301175,97.73825189377,97.83186947911283,30758500
2016-05-09,99.12381744384766,99.58255579207999,98.80551619901495,98.8523214242503,19289600
2016-05-10,100.4813232421875,100.52812847939435,99.3017212690532,99.47959974111173,21178900
2016-05-11,99.57321166992188,100.63110425223978,99.54512710068884,100.33152360947753,20966300
2016-05-12,99.13318634033203,99.92894663506938,98.43104364334646,99.80724447224857,29196300
2016-05-13,98.7680892944336,99.65746733626699,98.5714901633725,99.04894927741576,21059300
2016-05-16,100.00387573242188,100.36898948087297,98.82427362219754,98.91789839262472,18311900
2016-05-17,98.74933624267578,100.20979053305007,98.48719701133346,99.91957388369715,29932700
2016-05-18,99.1051025390625,99.6387307071816,98.33742680347774,98.5246620004243,27524400
2016-05-19,98.5902099609375,98.96468755409435,97.86934648672751,98.7212760471575,27334600
2016-05-20,99.67620849609375,100.07877071625602,98.92725320286307,98.98342949252394,29549600
2016-05-23,99.54511260986328,100.14427380816763,99.45149501185914,99.78851693616106,15729800
2016-05-24,101.53919982910156,101.66090199767488,100.06938133297355,100.09746589937008,29931300
2016-05-25,102.26943969726562,102.57838425073516,101.74517534657751,101.92305381237502,37951700
2016-05-26,102.56901550292969,102.70008158441232,102.12900488256697,102.37241638070574,21885900
2016-05-27,103.10263061523438,103.11199451773916,102.61581482345814,102.63453548590287,19870000
2016-05-31,103.29922485351562,103.45838261835125,102.77496061894513,103.24305572625865,24366100
2016-06-01,103.30860137939453,103.54264896165078,102.896682491568,102.98093619274886,19571500
2016-06-02,103.52393341064453,103.53329017174983,102.54093065959356,103.10264345623737,15696600
2016-06-03,103.037109375,103.37413847809545,102.3630511688091,103.32733324534453,20269900
2016-06-06,103.41156005859375,103.68305605118532,103.0464464822791,103.2243248911476,12502400
2016-06-07,103.1494369506836,103.57071968540988,103.10262458346315,103.46773819157644,12184300
2016-06-08,103.32730865478516,103.5426283878405,102.94346726772241,103.32730865478516,14568700
2016-06-09,103.1588134765625,103.27115174353574,102.7094389809737,102.90603809074214,17571600
2016-06-10,101.9885482788086,102.41919485291878,101.6327914817794,102.22259579577478,32965000
2016-06-13,101.13665008544922,101.97922289325925,101.00558399785278,101.408146164775,25154700
2016-06-14,101.13665008544922,101.50176377840589,100.39705879540298,100.86515400612343,24588500
2016-06-15,100.84640502929688,101.52046308631313,100.67789051504282,101.3800331340074,24605700
2016-06-16,101.14600372314453,101.2396213272731,99.7042697633553,100.35024337420359,32079900
2016-06-17,99.96043395996094,101.07746995247318,99.72576301441393,100.93666595282718,29208800
2016-06-20,100.58936309814453,101.60313619614878,100.51426667263627,101.12441259710958,20562800
2016-06-21,100.90852355957031,101.11503517224432,100.53304855121667,100.72078963618856,22804100
2016-06-22,100.66445922851562,101.55621322867793,100.57998111524846,100.96483778944855,22724200
2016-06-23,102.10063934326172,102.11941703077568,101.02115864366027,101.44356351206176,18714200
2016-06-24,97.89533996582031,99.96983042319253,97.679439528361,98.4679376895282,68012700
2016-06-27,95.95225524902344,97.24763626175712,95.5110727352521,97.24763626175712,48222600
2016-06-28,98.05490112304688,98.10183817396526,96.96603172530735,97.01296161463726,28260600
2016-06-29,99.79147338867188,99.99798497239354,98.77770031831234,98.82463021178329,31356700
2016-06-30,100.94605255126953,101.01176012809808,99.62250501025194,99.96043173725265,36300800
2016-07-01,101.45294952392578,101.82842448624045,100.86157413076364,100.89912234315405,19902800
2016-07-05,100.83340454101562,101.05869379252181,100.28896625892511,100.91788980072758,21167900
2016-07-06,101.65946197509766,101.7063918697925,100.03553579296329,100.35469202019894,24579300
2016-07-07,101.95983123779297,102.18511333196179,101.48110052129418,101.75331966747629,19161700
2016-07-08,103.53681945800781,103.59313819073829,102.33529825424515,102.50426161402515,29457900
2016-07-11,104.1281967163086,104.5130533595069,103.87475523533305,103.8841369172138,20218500
2016-07-12,104.65384674072266,104.93545472351923,104.51304274932436,104.76649136615899,21906100
2016-07-13,104.40039825439453,104.96360702046863,104.39100941251003,104.89789945045312,21107800
2016-07-14,105.11380004882812,105.31092275925828,104.85096260666657,105.09502236502257,20871000
2016-07-15,104.94487762451172,105.41421964043245,104.71020661655135,105.3578937286402,17999300
2016-07-18,105.63948059082031,105.82721449485602,104.99178644719518,105.01056413455238,20713900
2016-07-19,105.2546157836914,105.58316085503591,105.06688188142823,105.27339347087131,18936700
2016-07-20,106.48426818847656,106.68139088196267,105.69577025294471,105.82718538193545,24997900
2016-07-21,106.24021911621094,106.76587968494326,105.94922946731813,106.55936812963039,18885400
2016-07-22,106.68140411376953,106.80343041679959,105.98678017986533,106.31531804309108,20003400
2016-07-25,106.69080352783203,106.71896289581474,106.33409910248032,106.59692941910431,12968100
2016-07-26,106.81283569335938,107.19769234618434,106.27778618761482,106.65326115832437,21223800
2016-07-27,107.55438232421875,107.83598314318147,107.10381098765457,107.7139568377898,27646100
2016-07-28,107.92987060546875,108.05189692596652,107.38543226185226,107.72335901571151,16939700
2016-07-29,108.16453552246094,108.45552520363387,107.82660878747801,108.17391720395179,22385300
2016-08-01,108.73711395263672,109.00933307897444,108.10819760640204,108.23961274855293,13990100
2016-08-02,107.91109466552734,108.67142629322707,107.21647062094254,108.57755934043281,21278400
2016-08-03,108.26779174804688,108.27718059178555,107.76090877158917,107.82661635458105,15011300
2016-08-04,108.57756042480469,108.68081622238643,107.97680332701434,108.23025197983841,12835300
2016-08-05,109.6195068359375,109.86356665994674,109.00936085670938,109.13139434950898,23196600
2016-08-08,109.49745178222656,109.70396333594161,109.15013624537963,109.67579681004477,12358200
2016-08-09,109.75090789794922,110.0982234812375,109.51623694854635,109.5819445279156,13276500
2016-08-10,109.46930694580078,109.84477473519746,109.17831009895261,109.81661536715161,14688400
2016-08-11,109.93864440917969,110.17331534888044,109.61948820716053,109.8447703040284,12969800
2016-08-12,110.01372528076172,110.02311412287888,109.62886869301613,109.75089499418655,19379000
2016-08-15,110.48310089111328,110.73654957462048,110.11701471412766,110.15456293248393,11777800
2016-08-16,109.87294006347656,110.28595605961478,109.85416237725862,110.27657437809476,14161400
2016-08-17,110.0700454711914,110.10759367612721,109.29093633234606,109.9010821297742,15980300
2016-08-18,110.09823608398438,110.25781062906316,109.77907983223695,109.96682091020304,10036300
2016-08-19,110.0700454711914,110.3140980608924,109.60070365187558,109.9010821297742,18743000
2016-08-22,110.15454864501953,110.34228971245012,109.703984406365,109.91048883815448,14500600
2016-08-23,110.35165405273438,110.77406601687859,110.30472416444391,110.58632497895172,11997900
2016-08-24,109.63826751708984,110.42675844860307,109.2721814186603,110.27657276899578,17728700
2016-08-25,109.45993041992188,109.79785719767642,109.22525944434733,109.35667461774189,24266300
2016-08-26,109.6195068359375,110.33290861910837,108.96243095774719,109.49748050472786,23896000
2016-08-29,109.76970672607422,110.06069646767,109.6289026969958,109.64767322546406,11184900
2016-08-30,109.4129867553711,109.91048804770273,109.03751894638908,109.59133897775013,19843300
2016-08-31,109.30032348632812,109.41296093780855,108.84036335415739,109.24399759900021,16169800
2016-09-01,109.58194732666016,109.71336248875501,108.8028451975519,109.33789468939213,20944700
2016-09-02,109.93864440917969,110.35166039317266,109.52562126359797,110.1263782963048,18088200
2016-09-06,110.62388610839844,110.62388610839844,109.88232503554006,110.1263848325592,18525200
2016-09-07,110.68959045410156,110.87733150847163,110.26718561454959,110.72713866497558,17546900
2016-09-08,110.0418930053711,110.38920139001807,109.75089618927572,110.36104202494812,20125300
2016-09-09,107.27276611328125,109.36603379875051,107.25399559142592,109.12197404510395,50813300
2016-09-12,109.19709014892578,109.3472758356174,106.66263954610629,106.67202838952115,39646000
2016-09-13,108.22086334228516,108.97180613515984,107.69520267111393,108.65265705954575,45863900
2016-09-14,108.73711395263672,109.32848925390383,108.30532031962836,108.33348684573623,28221800
2016-09-15,110.42677307128906,110.5957364592144,108.75591688046624,108.76530572468148,38521400
2016-09-16,110.37406158447266,110.48698843619201,109.82825923712642,110.30818938251925,27596500
2016-09-19,109.89414978027344,110.99515984505103,109.67771558610318,110.65638641288366,16222900
2016-09-20,110.10116577148438,110.55286602082296,109.91296152232023,110.2893700206485,18078600
2016-09-21,111.183349609375,111.34332392682484,109.92235826237123,110.57167507729645,31546800
2016-09-22,112.06793212890625,112.19027135832499,111.71975353325537,111.83267321637145,22614400
2016-09-23,111.3527603149414,111.98325253469592,111.19278596297974,111.98325253469592,22213400
2016-09-26,110.42110443115234,110.85398708818511,110.26113011589703,110.7222426897947,16403900
2016-09-27,111.51274871826172,111.56920857206066,110.24235175104904,110.34586626936964,20238400
2016-09-28,111.700927734375,111.76679994207521,111.12689541890228,111.65388026003609,14794300
2016-09-29,110.89163208007812,111.71974800613181,110.4117090915136,111.51271902461839,27207500
2016-09-30,111.71975708007812,112.0491181321768,111.07044016341754,111.18336702965101,25543200
2016-10-03,111.5597915649414,111.70094118448637,111.12690879989337,111.5786091210364,19216400
2016-10-04,111.39039611816406,112.13381516752152,110.96692575409509,111.8891438802505,21239700
2016-10-05,111.78562927246094,112.14322024617715,111.67270240624569,111.71975706205183,14481300
2016-10-06,111.72915649414062,111.96441538687023,111.18335413992033,111.64445955940151,11987100
2016-10-07,111.48451232910156,111.9926725224376,110.93870984223692,111.8326909800577,19984200
2016-10-10,112.19026947021484,112.43494074540237,112.01147040224718,112.05852505577514,19687300
2016-10-11,110.59049987792969,112.11498012525529,110.10116452791075,112.09616257236418,27774400
2016-10-12,110.49642181396484,110.87283756953445,110.15764835190554,110.69403847024388,14267800
2016-10-13,110.10116577148438,110.40229687786612,109.10367032775703,109.74357482625975,22821000
2016-10-14,110.23290252685547,111.08924831400807,110.16703032626923,110.64696046170124,21313300
2016-10-17,109.93177795410156,110.38347819883272,109.79062117890233,110.13880693378951,14182700
2016-10-18,110.91044616699219,111.42801857109676,110.85398633364667,111.23980716072637,19276700
2016-10-19,110.9010238647461,111.06099816457866,110.70340728621224,110.82573930734351,13702900
2016-10-20,110.769287109375,111.01395834802224,110.12938268643448,110.78811183978766,18132200
2016-10-21,111.183349609375,111.24922180947384,110.48698532553995,110.85398860888081,15707800
2016-10-24,112.5196304321289,112.59491500591115,111.87972591404413,111.89855064725575,19143000
2016-10-25,112.16204833984375,112.60433627135214,111.99266162521357,112.58551153665285,20341800
2016-10-26,111.39976501464844,112.01143944379261,111.07040406958008,111.43740729116055,20463700
2016-10-27,110.89163208007812,111.97382446010526,110.73165775055662,111.87972233565331,19099800
2016-10-28,110.19526672363281,111.14571468472268,109.85649333511626,110.57168239748806,35369300
2016-10-31,110.09175109863281,110.59991117616778,110.03529126097284,110.59991117616778,18749400
2016-11-01,109.26361083984375,110.29874824892988,108.31316316280999,110.27993070165036,23498700
2016-11-02,108.38847351074219,109.44243589751264,108.11557234328738,109.18835228181652,26960100
2016-11-03,107.32511138916016,108.56727807473555,107.20277216815501,108.20967995737497,36205200
2016-11-04,106.94869232177734,107.78621339183563,106.76048090295262,107.06161199354065,26997500
2016-11-07,109.48949432373047,109.60242118417771,108.50141121806237,108.68020310602206,26591200
2016-11-08,110.20466613769531,110.7034137956356,109.12247389487396,109.3765574961653,20777900
2016-11-09,110.71285247802734,110.89164438045853,108.78372640488536,108.91547082963788,70234400
2016-11-10,108.92486572265625,111.39978665293276,107.46625773749489,111.2492246971693,72825400
2016-11-11,108.97193145751953,109.20719037070111,108.06853091291389,108.45435897670716,41115200
2016-11-14,107.87089538574219,109.10365675688537,107.30627552894819,109.00014227886119,35906000
2016-11-15,109.36713409423828,109.743549685868,108.52961317211552,108.68958746521082,31796600
2016-11-16,110.01646423339844,110.09174161728477,108.84957503902135,108.84957503902135,16538100
2016-11-17,110.81637573242188,110.83519328907299,109.73418314688483,109.96002972436447,20598600
2016-11-18,110.40229034423828,111.13629692388443,110.29877585946444,110.94809268585826,16428700
2016-11-21,111.55036163330078,111.65387612435723,110.63755594645686,110.67519823225301,20268500
2016-11-22,111.88912963867188,112.16203081290533,111.61622846443841,111.99264412474427,18850600
2016-11-23,111.43743896484375,111.64446795473884,110.9481035901635,111.52213590595183,22926000
2016-11-25,111.79505157470703,111.84209905516178,111.43745338967874,111.56919782220503,7162800
2016-11-28,111.54095458984375,112.05852706982516,111.42803490659854,111.65388145262122,13479000
2016-11-29,111.92679595947266,112.4631860572531,111.32453364545718,111.64448235873216,18553000
2016-11-30,110.57170104980469,112.10558674356584,110.53405875811612,112.06794445187725,30405300
2016-12-01,108.66139221191406,110.5434635908556,108.49200550062803,110.53405122369178,39796600
2016-12-02,108.8778076171875,109.31069027765508,108.42611458470238,108.72724566620289,32876800
2016-12-05,109.72474670410156,110.15762220743258,108.94368545308765,109.44244033907611,21419700
2016-12-06,109.98823547363281,110.17644689644125,109.52713005193257,110.03529012421784,27293300
2016-12-07,111.3809814453125,111.5221382304133,109.43303791361186,109.76239895915886,26622400
2016-12-08,111.57858276367188,111.8608962951391,111.2115794804833,111.42802081187901,18578400
2016-12-09,112.4537353515625,112.49137763079709,111.98321763042627,111.99262999511757,21863100
2016-12-12,111.94558715820312,112.18084604358424,111.48448175312495,111.95499952388717,23259300
2016-12-13,113.35716247558594,113.96883713222249,112.28438232436059,112.28438232436059,54477900
2016-12-14,113.12187957763672,113.865298503792,112.79251857985432,113.49829522347287,28746000
2016-12-15,113.30066680908203,113.9688011004865,112.99953575972326,113.2724368950063,22762300
2016-12-16,112.88068389892578,113.80562913776576,112.6541694897099,113.57910752778665,26283900
2016-12-19,113.3431396484375,114.04157039629357,112.83348408755995,112.99393147527186,21138700
2016-12-20,113.77729797363281,113.98493194921937,113.56965679728415,113.70179078209473,11461800
2016-12-21,113.69237518310547,113.90001640438243,113.43754735747882,113.82450919650651,7079300
2016-12-22,113.37147521972656,113.73012363975971,112.9278793944867,113.7018102382786,16645000
2016-12-23,113.44697570800781,113.49416951118684,113.07888708565423,113.18270769203738,9007500
2016-12-27,114.03215789794922,114.69282800829234,113.645196033538,113.692382640983,16110600
2016-12-28,113.14495849609375,114.38136562005518,113.06945848913568,114.27754500962871,17975200
2016-12-29,112.9845199584961,113.38092202903866,112.62587149478105,113.11665398201029,13267500
2016-12-30,111.82361602783203,113.21102313671483,111.5027140021029,113.20159013651948,41749000
2017-01-03,112.82405853271484,113.24877395549535,112.21057509921597,112.56922351843588,22307600
2017-01-04,113.43755340576172,113.64519463810973,112.9373307282492,112.94676372916388,19749100
2017-01-05,114.07933044433594,114.15483044232926,113.35258625764314,113.35258625764314,20644300
2017-01-06,115.07977294921875,115.3817945364575,113.90944019876393,114.20202158618697,24074300
2017-01-09,115.45732116699219,115.66496239331157,115.0986655212537,115.17417273096326,18909200
2017-01-10,115.71214294433594,116.06135837039757,115.24023370948892,115.5045017288811,16176600
2017-01-11,116.02357482910156,116.02357482910156,115.16469678693615,115.75930687790039,20686000
2017-01-12,115.84428405761719,115.91979126800607,114.76833151224953,115.60832942572492,19622500
2017-01-13,116.24067687988281,116.43887787856278,115.90090168192778,115.90090168192778,16930800
2017-01-17,115.89148712158203,116.11800157007845,115.55171184845518,115.93867373127135,14538500
2017-01-18,116.1274185180664,116.24067932001662,115.76877011303526,116.06135151711953,12499700
2017-01-19,116.07078552246094,116.70314209788225,115.82539073171435,116.29729991350865,12710700
2017-01-20,116.32562255859375,116.87303898117031,116.01416074566951,116.58045036868243,22091000
2017-01-23,116.42001342773438,116.58990104998641,115.68383613156351,116.25012580548234,17434200
2017-01-24,117.203369140625,117.38269694077826,116.44831154070253,116.64651254051053,17640900
2017-01-25,118.38316345214844,118.4114768571092,117.83574695369326,117.93956757239214,15036200
2017-01-26,118.50585174560547,118.75124657842466,118.29821051789415,118.54360535071334,16052200
2017-01-27,118.73237609863281,118.84562971578927,118.3454070379774,118.76068950292193,15053000
2017-01-30,117.80744171142578,118.33597784268576,117.1562045491485,118.33597784268576,25006700
2017-01-31,117.57145690917969,117.59977030884309,116.89190651420628,117.39212911029423,19091100
2017-02-01,118.38316345214844,118.61911809450696,117.84518715560158,118.40203665520086,22861900
2017-02-02,118.27934265136719,118.6379911149249,117.84518697418756,118.17552203282811,15101400
2017-02-03,118.61908721923828,118.74178100905372,118.28875224607182,118.40200583643612,16957200
2017-02-06,118.76068115234375,118.7795543536214,118.30764511328063,118.4209059232373,11630100
2017-02-07,119.1948471069336,119.4402419493661,118.89282545500288,119.00607907399929,17541100
2017-02-08,119.39303588867188,119.56292350049657,118.80786584777272,119.03438746404792,12569100
2017-02-09,119.82720184326172,120.09146988425587,119.44967298437118,119.51573999461972,17542700
2017-02-10,120.22358703613281,120.39347463875835,119.88381183088173,120.0914530341755,13915700
2017-02-13,120.90315246582031,121.05415247673186,120.54449683666047,120.5916834399749,19120200
2017-02-14,121.30897521972656,121.3184082189766,120.56335783549373,120.95031962686662,16333500
2017-02-15,122.02628326416016,122.08292446946386,121.1579720026863,121.22404620811051,17891400
2017-02-16,121.98851776123047,122.34717333102797,121.67705598769969,122.10177135105089,15098300
2017-02-17,122.51710510253906,122.52655250666967,121.79036065948553,121.80924106621606,15563700
2017-02-21,123.1211166381836,123.19662384403244,122.68696820646143,122.75302801062482,18479600
2017-02-22,123.16834259033203,123.25328281850972,122.80025386669801,123.00789513659728,12110900
2017-02-23,122.70581817626953,123.35705514030097,122.21504300465821,123.35705514030097,17489000
2017-02-24,122.94178771972656,122.94178771972656,122.1112372659065,122.14898366772825,18624500
2017-02-27,123.09278869628906,123.10222169533331,122.50762592198944,122.71526711316515,12008700
2017-02-28,122.7153091430664,123.12114426384656,122.375533841272,123.06451744713586,16598600
2017-03-01,124.05549621582031,124.28200342108009,123.26269219435854,123.49864680085498,25813800
2017-03-02,123.43256378173828,124.04603995419906,123.28154938800093,124.02717395612582,19951400
2017-03-03,123.65908813476562,123.69683453328055,123.01728414780725,123.34762634129656,13722700
2017-03-06,123.3853988647461,123.59304010435693,122.89462357251013,123.25326483967817,12026200
2017-03-07,123.177734375,123.71571777649913,122.96066017511787,123.13998797561759,15500900
2017-03-08,123.39483642578125,123.78179106734903,123.13056839672291,123.25325500923233,15776000
2017-03-09,123.48921203613281,123.65910685898906,122.82854195064235,123.36652542123814,20855300
2017-03-10,124.00830841064453,124.20651662635748,123.47033937061276,124.05550221453115,21922600
2017-03-13,124.2159652709961,124.24427867658862,123.895070406595,123.96113021913462,10731600
2017-03-14,123.9139404296875,123.98001464589967,123.4137177126182,123.932820834538,14019700
2017-03-15,124.67841339111328,124.97099478380679,123.77234141231273,124.16874340256123,22709100
2017-03-16,124.59345245361328,124.91436163070134,124.31031847607206,124.91436163070134,18457300
2017-03-17,124.54996490478516,124.88097976255376,124.4837532743434,124.7485709331503,21234500
2017-03-20,124.66344451904297,124.94718182646328,124.33242968661838,124.51211603088827,10105200
2017-03-21,122.77191925048828,125.24986266789591,122.69625498327571,125.13637348281871,35841900
2017-03-22,123.60424041748047,123.72719668414523,122.64899144998361,122.80978707476984,29177900
2017-03-23,123.2920913696289,123.78390184809372,123.08401826072003,123.44341989092302,20311700
2017-03-24,123.54744720458984,124.1716520531467,123.0745564345274,123.68930866301618,22967600
2017-03-27,123.74606323242188,123.96360339487195,122.38413539570047,122.66787276693113,18472400
2017-03-28,124.50267791748047,124.87153213065689,123.47177953084388,123.7460498200343,23721900
2017-03-29,125.07960510253906,125.12689706448832,124.45538584036235,124.5877946749319,13710000
2017-03-30,125.28770446777344,125.42011333011442,124.91885017757471,125.03233936487166,16092400
2017-03-31,125.20255279541016,125.54303469419708,124.96610743323812,125.10796887794949,19841400
2017-04-03,125.12689208984375,125.60923544699627,124.42700860266947,125.30659287921823,23700300
2017-04-04,125.32547760009766,125.34439726732381,124.72017813215962,124.76747008448618,13400000
2017-04-05,124.81480407714844,126.24292915697704,124.57835866735336,125.50522063293498,32011200
2017-04-06,124.88099670410156,125.21202603825816,124.55943442213812,124.93775572281453,18832200
2017-04-07,124.81480407714844,125.19311096022756,124.37028555221507,124.84317637180524,16743100
2017-04-10,124.86207580566406,125.38225850918981,124.52159389349086,124.93774005631145,15619300
2017-04-11,124.3229751586914,124.93774179193674,123.42448562092709,124.74857394695024,33778400
2017-04-12,123.82170867919922,124.40808857422374,123.68929985027498,124.30405203496326,15955200
2017-04-13,123.32990264892578,124.37972069817798,123.31099740946574,123.65147932899295,23683000
2017-04-17,124.35135650634766,124.3702761785204,123.63256771007887,123.67985967477004,13325500
2017-04-18,124.16223907470703,124.52164079277563,123.85012933503994,123.93524623727124,12841100
2017-04-19,124.36080169677734,125.117415272905,124.19055354011338,124.70128357862636,17764800
2017-04-20,125.40118408203125,125.67546883903834,124.6729426104911,124.86209605204073,21977900
2017-04-21,125.372802734375,125.56195616226611,125.05124046381198,125.51467862890445,22454900
2017-04-24,126.8860855102539,127.00902732673465,126.54560349637548,126.76312926228866,22469900
2017-04-25,127.80345916748047,128.03043749214004,127.1886925314064,127.30219612521665,19384400
2017-04-26,127.62374877929688,128.16283669132042,127.5480845329379,127.85072708689442,25398500
2017-04-27,128.38978576660156,128.38978576660156,127.86015065369054,127.93581487431705,16136500
2017-04-28,128.61683654785156,128.9478514272627,128.40876345497324,128.90055946406653,22771900
2017-05-01,129.7611846923828,129.93143282185386,128.9856515712804,129.04239613727856,24815500
2017-05-02,129.978759765625,130.03551878468326,129.59100027336058,129.92201517804887,18345100
2017-05-03,129.56263732910156,129.73287110411448,129.2126882946587,129.6855791338943,23827600
2017-05-04,129.6099395751953,129.97879392285392,129.15596832380453,129.54374234945448,14630100
2017-05-05,130.082763671875,130.082763671875,129.45855893371794,129.94090223853894,19330700
2017-05-08,130.3665313720703,130.3665313720703,129.8841879547647,130.14900564640095,13279900
2017-05-09,130.82049560546875,131.11368554260244,130.4516269899373,130.56513057605446,28426100
2017-05-10,130.89614868164062,130.94344064107756,130.4327250010061,130.89614868164062,20499400
2017-05-11,130.79208374023438,130.82992307215855,129.93143376389477,130.53673319139133,27232100
2017-05-12,131.0853271484375,131.11369944010426,130.73537816541236,130.84888176356043,19738600
2017-05-15,131.50144958496094,131.5771138345376,131.01910622932456,131.14206243882168,20481300
2017-05-16,132.0499725341797,132.06889219985376,131.454140164473,131.84189950619432,21786000
2017-05-17,128.69253540039062,131.2461433532048,128.6736157237296,131.000230851066,55642200
2017-05-18,129.81796264648438,130.25302848349318,128.50332694733294,128.6452028302942,41319900
2017-05-19,130.3665313720703,130.9150864280259,130.1962976123678,130.28141449221906,36730100
2017-05-22,131.46363830566406,131.52984994271327,130.61244066476675,130.65971819810878,19509700
2017-05-23,131.59608459472656,131.86090235531591,131.25560255518516,131.851449732254,19687500
2017-05-24,132.2013397216797,132.26755135519574,131.6244124171742,131.99326663274454,15891900
2017-05-25,133.32684326171875,133.667325240401,132.41888650807172,132.7026238955541,23928600
2017-05-26,133.56321716308594,133.619961723902,133.17544342220916,133.35514415244353,13851600
2017-05-30,133.67677307128906,133.83755421775456,133.4119553675244,133.49707225127392,20306400
2017-05-31,133.6294403076172,134.14962293530715,132.94849101402443,134.14962293530715,33229400
2017-06-01,134.149658203125,134.20640278988597,133.3362854527598,133.90376018333342,20120700
2017-06-02,135.6818084716797,135.7101807596795,134.40499778577095,134.62252347092934,37222900
2017-06-05,135.6534423828125,135.88988777308984,135.4642889568869,135.67236205484946,15727500
2017-06-06,135.1143798828125,135.93720537810614,134.91575936766364,135.49268680602052,22393000
2017-06-07,135.6439666748047,135.75745582474698,134.86843343106747,135.49263818722903,18842400
2017-06-08,135.78587341308594,136.00339914375365,135.04815047631138,135.94665455588225,25417400
2017-06-09,132.39053344726562,136.0979964029662,130.6219260843242,135.94668228161,109783700
2017-06-12,131.68115234375,131.9175977154094,130.01658212260054,131.2744732316063,104454000
2017-06-13,132.7498779296875,132.93903132346074,131.7284322855374,132.41884866697518,51193000
2017-06-14,132.17298889160156,133.28900433938836,131.10425098231045,133.28900433938836,60093800
2017-06-15,131.58660888671875,131.7284703651878,130.03552751903035,130.83943328282683,55145200
2017-06-16,131.0157012939453,131.61317168979735,130.53204374113184,131.5183300657319,48087400
2017-06-19,133.20635986328125,133.32963655279067,132.08728999242396,132.28645152285222,39626500
2017-06-20,132.16317749023438,133.24430508074096,132.11575669391135,133.07360757893244,40935100
2017-06-21,133.47193908691406,133.53831663650178,132.38131846782147,132.4666672333476,35743400
2017-06-22,133.4340057373047,133.9271560896853,133.09259618116408,133.6805881488944,24099100
2017-06-23,133.94613647460938,134.11683402896335,132.91241489142215,133.28227406332223,21654300
2017-06-26,133.32017517089844,134.94185931773558,133.02618649344817,134.7142626491523,34411100
2017-06-27,130.90188598632812,132.97879283578135,130.8924076134679,132.81757367236784,65957800
2017-06-28,132.78909301757812,132.90289134847134,130.6268379058379,131.38551273951913,57427200
2017-06-29,130.48455810546875,132.23902598347377,129.21376201079326,132.23902598347377,88769400
2017-06-30,130.53201293945312,131.50882065946908,130.10525467346113,130.8544512319096,68898300
2017-07-03,129.15689086914062,131.2812037339824,129.0715421138488,131.12947743706232,32797000
2017-07-05,130.427734375,130.7786223652051,129.128487950034,129.5647247263753,42116600
2017-07-06,129.2517547607422,129.9819947511419,128.78706842477888,129.43194516480966,48430500
2017-07-07,130.64578247070312,130.9966847429106,129.67846780667654,129.68794617643596,36970400
2017-07-10,131.4993133544922,131.81227320623978,130.39921468849334,130.7311457505633,24853500
2017-07-11,131.8691864013672,132.0304055292819,130.81650841374,131.30965863905234,31517700
2017-07-12,133.4340057373047,133.5857465335447,132.7322298785926,132.9977690366132,36045800
2017-07-13,133.72799682617188,134.0504496415249,133.33918092635048,133.59522724483796,31073600
2017-07-14,134.78062438964844,134.95133634187215,133.89865846067244,134.32541663504125,34544800
2017-07-17,134.84710693359375,135.32128621701125,134.5910460687234,134.92297735543696,25343200
2017-07-18,135.74795532226562,135.77640490287956,134.32541840839357,134.75217658839642,25748500
2017-07-19,136.54461669921875,136.74377829874763,136.08940879132223,136.14630797095947,33752300
2017-07-20,136.72479248046875,136.98085323228898,136.10836547249824,136.8955044719479,36139400
2017-07-21,136.66787719726562,136.66787719726562,135.94713029912572,136.22214776251738,39697100
2017-07-24,137.2938232421875,137.38865038148833,136.48771296874148,136.6489321292711,26712700
2017-07-25,136.9429168701172,137.26536965257617,136.5730577547885,136.8385968903682,28120900
2017-07-26,137.38865661621094,137.46452701357342,137.06621828051942,137.28433662868738,18610600
2017-07-27,136.52566528320312,138.4223818560852,134.95138705471925,138.28961227481543,80665900
2017-07-28,136.411865234375,136.6394764539422,135.49195645264155,135.71008929794357,38013200
2017-07-31,135.83335876464844,136.97138585987457,135.53936999938497,136.80068830745049,33848600
2017-08-01,136.14627075195312,136.3359394558261,135.72899092095588,136.2980115033693,20149400
2017-08-02,136.51614379882812,137.05671485467477,135.24534743459373,137.028265269714,41769700
2017-08-03,135.98507690429688,136.72479511644158,135.73850899051436,136.64892472663223,27112800
2017-08-04,136.23162841796875,136.53510994067187,135.6721006401298,136.2885420565722,29472900
2017-08-07,137.09461975097656,137.09461975097656,136.28852419468433,136.47819288611817,17933900
2017-08-08,136.85757446289062,137.95767348756078,136.46874411387472,136.82912487352831,30810400
2017-08-09,136.67738342285156,136.7437754449084,135.41606524095496,135.72902519322687,36169500
2017-08-10,133.74697875976562,135.99458344914294,133.61420916779397,135.89975629533473,63331700
2017-08-11,134.7616729736328,135.0556616282385,133.62363183596736,133.9271133315566,45862500
2017-08-14,136.49717712402344,136.70581706787073,135.7954013772612,135.83332933487137,34161000
2017-08-15,136.59207153320312,136.84813237615825,136.2222123026244,136.83863952998823,25509200
2017-08-16,136.82911682128906,137.4740079074129,136.37390894748233,136.9334367997445,31913000
2017-08-17,134.03146362304688,136.50667905735105,134.03146362304688,136.29803909960913,70191000
2017-08-18,133.93663024902344,134.8565388999382,133.38658073305805,134.10734225712224,60751900
2017-08-21,133.7659149169922,134.22112276003597,132.94083351740457,133.9271340599286,37111500
2017-08-22,135.80487060546875,135.9471329962208,134.43923269070388,134.48665348762123,36294200
2017-08-23,135.32122802734375,135.6246951134189,135.02723931337195,135.12206644679668,25702300
2017-08-24,134.9228973388672,135.77641375451597,134.1642080411823,135.62467300082005,38160800
2017-08-25,134.63839721679688,135.78590238519143,134.45820686701694,135.44450736977157,26380400
2017-08-28,135.0557098388672,135.3686698163626,134.6194586509283,135.046216994495,15362100
2017-08-29,135.58673095703125,135.8143420639208,133.77536388386747,133.8986550422818,24498300
2017-08-30,137.1800079345703,137.40761911221162,135.61522269182984,135.70057145689617,33642700
2017-08-31,138.64991760253906,138.65941044253972,137.4929198442876,137.5687902103295,38480700
2017-09-01,138.4602813720703,139.01980917311707,138.09042229518224,138.8301404489584,22293600
2017-09-05,137.2179718017578,138.34652055214596,136.18426467456868,138.05253177934904,44794300
2017-09-06,137.63523864746094,137.9481986091724,136.63945958216055,137.56884662340156,30722700
2017-09-07,137.95767211914062,138.30856003166076,137.45504341766113,137.89128009742163,22721100
2017-09-08,136.76272583007812,137.84385346834452,136.62046343482444,137.7774614564003,27890100
2017-09-11,138.33697509765625,138.5740645946884,137.79641856923612,137.83434652161168,27126300
2017-09-12,138.66896057128906,138.84915097503583,138.01459098749297,138.72585975756695,30256700
2017-09-13,138.85858154296875,138.87755275546337,138.20421218445867,138.43182332200854,28450900
2017-09-14,138.04298400878906,138.73528127612443,137.95763526434928,138.31801592415405,35296400
2017-09-15,138.5171661376953,139.0197947163052,137.78692643128684,138.0145375590854,46422400
2017-09-18,138.3356170654297,139.11496509690747,137.91742394989546,138.67777375064256,24858200
2017-09-19,138.5733184814453,138.77290155533998,138.1076004715645,138.5828176031864,20871200
2017-09-20,138.1455841064453,138.67782481220092,137.08108819246254,138.52575189556458,34236200
2017-09-21,137.2996826171875,138.0600181077554,136.8149520641101,138.05051898998778,28841800
2017-09-22,137.16664123535156,137.3662242530858,136.7199360971268,136.8624953955084,21702400
2017-09-25,135.72198486328125,136.70093077186263,135.05668393062487,136.62489430777725,54947700
2017-09-26,136.07362365722656,136.67240167233055,135.59840669348583,136.41578045121872,29628800
2017-09-27,137.2996826171875,137.81291052356784,136.4537970568313,136.79593932610493,33249400
2017-09-28,137.25213623046875,137.39469548669715,136.6533583493743,136.96700321554437,24149400
2017-09-29,138.24063110351562,138.34517943019716,137.16665047757576,137.52780555863418,43102400
2017-10-02,138.36419677734375,138.92494941072087,137.7464059164005,138.449732364983,27351300
2017-10-03,138.65879821777344,138.82037023712908,138.2406049900435,138.54475079292712,19715200
2017-10-04,138.79177856445312,139.08641057751566,138.25953821795798,138.39259830458175,26381100
2017-10-05,140.15098571777344,140.2270076656699,139.15302724760954,139.29558652800296,31562400
2017-10-06,140.341064453125,140.341064453125,139.67576366486927,139.67576366486927,23561100
2017-10-09,140.1794891357422,140.67370427967003,139.99890438980083,140.52164589056025,13704800
2017-10-10,140.2840576171875,140.79728557201307,139.66626684469847,140.65472627969243,19223100
2017-10-11,140.7022247314453,140.73075109001994,140.0369239182216,140.2175086751973,12439100
2017-10-12,140.44558715820312,140.99684042584948,140.3030134065462,140.49311174208876,14513500
2017-10-13,140.98731994628906,141.14889192166368,140.4550794385924,141.0158317947395,18409900
2017-10-16,141.47206115722656,141.51007212390212,141.03485527688755,141.33900102016116,21809400
2017-10-17,141.6526641845703,141.6716769235452,141.20597358719044,141.4245693267543,13138200
2017-10-18,141.4816131591797,141.81427087742443,141.27251650813545,141.79525813574605,17218200
2017-10-19,140.9588623046875,140.97787504512135,139.9704173392031,140.6547309701045,27680300
2017-10-20,141.3390655517578,141.65269605181146,141.1679798674365,141.52914947685738,30173300
2017-10-23,140.41714477539062,141.64319843237774,140.21754722531298,141.63369931188797,29297100
2017-10-24,140.65469360351562,140.94932574084504,140.1319521489951,140.69270457181352,20289500
2017-10-25,140.1224822998047,140.83530782341415,139.07701356666092,140.37910354899637,36179100
2017-10-26,139.67575073242188,140.38857604722523,139.63772526091685,140.03690569691057,28230200
2017-10-27,143.74362182617188,144.0097421460687,141.80472863552953,142.0233243620584,60165100
2017-10-30,144.06675720214844,144.64652240048002,143.5060047405158,143.6390648924705,31733400
2017-10-31,144.6085205078125,144.8176171381905,144.11430529280193,144.53249855355799,26319300
2017-11-01,144.56100463867188,145.25481733768757,143.9907384872391,145.18828000228314,29481600
2017-11-02,144.28533935546875,144.45642496474247,143.29689467705313,144.39938676000622,31017400
2017-11-03,145.67300415039062,145.69200238612115,144.3138761672176,144.80810584314142,26199200
2017-11-06,146.16722106933594,146.22425928461868,145.51143386952137,145.55894396188503,28693900
2017-11-07,146.25283813476562,146.44292209870224,145.7395954794122,146.0532405460222,21333100
2017-11-08,146.84207153320312,146.8800825169129,146.00568486685023,146.17677054972867,17373500
2017-11-09,146.0721893310547,146.14822578382984,144.57050201930375,145.6349833532151,40594500
2017-11-10,146.06268310546875,146.17674504164162,145.47341869471524,145.7300399230152,20150800
2017-11-13,146.24325561523438,146.43335399209312,145.51143197371428,145.51143197371428,12522400
2017-11-14,145.7110137939453,145.89159854902658,145.00770201411706,145.73002653197227,25173800
2017-11-15,145.02670288085938,145.4163842538973,144.25685375520456,145.08372659350488,24808000
2017-11-16,146.88006591796875,147.21272362334915,145.7300488841709,145.75856074434958,34790600
2017-11-17,146.3192901611328,147.02261643993427,146.17673088281418,146.91806813501069,28725800
2017-11-20,146.2052764892578,146.55693245860172,145.99617983114166,146.4238722672981,21143900
2017-11-21,147.79246520996094,147.85900254133742,146.8325322323802,146.8990550612869,20147800
2017-11-22,147.97303771972656,148.11559698592328,147.64038009530944,147.92551313017145,17299000
2017-11-24,148.51478576660156,148.56231035882317,148.0395688493243,148.12511891631095,8280600
2017-11-27,148.44830322265625,148.7999591960772,148.10614636926957,148.4673159651981,22653400
2017-11-28,148.82843017578125,148.92347935990736,147.98254464594854,148.78090558371818,25227300
2017-11-29,146.23373413085938,148.69535400849193,145.53040795047818,148.65734304041598,71986300
2017-11-30,147.45977783203125,147.74491083300742,146.5093441637553,146.8515008644333,56595500
2017-12-01,146.83251953125,147.5453448644934,144.71304176529566,146.55688561434684,59015800
2017-12-04,145.1407928466797,147.91605858382073,144.99821903505355,147.75448653262282,51319100
2017-12-05,145.23582458496094,146.8895850497181,144.561024532124,145.11226351790376,40604200
2017-12-06,145.89157104492188,146.11968035083143,144.52294421439888,144.69402981944782,28647800
2017-12-07,146.38583374023438,146.80402697777677,145.7300320270402,145.88210493205025,32666200
2017-12-08,147.03208923339844,147.8209509379552,146.80399442892616,147.45978149425116,28081700
2017-12-11,148.1726837158203,148.22020832558943,147.0891893244686,147.09870294790727,20821500
2017-12-12,147.97303771972656,148.41022913770885,147.6593928316252,148.10609786899968,20310300
2017-12-13,148.2582244873047,148.7334415501498,148.0396141966148,148.57186948907932,24418500
2017-12-14,148.1536407470703,148.8949780277432,147.99206872461292,148.5147957668402,24594700
2017-12-15,149.8358917236328,149.9974782414623,148.48627738727228,148.73339947162108,49816200
2017-12-18,151.09214782714844,151.21596727399495,150.5492751232809,150.8254709668628,26844500
2017-12-19,150.19688415527344,150.95882434559675,149.77781632395556,150.80643340097203,31415000
2017-12-20,150.03500366210938,150.74932000578073,149.4445068018381,150.72074851465814,38972600
2017-12-21,150.05401611328125,150.72070828285408,149.88257267950576,150.24449751418786,18638700
2017-12-22,149.88255310058594,149.9396960601135,149.4825378510956,149.8254101410584,23330400
2017-12-26,149.0730438232422,149.26352525063803,148.5301564957226,149.04447233577287,21918700
2017-12-27,149.092041015625,149.49207079638796,148.94918361735066,149.08252203333916,22388200
2017-12-28,149.2730255126953,149.59685988473225,149.09206309288632,149.56827386804702,25393800
2017-12-29,148.3491668701172,149.4349267934033,148.2920239056493,149.40635531116936,33186000
2018-01-02,150.9492950439453,150.9873855110978,148.73967009631593,149.11111391545026,32573300
2018-01-03,152.41603088378906,152.5493693294501,151.06359392556988,151.0921654115829,29383600
2018-01-04,152.68267822265625,153.13983644318026,152.46362536135484,152.93983607980005,24776100
2018-01-05,154.21607971191406,154.32084665291066,153.12080085560254,153.4065301976658,26992300
2018-01-08,154.81610107421875,154.8922965299564,154.15892798467908,154.216070943283,23159100
2018-01-09,154.82565307617188,155.28281137529908,154.3589757928463,155.12090144712485,24782400
2018-01-10,154.4636993408203,154.49228535367195,153.45413495811653,154.1398795450092,34004000
2018-01-11,155.5209197998047,155.53045331698877,154.49231723996581,154.73042264475828,20473500
2018-01-12,156.66380310058594,156.82571299649274,155.1875470072272,155.3875473651367,37762700
2018-01-16,156.2161865234375,158.5019924277315,155.7494947326577,157.70196181450854,41231800
2018-01-17,157.90196228027344,158.14006766762296,156.1971341012827,156.95907424736106,33849900
2018-01-18,157.93057250976562,158.29248287171885,157.28291819982527,157.65436207972576,26432200
2018-01-19,158.42576599121094,158.68292382833528,157.6638259944552,158.3971945129523,38937600
2018-01-22,160.12110900878906,160.12110900878906,158.18769439263392,158.36865681540306,26081400
2018-01-23,161.44500732421875,161.5878793079167,160.54020955867603,160.61640504342105,37989700
2018-01-24,160.3972930908203,162.14022601445672,159.47344316081418,161.78782021057566,54287400
2018-01-25,160.34019470214844,161.55929328278512,159.82587885959148,161.502150307568,28925000
2018-01-26,162.79739379882812,162.8164462972838,160.92113688569407,161.2354231798224,32038200
2018-01-29,162.00689697265625,162.77835603388252,161.66402466402255,162.45453622372798,37277800
2018-01-30,160.6735382080078,161.35928299601719,159.83541699262,160.53068076583995,44987700
2018-01-31,161.3402099609375,161.9021497384906,160.33064541062174,161.57831535611763,42449200
2018-02-01,159.96875,161.65452589135953,159.45443416011298,160.1020884524149,38037900
2018-02-02,156.77809143066406,159.72107014754627,156.64475301240785,159.34010739047068,68478100
2018-02-05,150.59690856933594,157.86389050206938,150.48262262037383,155.31140742324055,105372200
2018-02-06,154.5875701904297,154.7780516317414,147.7206175880065,148.3968288845834,118537900
2018-02-07,152.5874481201172,155.76853230070446,152.57791460455016,154.09226123429823,91028300
2018-02-08,146.14907836914062,153.14938230788027,146.14907836914062,152.97793887836065,94184800
2018-02-09,148.67298889160156,149.75874872482822,142.9870318738942,148.21581614818166,113836600
2018-02-12,151.3111572265625,152.33977390615107,149.01583309100116,150.19682612354026,63050600
2018-02-13,152.09217834472656,152.39694564098912,150.21590699136837,150.44449336316342,31785600
2018-02-14,154.93992614746094,155.17803152784452,150.48260040242386,151.1969165435746,52107400
2018-02-15,157.8162384033203,157.8162384033203,154.71134956952608,156.33046320024332,51633900
2018-02-16,157.1114959716797,158.82584347031076,156.84480451541015,157.30197741232732,62256300
2018-02-20,157.42578125,158.74964687248584,156.49241202442062,156.55908852122027,36785600
2018-02-21,156.9780731201172,159.74008885668198,156.88282518459653,158.1971711242501,41161800
2018-02-22,156.95907592773438,158.50199420378158,156.55906061664066,157.66385858084251,37074400
2018-02-23,160.168701171875,160.168701171875,157.5781138646892,158.22576795788407,50096900
2018-02-26,162.29263305664062,162.29263305664062,160.78781973391892,160.9211581751525,39266700
2018-02-27,160.2830047607422,162.60691550133623,160.20682383106893,162.34023864908428,42209900
2018-02-28,159.25440979003906,161.7211780550207,159.14964284084527,161.19734330905183,42936300
2018-03-01,156.65428161621094,160.07348578863397,155.24470188910087,159.34011717678408,76809900
2018-03-02,158.0924530029297,158.36864884871514,154.25419544805484,154.76849667333775,57445100
2018-03-05,159.8448944091797,160.2544286587602,156.759043665632,157.34955484956402,38540200
2018-03-06,160.5211181640625,161.06400541154187,159.5115536681878,160.62588511360417,29480900
2018-03-07,160.892578125,161.02593110397993,159.01632089404913,159.2925167708488,34609400
2018-03-08,161.77838134765625,161.89266732292094,160.9116739477534,161.5593283841307,25828400
2018-03-09,164.92132568359375,164.92132568359375,162.69266265530737,162.93076805233284,38310500
2018-03-12,165.7975311279297,166.17849390254932,165.03559104589212,165.40703483762567,37635000
2018-03-13,163.54029846191406,166.87377363654682,163.12123068614105,166.17849549365138,55638900
2018-03-14,163.51171875,164.52129776363975,162.79740261361658,164.39747831617095,40536400
2018-03-15,163.36883544921875,164.32125681348063,162.7688053392388,163.62599328675253,28810400
2018-03-16,162.88314819335938,164.0069987200507,162.80695272044463,163.64508838970627,31176700
2018-03-19,159.40786743164062,161.43027250795762,158.01506941732296,161.31580114329938,71395100
2018-03-20,159.93247985839844,160.30452621569356,158.94036109106935,159.474580008583,34075700
2018-03-21,159.23611450195312,160.9914096778312,158.53972290998405,159.51277298728922,43863500
2018-03-22,155.30580139160156,158.13908401487456,155.10546195435725,157.03247900883034,66607300
2018-03-23,151.21322631835938,155.7827340545981,151.13690725076498,155.12449483342343,80110400
2018-03-26,156.83209228515625,157.0228972369559,151.83331696568592,154.27546896243084,57481500
2018-03-27,151.7570343017578,157.99597052273523,150.42147210063814,157.99597052273523,78889100
2018-03-28,150.01124572753906,152.4247800268807,148.85693975306592,150.88889324035648,89369700
2018-03-29,152.75868225097656,154.26595128430156,149.41979902125522,150.82213114224825,68692600
2018-04-02,148.35134887695312,152.38663829726445,146.7963931318503,151.67116330795227,85549400
2018-04-03,150.02076721191406,150.65038859822295,147.33058923935357,149.64872085752674,64090000
2018-04-04,152.38665771484375,152.85409211800905,146.94903545809183,147.12075704672353,65768700
2018-04-05,153.2547607421875,154.14195743634204,152.13862133189878,153.9034657361168,43054900
2018-04-06,149.41976928710938,153.0734625267512,148.70429445168958,151.56619379336877,59870900
2018-04-09,150.4691619873047,153.47416579561695,150.21160146151124,150.70765365988296,41810400
2018-04-10,153.78895568847656,154.28500781955807,151.7474678303925,152.83498912757045,48296800
2018-04-11,152.90179443359375,154.54261846077392,152.73008740014316,152.82547534437865,41622100
2018-04-12,154.74295043945312,155.2771694818612,153.74128245674942,153.82713596934133,30467900
2018-04-13,153.94155883789062,155.74455481638003,153.27378524518576,155.515612188237,44604900
2018-04-16,155.11495971679688,155.67779646187486,154.04650733161432,155.01955724363594,28180800
2018-04-17,158.45387268066406,158.79730127055862,156.36468330517022,156.67949405893827,35536100
2018-04-18,158.77822875976562,159.31244781263192,157.70024167041782,158.45388355715073,29573900
2018-04-19,157.31861877441406,158.34890433964566,156.77485088316394,157.97685798745425,34705700
2018-04-20,154.82879638671875,157.03245710716416,154.28502838745223,156.917985762635,49197100
2018-04-23,154.4376678466797,156.19296307394268,153.60772147912766,155.58242497070438,33040600
2018-04-24,151.16554260253906,155.41069074566232,150.14479142936582,155.17219911339276,70256800
2018-04-25,151.3468017578125,151.97642323434326,149.2671614676892,151.43266981833997,52089300
2018-04-26,154.53302001953125,155.04815546287128,152.80632863451225,153.30239523073098,43005500
2018-04-27,154.6284637451172,156.841673545391,153.75081610043597,156.8035067246265,51043400
2018-04-30,153.53140258789062,155.95447159415446,153.14980717515607,154.99097047020584,35615300
2018-05-01,155.28668212890625,155.30576553670917,152.76821088480287,153.13072285118238,36513500
2018-05-02,154.37091064453125,156.04035250215435,154.18965462811173,155.5538201304224,38646800
2018-05-03,154.35182189941406,154.92419321127917,151.89058595617539,153.58864559388329,60337100
2018-05-04,157.2804718017578,157.64298377498397,153.56954223645042,153.68402812905498,41543200
2018-05-07,158.5874786376953,159.1026144106703,157.89107225009835,158.0150926176065,32500200
2018-05-08,158.4252471923828,158.76866120931354,157.27094115098785,158.25352562754168,26040200
2018-05-09,160.15194702148438,160.26641837656962,158.14861096922613,158.71144787356556,29122700
2018-05-10,161.811767578125,161.92625343842153,160.54299058625907,160.6670108697589,27067600
2018-05-11,161.65924072265625,162.04082166823324,160.9532999613208,161.62107389427052,24688800
2018-05-14,161.9358673095703,162.95661879160247,161.66875776511634,162.03126981389462,21821700
2018-05-15,160.14239501953125,160.7433987351575,159.29336518710215,160.65754522046163,49361600
2018-05-16,161.20127868652344,161.57332509371864,160.27592988158588,160.35224895952024,22941200
2018-05-17,160.5812225341797,161.80229879263564,159.79896282303093,160.63845820936086,27480200
2018-05-18,159.75123596191406,160.51439751426946,159.51274433770962,159.96109519935032,26217900
2018-05-21,160.64801025390625,161.6973796018978,159.96115296365338,160.9914388990327,22954600
2018-05-22,160.43812561035156,161.64966749324114,160.15194722227972,161.3825579601222,19477700
2018-05-23,161.79273986816406,161.81180871941908,159.19794957273385,159.21701842398883,26557800
2018-05-24,161.74505615234375,162.03124907230276,160.113766698041,161.74505615234375,27696500
2018-05-25,161.90724182128906,162.4891621348701,161.42072400752568,161.7259858054622,27460500
2018-05-29,161.19174194335938,162.09800732669223,160.22824089149242,161.17265853505617,41220500
2018-05-30,162.34605407714844,162.63224701262925,161.43025415126272,161.7736827625642,22665800
2018-05-31,162.2411346435547,163.31910718922236,161.82138693810776,162.3460570135388,35670900
2018-06-01,164.78822326660156,164.8836112087194,163.0042955281051,163.0519967773528,45543300
2018-06-04,166.27638244628906,166.31453470574903,165.10300759592343,165.20792994853215,20459600
2018-06-05,166.7915496826172,167.06820820264622,166.05700573661568,166.6675438985423,24779300
2018-06-06,167.7645721435547,167.79318997794627,166.12374837535174,166.96324366783946,25036600
2018-06-07,166.4004364013672,167.83138672575313,165.5609554427321,167.79323445524315,39600300
2018-06-08,166.4099578857422,166.82970557388288,165.20795049581616,165.61816375699988,31780300
2018-06-11,166.85829162597656,167.26849025264372,166.25728804549988,166.28590587729647,22319700
2018-06-12,167.73593139648438,167.89810395467578,166.90598519974796,167.08722660734523,22511800
2018-06-13,167.72642517089844,168.98565359295284,167.35436419932722,167.9935346712244,37858600
2018-06-14,169.42445373535156,169.70109761148598,168.37508477820714,168.49910507942604,35916000
2018-06-15,168.8330078125,169.16690195102314,168.00306151369298,168.78530657037163,49615700
2018-06-18,168.73550415039062,168.87889959369247,167.2441331899221,167.76994079458277,31633200
2018-06-19,168.25755310058594,168.29578703504706,166.06829931114572,166.6036619188235,38236000
2018-06-20,169.45249938964844,170.15038148034103,168.8788884791279,169.03185333360423,33038000
2018-06-21,167.98023986816406,170.0547763146085,167.65518593050632,169.88268721966847,43469400
2018-06-22,167.60740661621094,168.61120380766738,167.0051166313122,168.54429080241815,30073200
2018-06-25,163.83119201660156,166.33594451250133,162.33982090818418,166.08737293607587,77799700
2018-06-26,164.50039672851562,165.4468358485256,163.83117907947775,164.43346912859877,39008100
2018-06-27,162.2633056640625,165.94394393018308,162.14858932123263,165.19825852672724,52843500
2018-06-28,163.6591339111328,164.21362071517248,161.72799222637877,162.06260111094014,46407700
2018-06-29,164.09886169433594,165.3129966367669,163.85985955694977,164.44302535567334,36408500
2018-07-02,165.19827270507812,165.2460760478703,162.20596141417954,162.55967989328386,31770000
2018-07-03,163.28627014160156,165.81968707089646,163.12375043175373,165.81968707089646,25512700
2018-07-05,165.31298828125,165.44682888792016,163.50613279743683,164.3474249465247,31626200
2018-07-06,167.8846893310547,168.00897513076222,165.38950602657434,165.6954358143051,37005600
2018-07-09,169.39511108398438,169.43334499703667,168.08538439589296,168.7545872807744,27362100
2018-07-10,169.5194549560547,169.9018525678132,168.936289116226,169.71065376193394,23902500
2018-07-11,168.6590118408203,169.28042609631146,168.0662912598415,168.19056244091453,30280600
2018-07-12,171.56529235839844,171.56529235839844,169.28998745336082,169.40470380570488,27930100
2018-07-13,171.7086944580078,171.9859305161017,171.0777253205812,171.55572959059543,28049800
2018-07-16,171.29759216308594,172.03372277598598,171.01080128958228,171.7469173149506,21405300
2018-07-17,172.33966064453125,172.70293396399967,169.48118990727895,169.48118990727895,31034100
2018-07-18,172.0146026611328,172.50217633288503,171.48880965536938,172.3587663051506,23220800
2018-07-19,171.15420532226562,171.966818404756,170.95345170073054,171.3932074538766,31094100
2018-07-20,171.11598205566406,172.24406518510176,170.92476866844183,171.67046878603514,35897300
2018-07-23,171.660888671875,171.73737110449335,169.92096073928815,170.6092880453208,22184700
2018-07-24,172.36834716796875,174.04136215653398,171.660895578435,173.42951725850287,36900300
2018-07-25,174.7775115966797,174.88265854607286,172.35879624734085,172.4448481139433,35026600
2018-07-26,172.1293487548828,172.9610715563446,171.89990144282666,172.40658482619227,40873500
2018-07-27,169.8062744140625,173.33394913751124,168.83115596390928,173.21923275220763,59456100
2018-07-30,167.40663146972656,169.9113688091516,166.6035879149151,169.8157767216915,60193000
2018-07-31,168.68765258789062,169.33774578260716,167.12936906182298,168.06625306116482,47285100
2018-08-01,169.3282012939453,169.83488457341892,168.3530832395982,169.0796443641661,37101900
2018-08-02,171.63221740722656,171.83298562544363,168.05674010387028,168.1332225399752,47178200
2018-08-03,172.15802001953125,172.16757485344093,171.2020114773887,171.95725180716695,28934400
2018-08-06,173.17140197753906,173.21920532635895,171.8329957357863,172.0433188005666,24808800
2018-08-07,173.80233764648438,174.1273770157071,173.286084918866,173.65892762768766,29895700
2018-08-08,174.01268005371094,174.32816462516772,173.09490542878825,173.5633548689876,22680700
2018-08-09,173.90748596191406,174.5958131548186,173.64935961769234,173.90748596191406,18852900
2018-08-10,172.5786590576172,173.24786209225556,171.928565690017,172.73160933158303,33818500
2018-08-13,172.387451171875,174.00309320321483,172.31096874516456,172.89413448474176,26089200
2018-08-14,173.4677276611328,173.66849585105192,172.11975226640322,173.04708161561172,20913000
2018-08-15,171.3454132080078,172.63603062224834,170.28424310380854,172.09109873122534,58528000
2018-08-16,171.9094696044922,173.02799789094126,171.57486076697157,172.66470996306552,27711800
2018-08-17,171.94766235351562,172.3778631933571,170.4276125785619,171.46010334669927,36092600
2018-08-20,171.79470825195312,172.39699821788594,171.12550528287818,172.3300706272131,24939000
2018-08-21,172.4256591796875,173.45814990382084,172.20578135314486,172.31094285062684,26258700
2018-08-22,173.0948944091797,173.29566261006457,171.8425256245856,172.06240349219712,18042400
2018-08-23,172.84634399414062,174.04135464870808,172.55953851953797,172.78898581672658,25776200
2018-08-24,174.45240783691406,174.59581784868382,173.38168310251262,173.41991701979964,23136100
2018-08-27,176.23062133789062,176.23062133789062,175.0547348476368,175.33197092235892,29343600
2018-08-28,176.48875427246094,176.8807213128899,176.11591148919618,176.69907733866506,20277000
2018-08-29,178.52505493164062,178.62064704111032,176.72775405821778,176.79466707609316,29175600
2018-08-30,178.20953369140625,179.27070362478864,177.61679854942912,178.18085460570924,29315500
2018-08-31,178.43896484375,178.94564813675154,177.79844095613547,177.98963972164967,28653200
2018-09-04,177.67417907714844,178.199972062938,176.71817061203066,177.8940569396167,29063500
2018-09-05,175.37974548339844,177.3873690433599,174.7774700854349,177.35868995714887,42623300
2018-09-06,173.81190490722656,175.6665637510386,172.63601852417762,175.4562407117899,46091400
2018-09-07,173.1427001953125,174.63407112283033,172.50217625016225,172.5595344262157,46629500
2018-09-10,173.72586059570312,174.2325439185598,172.77940695747364,174.1369372364039,26132000
2018-09-11,175.06423950195312,175.3510449164609,172.57862661378755,173.02795169275956,30116500
2018-09-12,174.5480499267578,174.93044752733707,173.0471094400407,174.80617633029217,36204000
2018-09-13,176.4122314453125,176.74684022518096,175.56138454046516,175.63786696407882,31133200
2018-09-14,175.89599609375,176.81375601652323,175.1980994375953,176.53651999064178,31224100
2018-09-17,173.36256408691406,175.72390606092085,173.20004440535675,175.5996202978055,33071200
2018-09-18,174.796630859375,175.6474780366521,173.41997596860412,173.50602783992886,31877300
2018-09-19,174.66278076171875,175.2363917976496,173.52512811256116,174.82530048480774,31843400
2018-09-20,176.5939178466797,176.83292000762555,175.4467103916464,175.8673565289166,33295800
2018-09-21,175.62835693359375,177.32048175478477,175.40846443928666,177.0719247552824,38605400
2018-09-24,176.1167449951172,176.1837930244181,173.63623095904913,174.3545275449687,34945600
2018-09-25,176.356201171875,176.4902826349282,175.43677498680773,176.04014887743887,25277500
2018-09-26,176.48069763183594,178.12799240754165,176.13591466450725,176.5094283279648,36210600
2018-09-27,177.97476196289062,178.60686653966044,177.1032251628398,177.19900389766548,33113300
2018-09-28,177.93643188476562,178.40572426976112,177.15110184779388,177.47672614083626,28076800
2018-10-01,178.30038452148438,179.60289638784366,177.85025077705106,178.9707918173054,27371300
2018-10-02,177.89816284179688,179.26770830558536,177.48634638388617,178.14716712236253,25618600
2018-10-03,178.08966064453125,179.0665480751296,177.81192573318862,178.6451450809977,29128700
2018-10-04,174.6706085205078,177.48633393855556,173.4063993067787,177.3713965285359,80557300
2018-10-05,172.5348358154297,175.2356380200746,170.88754112616718,174.65142287314103,83325600
2018-10-08,171.48133850097656,173.00412373183923,169.45094357937842,171.93147219016709,66864500
2018-10-09,172.03684997558594,173.36809258518844,171.19404385251667,171.60586027206327,49097900
2018-10-10,164.47076416015625,171.06951506489855,164.25049062610262,170.96416431143257,114471100
2018-10-11,162.43081665039062,166.07017454107785,160.71647384791822,163.7907898456927,143084500
2018-10-12,166.95132446289062,167.46849168715116,163.70460915927896,166.80765634619604,102078400
2018-10-15,164.9304962158203,166.68312719930051,164.30796367796262,166.36708953025405,64885300
2018-10-16,169.72872924804688,170.14054569056813,166.35751918147852,166.66399946652308,71979700
2018-10-17,169.79576110839844,170.7247593699052,168.05270199810712,170.5523751714982,66987600
2018-10-18,165.85943603515625,169.21148621805378,165.15072620644793,169.15402483883733,82486200
2018-10-19,165.7062225341797,168.62729797022365,165.10284878125483,167.2002769568697,82923700
2018-10-22,166.55862426757812,167.84197739196932,165.29441519785624,166.70227774650914,52909300
2018-10-23,165.9457244873047,166.7693720940763,161.68383293462057,163.42689228945247,77567000
2018-10-24,158.35089111328125,166.0318809004177,158.063569523619,165.75414595247346,102997400
2018-10-25,163.82907104492188,164.80595842247422,160.09393491572226,160.81223144932068,83481100
2018-10-26,159.61505126953125,162.77555855815365,157.28776318277363,158.2167610897216,130970900
2018-10-29,156.33010864257812,162.6798569165471,153.3228400119967,162.05733887994782,111871900
2018-10-30,158.90635681152344,159.02127958827046,155.161633788848,155.8703583442779,92584000
2018-10-31,162.64157104492188,164.01111671292884,161.41566428991632,161.49228437546586,73828600
2018-11-01,164.78684997558594,164.9592487953543,161.64550001375045,162.8809786117719,52706800
2018-11-02,162.22012329101562,165.2561221041836,161.10915427660566,164.2792345491829,75966800
2018-11-05,161.81787109375,162.48827835840228,160.01733619972762,162.43081696625813,39573500
2018-11-06,163.04376220703125,163.95360167794706,161.58801028529658,161.8274424941577,34410400
2018-11-07,168.1580810546875,168.1580810546875,164.60489958072782,164.99757202819734,51169600
2018-11-08,167.0853729248047,167.88986160972212,166.29045626692852,167.37267987385965,40296500
2018-11-09,164.26966857910156,165.9265355201417,162.96715666232862,165.52429112708023,50602700
2018-11-12,159.299072265625,163.42688207138974,159.1554041419952,163.12041637912642,62578400
2018-11-13,159.4331512451172,162.3159103364631,158.98301743628514,160.04609723381412,64128100
2018-11-14,158.216796875,161.5688477181728,157.30695742603805,161.01336325336462,75270700
2018-11-15,160.984619140625,161.41559414749923,156.5503450464656,157.929462145707,73254300
2018-11-16,160.41958618164062,161.1953442303436,158.7722913514489,159.41396794252154,65390700
2018-11-19,155.2095489501953,159.84495349074516,154.71152581187178,159.65341062640036,67280500
2018-11-20,152.43212890625,154.55828814512927,150.4879404890253,151.6755149229265,102652800
2018-11-21,153.59097290039062,155.12334492488282,152.4991625824193,154.52955770693887,42965800
2018-11-23,152.48001098632812,154.0410990165885,152.3650735912166,152.3650735912166,23503700
2018-11-26,156.00442504882812,156.0810450973474,153.96445827161983,154.6157213771437,42012600
2018-11-27,156.53118896484375,156.92386125896545,154.3667126408039,155.15205722904727,36608100
2018-11-28,161.56887817382812,161.56887817382812,156.55995963299583,157.66134212927847,70141000
2018-11-29,161.04209899902344,162.10517859860556,159.76833249879968,160.88887349071882,44885700
2018-11-30,162.21054077148438,162.30631950797482,160.45789511294964,161.2623985036326,36722800
2018-12-03,165.04544067382812,165.98401100395972,162.34463787348116,165.7924681263103,50771700
2018-12-04,158.71481323242188,164.64315666809216,158.52327040081738,164.18343633570382,70594700
2018-12-06,159.83535766601562,159.8545163337329,154.93179092267079,155.5160060709038,71715500
2018-12-07,154.55831909179688,160.05567449758306,154.06029589288522,159.13626279136142,80432200
2018-12-10,156.1768035888672,156.85678268403612,152.67151354533817,154.27091848990642,73960800
2018-12-11,156.6940155029297,158.76271329679508,155.37234503232975,158.72439595962223,59058300
2018-12-12,158.0731658935547,160.515377635309,157.98697379548648,158.98300547199304,53780000
2018-12-13,158.12106323242188,159.7683582761793,157.0962861911305,159.1075229301181,46378500
2018-12-14,154.2709503173828,156.88554573867893,153.90700871240185,156.31091725130918,56547400
2018-12-17,150.7752685546875,154.8360447513919,149.56853528285876,153.61015280781788,74834100
2018-12-18,151.72340393066406,153.18872791430104,150.401733430214,151.94367747614487,63642100
2018-12-19,147.9978485107422,153.92619285061866,146.85814876026078,151.4935532154872,81856500
2018-12-20,145.8525390625,149.28121054406392,144.03285985688845,147.63391553920562,99002100
2018-12-21,141.3320770263672,147.57645964990934,140.51800152231837,146.5804279095321,141129400
2018-12-24,137.82730102539062,142.13019802700728,137.78888871398422,140.30531279552883,56163300
2018-12-26,146.43307495117188,146.5098995557624,138.39394138988507,139.34481074708404,98982100
2018-12-27,146.9998016357422,147.1246526554425,141.265799821239,144.4257367751827,85824300
2018-12-28,146.92294311523438,149.43936718853584,145.7223568733014,148.05628949293407,77856600
2018-12-31,148.16197204589844,148.85351103548464,146.67325652514725,148.36367702435973,53015300
2019-01-02,148.75741577148438,149.5930189564439,144.91554048528357,145.02119264187775,58576700
2019-01-03,143.89747619628906,147.20147732782672,143.58051965972876,146.56757891030034,74820200
2019-01-04,150.0540771484375,150.79364242824448,145.74158044838236,146.317853091057,74709300
2019-01-07,151.84054565429688,152.58011091202965,149.93882107572117,150.42865500571352,52059300
2019-01-08,153.21400451660156,153.7806776557519,150.98570961231937,153.23320334276116,49388700
2019-01-09,154.4626007080078,155.13492594236237,153.16596195521686,153.80947429778413,46491700
2019-01-10,154.90443420410156,154.99087289400052,152.42642250451087,153.29085337028067,38943400
2019-01-11,154.33773803710938,154.50101597890315,153.47330730011788,153.99196867343102,30176600
2019-01-14,152.97393798828125,153.6366641002419,152.32081129258188,153.0315637970435,30710200
2019-01-15,155.9609375,156.17224182073065,153.5885782536444,153.6750169333274,40874200
2019-01-16,155.93215942382812,157.30562315965733,155.87451896891096,156.22028842043918,33812200
2019-01-17,157.16156005859375,157.86269838257238,155.18299610110105,155.4327127855824,39329000
2019-01-18,158.71746826171875,159.45703333691213,157.34400492052177,158.26604675594012,57183200
2019-01-22,155.53831481933594,157.65134318032463,154.4049540508444,157.57450392012262,56711700
2019-01-23,155.7400360107422,157.04627438264123,153.98239071076293,156.33553673177994,38106100
2019-01-24,156.74853515625,156.97905298827453,155.65360110142228,156.24908718132698,32417800
2019-01-25,158.6214141845703,159.1016485776881,157.46885457220574,158.00671474760318,36515900
2019-01-28,156.66209411621094,156.6716935298871,155.35585573217725,156.57565542634535,33491200
2019-01-29,155.18299865722656,156.78698028662,154.62592482365835,156.74855331570066,30784200
2019-01-30,159.13046264648438,159.70674978472684,156.45076116151566,156.94059497010824,41346500
2019-01-31,161.51246643066406,162.30965743896692,159.889271517242,160.1101752780316,37258400
2019-02-01,160.83050537109375,161.93505333762002,160.38869790895646,160.71525379933473,32143700
2019-02-04,162.82835388183594,162.82835388183594,160.71532442270353,160.8593889507088,26718800
2019-02-05,164.2689971923828,164.46108804406828,162.98197236493831,163.04919756801158,28156400
2019-02-06,163.7791748046875,164.59556464548544,163.03960958547586,164.307435675553,27970000
2019-02-07,161.57968139648438,162.75145464472124,160.35028235826744,162.34805945926811,42036200
2019-02-08,161.8966064453125,161.92541933470505,159.9852830561873,160.16775980381027,29020700
2019-02-11,161.7429656982422,162.87632668281668,161.33957049696443,162.482530895048,21434100
2019-02-12,164.13453674316406,164.37465397841683,162.6362075400816,162.92435115350352,29722100
2019-02-13,164.24981689453125,165.35436516216566,164.06734007469873,164.86451653747034,26094100
2019-02-14,164.45150756835938,165.03739425960305,163.11645621035748,163.66391593348345,30326800
2019-02-15,165.1430206298828,165.73850664229585,164.37464259914833,165.7000943357755,32521700
2019-02-19,165.46957397460938,165.96902188521284,164.60515786312683,164.63397075647012,19487700
2019-02-20,165.44078063964844,166.2379716461043,164.5475515292252,165.58484512339624,32593000
2019-02-21,164.835693359375,165.45039296398832,163.96167766378036,164.99897133889476,25207400
2019-02-22,166.0554656982422,166.170717275178,165.10459622174534,165.19104956003937,27735400
2019-02-25,166.66055297851562,167.75548684202369,166.5452867548472,167.32327880614253,32608800
2019-02-26,166.83346557617188,167.3617264674462,165.9786487359622,166.25719295844965,21939700
2019-02-27,166.727783203125,166.92948810893475,164.97012345897988,166.06505735551062,25162000
2019-02-28,166.34359741210938,166.93908339119065,165.87296241392477,166.2091323634268,25085500
2019-03-01,167.4961700439453,167.7458866806785,166.3339962323188,167.5441964198227,31431200
2019-03-04,167.52499389648438,168.8408316791608,165.65208235949413,168.60071443965967,38063500
2019-03-05,167.6498565673828,168.16850334701462,166.82385269197442,167.6498565673828,22319900
2019-03-06,166.69900512695312,167.84196563554667,166.43007496676577,167.8131527366405,27194600
2019-03-07,164.65321350097656,166.3340344537702,164.03851385303588,166.27640865171256,39407400
2019-03-08,164.40345764160156,164.489896324096,162.64579781958705,162.8090757717184,39303200
2019-03-11,167.82278442382812,167.93805069721338,165.05664300773714,165.0854559121841,30518400
2019-03-12,168.74481201171875,169.17702015891996,167.8611822324911,168.2645774802519,33953500
2019-03-13,170.0125732421875,170.8962027599233,169.37867498649237,169.6187921811681,42426100
2019-03-14,169.7244415283203,170.32952688310246,169.67641515906072,170.1278366500385,23751500
2019-03-15,171.2996368408203,171.80868419328823,170.27192806715587,170.3871796471584,38192000
2019-03-18,171.70761108398438,172.2272164569134,170.88010392310127,171.2265026109655,32935100
2019-03-19,172.28494262695312,173.19904576537292,171.55364837040526,172.41002084273234,36893300
2019-03-20,172.96810913085938,174.02655362113367,171.50554997627225,172.2945602198962,50105000
2019-03-21,175.67198181152344,175.9221529702224,172.4293002224174,172.44854867532277,42428500
2019-03-22,171.81346130371094,175.38329275355937,171.6306377286633,174.91180114855572,70794500
2019-03-25,171.48629760742188,172.0828673888882,170.24502958062706,171.18801271668872,46336500
2019-03-26,172.28494262695312,173.86297778996925,171.40932170517345,172.81416486991145,33248100
2019-03-27,171.1783905029297,172.92963240934927,169.92752020664778,172.5447515000726,37096700
2019-03-28,171.5728759765625,172.21755947338775,170.54331163103248,171.6209897532164,30368200
2019-03-29,172.8718719482422,173.03544704060732,171.84229293585437,172.90073727734998,35205500
2019-04-01,175.1619415283203,175.37363040097583,173.93993675157466,174.65196779390382,30969500
2019-04-02,175.82589721679688,175.99910390065824,174.91179406086533,175.35442031316407,22645200
2019-04-03,176.83624267578125,177.93316949076186,176.28778660942422,176.81699422435588,31633500
2019-04-04,176.76890563964844,177.52905067012503,175.7489432051328,176.8843669905392,28530800
2019-04-05,177.68299865722656,177.78884311684845,177.06718035095378,177.27886927019753,25674700
2019-04-08,178.13525390625,178.27958059630515,176.69192827662818,177.39434263867588,22697500
2019-04-09,177.50978088378906,178.11598226764497,177.13451685622724,177.52902933404664,25631900
2019-04-10,178.46238708496094,178.5201177554491,177.5482838769441,177.74072433932668,24563000
2019-04-11,178.0390167236328,178.7606794995268,177.71186645563824,178.7606794995268,20654100
2019-04-12,178.80880737304688,178.9242687279598,178.06789608706376,178.82805582628833,24989100
2019-04-15,178.837646484375,179.03971850810572,177.64449215694083,178.8183980339564,21073000
2019-04-16,179.45346069335938,179.84797316554423,178.904989985844,179.49194291105928,27195700
2019-04-17,180.07894897460938,180.8294772404823,179.54974124318161,180.65628518632846,29651600
2019-04-18,180.30982971191406,180.69471061055228,179.25138521726126,180.37719194442158,28580900
2019-04-22,180.81980895996094,180.8871711944989,179.38610040712774,179.52082487620368,17936000
2019-04-23,183.11949157714844,183.34079734790228,181.02186583203715,181.28165381768824,33665600
2019-04-24,182.54217529296875,183.50439219683662,182.48442994563428,183.27345485429302,24977100
2019-04-25,183.28311157226562,183.99515752149844,182.29202912046213,183.90856150507318,29517500
2019-04-26,183.44662475585938,183.48512164944594,181.4644605217786,182.99438169092682,26359500
2019-04-29,183.80267333984375,184.09134134157065,183.14835822377844,183.44664310873262,21716200
2019-04-30,182.3786163330078,182.67691595674168,181.09888055489628,182.3208856581778,31495300
2019-05-01,181.79159545898438,184.09130748435564,181.66651727097593,183.57170224035767,34797100
2019-05-02,181.00262451171875,182.67688722983908,179.8094702512148,181.73390408168024,44110100
2019-05-03,183.8892822265625,184.02399201250978,182.1765372271188,182.50368746695287,30386200
2019-05-06,182.76345825195312,183.01362933010978,179.70360124489633,179.98265233424698,38371800
2019-05-07,179.2033233642578,181.54150393989568,177.53867716009918,180.77172730035508,58818100
2019-05-08,178.7510528564453,180.09815075833345,177.97165945019105,178.6163430662565,37165300
2019-05-09,177.78884887695312,178.40466720317755,175.21009954182972,176.75926958343186,55351700
2019-05-10,178.01016235351562,178.8665349797094,174.19015931653715,177.15378972732185,58526400
2019-05-13,171.8327178955078,174.4114524721555,171.33236093202893,173.4781007843609,67185800
2019-05-14,173.71868896484375,174.7675168842708,172.10217109644702,172.73723798000407,43360600
2019-05-15,176.1722869873047,176.61491321720496,172.5351083151888,172.5736052128834,40944500
2019-05-16,177.94276428222656,179.03970564327906,176.03757893112456,176.24926782372086,39281200
2019-05-17,176.1242218017578,178.56826160045284,175.97027821529772,176.18196716423253,44702300
2019-05-20,173.1509246826172,174.33444733441425,172.5639717983128,173.67053002007452,38608300
2019-05-21,174.9599151611328,175.44102365092894,174.08429418596003,174.64238179599545,31613800
2019-05-22,174.1805419921875,175.19087287458737,173.92073926648064,173.9881015103655,24332600
2019-05-23,171.51515197753906,172.25606305644223,170.44709069630704,172.1790839472595,45351300
2019-05-24,171.42857360839844,173.05472258667555,171.21688470695022,172.43890433217126,25903300
2019-05-28,170.78387451171875,172.87188332069977,170.76462606362628,171.90966646777227,24763800
2019-05-29,169.37904357910156,170.31239516787963,168.47455732339787,169.72544225825905,42178800
2019-05-30,170.09107971191406,170.57218814547429,169.12886284479362,169.83127704675755,30354800
2019-05-31,167.37759399414062,168.66696086353946,167.30061489536521,168.0896396461167,45446200
2019-06-03,163.69236755371094,167.37766079057306,162.87449183206854,166.92541758120174,75842300
2019-06-04,168.3013916015625,168.35912227672463,164.89513494432342,165.53020173564153,47797800
2019-06-05,169.55223083496094,169.9371116867018,167.791372307833,169.9082463569344,34412700
2019-06-06,170.89932250976562,171.31306867677563,169.09035026899315,169.84087818117263,29913200
2019-06-07,174.1997833251953,174.90221240362763,171.59218311643028,171.81348894601956,45888300
2019-06-10,176.2300262451172,177.86580678481772,175.32555465689356,175.3640368742001,41385300
2019-06-11,176.47061157226562,178.3950457864987,175.8740416641791,178.06789549382336,41260300
2019-06-12,175.45068359375,176.35517012570597,175.1235332641441,175.98952288539962,27758100
2019-06-13,176.48980712890625,176.9228017608804,175.83550673965883,176.18190538169085,23715800
2019-06-14,175.7393035888672,176.19154673105024,175.0657546586793,175.5853453527484,22844100
2019-06-17,176.79774475097656,177.28847010173496,175.93174070095768,176.1241811513179,20379500
2019-06-18,179.3668670654297,180.62736893406458,178.4238838732508,178.88575858535435,48177300
2019-06-19,180.04042053222656,180.44454990378884,178.55861283649818,179.60742582571453,31672900
2019-06-20,181.71469116210938,182.59029749690512,180.08854203964117,182.55181527607746,40922000
2019-06-21,181.4452362060547,182.59989347530953,181.06034066146057,181.50296686717786,39980400
2019-06-24,181.45101928710938,181.9910497177401,181.35457897532862,181.80782195419204,19375200
2019-06-25,178.336181640625,181.43173327131953,178.066166417884,181.32565481133372,33921100
2019-06-26,179.16552734375,180.65062585839323,178.87623581532438,179.5223447533529,22595700
2019-06-27,179.8502197265625,180.27453359126565,179.35840940959852,179.81165242737444,19709200
2019-06-28,180.08168029785156,180.47705032248862,179.4355713093597,180.2841843835658,21179200
2019-07-01,182.51181030273438,183.77511378873172,181.66319726252667,183.53402769605492,31025600
2019-07-02,183.23504638671875,183.25433739191996,181.93319047278567,182.45392989541378,18035800
2019-07-03,184.61410522460938,184.61410522460938,183.50510027008897,183.69798093329507,15792100
2019-07-05,184.23797607421875,184.57548774052037,182.6371610514628,183.35078110991114,21415600
2019-07-08,182.94578552246094,183.1000694457337,182.19358334088912,183.04221113516542,17598800
2019-07-09,183.86190795898438,184.09334119897272,181.92356628571477,182.07786492219225,19193500
2019-07-10,185.6941375732422,186.2052388792466,184.64300580917472,184.9805322028273,28374500
2019-07-11,185.55917358398438,186.44636879005844,184.97092282928278,185.9738493855264,23736100
2019-07-12,186.62953186035156,186.63917000505126,185.58803835852027,185.76162796618786,20211900
2019-07-15,187.22743225097656,187.26601426163484,186.5427560664113,187.06349549249296,15606100
2019-07-16,186.26312255859375,187.1696086858616,185.69416287096084,186.99603374986307,20190900
2019-07-17,185.3469696044922,186.59098197890216,185.3276785985679,186.2630937370936,16765100
2019-07-18,185.55917358398438,185.9159763530767,183.89086165923257,184.46945955116095,28877000
2019-07-19,184.19943237304688,186.91889084824376,184.00656642151554,186.83210337726402,29387900
2019-07-22,185.66522216796875,186.0606068950132,184.61409032607472,184.61409032607472,18954900
2019-07-23,186.8802490234375,186.89954002683575,185.4337327777753,186.67774498929032,23786700
2019-07-24,188.1918182373047,188.20147109947231,186.14741266089788,186.16670367050426,20422900
2019-07-25,186.4077606201172,187.58426187161578,186.0509432145141,187.55533271909752,23434700
2019-07-26,188.3268280029297,188.57756698645863,187.49749115723276,187.5939314916253,20431200
2019-07-29,187.6806640625,188.22069446177613,186.49452481303814,188.153198019229,20451700
2019-07-30,186.87066650390625,187.60356298923182,186.1088408622342,186.2438484967607,18705000
2019-07-31,184.28623962402344,187.49749385636977,182.56970759317522,187.37213907752982,41627500
2019-08-01,183.37008666992188,188.02787201204782,182.48289156400193,184.60444635769994,63251600
2019-08-02,180.66993713378906,182.25146143042306,179.5705850582597,181.9910843109026,55214000
2019-08-05,174.2859649658203,176.96684130791903,172.81051916296485,176.88969198764005,75040000
2019-08-06,176.72572326660156,177.24647740570475,174.61382170382936,175.89638661687013,41897200
2019-08-07,177.6804656982422,177.93118995904865,173.47592328905964,174.80672334465785,49990600
2019-08-08,181.54747009277344,181.6053431167132,177.98905164368236,178.4808619867126,38418100
2019-08-09,179.84054565429688,181.2967000220671,178.43259672220017,180.67952035526181,33608900
2019-08-12,177.77688598632812,179.27160795013472,176.9571874067277,178.7315774709882,24642900
2019-08-13,181.67286682128906,182.91686480011617,177.45868590135373,177.62262270695234,40241900
2019-08-14,176.24356079101562,179.31982149414472,175.9156872571635,178.75086188280258,51000500
2019-08-15,176.0410919189453,177.04400372731862,174.7006536487197,176.47504400223443,36685000
2019-08-16,178.86659240722656,179.31983544534856,177.53580716195953,177.64188563289719,32781400
2019-08-19,181.71139526367188,182.09714182498521,180.81456209873102,181.45103288885295,22494100
2019-08-20,180.30348205566406,181.91393551301837,180.25526189046923,181.25818835349955,19902900
2019-08-21,181.90426635742188,182.48286409694353,181.2581574551901,181.8849753516867,20418500
2019-08-22,181.3160400390625,182.7046983434417,179.88879971804616,182.24180243216335,24243700
2019-08-23,175.5782012939453,181.73070888661712,175.08637620640454,180.08168811530476,55372400
2019-08-26,178.23011779785156,178.27832324031564,176.5521534448283,177.57435603246364,27598900
2019-08-27,177.85403442382812,179.7730851180772,177.159719978563,179.47414070205502,28012800
2019-08-28,178.49049377441406,178.78943817117795,176.38823013605693,177.27542518006587,21792400
2019-08-29,181.21958923339844,181.74034342479263,180.02379693716648,180.70848790296935,25358900
2019-08-30,180.78564453125,182.2321611207369,179.7634418290357,182.19357910476975,26319800
2019-09-03,179.030517578125,180.50596321430504,178.43262880691458,179.58020090499386,27964200
2019-09-04,181.61497497558594,181.76927360462787,180.2359548899553,180.75670908429004,21592100
2019-09-05,184.9419708251953,185.47236319665956,183.55331251253546,183.6208236846891,33932600
2019-09-06,184.7587432861328,185.3180648136531,184.3537203968377,185.25056835613464,19487800
2019-09-09,184.3730010986328,185.41449477634012,183.43758588943442,185.33734546154028,24407600
2019-09-10,183.84259033203125,183.93903064454796,182.17427887151726,183.3797092043476,23744700
2019-09-11,185.56878662109375,185.66522694739655,183.76546729410856,184.18978118627635,25063600
2019-09-12,186.3402862548828,187.76752672970858,186.08956197863318,186.70674187878802,28689900
2019-09-13,185.67486572265625,186.50420250159303,185.433779620811,186.07025046121714,27669800
2019-09-16,184.8455352783203,185.23128188332888,184.29586659893468,184.4790943969727,20319000
2019-09-17,185.7327423095703,185.7327423095703,184.46943875130134,184.8648234974452,20953400
2019-09-18,185.6555633544922,185.73271266201468,183.3314901275766,185.3469661244022,29781300
2019-09-19,185.96417236328125,187.1213827115293,185.60736964054283,185.98346337159163,26039400
2019-09-20,183.99693298339844,186.41743237373498,183.3797530938645,186.22456641726737,29086100
2019-09-23,184.0780792236328,184.628871104922,183.32437488195436,183.9427993352393,22485900
2019-09-24,181.63336181640625,185.3245784810342,180.84099768359417,184.91873883169194,40820700
2019-09-25,183.67221069335938,184.155355182322,179.93267706699658,181.44974309525136,34704900
2019-09-26,182.99583435058594,183.59492887396618,181.64302076487368,183.4306614964071,26826000
2019-09-27,180.7250518798828,183.4306643489814,179.48820299304947,183.33402953978432,40773500
2019-09-30,182.44505310058594,182.7349427961319,181.08258185260166,181.45943403349068,26307700
2019-10-01,180.95697021484375,184.16504247196508,180.6574229424706,183.11179085478142,32367600
2019-10-02,177.8455047607422,179.75875297454022,176.85022820670983,179.72976548224034,48544300
2019-10-03,179.79742431640625,179.93270420394234,175.69069554085863,177.82618624727832,39392500
2019-10-04,182.44505310058594,182.70595530101753,180.5801221076846,180.7733769899144,31887600
2019-10-07,181.89427185058594,183.34370555125477,181.57539466711054,181.92325934504714,21216000
2019-10-08,179.1693572998047,181.52710551226224,179.02441980494228,180.75407113605257,32379300
2019-10-09,180.91831970214844,181.73967140590216,180.1452854064513,180.68641973452128,20147400
2019-10-10,182.3194122314453,183.04412902433046,180.81200366134837,180.9666134491534,25177700
2019-10-11,184.66749572753906,186.13625917055126,184.29064359844256,184.39693598072108,40976700
2019-10-14,184.64816284179688,185.23759972594766,184.22299331953727,184.40659059000393,14975000
2019-10-15,186.9962921142578,187.4311193100321,185.1023587744456,185.21830876147789,23234200
2019-10-16,186.5324249267578,187.00591185198707,185.94298803796232,186.35849998140844,20457100
2019-10-17,187.0252227783203,187.94319430031612,186.3101636719705,187.65330467642303,19045200
2019-10-18,185.22799682617188,187.141245496762,184.2810374480178,186.68708834976468,27700800
2019-10-21,186.8706512451172,186.99627354819847,185.66278985211022,186.21358172463425,15801200
2019-10-22,185.38255310058594,187.86590819769518,185.32456337449136,187.60500603567039,22392300
2019-10-23,185.74012756347656,185.77877264734306,184.7061909510943,185.0057530147782,14828400
2019-10-24,187.54705810546875,187.66302282998424,186.24257659598894,187.06391352912755,18998500
2019-10-25,189.04481506347656,189.14144987948202,186.54212961960448,186.58077469936498,21507100
2019-10-28,190.90972900390625,191.1609588414448,189.9241100738083,189.9241100738083,18818700
2019-10-29,189.43128967285156,190.88072317744545,189.4023021823117,190.5908482720467,18569700
2019-10-30,190.3492889404297,190.66816610241077,188.70658572821173,189.7984970939893,21764300
2019-10-31,190.4362030029297,190.9869799649437,189.33463433450433,190.90001750953056,26801800
2019-11-01,192.16590881347656,192.17558114090434,190.96771976455494,191.25759469935755,22131900
2019-11-04,193.35443115234375,193.76992833719814,192.16588508878405,193.4413936220482,19015900
2019-11-05,193.4607696533203,193.78930444679662,192.82301523464045,193.59604955324605,15048900
2019-11-06,193.02587890625,193.25779356651364,192.08857742790045,193.23846365872512,19725500
2019-11-07,193.67333984375,194.919861185125,193.11290507540215,193.99221705330166,17832400
2019-11-08,194.44635009765625,194.4656800079528,192.81331917103182,193.32546595528098,15258800
2019-11-11,194.1854705810547,194.26276073659136,193.19985153733853,193.46075373158146,10147600
2019-11-12,194.74591064453125,195.39333735622586,194.0501960148043,194.34974329503177,14778300
2019-11-13,194.79420471191406,194.97780198925622,193.94388037995134,194.06948792939545,15774600
2019-11-14,194.63961791992188,194.76524022860696,193.47041629620017,194.05985327205735,16945400
2019-11-15,196.06971740722656,196.06971740722656,195.1903908208132,195.81847281430788,18427900
2019-11-18,196.22434997558594,196.533554844703,194.9681710983666,195.7605205553063,18365900
2019-11-19,196.5142059326172,196.96836298081212,195.76050162803867,196.96836298081212,16923300
2019-11-20,195.33535766601562,196.5915365863675,193.8569363560671,196.0020995792087,36629000
2019-11-21,194.90049743652344,195.25803440938225,194.2917453643381,195.12273978845138,17883600
2019-11-22,195.02613830566406,195.49962529081674,193.97288668490617,195.383660568174,17189600
2019-11-25,197.33554077148438,197.3741858439507,195.8377898725138,195.86677736296355,17752800
2019-11-26,197.71241760253906,197.96364746596984,197.17129805397929,197.46118773910828,14780600
2019-11-27,199.0941925048828,199.1038648319514,197.98296597767097,198.22453824396928,16963100
2019-11-29,198.1859130859375,198.8913000459854,198.08927827194628,198.59175276477612,9854600
2019-12-02,196.1566925048828,198.26319572146468,194.97781859205008,198.1955631497589,28007000
2019-12-03,194.62030029296875,194.6976051939208,192.51378228913165,193.46075626749254,31104100
2019-12-04,195.6059112548828,196.0697406763631,195.3256938807575,195.615583583082,15300100
2019-12-05,195.99246215820312,196.3016670697472,195.03583043506688,196.3016670697472,14962300
2019-12-06,198.08921813964844,198.2341555722353,197.2678667032614,197.42247646095277,16555300
2019-12-09,197.1906280517578,198.6593769000956,197.10365082509946,197.73174760055613,13984100
2019-12-10,197.02633666992188,197.9733105802327,196.5818519518913,197.28723884883618,21799800
2019-12-11,198.0699462890625,198.27287349856107,197.16163212689224,197.47085173290864,18780800
2019-12-12,199.54840087890625,200.33110760836095,197.59650708105985,197.86706690936342,32612000
2019-12-13,200.2054443359375,200.90117367912362,199.01691285149533,199.44206767730745,32519400
2019-12-16,202.21534729003906,202.46657717688362,201.45197055657522,201.51961787865062,21296600
2019-12-17,202.33128356933594,202.64050317318285,201.9930764706787,202.47622104338777,15996100
2019-12-18,202.4858856201172,203.04633507233405,202.27330083671075,202.50521553071823,15443300
2019-12-19,203.75169372558594,203.81932628670407,202.5534900893824,202.57281999730168,17865900
2019-12-20,204.57305908203125,205.35575084508264,204.14788954545998,204.71799654022573,27672600
2019-12-23,205.11343383789062,205.44268088553181,204.93913179256367,205.29742918109267,23774700
2019-12-24,205.21994018554688,205.38456369613598,204.75511999233248,205.2974126804772,7089000
2019-12-26,207.0308074951172,207.05017931237242,205.52013082928363,205.54918116698295,17067500
2019-12-27,206.85647583007812,207.77643753693272,206.3044899401464,207.7570657224531,18134100
2019-12-30,205.50079345703125,206.87589708642446,204.48398721113412,206.75000242676649,21815500
2019-12-31,205.88812255859375,206.03337424785465,204.52269757407254,204.84226606681372,18170900
2020-01-02,209.3258819580078,209.3258819580078,207.2147972251786,207.62151671835852,30969400
2020-01-03,207.40846252441406,208.65768606580536,206.53692290010494,206.5562947160398,27518900
2020-01-06,208.74488830566406,208.77393864851317,205.52986056061397,205.78163512409623,21655300
2020-01-07,208.71580505371094,209.30651989245203,208.0573110177988,208.8223278861517,22139300
2020-01-08,210.28456115722656,211.24326655222873,208.35748662393323,208.6867336085888,26397300
2020-01-09,212.06642150878906,212.47314102335272,210.82689114734714,212.01799935259558,23547000
2020-01-10,211.52410888671875,212.9185842034179,211.14643971980996,212.89922716250666,21898500
2020-01-13,213.96444702148438,213.99349736007787,212.05672931321877,212.39566963196614,22756900
2020-01-14,213.12196350097656,214.2162422059339,212.79271647029898,213.85793005949728,24418100
2020-01-15,213.2091064453125,214.2065407969499,212.5118687735937,213.2381567836035,25742100
2020-01-16,215.2523956298828,215.291139264881,213.8191914386632,214.27433310350446,18805000
2020-01-17,216.317626953125,216.49192898393736,215.09745363196876,216.22078264065095,24325200
2020-01-21,216.22080993652344,216.76310269155567,215.6204164972191,215.7172460455495,21146300
2020-01-22,216.79209899902344,218.0316292091112,216.5209526890896,217.31503457987134,20736400
2020-01-23,217.48939514160156,217.5862394682356,215.65914966862772,216.6662774706909,26496100
2020-01-24,215.65911865234375,218.73858752470426,214.66168429221764,218.50617004003087,37436500
2020-01-27,211.2045440673828,212.34723002848702,210.31361783582514,210.78813128781061,42264400
2020-01-28,214.44863891601562,214.94252422457004,212.13420169233842,212.69586619878476,26731900
2020-01-29,214.79725646972656,215.88184184044601,213.84824427034707,215.63974583616988,28924500
2020-01-30,215.56227111816406,215.65910064641778,212.74427030429723,213.41245758762298,39568100
2020-01-31,212.1438751220703,216.49190952082236,211.38852206068904,216.4628591849653,52015800
2020-02-03,215.34922790527344,215.84309840114346,213.03479085178884,213.1800425339958,25408600
2020-02-04,220.2783203125,220.6559894997055,217.54747020780798,218.2931300612432,30691200
2020-02-05,221.0045928955078,222.9704111909999,219.67791157255903,222.93168233343675,38534800
2020-02-06,222.912353515625,222.97045420136058,220.7722180073556,221.55660681752562,22467100
2020-02-07,221.95362854003906,223.15443012067564,221.31449149987597,221.91489967837848,25884900
2020-02-10,224.6360321044922,224.64571062476057,221.1595371768307,221.2176378511745,21478900
2020-02-11,224.67478942871094,226.6212509240503,224.084074537426,225.8755910306388,30198000
2020-02-12,226.8633270263672,226.96984985892863,225.43980134412203,226.00146584523083,24471300
2020-02-13,226.5728302001953,227.50247066611078,225.0137312002885,225.28487756754458,22773200
2020-02-14,227.2216796875,227.43472540447706,226.16614440198612,226.93116145740666,23438500
2020-02-18,227.3087921142578,227.73488347583853,225.87558780596967,226.11768382719794,24394500
2020-02-19,229.48764038085938,229.9621538690323,228.39337648877063,228.66452283162158,22230500
2020-02-20,227.35719299316406,229.45858448757113,224.54888532032095,228.98408578725258,42604000
2020-02-21,222.9897918701172,226.6115386390657,222.06983000867075,226.22419094257273,66017200
2020-02-24,214.39053344726562,217.16011228191576,213.29625479740753,214.67135830602862,84522600
2020-02-25,208.56085205078125,216.90833196655146,207.95078019421652,216.1917225052726,97743000
2020-02-26,209.63580322265625,213.3156660632229,208.1057544445544,209.85854222312085,79537700
2020-02-27,199.1384735107422,209.57765123748996,199.00290034973375,204.23216773304884,121822600
2020-02-28,199.29345703125,200.62013856172385,191.9046813863896,192.3598231098777,148173700
2020-03-02,209.57765197753906,209.72291843536797,199.42899235322048,202.2760435208171,112933900
2020-03-03,202.85708618164062,212.66682131360952,201.05589126180328,210.24586119427804,131953500
2020-03-04,211.3207550048828,211.42727783459804,204.68731877774727,206.57567937509606,73086200
2020-03-05,204.90036010742188,209.5195557691128,203.45747745292982,205.9655883820648,78705500
2020-03-06,201.44322204589844,202.53748579970343,196.49477974965913,198.19913008596498,89828400
2020-03-09,187.45013427734375,194.80016671454425,186.03628686191314,187.36296847042271,116424000
2020-03-10,197.6568603515625,197.84085567719666,187.5566074701537,194.75170832921413,100599200
2020-03-11,189.0479736328125,194.4031373295697,186.6366915414603,193.04740529610112,89168800
2020-03-12,171.7138214111328,184.7482590010583,171.34583084104833,176.3330014686268,137820700
2020-03-13,186.2589569091797,188.3312978766921,172.49822988149697,181.1555843642152,134882000
2020-03-16,163.9474334716797,178.84117109854103,163.81186028676103,168.64408755922258,92054400
2020-03-17,176.38145446777344,178.56031838499297,164.41222809145955,169.9223352063356,121257100
2020-03-18,171.01663208007812,173.55379360625054,161.52646527168216,166.18439026802633,114156300
2020-03-19,172.04310607910156,177.68878660812553,166.20375170412086,170.13538840487485,120896500
2020-03-20,165.30313110351562,177.08836155938195,164.7221096211496,175.99409778489462,118983900
2020-03-23,165.42251586914062,169.0616946212016,160.05592664620696,165.86891350366062,124639800
2020-03-24,178.23240661621094,178.39738092834924,172.69114440280268,174.59322818060318,94881800
2020-03-25,176.91262817382812,183.90954817424398,174.66118228112816,178.9699726698172,88754900
2020-03-26,186.22886657714844,187.02464062316844,178.1838634363903,178.43617445183756,79887600
2020-03-27,179.82398986816406,184.88001488274273,179.20290383543679,181.40580979697287,58845000
2020-03-30,186.36477661132812,186.80148993859214,180.83322748050907,181.53195103470276,49356900
2020-03-31,184.77322387695312,189.47990083229325,183.60868967591864,186.0542218635901,62659300
2020-04-01,176.92230224609375,182.11420290727622,175.51515616651375,179.3096098934341,53715400
2020-04-02,180.5129852294922,184.48212788173154,175.62193496077666,175.883960006129,56465300
2020-04-03,177.9510040283203,181.54167264745547,175.93247087637045,180.0665878810579,47487600
2020-04-06,190.67356872558594,191.80899080990113,183.5990111824351,184.8508822575957,64763500
2020-04-07,190.5959014892578,196.6709129031569,190.20772837490009,196.3894748085707,69904500
2020-04-08,194.64273071289062,195.22499053318137,190.37275132479732,192.2942339051169,45940400
2020-04-09,194.92413330078125,197.2143905554075,193.14821216280833,196.37010576162888,68252600
2020-04-13,197.0299835205078,197.40845750847728,192.8764687984329,194.0895283506243,42853900
2020-04-14,205.59906005859375,206.22014602371559,200.31982195112943,201.10588225612736,63959600
2020-04-15,203.24087524414062,205.5699588442478,200.99914319983296,202.31895279753618,47036000
2020-04-16,206.94796752929688,208.03486419117115,203.49317616160528,205.43407151944157,64657400
2020-04-17,208.92770385742188,210.11165137794592,205.81257465947502,209.78170267428737,62863200
2020-04-20,206.4530487060547,209.50025388697634,206.28807437425542,207.05472154059984,38249100
2020-04-21,198.83506774902344,204.9197801703971,197.61230873747365,204.37633172081942,72932800
2020-04-22,204.73536682128906,206.0745894797855,202.17338530581182,202.9206342334512,40089100
2020-04-23,204.29864501953125,208.10279806029448,203.89105878029122,205.531102882999,43278500
2020-04-24,207.5205078125,207.96692021660442,203.30876885174757,204.73532798488225,34231900
2020-04-27,209.18971252441406,210.2280987142798,208.1610402889798,209.80109933930166,36451700
2020-04-28,205.2497100830078,210.8977233973193,204.9682867359403,210.8977233973193,46862800
2020-04-29,212.528076171875,213.46941175781294,208.7821469310518,209.8011201208449,48716400
2020-04-30,212.4407501220703,213.53734616310015,210.9268537902801,213.45000940731063,43359500
2020-05-01,206.4530487060547,210.26690105332077,205.4243617070633,208.16103132455595,48795000
2020-05-04,208.85972595214844,209.08292474571556,204.88088501577903,205.2108484415772,32841000
2020-05-05,211.2276611328125,213.63436741018924,210.44160082340147,211.0141614428666,37783100
2020-05-06,212.528076171875,214.50778324267569,211.66437818979225,212.91624938329198,36455200
2020-05-07,215.2647247314453,216.14782092061475,213.9060890111293,215.2647247314453,38624800
2020-05-08,218.2149200439453,218.3507821605308,215.905249254132,216.9436356370683,31852300
2020-05-11,220.16546630859375,221.1941385076354,216.65245035159717,216.88536313185176,35714100
2020-05-12,215.5558624267578,221.35915098166424,215.5267501771394,220.76717722632623,41054100
2020-05-13,212.85801696777344,217.97228102164743,210.3057493222818,216.0799107725998,65521200
2020-05-14,215.27442932128906,215.31324071640182,209.6070179319347,211.5285003589564,51549300
2020-05-15,216.67185974121094,216.73008423331322,211.87784578670124,212.314544285325,55747200
2020-05-18,220.70892333984375,221.92198302000696,218.806854053748,219.59291435723657,42398100
2020-05-19,220.15576171875,223.05740561859906,220.01020048960058,220.9709342176997,36237300
2020-05-20,224.5519256591797,224.91098662235052,222.69836672632144,222.71777982936982,37417000
2020-05-21,222.1063995361328,225.2797682210589,221.59206334904152,224.60045767281187,43642900
2020-05-22,222.873046875,223.07683262203776,220.77687605831852,221.6987985132541,28762400
2020-05-26,222.2713165283203,226.66745787329168,222.02870462314678,226.4636573574895,33055300
2020-05-27,223.4844207763672,223.60088458349819,217.32208603650855,221.9317131572527,55665600
2020-05-28,223.1932830810547,226.57043710073478,222.2810598279103,222.3392843235821,42784300
2020-05-29,226.4636688232422,226.69658159482904,221.9996036188935,223.57173891335623,50691800
2020-06-01,227.14297485351562,227.5214488451409,225.1438550614511,225.59026749642612,25776000
2020-06-02,228.66661071777344,228.72483521419016,225.15357975276785,227.57000000906604,33383400
2020-06-03,229.69529724121094,230.45224535735593,228.39490071428068,229.27799697787742,37228700
2020-06-04,228.08432006835938,230.76275036982577,226.77420975985513,229.34590503064928,38716100
2020-06-05,232.6066131591797,233.19858685250716,228.66659783972602,229.23915843272198,47365600
2020-06-08,234.41163635253906,234.5377844795985,230.87920744560628,232.4610270696082,32937300
2020-06-09,236.10997009277344,236.9639541503319,233.36360083954054,233.54798830437932,35046300
2020-06-10,238.94366455078125,240.49638699324012,237.28419225530507,237.80824237297486,58084400
2020-06-11,227.10418701171875,236.39136429592057,227.0459625158707,235.00363111868367,72919400
2020-06-12,228.9091796875,233.29559208320168,224.8915273025003,232.02430812388812,72034800
2020-06-15,231.69439697265625,232.37370742629258,224.62953863912384,225.57087412768323,45307400
2020-06-16,235.67320251464844,237.1676852837338,232.034024062031,236.57571166312715,48890100
2020-06-17,236.4204559326172,238.24490228537357,235.55675810116776,237.17740392836583,34749300
2020-06-18,237.06097412109375,237.30358605750453,235.32387917184968,236.1002255220783,30578600
2020-06-19,237.0221405029297,239.70057069893986,235.28503090870396,239.43854568598422,49422100
2020-06-22,239.86468505859375,239.9910525690627,236.59830964213947,236.88993838445896,24068700
2020-06-23,241.90614318847656,244.1517733459993,240.9145758680168,241.4686852725552,32767400
2020-06-24,236.91909790039062,242.38249347992428,235.41228523513777,241.14787750900786,46032400
2020-06-25,239.17445373535156,239.4758133138738,234.42071257131354,237.00659610574283,36940800
2020-06-26,233.5263671875,239.1064297286843,233.00140576420054,238.93143764304816,52824600
2020-06-29,236.07333374023438,236.08306458678638,230.73632041304379,233.28331016359948,34377800
2020-06-30,240.70071411132812,241.2451075238136,235.82059059179116,236.005298678229,38909200
2020-07-01,243.5101776123047,244.5114757886261,240.1951926659631,240.73958606276608,34689200
2020-07-02,245.16282653808594,247.18486993064369,244.69620570399076,245.9697006923476,31956500
2020-07-06,251.19007873535156,251.71501048779712,248.31253660826306,248.3319834695566,34589000
2020-07-07,249.4596405029297,253.61067747737465,249.1582809146906,250.93730523722897,36578200
2020-07-08,252.7454376220703,252.77460049328195,249.35269504652467,250.79146591646378,30426300
2020-07-09,254.8744354248047,255.54521118042322,250.45123151024532,254.6702953109431,40312900
2020-07-10,256.6145324707031,256.8672971187128,252.0357839402012,254.72858779065876,32885300
2020-07-13,251.3358917236328,262.2724148474788,250.50957070972092,259.47266018101936,64108100
2020-07-14,253.1149444580078,253.5232544684787,245.71699186002283,248.7986599689132,72230500
2020-07-15,253.63015747070312,255.37028840111077,250.3151717059291,254.534236406399,54523900
2020-07-16,251.8997039794922,252.54131686249468,248.4972302972528,250.83034917448802,47594100
2020-07-17,252.19137573242188,253.05656080189985,250.00407110661274,252.3566221349522,35137900
2020-07-20,259.3462829589844,259.9781650407393,251.5789305425912,252.8329638585113,40610100
2020-07-21,256.64373779296875,260.9308583366219,255.79798476745123,260.92112748940815,43243800
2020-07-22,257.5478210449219,258.48109237715437,255.23413407632418,257.1395407958856,29865500
2020-07-23,250.82066345214844,257.84918339044566,249.40132441112047,257.1395435371496,51363500
2020-07-24,248.43893432617188,249.77075515180044,244.3170894934727,246.9612842822332,54054500
2020-07-27,252.87184143066406,253.26068963558373,249.30412132482527,250.0915485816329,36445700
2020-07-28,249.65411376953125,252.6094139772699,249.3624849883028,252.08445250383784,31302400
2020-07-29,252.53155517578125,253.39676976100927,250.7233979085862,251.19973467241903,27556900
2020-07-30,253.85369873046875,254.41752415776773,249.4013023885495,250.5581457830297,41774500
2020-07-31,258.3838806152344,258.53942584191464,253.58152928514835,258.50053211843993,53686300
2020-08-03,261.8738098144531,262.62234330940663,260.4058760294149,260.5322583641817,32081600
2020-08-04,262.8459167480469,262.94313620024104,260.61971886180993,261.36825227600315,24911300
2020-08-05,263.49725341796875,263.95415818216657,262.4376295323215,263.3320070354883,21612100
2020-08-06,266.9872741699219,267.3177966380239,262.66125987554085,263.3028727844038,28048200
2020-08-07,263.9056091308594,267.2205945419207,261.7474672669832,266.4428683894496,44969400
2020-08-10,262.7779235839844,264.40140279252637,259.239366074366,264.1972329934805,35088400
2020-08-11,257.800537109375,262.9042469301223,257.2561437685389,261.6112904952276,43104300
2020-08-12,264.2846984863281,265.23740179682113,259.9198203165459,259.96844488372733,38773400
2020-08-13,264.8874816894531,267.17197629416717,263.94450910347274,265.06245895269404,31895700
2020-08-14,264.5763854980469,265.7818239528138,263.1765080879604,265.50962721569806,30799500
2020-08-17,267.6482849121094,268.1537845633517,264.6152276702286,266.2970026704999,24803000
2020-08-18,270.22442626953125,270.7007630302615,267.2496948919513,268.7176285566831,23529500
2020-08-19,268.406494140625,271.24511188253024,267.8912637490815,270.18548823453347,31999400
2020-08-20,272.1298522949219,272.61591998937234,267.2011187530616,267.6094286699758,27723400
2020-08-21,274.0157470703125,274.47265180599175,271.6728976526562,272.32424129734403,34748900
2020-08-24,275.7267150878906,278.0306707949268,273.4324605592758,277.30156938549953,36418500
2020-08-25,277.89453125,278.0889701409447,274.5017891736441,274.9489630221656,34866600
2020-08-26,283.8246154785156,284.07738015144696,277.8654213092235,279.14864703257695,42216700
2020-08-27,282.9400329589844,285.6620302319594,280.6652393883431,284.80654622237364,49482700
2020-08-28,284.3787536621094,285.0106357081954,282.82333116367073,284.1843147245983,28021000
2020-08-31,286.66326904296875,288.4811573518095,284.4662337175639,284.90370648018165,36321000
2020-09-01,291.5628662109375,291.67951771377875,287.54794220724773,289.3269369600132,36216200
2020-09-02,294.32373046875,295.04310118901225,288.61730027652806,294.82923020903985,50836800
2020-09-03,279.4013977050781,290.29902562652313,276.4849919348021,289.79352597320553,110083300
2020-09-04,275.6781311035156,280.8790611897216,264.2263778005699,277.60296978791365,123959000
2020-09-08,262.4278869628906,270.4674337083073,262.1459594718607,264.6346230004872,99568600
2020-09-09,270.136962890625,272.24647988563646,265.39293786266256,267.95938930423506,64837900
2020-09-10,264.7513732910156,274.33664455902067,263.020973321815,273.1117443596558,69667500
2020-09-11,262.9140319824219,267.551107181133,259.46293349652933,266.5109151783102,71809000
2020-09-14,267.4927673339844,269.4953637881048,265.35405769015847,266.715041251131,38525200
2020-09-15,271.28411865234375,272.63540117980824,267.4636334208995,271.25495577528005,41849900
2020-09-16,266.95806884765625,272.5478469975981,266.608114368967,272.0812410260125,42321000
2020-09-17,262.7875671386719,266.7538652898782,259.24898113728597,260.09473392684555,81570800
2020-09-18,259.4337158203125,264.50826274597534,255.31187206990242,264.21663405314894,86251100
2020-09-21,260.055908203125,260.1919917101181,252.86208367517415,255.15633827432305,57168600
2020-09-22,264.8874816894531,265.4707392335895,259.11299466474344,262.4668442124074,41128900
2020-09-23,256.79925537109375,264.7513147251228,255.9146087191594,264.56660665124565,48837300
2020-09-24,257.9949951171875,261.212760507112,253.94117796301873,254.10645401349973,70631700
2020-09-25,263.9930725097656,264.80966264133997,256.9353603956509,258.50051373158067,55242400
2020-09-28,269.4759521484375,269.4759521484375,264.10004442546904,268.873203263419,58438300
2020-09-29,268.2607421875,269.97168010534807,267.69688711187064,268.9120562109856,27050000
2020-09-30,270.09814453125,273.25758514922,268.18303626228385,268.4552330365277,49380800
2020-10-01,274.3852844238281,274.9977346238597,272.0424339710722,273.9381103361961,50020200
2020-10-02,266.66644287109375,274.37546900089313,265.820689871639,268.3287859964778,75497400
2020-10-05,272.3534240722656,272.6742156616418,268.5329395354405,268.6398601761611,28184600
2020-10-06,267.4927673339844,273.35474232681577,266.60812060254807,271.6632363058367,49704200
2020-10-07,272.1200866699219,272.9172149529554,269.55363561075836,270.1466534844997,27539700
2020-10-08,273.568603515625,274.5990645797691,272.49924873192384,274.53100798734823,25443300
2020-10-09,277.748779296875,277.8265667376075,274.83237328094594,275.22122148295995,30201100
2020-10-12,286.32305908203125,289.17140889187954,281.4040559722332,282.45394922731833,79370700
2020-10-13,286.3132629394531,288.7727639334576,284.94254867789454,288.1311807760768,64240000
2020-10-14,283.9217529296875,288.0922204923094,282.1719217521768,287.1200854676465,36949100
2020-10-15,282.0165100097656,282.60949841509284,278.55571005804256,279.1973230379311,42514200
2020-10-16,280.4708251953125,285.09817004444545,280.1208409851171,283.66912965952554,40570700
2020-10-19,275.8919677734375,283.35798892389386,274.9101313599798,282.39555486772275,36756800
2020-10-20,276.4849853515625,279.60553114463636,275.0656762173091,276.63079970316164,32195400
2020-10-21,276.2711486816406,279.3139370870211,275.7850810045439,276.7377843318515,29306100
2020-10-22,276.2615051269531,278.01136711774814,272.99514354503066,277.1072584055857,32196200
2020-10-23,276.8057861328125,276.971062181598,273.9282740524233,276.8349490041024,24658500
2020-10-26,272.6548156738281,277.3502165824332,269.0482016618725,274.5115978400569,38421100
2020-10-27,274.78375244140625,275.61007333469166,272.39230804091653,273.6560719949671,30559100
2020-10-28,264.07086181640625,270.8758092948078,263.81809713084203,270.263359274997,53413500
2020-10-29,268.68853759765625,271.7021338298988,264.9263483970324,265.39298410422816,43246300
2020-10-30,261.8738098144531,267.57050838767555,259.6281796623779,266.6955925579552,65838300
2020-11-02,262.45709228515625,265.8984297990548,259.5309556132236,264.2749805030707,39987400
2020-11-03,266.9969177246094,269.1064640909001,263.2930851111405,264.381871751596,43604100
2020-11-04,278.9153747558594,280.7235323828148,274.0158039701187,275.68787806628,75728200
2020-11-05,286.1869201660156,287.15905544889125,283.86350259968,285.3508683957911,52054200
2020-11-06,286.4007568359375,287.1298582863538,281.7539514453061,285.52584102888073,40959800
2020-11-09,280.54852294921875,290.80456817486726,280.0916181710704,289.3560664027036,86537100
2020-11-10,275.52252197265625,278.67222996167726,272.80052610101257,277.2237582672311,69024900
2020-11-11,281.68597412109375,282.16231099239417,275.48374527741714,278.059898255704,36102900
2020-11-12,280.36376953125,283.9315185624765,279.24582004935087,282.65802389750814,34414600
2020-11-13,282.8232421875,283.4454228580241,279.8485113161739,282.0844397252617,24806900
2020-11-16,285.03009033203125,285.3314499106464,281.90951456552017,282.5219645695497,30168400
2020-11-17,284.1259765625,285.5550166558392,283.4843636974074,285.2244942102852,21843500
2020-11-18,282.0261535644531,285.1953240901336,281.93866494878404,283.5718747762501,28069600
2020-11-19,284.2328796386719,284.5439700065122,280.8012437490607,281.47201937531196,22718400
2020-11-20,282.2886657714844,284.903712218684,282.2011771506418,284.1551490172257,25907300
2020-11-23,282.2983703613281,284.5925953181651,280.0430094542177,283.28993763919965,26875600
2020-11-24,286.2647399902344,286.76053858548653,281.55960776122504,283.3677655390749,24516800
2020-11-25,288.0242614746094,288.66587436826677,286.38135035309654,287.33405368014235,23326800
2020-11-27,290.6782531738281,291.80593394425284,289.5991673128232,289.99774643861986,17163100
2020-11-30,291.2712097167969,291.61146304715083,286.5660778453045,290.99901298595745,27836200
2020-12-01,295.0041809082031,296.6373908206114,292.4474602264472,293.5557087503237,27521300
2020-12-02,295.3833312988281,295.7235846039281,291.98085758226125,293.82790880924,23620000
2020-12-03,295.8013916015625,297.3568143499838,295.072289969542,295.6944709357991,22828700
2020-12-04,297.0067443847656,297.1525884028372,295.16942422951945,295.8499010892647,19332100
2020-12-07,298.6886291503906,299.05804538315783,297.0068240733476,297.1915321897312,20851000
2020-12-08,299.6995849609375,300.00094451549444,296.452656781327,298.21221921298394,18341500
2020-12-09,292.9140625,299.7676039747143,291.8447078182228,299.4857061196374,48839300
2020-12-10,294.09033203125,295.21801243101294,289.78378018598454,290.87256687066264,27519500
2020-12-11,293.4390563964844,293.56543873661377,290.153234221984,292.4280273426652,26760400
2020-12-14,295.5679931640625,297.52196473342866,294.566695099327,294.63472201593504,28804800
2020-12-15,298.72747802734375,298.72747802734375,295.63606508775956,297.83310045769946,25709000
2020-12-16,300.370361328125,301.1577885101393,298.07610670274977,299.12602939024447,25461900
2020-12-17,302.33404541015625,302.56734836326723,300.76892198768365,301.9743601350395,23730500
2020-12-18,301.4202880859375,303.2868010352811,299.0385445812216,302.97571059918766,41173400
2020-12-21,300.85638427734375,301.39201593472086,295.6752432106519,298.46057538259464,37095500
2020-12-22,301.6745300292969,302.5997149165231,298.8404844473168,301.76217724676064,26176300
2020-12-23,300.15521240234375,302.08351037317874,299.99938524048974,301.72317306432547,21201300
2020-12-24,301.4796447753906,301.92762920997643,300.3402015820548,300.41810028855315,16785000
2020-12-28,304.51824951171875,304.99547947559404,302.2588002799989,304.0994807385356,22497700
2020-12-29,304.7909851074219,306.4758386579285,303.88526747087616,305.85252992675976,25871900
2020-12-30,304.80059814453125,306.28091114173,304.1772896903531,305.95953815322014,18138100
2020-12-31,305.550537109375,306.0374857716751,303.62223942809857,304.70325119233075,21611400
2021-01-04,301.2362060546875,307.0601232765859,297.2140049887485,306.8847991545159,45305900
2021-01-05,303.7196960449219,303.9924159093658,300.2429041462177,300.2429041462177,29323400
2021-01-06,299.5124206542969,303.7391318875527,297.99314305786356,298.9865077259959,52809600
2021-01-07,306.75823974609375,307.5957773149911,302.151693954181,302.18090968981716,30394800
2021-01-08,310.7025451660156,311.05316375132156,306.85563781919126,309.05665587068023,33955800
2021-01-11,306.21282958984375,308.9105146530886,305.56030526312213,307.73210713634137,32746400
2021-01-12,305.725830078125,307.3424733178401,303.0768284361688,306.25171318073774,29266800
2021-01-13,307.7905578613281,308.5891311809254,305.3850299753538,305.9888416378994,22898400
2021-01-14,306.14471435546875,309.2417015686929,305.6674843245409,308.2385882365733,23500100
2021-01-15,303.7196960449219,306.8946117815558,302.4731082861632,305.9304626531165,35118700
2021-01-19,308.15087890625,308.6572948530596,304.94674814871115,306.04725696251865,24537000
2021-01-20,315.31878662109375,316.2634683961553,308.24831089737927,311.78356361973323,30728100
2021-01-21,317.8410949707031,318.5910148810674,315.2797701468571,316.6626876099694,25130600
2021-01-22,316.92572021484375,317.93855216040174,316.234231628502,316.7991087914011,21609400
2021-01-25,319.54547119140625,321.69780590880026,313.02037624912305,320.32460696726974,39080600
2021-01-26,320.012939453125,321.152412475377,318.6787047856862,320.26616228495647,25498100
2021-01-27,311.092041015625,317.75349570079464,309.0760662537869,317.7437769370158,55264000
2021-01-28,312.93267822265625,317.89956024850744,311.676342421303,312.2996509407603,42836300
2021-01-29,306.3490905761719,312.34830069341376,304.59608756337946,311.2380436565911,55259000
2021-02-01,314.00408935546875,315.0948499540935,307.7711206987607,309.8065631945867,35646000
2021-02-02,319.1266174316406,320.28555744125276,316.81848589482786,316.984061490908,33930800
2021-02-03,317.8606262207031,321.58092128191504,317.80219475657844,321.21083552846613,24824500
2021-02-04,321.6199035644531,321.707550773663,317.93857217267225,319.2630882386057,22350900
2021-02-05,322.7105712890625,323.7234327283252,320.92835243858605,322.57424113201864,22732000
2021-02-08,324.8727722167969,325.0285994107735,322.75943091317276,324.4053203558653,20462800
2021-02-09,324.8045349121094,326.0705896574628,323.9280034657982,323.9377519506209,17597500
2021-02-10,324.0643310546875,326.70358445229476,320.899164785934,326.2458515261278,28068700
2021-02-11,325.8465881347656,326.25563813145,323.4508087855882,325.6031137779511,22046100
2021-02-12,327.6678161621094,327.8333620885025,323.94752068808276,324.9993168800262,20346800
2021-02-16,326.78155517578125,329.36237744629017,325.6128663599702,328.4663787247029,27080800
2021-02-17,325.2135009765625,326.8983539155974,321.5516675333959,323.79161931598696,31360300
2021-02-18,323.7916564941406,325.1551068540528,319.7889228893038,321.6101359182812,32236200
2021-02-19,322.3795471191406,325.2720239490943,321.3569666091645,325.14541251584143,39157700
2021-02-22,314.02349853515625,319.24357464063485,313.8189883909842,317.97751983443806,47256900
2021-02-23,313.0885314941406,314.7636361288141,302.8820765432247,308.7254606565988,97241900
2021-02-24,315.6692810058594,315.98093522000494,307.7125283890396,310.4199612173428,58206300
2021-02-25,304.6642761230469,315.57193765835245,303.11578299861986,313.0008642679222,110182600
2021-02-26,305.940185546875,310.7804277579102,302.76527007583536,307.6055420078647,104739800
2021-03-01,315.1434631347656,315.4843331765732,309.64094864612514,310.93621913980525,49164500
2021-03-02,310.08892822265625,315.864132708995,309.8357351072908,315.78623399372646,48370000
2021-03-03,301.090087890625,309.9330621521893,301.0316564312634,308.98838059786146,86301100
2021-03-04,296.16229248046875,303.8950424908286,292.2764205001149,300.72012652135123,139131600
2021-03-05,300.6226501464844,301.52836761908986,289.68580108042,298.79171823133095,121523700
2021-03-08,292.1108093261719,301.96664696035356,291.69204054740146,300.07728349218917,88409800
2021-03-09,303.63201904296875,305.54087958085745,298.9086398488195,299.4442715963023,80391100
2021-03-10,302.7652282714844,308.20931116744356,302.0737694398089,307.90740535131806,76798100
2021-03-11,309.73828125,311.5107516086282,306.6315467296954,307.5275155314662,53484800
2021-03-12,307.22564697265625,309.92336162956025,303.26190738141264,305.6674052823379,69315600
2021-03-15,310.5076599121094,310.67323552865344,305.90114475156423,307.547033549442,42955700
2021-03-16,312.2120361328125,315.73756992039466,310.77068690659974,312.7087333504896,54925900
2021-03-17,313.49755859375,315.39667036052094,307.4399157415801,309.1637331141538,78258700
2021-03-18,303.89501953125,309.58257802556466,303.43728646422653,308.5989319255577,82718100
2021-03-19,304.9662170410156,306.5147101929367,301.5770437124228,303.7293484394466,78446200
2021-03-22,310.68536376953125,312.7623901411852,307.3699361649072,307.3699361649072,56194800
2021-03-23,309.3298645019531,313.1036021623031,308.5107611907434,311.7774433989697,53455400
2021-03-24,304.1129455566406,310.74382903577254,303.96668241369787,310.70481561147994,64803700
2021-03-25,303.58636474609375,305.10759068954115,299.7443906184939,302.2602059217077,78729000
2021-03-26,308.1402893066406,308.4620682871635,301.96774533928277,303.3719015582759,63519600
2021-03-29,308.052490234375,309.1056146975115,304.69804970953186,307.60393997771735,54608000
2021-03-30,306.50201416015625,307.0773356850252,303.7911615088379,306.0827165712976,44635700
2021-03-31,311.1923828125,312.7623234955452,307.95495300530285,308.2962535150808,55032500
2021-04-01,316.49713134765625,316.6336337195681,314.7808974708528,315.0344401367975,55685600
2021-04-05,322.8158874511719,323.58624636652235,318.7496231906816,318.99340502073335,42172500
2021-04-06,322.5916748046875,324.55166077166274,321.8115549783168,322.5039169039449,33537200
2021-04-07,323.37176513671875,324.21039023093635,321.1777283407755,322.1138423746566,32046400
2021-04-08,326.7456970214844,326.9309736200307,325.43902979283484,326.23864145408453,29940800
2021-04-09,328.7251892089844,328.92998739266164,324.6394327102431,325.38050931124786,36664900
2021-04-12,328.2961730957031,328.7154707589578,326.4044234538934,327.68183803819926,25833000
2021-04-13,332.12841796875,332.59646010288134,329.6125724636806,329.8271016946669,30374000
2021-04-14,328.1401062011719,332.4989265414717,327.3210028178401,332.37215522764814,42564300
2021-04-15,333.1133117675781,333.5033865987313,327.8573896891955,331.02655426186004,36342800
2021-04-16,333.50335693359375,333.717886168233,331.6213382921331,333.63985930553025,40860100
2021-04-19,330.45123291015625,333.0840594719452,328.5204696246858,331.92368505123113,34533100
2021-04-20,328.0426330566406,331.0752651793133,326.0631254991568,329.78811954597774,38081800
2021-04-21,330.8509521484375,331.03622871735087,325.6632677359111,326.7554055578064,36598100
2021-04-22,326.86273193359375,331.4458130765135,325.7023278917065,330.4609545914579,45936100
2021-04-23,330.9778137207031,332.2942121366293,327.49660114515655,327.49660114515655,36381900
2021-04-26,333.13287353515625,333.4156688942838,330.47076426003565,331.22163161787057,30812000
2021-04-27,331.6896057128906,333.63986066902527,330.7339998298432,333.42533143350926,33187200
2021-04-28,330.56817626953125,332.3721678439462,329.91482784215,331.35802705338705,33615700
2021-04-29,331.75787353515625,334.2736893481391,328.52044314878265,333.85439167239684,37708900
2021-04-30,329.5833435058594,331.7969020388034,328.66672124930227,329.3005779490187,38263400
2021-05-03,327.828125,331.5433584894493,327.3795746709028,330.79252100829416,29729700
2021-05-04,321.9285888671875,325.58531678469706,318.09631539315626,325.26350806318055,65147000
2021-05-05,320.8462219238281,324.8540116954388,320.06613177426283,323.9861338774057,46219300
2021-05-06,323.2644958496094,323.4205198055751,318.3303535564837,320.5828954834095,46814300
2021-05-07,325.8876647949219,328.27670962557136,323.44008492881085,326.0534198267067,53324500
2021-05-10,317.6575012207031,324.6784004217807,317.45270304709237,324.502884637422,60700500
2021-05-11,317.21868896484375,318.01830056695377,311.0851293473334,311.7482385892321,71963600
2021-05-12,309.00811767578125,314.5955782997197,308.1402400573506,312.26503942688345,91164900
2021-05-13,311.397216796875,314.3811046094843,309.0179032816724,311.9628074198574,69877800
2021-05-14,318.2718811035156,319.18847358170007,314.0690541730112,314.5761395218071,44370000
2021-05-17,316.341064453125,318.25230571023565,313.4546958544339,316.55559365861365,39395000
2021-05-18,314.2055969238281,318.525404781158,313.9325624031478,317.29676431736186,36528500
2021-05-19,314.5663757324219,314.8686628758539,308.4328154430025,308.7838768164094,66319100
2021-05-20,320.651123046875,321.5092399020376,315.83402117089565,316.05828142268183,46466100
2021-05-21,318.87640380859375,322.6306202941213,318.5156114509529,322.2113226762428,50330400
2021-05-24,324.2396240234375,325.3707753879732,318.7691437889994,321.17770967759543,32475800
2021-05-25,324.68817138671875,326.4824022306919,323.5082755657662,325.76081747782405,31280300
2021-05-26,325.8193359375,326.28737806273784,324.66869270158645,325.3610248508527,25444900
2021-05-27,324.6003723144531,326.219087163228,324.3956039189311,325.3707311946854,27931700
2021-05-28,325.6242370605469,327.223460042545,325.3024581602055,325.80951361964475,29927400
2021-06-01,324.5419921875,327.4381225034498,323.18655046751275,326.96028971830367,31145400
2021-06-02,325.1757507324219,326.0241068494021,323.44978586541134,324.9612215038786,22047900
2021-06-03,321.79205322265625,323.60577596581794,320.1148328458213,322.3283614079496,37057800
2021-06-04,327.2528076171875,327.7013579521592,323.52781328097404,323.5960793506632,38736500
2021-06-07,328.22784423828125,328.28634949365767,326.0240470906947,326.71637911833056,32611900
2021-06-08,328.3839111328125,330.85098225234645,326.69693002603395,329.98310458651906,27282800
2021-06-09,328.4618225097656,330.5388480808664,328.2765459723469,329.7587582716963,21485300
2021-06-10,331.88458251953125,331.9918322384441,328.3546264547586,328.80317668038936,33702100
2021-06-11,332.75244140625,332.7622022023025,331.2410059443453,331.89432459232046,21222800
2021-06-14,335.9411926269531,335.950923666387,331.99190830185694,333.1815650708088,27827700
2021-06-15,333.7470703125,335.9020932555925,333.025455893965,335.5900453858759,35963800
2021-06-16,332.5282287597656,335.2878264118586,329.05677734002023,334.21518024091955,55399500
2021-06-17,336.75054931640625,337.7646903151614,331.46537458531355,331.5141190600916,59722700
2021-06-18,334.10784912109375,336.23361935027765,333.3569821050682,335.0829763556025,55414900
2021-06-21,336.1844482421875,336.5066303132151,332.07440725416495,334.30027600842294,32992600
2021-06-22,339.3182067871094,339.76727739845506,335.6767515047022,335.9793892855056,28941600
2021-06-23,339.4841613769531,340.6361691858133,338.6445932683934,339.2596409629678,27188500
2021-06-24,341.5831298828125,343.1158332152999,340.88022251137943,341.42692493437767,32581600
2021-06-25,341.1632385253906,342.3933335941404,340.5579631083997,342.14926900386723,28682800
2021-06-28,345.31243896484375,345.4491294765928,342.3934351332988,342.4520082688914,39130300
2021-06-29,346.5620422363281,346.5913288035659,344.2971448528288,345.1367129756766,29426000
2021-06-30,346.01531982421875,346.7963445605828,345.4295587202075,346.40581729587706,32724000
2021-07-01,346.1520690917969,346.6597129118308,344.3069257698683,345.6639397210923,29290000
2021-07-02,350.1253662109375,350.4475184101907,347.82138063571807,348.0556731442659,32727200
2021-07-06,351.63861083984375,351.92173419467537,348.02644186304775,350.73069743195805,38842400
2021-07-07,352.38055419921875,354.14757988484376,350.4182648760353,353.844942101762,35265200
2021-07-08,350.2523193359375,351.11143174965804,346.00561787069523,347.29425669822524,50890000
2021-07-09,352.4391174316406,352.91747459925864,349.0807855527018,349.66654665587436,35184500
2021-07-12,353.815673828125,354.27451658636653,352.26339635329214,353.8449603959681,25717700
2021-07-13,353.815673828125,356.7932508000214,352.9565614473281,353.4349186531151,39723000
2021-07-14,354.4501647949219,356.81269357450185,353.6203391486554,356.16835941833176,35336400
2021-07-15,351.9606628417969,354.5672858431813,349.9495729486713,354.36227992402934,53391600
2021-07-16,349.1101379394531,353.8059401836036,348.75866929406476,352.8199093039076,47262000
2021-07-19,346.2496337890625,346.7475053913716,343.6820690301015,345.6443284605894,64404600
2021-07-20,350.2718811035156,351.72649709000024,345.4003297394721,347.18689991490913,42183700
2021-07-21,352.97607421875,352.97607421875,349.617742087791,349.8422923022215,30259900
2021-07-22,355.309326171875,355.3190684985141,353.18105980041804,353.18105980041804,30252200
2021-07-23,359.4583740234375,359.741467523589,355.2799890396714,356.63697279587007,31960800
2021-07-26,359.7414855957031,360.13201283064336,357.89637252070423,358.76522709444265,28438100
2021-07-27,355.7779541015625,359.47798295000956,351.6093401404392,359.47798295000956,57933100
2021-07-28,357.1446533203125,358.7262172022664,354.6161472433124,356.9201329206816,42066200
2021-07-29,357.77923583984375,358.9507281968726,356.5784271256694,356.5784271256694,25672500
2021-07-30,355.9146728515625,356.50043408192005,353.80595029810746,353.8352368699727,36484600
2021-08-02,355.94390869140625,358.1697772150731,355.23122915352513,357.58401606820297,27334100
2021-08-03,358.10137939453125,358.2185256480997,353.4055783747087,356.6077050754428,35558500
2021-08-04,358.6188049316406,359.5755490167949,356.9494111869438,358.0623304190597,29602200
2021-08-05,360.8934631347656,361.12775562172993,358.72616825121787,359.43881783008186,21443900
2021-08-06,359.3119201660156,360.60058850463554,358.1990009957852,359.6243300286588,33332100
2021-08-09,359.975830078125,360.50298825029836,358.667647180987,359.7707943292329,25960200
2021-08-10,358.1307067871094,360.78613141189584,356.9396700849688,360.49326574458604,35130800
2021-08-11,357.515625,359.89769817712653,356.1781555917457,359.399826590177,34249800
2021-08-12,358.8042907714844,359.165501655092,355.6509650430191,357.0079786793239,25969200
2021-08-13,360.063720703125,360.39564506735485,358.6579058704754,359.1558073133449,19336200
2021-08-16,360.21990966796875,360.25893856105154,355.0652654414668,358.941013282876,34856900
2021-08-17,357.047119140625,358.4333898651217,354.6064722944876,357.45713112666675,44793900
2021-08-18,353.6106262207031,357.91593030778677,353.2787018652449,356.5101155122881,38541900
2021-08-19,355.3190612792969,356.99822721370674,351.41402699397594,351.6678637562969,48499400
2021-08-20,358.99951171875,359.3997812374258,356.0804788470489,356.39288868499716,39486000
2021-08-23,364.3690185546875,365.06215383870546,360.0344278617251,360.0441701887345,34034700
2021-08-24,365.4819641113281,366.08723973737875,364.49593329228054,364.96454819295735,21732900
2021-08-25,365.9017028808594,366.4777216593891,364.98401743468827,365.73575560681314,20441900
2021-08-26,363.5782775878906,365.72602884866296,363.13894925636504,365.04266563557445,29133300
2021-08-27,367.1123046875,367.61994845115146,363.7246860393407,364.21281535583023,27104700
2021-08-30,371.23211669921875,371.72024601490466,367.88352695089617,367.903071191075,27295700
2021-08-31,370.9294738769531,371.5444917802162,369.3771964562384,371.47617631966386,29628200
2021-09-01,371.54449462890625,373.6239302683613,371.33948865958007,371.9935950476859,28138300
2021-09-02,371.36871337890625,373.23337061846337,370.1483903001158,372.9014463161976,25453400
2021-09-03,372.51104736328125,372.9113170141015,370.197318961145,370.21683341006855,24605400
2021-09-07,373.0381774902344,373.69228389299184,371.4566432481949,372.6183934221473,23970200
2021-09-08,371.7397766113281,372.8624681275684,369.4651070103561,372.8624681275684,32949200
2021-09-09,370.4608459472656,373.07721180124247,370.21678130134137,371.9642925082125,29399000
2021-09-10,367.64923095703125,372.90150711132503,367.317306600651,372.17908526467676,40249400
2021-09-13,367.3953552246094,370.42176259111585,365.3354640508637,369.9922064594545,48741800
2021-09-14,366.3508605957031,369.62130350713755,365.3941163146944,368.88910945955337,41826600
2021-09-15,369.0745544433594,369.42602303424945,364.5056713131262,366.8096571179329,34097900
2021-09-16,369.328369140625,369.9043581091384,365.80409008081074,367.73706293950573,35193100
2021-09-17,364.9547119140625,368.8988047038401,363.9101379332463,368.85000369472516,60912300
2021-09-20,357.4136047363281,360.8831532501428,352.7516692197343,359.1337045621642,76203200
2021-09-21,357.85345458984375,360.45318561695,356.71973528152097,359.251045270157,41927500
2021-09-22,361.19586181640625,362.6618730781083,357.6676458703507,358.772045793005,46972900
2021-09-23,364.5286560058594,365.5646350771824,361.713909160725,362.35895779824165,44652000
2021-09-24,364.8706970214844,365.2909763131026,361.88003599170924,362.2514303384008,36056800
2021-09-27,361.958251953125,362.83785290403983,359.3976232583388,361.8116567656527,43338100
2021-09-28,351.7156982421875,361.9093576369607,351.20749166341363,357.3842938950348,97701600
2021-09-29,351.1390686035156,355.1363896610703,350.51358588142,352.98625738539664,58076600
2021-09-30,349.84893798828125,354.4619881999935,349.0084391361424,352.7907436229213,61384600
2021-10-01,352.0186462402344,353.06440818536737,346.3500808212534,350.47446070645503,56375500
2021-10-04,344.62994384765625,350.7285415274841,342.38207170507485,350.3962492001681,76766000
2021-10-05,349.2820739746094,351.53972892765154,345.47045066597167,345.6952199703568,47232900
2021-10-06,351.52020263671875,351.7938568863418,345.147921097377,346.05684094511673,56806500
2021-10-07,354.7453918457031,357.40376001831805,354.0417052757146,354.5792307860072,39411200
2021-10-08,352.97650146484375,356.0649027993143,352.43894598519523,355.83032066274245,41822300
2021-10-11,350.26922607421875,354.97023350580196,350.18123914461114,351.43223432716405,34847200
2021-10-12,349.04754638671875,352.16523644491843,348.4024978079637,351.72545093172926,43905100
2021-10-13,351.8427734375,352.51714113934173,349.3309998133116,351.3638858735561,40120800
2021-10-14,358.3225402832031,358.53755649905526,354.7845705891569,355.4491553195796,43433900
2021-10-15,360.5801696777344,360.69744581865064,358.50821165200404,359.5441906648692,40419900
2021-10-18,364.2060852050781,364.4211013989463,358.6743320592673,359.2802786530564,34513500
2021-10-19,366.96221923828125,367.01107435688726,364.2549954589701,365.28119155833417,29091000
2021-10-20,366.4833068847656,368.03727535981074,364.99772960592173,367.421545811456,31390300
2021-10-21,368.721435546875,368.9169156811318,365.3789459640821,365.68191929392356,25469300
2021-10-22,365.6232604980469,368.42822429179034,363.95201580136415,367.46066628203914,36275800
2021-10-25,369.366455078125,370.28515794975675,365.0954799334532,367.0501618175925,32597800
2021-10-26,370.5295104980469,374.03816106488716,369.34693625418953,371.61437450399467,47191300
2021-10-27,371.3895568847656,374.4681748779368,370.71518925065175,370.9790605668395,45760500
2021-10-28,375.513916015625,375.76803419006137,372.5232552937077,373.29536294413424,38007000
2021-10-29,377.3610534667969,377.5272145313312,372.07366582467586,372.4254942068777,37310100
2021-11-01,378.6512145996094,378.778273701154,375.7094384858887,377.80093270598616,30765300
2021-11-02,380.2344970703125,380.71341443316834,377.9866247424185,378.0354798610806,25135300
2021-11-03,384.2708740234375,384.6911234369991,379.6773898550058,380.723121912414,33748900
2021-11-04,389.19671630859375,390.1545211819202,384.9941621323585,385.5414706810939,40265300
2021-11-05,389.568115234375,391.90394463488224,388.1607418564483,390.9754886123018,43383800
2021-11-08,389.040283203125,390.56493249145785,388.39523468481883,389.5387365641058,29256300
2021-11-09,386.36236572265625,390.5160640528664,384.9940945908605,390.11535075247025,50490700
2021-11-10,380.6840515136719,386.4014717377395,378.7489058552316,383.5769721352575,54937400
2021-11-11,381.7395935058594,383.8506535116858,381.3975182122437,383.6747393010532,32243000
2021-11-12,385.7564697265625,386.2939952974942,381.2900146024353,382.8928381878475,34730600
2021-11-15,385.66845703125,387.261527382847,383.21535178883636,386.9390180270502,33716900
2021-11-16,388.41485595703125,388.9132795629859,384.74004441717955,384.9354947127825,27872900
2021-11-17,388.6201477050781,390.66278703199083,387.6525895570888,388.73742386530915,28703300
2021-11-18,392.6467590332031,393.15496563171246,388.4442045321664,390.6725408888324,45721500
2021-11-19,394.8359375,396.11625168271036,393.45788326285316,394.288628986448,45191700
2021-11-22,390.2522277832031,399.4490096636231,390.14473459566756,396.38017460293406,61715400
2021-11-23,388.4734191894531,391.16110630136615,384.0167476736032,389.0891188193717,70098700
2021-11-24,389.7245178222656,390.0079252455727,383.6454554358011,385.981284982875,46954400
2021-11-26,382.3357849121094,388.5321228480716,380.93816471012883,387.13450264609105,51533300
2021-11-29,390.6333923339844,391.6498352359274,386.1865031053598,386.9195087909184,54447100
2021-11-30,384.89642333984375,392.0994214300404,382.87332039798855,389.7440261415066,81332700
2021-12-01,378.3482360839844,391.40552710976374,377.8791315014341,389.25536501947556,77766500
2021-12-02,381.074951171875,382.86347169487146,375.6311558109767,377.0580650136895,84416600
2021-12-03,374.4486389160156,383.44994061734536,370.31447600461735,382.4432806427218,105349100
2021-12-06,377.4490966796875,378.817368080212,370.70542008767455,374.9373232143192,67588800
2021-12-07,388.8155212402344,389.43125078592595,384.0851948132798,384.12429680099547,56005300
2021-12-08,390.5552673339844,390.7605304422238,387.24209647485037,389.1479235731187,39204000
2021-12-09,384.8085021972656,391.13189998123516,384.6130220569125,389.32381307425476,49973700
2021-12-10,388.99151611328125,389.25538745617536,384.4468564253123,387.6329977538214,52545800
2021-12-13,383.3717346191406,389.3041709611735,383.00034032081635,388.9816616014096,50166400
2021-12-14,379.40374755859375,381.2509063415046,374.9372925079584,378.5241168917935,75199200
2021-12-15,388.05322265625,388.41486387133824,375.1816587027493,379.1496606798966,73858000
2021-12-16,378.0745544433594,389.45081696425507,376.4814839862096,389.0207845773161,82591400
2021-12-17,376.1882629394531,380.3712805042033,373.1193984127803,374.64404772346006,80492500
2021-12-20,372.5390930175781,373.3317478125288,369.38803486899735,371.44307798575346,65336800
2021-12-21,380.8767395019531,381.1898952506263,372.0596700681834,375.8272150452584,48899500
2021-12-22,385.5152282714844,385.7207236420416,379.91769683860383,380.5831303289041,37042200
2021-12-23,388.4216613769531,389.89931084870966,385.7011844346208,385.8675278845225,29595500
2021-12-27,394.8411560058594,394.8411560058594,389.69376758534145,389.7231240649038,32820700
2021-12-28,393.0111999511719,395.91761111169916,392.1304756312912,395.74147222055757,33113700
2021-12-29,392.9524841308594,394.42036794138056,390.56472407661107,393.14821391793123,32248500
2021-12-30,391.7781982421875,394.9292567094091,391.19103874028684,392.7371965599248,23850100
2021-12-31,389.3317565917969,392.4730198635764,388.8326664953194,391.1030008248077,34752900
2022-01-03,393.0796813964844,393.33412413123705,388.3824654365894,390.5059871616272,40575900
2022-01-04,387.98126220703125,393.6668630829173,384.86935571130647,393.6277111528594,58027200
2022-01-05,376.0621032714844,387.4137455110723,375.8076604882793,386.28834388638927,75739800
2022-01-06,375.7978515625,379.0565706496076,371.9911547216824,374.2321325766418,70814300
2022-01-07,371.7269287109375,377.5006296516385,369.9459188263835,375.80765935894306,72652300
2022-01-10,371.97149658203125,372.4901774859506,361.40274601710547,366.7947816322854,91770500
2022-01-11,377.5593566894531,377.72570015788,369.1434821616188,371.2376478773277,68295700
2022-01-12,379.05645751953125,381.8454421599987,376.7665628287527,380.14267698159944,54576400
2022-01-13,369.5740051269531,381.13114132338785,368.6345678460641,380.4461169298019,77994000
2022-01-14,371.8736877441406,372.2064044851256,366.8339295230059,367.0394547551627,80121200
2022-01-18,362.6161804199219,368.1647937779756,361.8528821136246,366.0314766993717,75450900
2022-01-19,358.6333923339844,366.66760156314075,358.3691541283917,364.18197655300446,81791500
2022-01-20,353.97528076171875,365.8651333721557,353.4370686562929,361.8725026424533,88610700
2022-01-21,344.1600341796875,354.4254252131121,343.8762349529826,351.77345687357496,143388900
2022-01-24,345.735595703125,346.4010591392172,326.9956161495678,338.50383613902187,198685800
2022-01-25,337.7208557128906,343.51411608062404,334.3643024089526,339.24748211949606,124398400
2022-01-26,337.1924743652344,349.23890454772715,333.48361308316373,345.3539043840817,146559500
2022-01-27,333.7967529296875,343.74898750024437,332.7692164409579,341.9190306343916,95255700
2022-01-28,344.2677307128906,344.4830215702914,330.71429173947706,335.6855126319435,108167900
2022-01-31,355.27679443359375,355.86395392199785,343.9936622372974,345.63771477766323,94326400
2022-02-01,357.6939392089844,358.34960716010227,351.450564752471,356.6272804884161,74433000
2022-02-02,360.600341796875,362.1758860127199,356.490284881098,361.8431692526932,78777100
2022-02-03,345.980224609375,354.1808074737164,344.9135658883242,350.85360992714203,95384800
2022-02-04,350.3446960449219,353.6620975910422,344.43400947175957,346.49881815444513,86318300
2022-02-07,347.52642822265625,353.31966024365846,346.26403964430637,350.9416953755529,58198100
2022-02-08,351.4309387207031,352.5269538152327,345.2462479853762,346.38141500875935,64720900
2022-02-09,358.8780212402344,358.9562952345095,354.36670958468255,355.97161017695555,55766400
2022-02-10,350.75567626953125,358.64310185378633,348.90615844037484,351.82233478148777,112468500
2022-02-11,339.629150390625,352.3606048779056,338.39611849644695,350.75570432585346,101569100
2022-02-14,340.0499572753906,343.46525394851614,336.52705998742897,339.07136805891844,80254400
2022-02-15,348.5049743652344,348.7398262152106,344.2872573291026,345.3539159666408,55128800
2022-02-16,348.4169006347656,349.44440732994184,343.20100357206405,346.244431456698,58947100
2022-02-17,338.0537109375,345.8921915096524,337.63289481022423,345.1876059663398,61801400
2022-02-18,334.197998046875,339.38450871840297,331.87874648499985,338.9930790220149,80001500
2022-02-22,330.8414001464844,336.67381286730046,327.1912818022667,331.24262527374714,85967100
2022-02-23,322.3668518066406,334.85362908683555,322.0536961103912,334.01205675035743,86215400
2022-02-24,333.19989013671875,333.73813221696685,311.4458672215949,312.01343592464735,130614100
2022-02-25,338.3668212890625,338.5723465502087,330.166267803965,334.0023212468929,78842100
2022-02-28,339.3747253417969,341.07749087111875,334.012075595769,335.17659914226175,77515500
2022-03-01,334.17840576171875,340.6273048016596,331.6438633977363,338.34720517814924,67407000
2022-03-02,339.7857666015625,341.1264291195551,332.9552027644024,335.73439269995686,70609000
2022-03-03,334.93194580078125,342.5453685061157,333.0628368637629,342.4377081658222,71089400
2022-03-04,330.0781555175781,334.0023081263751,327.7491380936645,332.56378067574235,76936300
2022-03-07,317.9045104980469,331.2329220526594,317.6990151038907,330.06839837881466,89933800
2022-03-08,316.4268798828125,326.0757567703742,313.08988653559476,317.11187452573154,116153900
2022-03-09,327.817626953125,329.17788044357127,322.0439559343873,324.64700711089927,64723400
2022-03-10,324.1772766113281,325.39074768821797,319.7149116554787,323.7369293313158,69362700
2022-03-11,317.4543762207031,327.47515137933533,316.9650815502445,327.1619956228394,66228400
2022-03-14,311.3576965332031,319.5973997519687,310.6531112105195,316.2114899427076,79802600
2022-03-15,321.1239929199219,321.9068820836282,312.394995259814,314.0096612302168,76471000
2022-03-16,333.0335388183594,333.1509647635222,321.3687404839529,325.0580414914907,105243000
2022-03-17,337.0653076171875,337.1240205872268,329.82375262530434,331.1252632800771,67810000
2022-03-18,343.9643249511719,344.25791964384416,334.2371454446047,335.4016690379384,85446300
2022-03-21,343.0080871582031,345.3596291342556,338.59899080475225,343.1256881778844,73799100
2022-03-22,349.7490539550781,350.62108944574555,343.1256328340646,343.5077389078282,63345900
2022-03-23,344.72271728515625,350.43496299965574,344.6639317290119,346.85870212908924,70615500
2022-03-24,352.38470458984375,352.4337124805299,344.48752703699944,346.65287445604577,53555300
2022-03-25,352.0907897949219,353.38413169954225,347.76987245523134,352.3259319953643,57584200
2022-03-28,357.53851318359375,357.63649907929795,350.8366905525674,352.0810247148289,56833900
2022-03-29,363.6916198730469,364.31867573046327,358.665245850268,361.4478716261979,68073000
2022-03-30,359.6744384765625,363.4858712268424,358.1851546485179,361.8202008406506,68757700
2022-03-31,355.2164001464844,360.17418156412054,354.37375731009485,359.8214383136721,67011400
2022-04-01,354.540283203125,356.2647091545112,351.34612881303497,355.4808818948896,54527800
2022-04-04,361.83978271484375,361.8495902738432,355.11837548201186,355.3829104651465,45950200
2022-04-05,353.8053894042969,361.09509562544844,352.65901153276303,360.37983166277434,62738700
2022-04-06,346.12384033203125,349.57272240658875,343.47837079626055,348.4655446371817,90077100
2022-04-07,346.94683837890625,349.1513861701998,341.64612210148704,345.12439665620184,63777400
2022-04-08,342.0968322753906,345.9572429238926,341.45996887320604,345.2028084199009,61956100
2022-04-11,334.00372314453125,338.7655323266624,333.66078748589047,337.844518798242,66107400
2022-04-12,332.5928039550781,340.66633866728716,331.2112836878705,338.7753336516227,72790200
2022-04-13,339.3534240722656,340.4115939431819,332.2106802650202,332.93572203025735,61367800
2022-04-14,331.5934143066406,339.9609072975217,331.3778573007506,339.44161495166344,73519400
2022-04-18,331.84814453125,334.15067829211495,329.006733250246,330.5352173848852,58560600
2022-04-19,339.2652282714844,339.84330612225693,330.1726942929048,331.2014713339062,56515700
2022-04-20,334.3172302246094,340.5389602606602,333.0924813947212,340.0784535045785,65500000
2022-04-21,327.3998107910156,340.8426534836965,326.46901973591173,338.2167994929767,75801000
2022-04-22,318.8266296386719,328.7813923475408,318.39551563111917,327.5566434399698,82562100
2022-04-25,322.92218017578125,323.2357230698255,315.91662246182705,317.1903792559708,101755900
2022-04-26,310.7335510253906,321.0410284548474,310.4591785281024,320.8548642037449,105819600
2022-04-27,310.36114501953125,316.35751019671903,308.63668918778313,310.8314294092132,111204200
2022-04-28,321.3839111328125,323.22593821795783,311.1057982802932,315.34834511171533,99450000
2022-04-29,306.92205810546875,320.6196598429337,306.28519469137467,317.1609703283237,91977900
2022-05-02,312.0463562011719,312.28149836261764,303.39471539788735,306.510468641398,115511800
2022-05-03,312.37957763671875,314.68211165966477,309.59695159023624,312.06603472697765,78185500
2022-05-04,322.9417724609375,323.61783619668915,307.54913777677507,312.8596318765966,116083400
2022-05-05,306.6771240234375,318.67966322243785,303.3653982194563,318.6012924494573,154607400
2022-05-06,303.00286865234375,308.7248917511313,298.946486066283,304.6685390661658,139572800
2022-05-09,291.14727783203125,303.1008380425426,289.7461723855392,297.34942248016563,113387300
2022-05-10,294.68438720703125,299.5833827123957,290.5790265814482,298.3586338360546,124124600
2022-05-11,285.9445495605469,297.9470878557473,285.0725439595052,292.4112292345063,140326100
2022-05-12,285.26849365234375,289.77557536091507,279.1839497913746,281.6432550288911,120910900
2022-05-13,295.8405456542969,296.8791303187699,288.13930910141835,289.7461939942836,83684900
2022-05-16,292.4112548828125,296.15409473738475,291.1277204140141,294.0867030235705,59190400
2022-05-17,299.985107421875,300.367213527169,294.4786112928647,298.2998517523802,62715300
2022-05-18,285.25872802734375,296.1442818170421,283.99477879963905,295.44863281932385,79477100
2022-05-19,283.7301330566406,288.4429929549121,281.77053538958404,283.4460129237004,79920700
2022-05-20,282.848388671875,287.8649551317849,274.5494893435265,287.208506498754,91764200
2022-05-23,287.551513671875,287.93361985607385,281.4865535211754,283.8968514632746,63648400
2022-05-24,281.4374694824219,283.0247391588451,276.54828179250933,282.3095049892263,73491100
2022-05-25,285.37628173828125,287.46325850529627,279.73262962478657,279.9383790536053,67144500
2022-05-26,293.2832336425781,294.8411404299685,284.2886856268606,284.5728357209179,59462200
2022-05-27,302.85595703125,303.0029209399256,296.3109051553599,296.4284762823003,66985600
2022-05-31,302.0524597167969,305.04083495560684,298.1822413835623,302.8265093636628,60968300
2022-06-01,299.81854248046875,306.3342009038281,297.5944091552211,304.19824591470774,65341700
2022-06-02,308.0292053222656,308.2055619608037,297.27100185506634,298.69172232361495,59291300
2022-06-03,300.0145263671875,304.19825817796124,298.7603845898786,302.7873449408514,60914700
2022-06-06,301.0138854980469,306.0402597453733,299.4462009328293,304.47257518015573,51785000
2022-06-07,303.6103210449219,304.3941782106184,296.5753711764465,297.6727413073281,44900300
2022-06-08,301.4253845214844,305.4229513620433,300.57293425813856,302.80687482514656,38342100
2022-06-09,293.351806640625,302.80686075322944,293.18525755976697,299.73030752547965,55900500
2022-06-10,283.0051574707031,288.91334461832633,282.5544582745043,287.71798856668164,85963500
2022-06-13,269.846435546875,276.63643517310425,268.98420767666977,274.09875945121325,94442000
2022-06-14,270.33636474609375,273.0308121861445,267.81827396221996,272.0510131170351,64697500
2022-06-15,277.08709716796875,281.03568525688803,271.0221400180854,273.77540223942947,86051400
2022-06-16,265.9076843261719,270.48332924476284,263.84029273705437,270.0228224851846,81910300
2022-06-17,269.1409606933594,271.59045792934603,265.0454084910511,266.68165590008016,82703400
2022-06-21,275.9312744140625,278.25788685548844,273.535996932066,273.6439676154064,51633700
2022-06-22,275.52880859375,279.9561757849261,272.8193556203365,273.4181674959733,67472900
2022-06-23,279.6322937011719,280.48635276704937,275.1754463231238,278.0223198622405,57457800
2022-06-24,289.2134704589844,289.6356167076287,282.2337221792914,282.4693163954109,58422300
2022-06-27,287.0930480957031,291.14737149998075,285.9542928443564,290.5780088535931,54151500
2022-06-28,278.34625244140625,290.23441262390025,278.15973037775973,287.63296010273984,61609800
2022-06-29,278.6014709472656,280.11327032831275,275.6956992459022,278.2088039538767,57302700
2022-06-30,275.1459045410156,278.73886523254,270.7283343404051,275.60729640475535,79313600
2022-07-01,276.96209716796875,277.3547641885174,271.9555102698973,273.8403539105333,56675100
2022-07-05,281.70361328125,281.8214103926746,271.6806429365619,273.21206530222844,61829300
2022-07-06,283.50994873046875,285.6205904796543,280.35875568572794,282.08652680590944,63194700
2022-07-07,289.5766906738281,290.28350321368526,284.3246837416952,284.3246837416952,56620100
2022-07-08,289.9399108886719,291.3142602951489,285.78738343619494,286.7297901779835,59895500
2022-07-11,283.7454833984375,287.7409079150445,282.8619752484787,287.51514014121216,55273900
2022-07-12,280.996826171875,286.92619764014665,279.3966786930411,285.0021080754775,55797100
2022-07-13,280.4175720214844,282.7736037935782,274.890695307181,275.46008787690005,73939400
2022-07-14,281.41888427734375,282.2925659649965,274.67470156365414,277.80627056582625,63741800
2022-07-15,286.5236511230469,286.63165177071534,282.80306625908185,284.4228662641133,63818100
2022-07-18,284.098876953125,290.7350594794217,282.9208760632567,289.32143444472456,59519600
2022-07-19,292.83587646484375,293.1303991886779,286.1309982014204,287.74094191580616,55172600
2022-07-20,297.4792175292969,298.6670448491126,292.47263127981654,293.2579951777451,67769400
2022-07-21,301.7496337890625,301.80853235450695,295.27052196296734,297.9407001112366,55049400
2022-07-22,296.4582824707031,302.89811714112835,294.62254102695607,300.8169550774457,57127700
2022-07-25,294.7698059082031,296.9589687605159,292.7573686818506,296.48775035557804,40582400
2022-07-26,288.97784423828125,293.31689364222086,288.1630610253911,293.06164663064516,50074100
2022-07-27,301.1899719238281,302.88829324499227,292.99291796895704,293.5623105324181,69304400
2022-07-28,304.13507080078125,304.71425991478856,297.2043943401865,300.9740517666814,55139900
2022-07-29,309.6815185546875,310.594505946471,304.2528161329349,305.6860939934011,57501000
2022-08-01,309.4949951171875,312.9701591527909,306.8051949656981,307.9046744448888,46358800
2022-08-02,308.5722961425781,312.7149981500987,306.12791591537683,307.1881499608795,48676500
2022-08-03,316.9754638671875,317.8000735385009,310.2018309268077,310.26072947771786,53735700
2022-08-04,318.45782470703125,318.77197032441234,314.89431212871335,317.05402579998935,38973700
2022-08-05,315.8562927246094,317.89817880893816,312.5578544441011,313.34318833225046,53894000
2022-08-08,314.83538818359375,320.48988900620327,313.36286442425353,316.7791303310089,43878500
2022-08-09,311.2718811035156,313.1861740061334,309.642314479443,312.9309269634982,39764200
2022-08-10,319.9597473144531,320.25427001868235,316.160641102601,318.6442964528926,51459600
2022-08-11,318.14361572265625,324.30857993260713,317.4368032036174,322.29614301683057,45897700
2022-08-12,324.3381042480469,324.53442277816515,319.14499529546055,320.20519924210436,40928400
2022-08-15,326.9591369628906,327.45980457243166,323.36617579248235,323.3858286139196,38266600
2022-08-16,326.1934509277344,328.2942658000535,323.130606405368,325.97747958533307,41186900
2022-08-17,322.47283935546875,325.35898798458174,320.3818510671757,323.04223191961705,47842200
2022-08-18,323.2483825683594,324.43620989533196,320.8040029556997,322.42377293949306,41937200
2022-08-19,316.9460144042969,320.85312174690677,316.18030321196943,320.19541121377335,51770600
2022-08-22,308.6016845703125,312.90145854997627,307.78690130810605,312.66586434568933,51098900
2022-08-23,308.34649658203125,311.19337000041486,307.590581841035,308.3661194480487,39497100
2022-08-24,309.2398376464844,311.06575285651206,307.2568196707977,307.86545807414024,38057100
2022-08-25,314.7077941894531,314.7274470149079,309.97610683404093,311.0264844457321,38098300
2022-08-26,301.8084716796875,315.62075171261455,301.72012384928206,314.4132714465953,69047700
2022-08-29,298.833984375,301.59250990443917,297.7246783159623,299.04012931915685,48321900
2022-08-30,295.5060119628906,301.11143978477355,292.97328466665317,300.49297510723807,51184500
2022-08-31,293.7881774902344,299.324882423608,293.6802067709094,298.4217211374014,50044000
2022-09-01,293.91571044921875,294.28875456205407,287.58387681766726,291.2848087546339,57990700
2022-09-02,289.76324462890625,298.1860675274146,288.14344449276297,296.8018915695425,64666800
2022-09-06,287.6820068359375,291.1669972281021,285.54194645723015,290.2442134026836,57005400
2022-09-07,293.49359130859375,294.4948965816833,287.89798958830795,288.1630630124858,49260400
2022-09-08,295.0151672363281,296.34044439245304,290.0380605207168,291.41240981061503,55649800
2022-09-09,301.4648742675781,301.9655419275569,295.01521307525,297.28289724557266,56125200
2022-09-12,305.0480041503906,305.38177259845475,302.5348993990843,302.8490449826405,45905700
2022-09-13,288.3201904296875,297.46944945592384,287.4268556722952,296.2717954904564,79562200
2022-09-14,290.607421875,291.49092998917445,287.69182412722705,289.4686667657163,54907200
2022-09-15,285.7677307128906,291.0982585459743,284.1577573202648,288.6833284156026,65299400
2022-09-16,284.0204162597656,284.41308330699667,280.3881786660841,282.44971811226617,79920400
2022-09-19,286.23211669921875,286.38947175438466,281.30506971439746,281.36407410853366,52613800
2022-09-20,283.9505615234375,286.25182307860814,281.63945589781423,283.7145139194439,51271100
2022-09-21,278.8661193847656,289.0841441072476,278.7284524652978,284.7963012649863,82931000
2022-09-22,275.4339599609375,278.34495416453643,274.20465142754426,277.332005133517,62757100
2022-09-23,270.94940185546875,273.2506634634764,267.51715256619866,272.9556114548125,74815200
2022-09-26,269.8282775878906,274.8635201009761,269.0316881284915,270.4773560385886,71176700
2022-09-27,269.9364318847656,275.5715616595922,267.6056382469152,273.21129583683074,69780100
2022-09-28,275.3060607910156,276.59437351644607,268.4317782318582,269.9167622821208,79652100
2022-09-29,267.3696594238281,271.6771609312582,264.3898170130243,271.29360229810305,81216000
2022-09-30,262.83599853515625,270.63472437200426,262.67864344736483,266.5435821266707,78482400
2022-10-03,269.00213623046875,270.60515892450405,263.101456873229,264.61597297839455,61267400
2022-10-04,277.4598388671875,278.1679217340327,274.37180163854197,274.37180163854197,66696900
2022-10-05,277.312255859375,279.11194975530844,270.86084919745446,273.6734917914893,55766300
2022-10-06,275.1289978027344,279.4758144524596,274.8044436562624,276.3091155753834,53489400
2022-10-07,264.64544677734375,270.59528581916004,263.3079439934362,270.4674329781537,71354700
2022-10-10,262.00006103515625,265.23560935438894,259.275924250979,264.8422066312958,60393000
2022-10-11,258.40057373046875,263.1997975612061,256.70904451164176,260.31830645388754,66522500
2022-10-12,258.31207275390625,260.96736041428954,257.61383411139593,259.0398135922295,50580200
2022-10-13,264.3701171875,265.69777607473384,250.05112235859016,250.9362332854807,112894100
2022-10-14,256.42388916015625,267.3106515956231,255.83384513580484,266.7107635000618,77244300
2022-10-17,264.8913879394531,265.7666399399184,262.3245763171993,262.42292699461666,64576500
2022-10-18,266.9861145019531,272.6212447495377,264.2914502002948,271.9525082125933,69781000
2022-10-19,266.01251220703125,269.1497098632172,263.6325877859059,265.46178440648583,53115400
2022-10-20,264.65533447265625,270.29049502657455,263.4850604781689,265.1175556351495,60605500
2022-10-21,270.8608703613281,271.40175397554924,262.40322376796547,263.544025402643,77897700
2022-10-24,273.8407287597656,274.7749850597972,267.4679837316633,271.12640643091305,63963600
2022-10-25,279.50537109375,279.8889297029509,273.2998249755933,274.78483905879074,59014500
2022-10-26,273.3293151855469,279.2791853156514,272.83759186962465,273.85054069992805,63492400
2022-10-27,268.3531188964844,273.6735695944256,267.83189330194966,272.208243491612,57760300
2022-10-28,276.5648498535156,277.0369150188155,267.5564755327974,267.72367465771856,62651300
2022-10-31,273.3489990234375,275.1290349980643,271.4214220464289,274.3029434418073,47742000
2022-11-01,270.55596923828125,277.4007789180367,270.1920988123635,276.8402071747761,45895900
2022-11-02,261.2821044921875,273.60469008610704,261.21325602220105,270.5264972021962,79803100
2022-11-03,256.177978515625,260.1216087282925,255.79444997310082,258.65628299386873,70038900
2022-11-04,260.2986755371094,262.1967205393909,254.79136779915572,261.1346112672973,78313200
2022-11-07,263.1604919433594,263.7014056216069,259.2070471176083,261.3509536643504,47333800
2022-11-08,265.0782165527344,268.33342254001064,261.1247418400061,264.6848438980237,63213800
2022-11-09,258.9612121582031,264.11446365845893,258.6760041897986,263.32771824293155,64862100
2022-11-10,278.06951904296875,278.3645410104651,269.31685052915526,271.44109873235175,99256700
2022-11-11,283.1933288574219,283.8620954831416,276.53540490270126,277.8827222011714,66961800
2022-11-14,280.7150573730469,284.42264100959727,279.7316105717154,281.12808822265396,55290700
2022-11-15,284.599609375,288.40554269295757,281.2362089937778,287.37290581576167,73985400
2022-11-16,280.7150573730469,284.6881908539021,279.8889656614182,282.6327906406091,48859800
2022-11-17,280.09539794921875,281.58041178242496,276.0731053271466,276.23046037014376,55462100
2022-11-18,280.10528564453125,283.22279475802145,277.64666898803284,283.1244741016898,53588600
2022-11-21,277.2237854003906,279.86922922809924,276.38784976101044,278.70876940573635,40083500
2022-11-22,281.2165222167969,281.3738472366699,275.81738083944134,277.9613168933577,41873400
2022-11-23,284.0390930175781,284.66848332110675,281.05925061299797,281.23626382220175,46390000
2022-11-25,282.1705627441406,283.1441654503706,281.6788393551495,282.43608256972686,15498800
2022-11-28,278.0301818847656,282.20982996486543,277.09592561548266,280.1839323552686,38714200
2022-11-29,275.9256286621094,278.65960909776936,274.548809380196,278.25639237727876,35618900
2022-11-30,288.50390625,288.6121009922329,275.33557069207126,276.1911645094292,74718100
2022-12-01,288.85797119140625,290.8543668283112,286.06498611396955,288.82846899036474,51547300
2022-12-02,287.7073059082031,288.59243190453293,283.5866620371841,283.7637052438961,53583200
2022-12-05,282.8786315917969,286.85173476881045,281.41327555685496,285.573266025821,41482100
2022-12-06,277.0171813964844,282.85885555365667,275.620704281919,282.7211886608024,53937600
2022-12-07,275.88629150390625,277.8925311023228,274.16525984157886,275.82728710504784,45614300
2022-12-08,279.1512756347656,280.1248779981595,275.15848552313827,277.2433871563147,42594900
2022-12-09,277.37127685546875,280.911690482497,276.9287138974375,278.12851990403016,47860500
2022-12-12,280.8526611328125,280.9116955390323,276.50584405582237,277.5482950297109,35732500
2022-12-13,283.871826171875,291.96560166989696,281.17719236632547,291.73939817047136,80667700
2022-12-14,281.7673034667969,286.5861859496309,278.50225345335974,283.28178966753285,64984400
2022-12-15,272.3065185546875,278.3252063937884,271.10671261201406,277.65643995757273,60554100
2022-12-16,269.71026611328125,273.17198780368517,268.0973990676668,271.627999244667,68300400
2022-12-19,265.9198303222656,270.07004427367457,264.6777113859194,269.98132579025844,44167900
2022-12-20,265.7127990722656,267.4675235769707,263.15957819703095,264.7467033015318,51064200
2022-12-21,269.5673522949219,270.87845466416223,265.9100081534715,266.7578128359607,46394700
2022-12-22,262.9723205566406,266.6690748150987,258.7333576230507,266.5409158539901,60278400
2022-12-23,263.5637512207031,264.23411879094067,259.7881464802111,261.7006029016984,39373600
2022-12-27,259.8374328613281,263.06102161499643,259.2952543063911,262.95256785345236,38009000
2022-12-28,256.4068908691406,261.70063834960985,256.04214924896144,259.43330768758216,47139000
2022-12-29,262.6568298339844,263.6031904027732,258.5263210959114,259.22623140626746,45893600
2022-12-30,262.49908447265625,262.6272434138899,258.56574817860593,259.8768502485365,37858300
2023-01-03,260.72467041015625,266.31414547093175,258.40803194467827,264.835443907979,42335300
2023-01-04,261.9667663574219,263.65250784549,258.80235335063236,262.8540113866203,47754900
2023-01-05,257.8658447265625,260.4585064956389,257.5504112309862,260.29093715178004,45396700
2023-01-06,264.98333740234375,266.1071651551307,256.6434680869905,259.6107391789939,54659700
2023-01-09,266.6985778808594,271.3811320500101,266.08738615015636,266.98443847473317,45568700
2023-01-10,268.95611572265625,269.0645694934593,265.1509377070512,265.6635434770134,35247800
2023-01-11,273.6091003417969,273.7175541133796,269.2420084165564,270.0306673963182,44077000
2023-01-12,275.0877380371094,276.1228470662493,269.853137495002,274.17095039058364,60600000
2023-01-13,276.98052978515625,277.2269800543859,272.2388290119193,272.5739977679602,44802900
2023-01-17,277.5424499511719,278.83384698465653,275.61025813566175,276.7833638506993,36269700
2023-01-18,273.93438720703125,280.6476896228761,273.7273774202357,279.090107192771,47754500
2023-01-19,271.24310302734375,273.44144979504995,270.00101438997723,272.29791717715716,44150400
2023-01-20,278.6662292480469,279.0013979897087,271.79519483332854,272.859876797911,60613600
2023-01-23,284.8570861816406,286.0893375944886,278.7155643939348,279.5140609027192,52799900
2023-01-24,284.2754211425781,285.4386590679266,282.7080012090815,283.230474520247,44875100
2023-01-25,283.6445617675781,284.26559119074875,277.18754650213555,279.74076774493295,50872000
2023-01-26,289.1748352050781,289.3522721485804,284.4232676006976,287.08494209025685,51596300
2023-01-27,292.053466796875,294.02506915406065,287.7356528211561,287.85394414910496,56441900
2023-01-30,286.1484375,290.2000951413947,285.7738584011709,288.7706716973528,49405800
2023-01-31,290.4366455078125,290.53523161098525,286.07942253957157,286.1878461940832,46705100
2023-02-01,296.64727783203125,299.1216181155724,288.1496471484887,290.22970309635696,67562200
2023-02-02,307.2939147949219,309.226076494001,302.3747770177349,303.2028463173403,83070600
2023-02-03,301.8325500488281,307.9543960632766,300.21585201467195,300.61016640708124,76170800
2023-02-06,299.2793273925781,301.5663929741636,297.928784811634,299.20047654822605,40802300
2023-02-07,305.4800720214844,306.6137373525378,298.0274175672067,299.15121525957466,67584000
2023-02-08,300.0482482910156,305.10541228058565,299.35820563528233,304.15905173555353,56720900
2023-02-09,297.3964538574219,304.60265713378095,295.93748755581,304.4547929929771,49137800
2023-02-10,295.4445495605469,297.2879924787148,293.0293252581062,295.2276721534532,50050100
2023-02-13,300.17645263671875,300.7679393484222,295.67133412404945,296.8543075474563,39636700
2023-02-14,302.3945007324219,303.35072904487293,296.6374256651827,298.5893227594139,64079100
2023-02-15,304.71112060546875,304.8786899423006,299.8807013182634,300.570744025429,43100600
2023-02-16,298.9934997558594,304.05066485777076,298.84563558884037,300.05818192692806,59498600
2023-02-17,296.8838195800781,297.64287548602135,293.86727106083885,296.7951011041308,58230700
2023-02-21,289.8550720214844,294.4883488382267,289.71707552282584,293.03922013888473,46526700
2023-02-22,290.07196044921875,292.15198623493455,288.40595425943906,290.4367020261065,51389200
2023-02-23,292.60552978515625,293.89692699623066,288.3961392578876,293.7391951885229,69294400
2023-02-24,287.7060546875,288.81014709694466,285.93159467152515,287.6173361993405,74332000
2023-02-27,289.766357421875,292.28013801689997,289.1748707864985,290.88031740024434,48995000
2023-02-28,289.39178466796875,291.91543321814027,288.80029795808963,289.13546674069295,48243100
2023-03-01,287.0653076171875,289.7565255093539,286.0795064647717,289.09605558442297,58287000
2023-03-02,289.4410400390625,290.24940414315563,284.27545201787854,284.56134275406004,53565900
2023-03-03,295.4248046875,295.661417359349,290.68310479419995,291.1957405129929,60511500
2023-03-06,295.760009765625,299.68350863666205,295.56286761313027,296.6669599367312,56736300
2023-03-07,292.13232421875,296.7360290633072,291.52113228777034,295.80937352786543,65955800
2023-03-08,293.5912780761719,294.19260228062,290.6930205612566,292.55616891555314,50876300
2023-03-09,288.5045166015625,296.7063879237761,287.6862849461263,294.0939912758073,71456700
2023-03-10,284.4529113769531,290.17057612923315,283.2995408722418,288.6721391189911,98593600
2023-03-13,286.5625,290.28882664038935,281.14059440722787,282.65873639679677,97123600
2023-03-14,293.1476135253906,293.6996596315121,289.28329078254035,290.1310651297067,73602500
2023-03-15,294.6855163574219,295.02068512216874,289.07630567731655,290.525434501398,83631500
2023-03-16,302.4536437988281,302.81838540526735,292.9702416943559,293.76873820690207,98198100
2023-03-17,301.0242004394531,304.7603949201422,299.06246593617374,302.3649055391134,89923700
2023-03-20,302.092529296875,302.4183340419546,298.1827217017322,300.40420808342384,56359500
2023-03-21,306.4071350097656,306.8612971079246,302.5170632360702,304.03755563701196,49757000
2023-03-22,302.2406005859375,311.254902830642,302.072771833571,306.3380024796663,75791900
2023-03-23,305.8246154785156,310.16884934937974,303.1193484572319,305.992474368469,74576000
2023-03-24,306.9501953125,307.04890393672105,303.06012338372165,305.4000842375079,57195200
2023-03-27,304.8471984863281,308.7372706080505,303.988228523305,307.65120451021244,50287400
2023-03-28,303.2279357910156,304.2942660787827,300.9077107610776,304.26464746694677,48585900
2023-03-29,308.7569580078125,309.3789789543076,306.12078117048424,306.94027960599936,53274300
2023-03-30,311.6794128417969,312.311316650918,308.8457888753185,311.2449865057341,58354800
2023-03-31,316.8629455566406,317.0999245994047,311.6005042653662,311.90657332021647,62138100
2023-04-03,316.09283447265625,316.35943213195026,313.39745018131316,314.73031795442904,47126800
2023-04-04,315.0265197753906,317.55407518017614,313.80221346965845,316.5371292956791,45875400
2023-04-05,311.91644287109375,315.01663481570245,310.0898814043559,314.0688090777705,62795700
2023-04-06,314.0194091796875,314.51307278797555,308.85570712072933,310.2576948949995,46916500
2023-04-10,313.8416748046875,313.89105924044446,309.2802282150745,311.0771708506291,45134700
2023-04-11,311.8275451660156,313.8614669760929,311.31414585454934,313.80219962204313,40113600
2023-04-12,309.0729064941406,314.38473150274785,308.60886151786514,313.792329173123,62813300
2023-04-13,315.125244140625,315.59914192561166,309.6554428691627,310.8402174624652,54613800
2023-04-14,314.5328063964844,316.3001002389191,311.61029644058857,313.5652149762555,56278300
2023-04-17,314.7994079589844,315.1548614270656,312.0349037887333,314.1181497650947,43007000
2023-04-18,314.819091796875,317.3466767901012,313.6145817096242,316.92210325499383,46746900
2023-04-19,314.6710510253906,315.73738130024304,312.27185310322614,312.40021046323943,38960100
2023-04-20,312.2718811035156,315.2239801251833,310.97848473497527,311.68936160500675,62462100
2023-04-21,312.59765625,313.37765318940745,310.1194854200296,311.9065452754109,59002300
2023-04-24,311.9460144042969,313.7133082480308,309.7639997833754,312.3705578328475,44043100
2023-04-25,306.0615539550781,310.97845433639867,305.9628453381758,310.30707906111854,57121600
2023-04-26,307.91766357421875,310.9487646651524,307.39438147471134,309.4677741800377,55400500
2023-04-27,316.2903137207031,316.79383016609904,311.0574608340806,311.69924769823785,65430400
2023-04-28,318.4722900390625,318.56114587996063,314.9179057489493,316.0533261126532,59652500
2023-05-01,318.1069641113281,319.52871773955235,317.02089812715184,318.00822536170557,41013400
2023-05-02,315.3325500488281,318.36365163131353,313.58496170925724,318.03781679848385,56519400
2023-05-03,313.2690124511719,318.3833594093004,313.1603908061422,315.6978285910332,59882100
2023-05-04,312.1632385253906,314.197130045568,311.12652693855256,313.0419440215675,50224500
2023-05-05,318.7981262207031,319.65709615039424,312.2027569601439,314.4341262990385,51776000
2023-05-08,319.5879211425781,319.93349166426896,317.24796066524726,318.33402653449,36465800
2023-05-09,317.5639343261719,318.788210409434,317.2479823915123,317.9193576545377,31768800
2023-05-10,321.0196228027344,321.87859275960585,317.52447561502805,320.0125296415701,60446600
2023-05-11,322.0661315917969,322.6091494773748,320.01247422606497,321.5724680118774,44278500
2023-05-12,320.9109191894531,323.0238136007019,318.84740921063883,322.5992400574228,48396200
2023-05-15,322.6486511230469,322.8855999996315,319.8544983863737,321.384873563206,33375600
2023-05-16,323.01397705078125,324.7319167724578,321.88840955669275,321.9279110821438,40019200
2023-05-17,326.9237976074219,327.5063170752946,322.8955156429929,324.08029027684296,47486100
2023-05-18,332.9958801269531,333.2130933463424,327.2990122391535,327.31874793879285,64213500
2023-05-19,332.2454833984375,333.92392154823943,331.1791531566012,333.21304476396017,61462400
2023-05-22,333.3611755371094,334.37812136394126,331.97889333060465,331.98877624462796,43015900
2023-05-23,329.13543701171875,332.788560326521,328.7800136219577,331.63340417895756,48216700
2023-05-24,327.4470520019531,328.69109388598935,325.3835418191344,327.17060159781556,62891200
2023-05-25,335.4148254394531,336.68848606984176,332.40348928174933,334.8421888734733,66862800
2023-05-26,343.9848327636719,344.824067013064,336.34292893759147,336.4416676959033,63007000
2023-05-30,345.5447998046875,349.4447243411422,344.11316324812844,348.24018389787153,72652200
2023-05-31,343.5799865722656,346.1569262614468,342.1187615834725,343.9551757334429,65105400
2023-06-01,347.549072265625,348.88193993829776,342.2668654922145,343.32331287306386,50488600
2023-06-02,350.1556091308594,351.3206480742373,347.54908081464384,349.3163749279446,53293500
2023-06-05,350.4024658203125,352.9695229222787,349.3657841689603,349.9384207667615,47266200
2023-06-06,350.3431701660156,351.3107616418671,348.4573716514229,349.79026936005306,41390400
2023-06-07,344.3995056152344,352.5943099053851,343.767601699518,350.62953827959683,69225900
2023-06-08,348.6745910644531,349.13863604890946,344.4685977247189,344.695663694647,47153900
2023-06-09,350.00750732421875,353.12746502495304,348.55613507309926,350.13586468662544,53155900
2023-06-12,355.92156982421875,356.0203085695918,350.6986306724168,351.6760749506901,44606500
2023-06-13,358.6565246582031,359.49572875857564,355.4674466319384,358.68614327197116,57097800
2023-06-14,361.2630615234375,361.549394883793,355.8525270761772,358.66638584255395,69525600
2023-06-15,365.5677795410156,367.0586231274211,359.3673659162197,359.9893567437257,71138800
2023-06-16,363.2673034667969,368.12496673560366,362.82302428817303,367.99660937372255,80875900
2023-06-20,362.7472839355469,364.1512251256031,359.77137274695355,361.8080544905476,49204700
2023-06-21,357.8038635253906,362.0354195489987,356.87450041146184,361.6003972330248,53378300
2023-06-22,362.0255432128906,362.18370571234345,356.1428758114571,356.54823887520155,47603000
2023-06-23,358.4366149902344,360.7501261798253,356.7360815296591,358.1103331846834,48873900
2023-06-26,353.6316223144531,360.71058608837683,353.5426445924046,357.9027340057871,52685500
2023-06-27,359.71197509765625,360.443619921125,354.45221247440605,355.18382712571,49428100
2023-06-28,360.4139404296875,362.3715103698552,357.8038069465798,357.88291835815687,46498000
2023-06-29,359.6922607421875,360.7600537970596,358.04117931950566,360.1173866009936,46151000
2023-06-30,365.23876953125,366.296635911196,363.0735544159457,363.38990959673725,58668800
2023-07-03,366.0989074707031,366.7316479867837,364.79384055531756,365.88139631813885,19432900
2023-07-05,366.0890197753906,367.79944979665413,364.4873604191001,364.52691613110557,34460900
2023-07-06,363.3009033203125,363.74582207370446,360.3941772343043,362.3616739785019,49374700
2023-07-07,362.0947265625,366.28675691346,361.86734911282974,363.0735418285234,47083200
2023-07-10,362.21337890625,362.8955716285679,359.29678627012186,361.8179122980492,48498800
2023-07-11,364.0029296875,364.4577147899606,360.49309179100067,362.6385442079493,38214100
2023-07-12,368.6002502441406,369.9547390942774,366.10875351223086,368.12567225421367,61975400
2023-07-13,374.8586120605469,375.6891009605245,371.21037464540075,371.79369315233146,46960000
2023-07-14,374.7795104980469,378.526591729592,373.89956946385104,375.2936140257407,55097800
2023-07-17,378.27947998046875,379.159421151049,375.0168425322613,375.501286896369,40868900
2023-07-18,381.3740234375,382.748305317866,375.69900081709324,377.6368082678377,55343400
2023-07-19,381.2850341796875,383.5886790903595,379.95030805115573,382.44180487032605,54093000
2023-07-20,372.49566650390625,379.7525853836983,371.4674292545458,378.27942937266437,71941700
2023-07-21,371.37847900390625,375.61993157057196,370.9434566805473,374.8882866601037,60439400
2023-07-24,371.9716796875,373.3063756755256,370.10305702879657,372.3572498120813,40380100
2023-07-25,374.4928283691406,376.16370274548734,372.6637613105882,372.68355425346954,38894400
2023-07-26,373.2470397949219,374.94757323090863,370.9335286387828,373.4447881694975,47075700
2023-07-27,372.35723876953125,380.3556688504813,371.06206835894,378.7342468056888,63940200
2023-07-28,379.13958740234375,380.1677944246093,375.91647610043356,376.4305796115664,56902900
2023-07-31,379.33734130859375,380.523771273259,378.012511612279,379.44611197190227,44019900
2023-08-01,378.4574279785156,379.21870192815106,376.381190639676,377.9828499612426,41060600
2023-08-02,370.15252685546875,374.9674015259203,368.90677835695016,374.9674015259203,72687100
2023-08-03,369.5592346191406,371.69479009653577,367.56207885034286,367.7301679666707,47666400
2023-08-04,367.8291015625,373.8205094924333,367.3248643042233,371.49710175705746,61646200
2023-08-07,370.94342041015625,371.04229459619154,367.3050796725141,369.64825003794033,37230400
2023-08-08,367.7895202636719,368.4420536783479,364.6455203156408,368.4222909102056,44726500
2023-08-09,363.7458190917969,368.23444160931075,362.9845451887176,368.0762489465608,51150900
2023-08-10,364.4181213378906,370.1228029011282,362.8856770360313,366.77118820564806,72035300
2023-08-11,362.0947265625,363.83481577128214,360.56228220624314,361.847556171351,48683800
2023-08-14,366.158203125,366.27684007860887,360.57215863003734,361.29387682187973,42130800
2023-08-15,362.272705078125,365.9802608727293,361.6003786965237,365.17940106270174,45539900
2023-08-16,358.4366149902344,363.27125204520655,358.33774080151693,361.72891125214596,53190500
2023-08-17,354.52142333984375,360.18657958585914,354.1061939777416,359.8405350026627,62604300
2023-08-18,354.07647705078125,355.34198804462005,350.6951733637171,351.2389662407635,61119500
2023-08-21,359.78118896484375,360.4633816082116,355.0849518770543,355.549633385259,50696500
2023-08-22,359.26708984375,362.4110897859615,358.57500072190544,362.4011933158261,44613500
2023-08-23,364.9322509765625,366.0297032423401,360.2360133754918,360.4535245344281,51770600
2023-08-24,357.1315612792969,368.52116221077813,356.9239465958521,368.42231819058264,66842500
2023-08-25,359.8998107910156,361.60034409296054,354.52138128589513,357.97190006561374,69960500
2023-08-28,362.60882568359375,363.5480549770318,360.1272255381764,362.836203111566,40910000
2023-08-29,370.52813720703125,370.8840782195673,362.0848193240051,362.41107092767993,58492400
2023-08-30,372.59454345703125,373.1778921684517,369.62849857612315,370.6369731458199,41731500
2023-08-31,373.7117004394531,375.4221302502498,372.6043820168978,372.67359696134855,35730700
2023-09-01,373.3162536621094,376.5195721502303,371.8233349032345,376.0944463355063,39772400
2023-09-05,373.79083251953125,375.0167879591164,371.57616537981403,372.5055284298756,32344200
2023-09-06,370.4985046386719,373.35580872559433,368.48161605372553,373.0097641577705,42998700
2023-09-07,367.848876953125,368.62994387227724,364.9718098508821,366.0198099424274,52060700
2023-09-08,368.36297607421875,370.6073026092289,367.3940874195048,367.79945049486855,35800100
2023-09-11,372.7033386230469,373.21744224088184,369.4308046364505,371.4081680203599,39936600
2023-09-12,368.57061767578125,372.6835367029349,368.2838915670255,371.0225287040805,41391000
2023-09-13,369.9744873046875,371.58604294080976,367.670872737506,368.8078504023752,46300700
2023-09-14,372.9998779296875,373.98855948080916,369.6581596315161,371.7343667511384,48039400
2023-09-15,366.6130065917969,372.06065163865605,365.67374704159124,371.6552885786814,69757700
2023-09-18,366.9952087402344,368.1140410225092,365.3813200651544,365.6684612334178,36903500
2023-09-19,366.2129821777344,367.01497105329946,363.1733289148266,365.66843227511083,37621700
2023-09-20,360.9356689453125,367.63872061625403,360.85644301352767,367.2822945707416,45514200
2023-09-21,354.3216857910156,358.02472751674406,354.15338356738744,357.23261929548494,69584700
2023-09-22,354.37127685546875,358.2227999458978,354.0544335067884,356.07427208481965,51589700
2023-09-25,356.054443359375,356.14358009977997,352.41083557006147,353.40094835297344,39168000
2023-09-26,350.7077941894531,354.0048862432226,349.7176815369309,353.46030615483124,53657700
2023-09-27,351.5296630859375,353.4504843686103,347.88602495452847,351.8662978178906,56066000
2023-09-28,354.47027587890625,356.6089230483209,349.74741871550776,350.60881197488794,56453300
2023-09-29,354.7276916503906,359.36144238352085,353.4900506864246,357.9653797502659,64754300
2023-10-02,357.6881103515625,359.09405341233696,354.3811376826078,354.9950026992142,51625100
2023-10-03,351.4107971191406,357.44057956753596,349.78699785989755,355.2326174672258,60478500
2023-10-04,356.19305419921875,357.0445366424144,351.78704046955573,352.25239466074294,54786700
2023-10-05,355.1435241699219,356.5890802408612,351.6286361970934,356.183130410944,45897400
2023-10-06,361.0941467285156,362.29217474440776,351.34152970035785,352.13360784630345,74959200
2023-10-09,362.9356689453125,363.48021878403557,357.21281937787745,358.71777963851895,45304800
2023-10-10,364.9456481933594,367.60905385920597,362.76741831287455,363.27235525932656,46968800
2023-10-11,367.5496520996094,367.73777593724554,364.54961170973104,366.28230900260104,38215100
2023-10-12,366.27239990234375,370.04472703730863,363.8664331877617,368.05462096991204,49587900
2023-10-13,361.6683654785156,367.4902329831128,360.26239215097917,366.90607011660956,52469900
2023-10-16,365.757568359375,366.816996293522,362.84663434762865,362.99514522254543,44201100
2023-10-17,364.5595397949219,366.2625349950243,360.0644192872368,362.1931557334037,50999100
2023-10-18,359.7772521972656,364.2723723810808,358.4405939896562,362.0545295698926,54280500
2023-10-19,356.4109191894531,362.4010897677367,355.60893020864745,361.2030616952492,72274200
2023-10-20,351.093994140625,356.480210024475,350.866257325915,355.9059276972389,72369800
2023-10-23,352.1534423828125,355.70794380492,347.6484108916225,349.76726684445936,60665200
2023-10-24,355.5791931152344,356.35147984372355,352.2722201898657,353.9752153111294,47082100
2023-10-25,346.8760681152344,353.3514134175577,346.2919052676316,353.1732003893075,71190500
2023-10-26,340.26214599609375,346.60877225073534,338.9651007310445,345.66815306653496,78621400
2023-10-27,341.89581298828125,345.3909096001034,340.6779634932523,343.00473437440115,63476700
2023-10-30,345.74737548828125,347.07412291323527,343.0245654958547,344.39089567438293,55298500
2023-10-31,347.4008483886719,347.7770960602256,343.19286929043426,345.7770792253548,47671900
2023-11-01,353.4306335449219,353.99500505586536,348.14343516413146,348.24245248083355,58992700
2023-11-02,359.8465576171875,360.08417499315453,356.7375892743592,357.96534955381867,58162400
2023-11-03,364.0743408203125,365.3713860698417,360.915878817487,361.1436156214217,53239100
2023-11-06,365.5595397949219,366.1239113448356,363.2822924327418,364.8466573676216,38848700
2023-11-07,369.01507568359375,369.886349620677,365.4011395653034,366.60907846534764,50777400
2023-11-08,369.2526550292969,370.09425691823225,366.9555861749313,369.39125510341984,35663400
2023-11-09,366.4110412597656,371.0942553392429,365.9159848731253,369.94575111218,53859400
2023-11-10,374.6487731933594,374.7972840607948,367.60905591848956,368.1437252571001,58309800
2023-11-13,373.4804382324219,374.5398661728631,371.5299148213414,373.06460778018436,40733500
2023-11-14,381.5201416015625,382.4409694446784,379.39140518235473,379.9161637435161,67792600
2023-11-15,381.80731201171875,383.91625721470626,380.4409514455101,383.421200790187,54141400
2023-11-16,382.1340637207031,382.37168113387685,379.7676795230793,381.03502275308256,45343500
2023-11-17,382.2231140136719,383.24292888295713,380.49041679390666,381.40130355428334,46571900
2023-11-20,386.8766784667969,387.54006735948366,382.2330468655265,382.2330468655265,44429600
2023-11-21,384.629150390625,385.38164584593005,382.8766614767061,385.16381980443896,43337000
2023-11-22,386.2033386230469,389.18358737464496,385.1934345957062,386.7083057446373,44121000
2023-11-24,385.6587829589844,386.39145664139454,384.65875952641073,385.7973830159464,15718800
2023-11-27,385.3221740722656,387.282577886834,384.44095926264674,385.16375241382264,34139700
2023-11-28,386.33209228515625,386.9162551756242,384.21323651878924,384.56969281728664,35491100
2023-11-29,385.95587158203125,390.2430769650192,385.60932605578137,388.8074013059176,38811700
2023-11-30,384.9854736328125,386.688468534103,382.00525521743344,386.22311439782476,52834400
2023-12-01,386.0845031738281,386.67857676701357,382.2527723107475,383.91615419899614,40440500
2023-12-04,382.5003967285156,382.77762711300016,378.8765801354243,382.2726598993211,51186900
2023-12-05,383.46075439453125,384.658782295944,380.4111903707732,380.5894336200464,42933000
2023-12-06,381.24285888671875,386.5102653686895,380.8963436363531,386.4112480617966,41994100
2023-12-07,386.5697021484375,387.4013932076175,383.1340098002427,384.23305063205214,49593500
2023-12-08,388.2925109863281,388.738043571975,384.63899270481545,384.8271165351469,46623600
2023-12-11,391.6093444824219,391.8766942360815,387.65880467766664,387.8667198737485,41198000
2023-12-12,394.7282409667969,394.8470496555286,390.51035122177007,391.64897477657155,39221200
2023-12-13,399.74810791015625,400.3619729743164,394.8965615281547,395.66884825658883,55408100
2023-12-14,399.4015808105469,402.28278220829327,396.38171891387793,400.97585639441314,55447800
2023-12-15,401.332275390625,402.5204227086679,399.57978680156117,400.18374104074127,62598000
2023-12-18,403.8601379394531,404.76294381698955,401.39977317765283,401.72714968101656,46610000
2023-12-19,405.9237365722656,406.0427825833694,404.12805526032145,404.31655486996846,35711900
2023-12-20,399.89178466796875,407.2233472484301,399.7132156624534,405.1201204469489,54042400
2023-12-21,404.5447082519531,404.9118071471516,401.2708219069313,403.8403325161352,45568900
2023-12-22,405.14984130859375,406.72726125147875,403.26487579499366,405.7649324500239,34292400
2023-12-26,407.6300964355469,408.3047106214653,405.9137691944765,406.0129842868046,22722500
2023-12-27,408.4599304199219,408.7477964468477,407.05040773246685,407.91400581324433,31980500
2023-12-28,408.2613525390625,409.8694096176595,407.9040267163417,409.62125658784197,27029200
2023-12-29,406.4945373535156,408.5989006634904,404.56886726160275,408.241544519487,42633400
2024-01-02,399.61572265625,403.0898651884032,397.2830780405233,402.84171215039225,58026900
2024-01-03,395.38720703125,398.0374949521076,394.9504855289812,396.9753926206551,47002800
2024-01-04,393.35235595703125,396.63789987016224,393.1339800643706,393.5111775418863,39432800
2024-01-05,393.81884765625,396.6080852125002,392.4192609709242,393.5210761453794,44867900
2024-01-08,401.9583435058594,402.2461792485698,394.90085464326114,395.0497404226151,42473800
2024-01-09,402.75238037109375,403.6854382166415,398.7422187982365,398.9407533453347,39132900
2024-01-10,405.4820861816406,406.49453972667374,402.1767008639439,403.0700457909873,33962800
2024-01-11,406.3258056640625,408.16214427231046,401.2535416258896,406.7625574506335,54536200
2024-01-12,406.53424072265625,408.21175772488306,405.1346539182594,407.3680313161463,39581400
2024-01-16,406.4945373535156,408.08272293238775,403.8244081113927,405.2934850729705,43903000
2024-01-17,404.2015686035156,404.5787660518419,399.94328446434014,403.16927382002206,54386000
2024-01-18,409.9389343261719,410.52457193417774,406.1372426361939,407.4871807918435,59562500
2024-01-19,418.06842041015625,418.2272420052965,411.5668222860018,412.1524598787627,70268500
2024-01-22,418.6143798828125,421.5922166668519,418.0088706514876,420.28196121176524,44880600
2024-01-23,420.3514404296875,420.56981633320055,417.46293518908755,419.3091794070529,33003800
2024-01-24,422.6840515136719,426.674372055235,422.187745399915,424.28217295187216,46948000
2024-01-25,423.2002258300781,425.870355123826,420.8477397166701,425.1953557925735,44367200
2024-01-26,420.6789855957031,423.06124888261235,420.0238578906819,421.3043361455925,37137000
2024-01-29,424.9869079589844,425.18544251610695,420.48044008296193,421.13556777092185,38694700
2024-01-30,422.1579284667969,424.52035019241913,421.2447422671173,423.94464848324014,36739000
2024-01-31,413.8895568847656,419.7459634662698,413.7108939387419,417.7408975014926,64010600
2024-02-01,418.7632751464844,419.2595812883965,414.72333588121046,415.6961068245224,51008600
2024-02-02,425.8405456542969,427.0614392046426,419.6664969060132,420.66901457296177,59582300
2024-02-05,425.28472900390625,426.4361325524383,421.86020463764606,425.9001437498146,39889200
2024-02-06,424.4310607910156,427.04163580880805,422.07857464711026,426.4361265951778,35846100
2024-02-07,428.798583984375,429.63237469337764,425.9200143311727,427.2302698562299,37712700
2024-02-08,429.5926513671875,430.3569518717648,428.2327774719203,428.9176520352745,29889900
2024-02-09,433.8211364746094,434.615244385319,429.9400495497214,430.73412716831155,36943900
2024-02-12,432.1238098144531,435.8957545094765,431.43890494407606,433.71199546014077,33203300
2024-02-13,425.3839416503906,428.0838480172426,422.1877291888388,424.1233350750162,64491700
2024-02-14,430.01947021484375,430.4462862023667,425.7115367844957,428.07395873161715,45092700
2024-02-15,431.2998962402344,431.7664251421379,428.1433667184467,430.71425873224786,38796100
2024-02-16,427.3890380859375,431.77636700387006,426.67435609717256,431.6771300185272,53661500
2024-02-20,424.1630554199219,426.9026445116606,420.37126952037295,425.3839490471561,53999500
2024-02-21,422.46563720703125,422.55499895645056,418.51506028761725,421.4134707648851,50179700
2024-02-22,434.8335876464844,435.87581822919515,430.5057831611824,431.2800193834548,53887800
2024-02-23,433.55316162109375,437.3350117330803,432.57048522270816,436.4019538285466,39853900
2024-02-26,433.3248291015625,435.35970221784373,433.1362303665872,434.36709005149754,33043200
2024-02-27,434.3670959472656,434.7541989454928,431.81607537502174,434.43658606996166,33713200
2024-02-28,432.0543212890625,433.4440026667669,431.09148619903,432.2131428834322,32938800
2024-02-29,435.75677490234375,436.83871861271865,431.80616726799695,434.9924743800023,42495200
2024-03-01,442.31787109375,443.2807060593113,436.5905100815228,436.65006438519725,43809200
2024-03-04,440.7396545410156,442.74475055560475,440.4915014930413,442.3179042910777,34325700
2024-03-05,432.8285217285156,437.69234556281253,430.4462585948081,437.6824097477005,57917100
2024-03-06,435.5483093261719,438.72465014427263,433.6623522322808,437.0670047581934,46234500
2024-03-07,442.1591491699219,443.4197558515967,437.603032179318,439.15153519410916,44526700
2024-03-08,435.776611328125,445.3255664484289,435.10164228025627,442.5164568673743,71954300
2024-03-11,434.1586608886719,435.41926746644725,432.22305499880775,434.2777695048875,45860000
2024-03-12,440.3823547363281,440.7396806063257,433.2355344151581,436.4813958615787,55300900
2024-03-13,436.99749755859375,439.3996322819967,435.8758409861507,439.37976065210785,37928700
2024-03-14,435.8957214355469,438.7643548454782,433.1660379770549,438.23827160879904,52195200
2024-03-15,430.71429443359375,435.62770659448984,429.5429890284152,432.8484045817882,73038800
2024-03-18,434.82220458984375,438.3605742247722,434.5836420272337,436.06461051031516,47323800
2024-03-19,435.9055480957031,436.3130608486692,430.69736221940724,432.80450799058684,43004100
2024-03-20,441.073974609375,441.4119053839174,435.3986727899018,437.10822457017133,43653500
2024-03-21,443.1612243652344,446.61014446830495,442.9624576141203,446.1529475753488,39345700
2024-03-22,443.6681213378906,444.77136321757473,441.7895890577687,442.64438008964424,28229300
2024-03-25,442.0579528808594,443.54883990928334,439.8514388655049,440.8552821720986,27789200
2024-03-26,440.626708984375,444.5129582338751,440.3980953818721,443.58858520265886,34142000
2024-03-27,442.12750244140625,443.8271354848446,439.2451269333431,443.7277369503236,41359200
2024-03-28,441.3125,442.93260205631606,440.9546713480424,442.07781107209826,36839600
2024-04-01,442.246826171875,444.81113866057683,440.32852836698777,442.2666937471355,38729000
2024-04-02,438.43011474609375,438.7481779333621,435.3688399821171,437.40637350696596,44259700
2024-04-03,439.41412353515625,441.302574431378,436.28326674244977,436.2931853637425,39949800
2024-04-04,432.6951904296875,444.23467237402605,432.4665768210888,443.61841355939146,57267700
2024-04-05,437.79400634765625,440.4776151247078,433.3113963208938,434.1264218407004,54723000
2024-04-08,437.9232482910156,439.8116992382588,436.53175971579304,438.72832490711494,28144900
2024-04-09,439.5433349609375,440.54717829110353,434.78242711203205,440.268880585883,39521600
2024-04-10,435.7068176269531,436.57152736549125,433.6295183971304,434.34514547939966,61502200
2024-04-11,442.66424560546875,443.6184048391595,435.29925982514396,437.58530486966725,45474600
2024-04-12,435.60736083984375,439.55324305316475,434.2258213002199,438.42018468482763,53602600
2024-04-15,428.4411926269531,439.46381426696865,427.5963505381649,439.3743646809335,63453600
2024-04-16,428.48095703125,431.1248004520584,427.08946847613385,428.28215995244386,47619000
2024-04-17,423.2528991699219,430.4886699190039,422.3186075064486,430.4688023441849,56880500
2024-04-18,420.837646484375,425.6382892751521,420.26115319205934,423.8989211095965,46549400
2024-04-19,412.130859375,420.18165528847595,410.5604717386472,419.6548764253516,75136600
2024-04-22,416.2755432128906,418.621190906449,411.4251859043828,414.774707234547,47807700
2024-04-23,422.4875793457031,423.6902197392302,416.32523407521103,418.21368493804744,44384700
2024-04-24,423.9188232421875,427.1192619120067,421.6228596673361,425.5985583711029,48440300
2024-04-25,421.87139892578125,422.73610865976866,415.59973578358824,416.6930288119256,57392200
2024-04-26,428.3815612792969,429.9221324874542,424.32636170197503,425.02209081797236,41874900
2024-04-29,430.1209411621094,431.1248148789749,427.36778048835026,430.4986374251747,30022200
2024-04-30,422.0104675292969,429.93204827864963,421.9309669026947,428.53061086892023,43665900
2024-05-01,418.9591369628906,427.526793526438,418.1043762633223,420.5792391092832,52251700
2024-05-02,424.30645751953125,425.2109326559096,418.07456043563815,422.7161718987801,36559000
2024-05-03,432.8343200683594,433.82824472425347,429.991679779772,431.80062993322093,48515300
2024-05-06,437.5753479003906,437.66479748326907,433.8679978606068,434.6432579110616,30227200
2024-05-07,437.6449279785156,439.2848976550699,436.90940308002365,438.0226242148974,30996100
2024-05-08,437.3865051269531,438.7978915602483,434.8917444004341,435.01104084457137,24896700
2024-05-09,438.3406982421875,438.9171916041395,435.7962532163692,437.65488771321066,24580100
2024-05-10,439.3743591308594,441.6106897500157,437.8238389948184,439.8514539158625,27116600
2024-05-13,440.38812255859375,441.3919961659089,438.9668175824162,441.2925976340267,22994200
2024-05-14,443.22088623046875,443.75761412449566,439.77196590323916,439.9608140449861,34478300
2024-05-15,450.1485290527344,450.39701024898034,444.1849803428315,445.70568405056963,41464700
2024-05-16,449.2341003417969,451.92762780687053,449.0651197953174,449.959645965884,34780400
2024-05-17,449.0154113769531,449.9695705517413,446.80889743188635,449.3632607400987,35803700
2024-05-20,452.14630126953125,452.8122138507062,449.04526097395853,449.2341090986919,24474200
2024-05-21,453.0308532714844,453.2197013856994,450.08884473597857,450.2876418032072,23167700
2024-05-22,452.9414367675781,454.04470900656946,450.3274098367153,453.2893164945457,25120000
2024-05-23,450.9039306640625,457.78187332845835,449.104929193635,457.75205679759625,40899200
2024-05-24,455.1678466796875,456.4400691332198,450.81445146664186,452.5240032322174,29651000
2024-05-28,456.8873291015625,456.9469621609414,453.91550375786767,456.3903667186208,26216800
2024-05-29,453.6669921875,455.4560445134192,452.57366895180513,452.71283296915476,29739200
2024-05-30,448.80670166015625,452.8718805159378,447.4748461559964,452.73271649368525,30714100
2024-05-31,447.9718017578125,449.731067923625,440.3682837213459,449.0353084872214,55941300
2024-06-03,450.37713623046875,452.81223371954,445.1788987597775,451.8083903269463,32997500
2024-06-04,451.60955810546875,452.812198491523,448.38925180501695,450.1186710653078,23767400
2024-06-05,460.71392822265625,460.79342885478496,451.64933955120875,455.19765811194037,33817400
2024-06-06,460.5549011230469,461.7178064129903,459.3820772116002,461.3997432170189,21966800
2024-06-07,460.1473693847656,462.9104788300673,459.0341785768994,460.1871348656679,25829700
2024-06-10,462.0060119628906,462.3638406330493,458.72607253600796,459.01431919638924,20719800
2024-06-11,465.1766357421875,465.2959321874115,459.22303638582815,460.72387241676694,22053300
2024-06-12,471.2694091796875,473.6051383840081,468.42679898408835,469.1225281024508,34532600
2024-06-13,473.8238220214844,475.48368974914445,471.5378071618673,474.81774680082697,25859000
2024-06-14,476.27880859375,476.34839060673414,473.1578702851349,473.62501613603666,23372600
2024-06-17,482.1131286621094,483.9021810490091,475.2351864943454,476.54714408972313,37054500
2024-06-18,482.26220703125,482.9480175176574,480.4930222351118,482.063440285676,24438600
2024-06-20,478.5449523925781,483.88232346697015,476.70618553173887,483.4648920564215,33918700
2024-06-21,477.2627868652344,479.60846508576105,475.76198109443226,478.2666605852058,39432900
2024-06-24,471.8293151855469,477.7724784027067,471.6899603501367,476.0303454875639,37751000
2024-06-25,477.2249450683594,477.5235842618228,472.9840862388635,473.92982765214083,29250200
2024-06-26,478.2104797363281,478.7580254257424,475.98055943432456,476.39865430075747,22737100
2024-06-27,479.4449157714844,480.9282381602352,477.1453027680209,477.96162376312043,26222100
2024-06-28,476.9561462402344,485.009804377067,476.3090743915452,480.24132931728025,34881600
2024-07-01,479.7535400390625,480.3209545126409,474.11898094653327,477.8819867258792,24898300
2024-07-02,484.790771484375,484.8504993213737,478.1208794692536,478.25029990954596,26723600
2024-07-03,488.8325500488281,488.9619704978305,484.0342109510959,484.0342109510959,18064900
2024-07-05,493.92950439453125,494.36752879434596,489.3800416485015,489.67871121949463,28495900
2024-07-08,495.10418701171875,495.6616670817265,493.2724624416382,494.2978308254437,22109400
2024-07-09,495.5322570800781,497.7522430208902,494.0091364316496,496.6273180908013,25614500
2024-07-10,500.698974609375,501.25645474325296,496.1495417718767,497.4635847272241,28046900
2024-07-11,489.7185363769531,501.01751887372984,488.5239491686358,500.8084714288421,49966600
2024-07-12,492.5955505371094,497.37396004854935,489.82804920549296,490.2959375419354,37109400
2024-07-15,493.9195556640625,498.7577233716833,491.86881880761507,494.3774792313232,31151400
2024-07-16,494.10870361328125,496.19926915513554,490.93304180388435,495.38294816768223,25950600
2024-07-17,479.60418701171875,486.6025823583047,479.534524786541,486.0849309606581,56268800
2024-07-18,477.3344421386719,483.52648133293104,474.1289164391283,483.3472978145408,49347400
2024-07-19,473.1035461425781,479.5245622828749,471.8094024521613,476.9959723608813,42042900
2024-07-22,480.1517333984375,481.17710180896916,475.56244189705,478.99694454321184,40300000
2024-07-23,478.4593811035156,482.25225092252134,477.981558373806,479.2458381866789,23282500
2024-07-24,461.2969055175781,472.05830732578295,460.43082141566373,471.68997550132633,58818600
2024-07-25,456.2098388671875,465.836380804191,453.5817227700731,461.63535057513343,59256800
2024-07-26,460.88873291015625,463.8354178088728,457.7031062658662,460.5701641696498,39992100
2024-07-29,461.8145446777344,465.8065275585934,459.54479556805506,463.6164054438207,28218500
2024-07-30,455.4731750488281,464.46257951556646,452.1083649603911,463.75577982338285,41317200
2024-07-31,468.9523010253906,470.66456994014675,464.31324651936075,465.76667454850946,44552100
2024-08-01,457.5935974121094,473.4121479567119,453.93014818105814,469.63920781437156,56653900
2024-08-02,446.7326354980469,451.53097438399254,442.4718775379271,448.8630296682996,66323200
2024-08-05,433.4128112792969,440.3017161359523,421.546414050656,422.8007291255903,87483500
2024-08-06,437.5540771484375,445.06018933583624,432.6064187324227,435.2644290265799,63164400
2024-08-07,432.8154602050781,446.9814995118465,432.4172644998528,444.4827736124513,54929200
2024-08-08,446.05572509765625,446.9715722585002,435.1848021883716,439.0772285729269,47890100
2024-08-09,448.38519287109375,450.02776924705336,443.6067529642085,444.7316779285867,33574000
2024-08-12,449.350830078125,452.3273788379459,446.5335353049843,449.3607948449375,27795000
2024-08-13,460.5004577636719,460.7692634218396,453.63148279689347,453.7708680093339,40084500
2024-08-14,460.64984130859375,463.01911666924485,456.33928950096754,461.42633365915066,34733700
2024-08-15,472.2872619628906,472.68545768993755,466.27440622920614,466.65270280303605,38280600
2024-08-16,472.8945007324219,474.26830180128684,469.52969066645085,470.4953312452627,38383600
2024-08-19,479.1064453125,479.1462739994683,471.2419657477301,473.0338920966615,23737700
2024-08-20,478.10101318359375,480.76895802089325,476.3986785709489,478.19060494525075,29209300
2024-08-21,480.3309020996094,482.1924905795276,477.1652052071158,478.8874084800057,25658800
2024-08-22,472.7153015136719,483.3572466801833,471.67996836305514,482.6603814021867,37739600
2024-08-23,477.8421325683594,480.56980502004734,473.14335038288846,477.0855394700697,36061500
2024-08-26,473.2030944824219,478.22044555333736,471.11252900450825,477.29463368095946,27452600
2024-08-27,474.6167297363281,475.6918612167135,469.5894138403523,471.56052366484244,27510000
2024-08-28,469.2310485839844,474.8755420430586,465.78661154667714,474.1488432070302,37372400
2024-08-29,468.5441589355469,475.7814658266737,467.25994960397594,471.1523759054323,41081500
2024-08-30,474.1289367675781,474.7561094892205,468.39485127053587,472.90448562569316,33466500
2024-09-03,459.73394775390625,471.20214908201854,457.34474294143126,471.0727590117474,44985200
2024-09-04,458.539306640625,462.36207060099395,455.6722792409272,456.60805588804857,32505100
2024-09-05,458.9674072265625,463.2679636153245,455.88133717332016,456.9067056021305,34452400
2024-09-06,446.67291259765625,459.14658265747556,446.1751603520443,458.260569077701,50624400
2024-09-09,452.4169921875,453.4124967438834,447.79786684368275,451.02329188464086,32981200
2024-09-10,456.5981140136719,457.1058310486294,450.1970271400793,454.1889796697815,29680300
2024-09-11,466.5133361816406,467.2599645922545,449.25129097389424,457.84250007955336,57843000
2024-09-12,471.0926513671875,471.90897236695554,464.75129241952897,466.5431884079294,40175500
2024-09-13,473.2030944824219,474.38774724056003,470.12698929393736,470.3559662606011,29111800
2024-09-16,471.112548828125,471.72975676901467,467.77763299393825,471.0627857543321,22585600
2024-09-17,471.3614196777344,475.45295900260413,468.85275925501094,474.14885052781364,30084400
2024-09-18,469.3206481933594,476.67741071769484,468.7133746450166,472.56600261469947,39909200
2024-09-19,481.18707275390625,484.04419637972126,478.32997950847965,480.4404443289179,52782500
2024-09-20,480.27117919921875,481.5155597873976,476.1497761085855,480.32094227059173,34577700
2024-09-23,481.54425048828125,482.640850366717,480.1087070879797,481.4545328286473,24843000
2024-09-24,483.86700439453125,484.8240231519451,478.6831249040518,482.9598186385049,25952600
2024-09-25,484.31561279296875,486.2795136904693,483.0595047847275,483.238940093597,26549900
2024-09-26,487.9543151855469,492.17122757836665,484.2956662706272,491.8422324148783,32020200
2024-09-27,485.24273681640625,489.1207057003584,484.0564193197731,488.9811246193061,22851100
2024-09-30,486.5586853027344,486.8976288327389,481.42463850209583,484.2757678314113,30281100
2024-10-01,479.7796936035156,486.48886451106847,475.92168227108954,486.1898056570345,42735400
2024-10-02,480.4576110839844,482.3816273656089,476.24069870329294,478.8725078882411,23744000
2024-10-03,480.0987243652344,483.04955003130146,477.50676933474847,478.25444691528793,25337200
2024-10-04,485.81097412109375,486.3692375934672,480.89624764109163,485.9405764313014,30686600
2024-10-07,480.6071472167969,485.0633067429107,479.3809450518926,483.8869680030971,24975100
2024-10-08,487.78485107421875,488.4727168958394,482.35174546810964,483.15923483730273,28272000
2024-10-09,491.6229248046875,492.2011458361685,486.43904517629926,487.4857816179038,24995000
2024-10-10,491.0646667480469,492.9388501015995,488.01414462512105,489.3300644805617,25750400
2024-10-11,491.832275390625,492.8591151584267,488.65218134912993,489.22039319859755,20644500
2024-10-14,495.9594421386719,497.2853102762252,493.726388255181,494.2347883021431,26060100
2024-10-15,489.3300476074219,496.9563526517652,487.1667538095237,496.2884139771923,34784500
2024-10-16,489.3898620605469,490.16744551201435,486.0602082851309,489.6590150319125,22996800
2024-10-17,489.7287902832031,494.9525543108393,489.66897851365593,494.90272131057566,27210700
2024-10-18,492.9388427734375,494.035442636669,491.77245236820977,492.5301087142749,25335000
2024-10-21,493.88592529296875,494.69341466131954,489.78863625441153,491.72263139969306,30336500
2024-10-22,494.4242248535156,495.90963167663193,490.4465898369971,491.20424619179255,26685800
2024-10-23,486.84771728515625,492.71949276304196,483.54796954996715,492.0615328852144,39346600
2024-10-24,490.7955017089844,491.47338873673766,487.92441497605495,490.5861300850279,22024900
2024-10-25,493.7862243652344,498.73085696087213,492.8989656912797,493.60678904569716,38762100
2024-10-28,493.865966796875,496.976300716809,493.5669079288349,496.916488943201,20477800
2024-10-29,498.6112365722656,499.7975541196288,492.3207781941025,494.1849827905077,28014100
2024-10-30,494.8429260253906,498.8006338320153,494.35445308345726,497.84361506430247,29756000
2024-10-31,482.35174560546875,490.9051639132044,482.25204917477026,490.85533090939475,41245200
2024-11-01,485.9206237792969,489.2303504152802,483.69754863687035,483.9966074918361,33655800
2024-11-04,484.5050354003906,487.864595020036,482.7504756656839,485.3125247275959,23291600
2024-11-05,490.68585205078125,491.3537907667374,486.01037230832725,486.100089970516,24353600
2024-11-06,504.014404296875,504.8418511503988,498.05294147454634,499.0099602138396,43082200
2024-11-07,511.9497375488281,512.73733015701,506.7658582500825,506.8256700187663,32853100
2024-11-08,512.5479736328125,513.3255267130085,510.82328922416144,511.4513432889382,22924500
2024-11-11,512.2489013671875,513.9835036546012,509.33792987380656,513.7741320230946,24167500
2024-11-12,511.32171630859375,513.0662973274696,508.25126710152693,512.1790995095207,25835300
2024-11-13,510.6637878417969,513.3853147659668,508.3709220958773,510.8133476964653,24567400
2024-11-14,507.1148376464844,511.2021176080298,506.19767305154653,510.3248680941467,28679500
2024-11-15,495.0323486328125,501.7713952012952,492.95877244014196,501.38261867959363,51461100
2024-11-18,498.4716491699219,500.5851100268142,495.19185874342753,496.5875174805612,27192700
2024-11-19,501.9010009765625,502.3895043533527,495.54075211614304,495.8797260604786,24523000
2024-11-20,501.6119079589844,501.9209455857888,495.0223605231752,501.60192918938486,29565500
2024-11-21,503.41632080078125,505.3901701832324,496.0192837323505,504.67239847422854,34526700
2024-11-22,504.2237854003906,504.96148419007073,501.2230963941332,502.85803259330055,23826600
2024-11-25,505.02130126953125,509.86626772399495,502.69852968072695,508.32104916491807,26375200
2024-11-26,507.7328796386719,508.5603265162039,505.6593339061935,506.5066774767877,26557100
2024-11-27,503.73529052734375,506.66618904258314,500.37573083915373,506.5964289240894,24957400
2024-11-29,508.1615295410156,508.7596776658199,503.7452547791602,504.3633300196629,15334000
2024-12-02,513.6943359375,514.6613638846421,509.0388140524132,509.42762098516585,25147200
2024-12-03,515.2694702148438,515.5486323809755,511.78030821513613,512.3585292405829,18597900
2024-12-04,521.6397094726562,521.8989141052851,517.9910087683786,518.7088108930553,26086200
2024-12-05,520.1942138671875,522.4172892055444,519.8054068983869,521.6895691199645,18169600
2024-12-06,524.8497314453125,525.088978548211,520.7325151521459,520.8621174739093,23762600
2024-12-09,520.762451171875,524.7201288301225,519.6060090469649,523.9226182055199,20674400
2024-12-10,518.9879150390625,523.7531427665872,517.5523716280675,521.99858294802,24350000
2024-12-11,528.279052734375,528.9669185403193,522.9656012200102,523.3743048572086,32168600
2024-12-12,524.86962890625,527.322033122564,524.3911347552242,526.0459675916239,23577500
2024-12-13,528.88720703125,531.5189858488804,525.6671675702225,528.8174164894651,28780400
2024-12-16,536.5035400390625,537.4805468453278,531.3495659763669,531.4293352933635,31979900
2024-12-17,534.1408081054688,535.8155984486888,532.4759965312329,534.6990715532088,28579100
2024-12-18,514.8706665039062,535.2174988418191,513.4152264907397,533.492875441602,54703200
2024-12-19,512.5778198242188,520.1443436340368,512.2389067316958,519.576101377112,46441800
2024-12-20,517.053955078125,523.1949148609157,507.7130043473463,508.8594373155354,60530000
2024-12-23,522.0914306640625,522.470869711588,515.3614764173324,518.7763669007879,29672800
2024-12-24,529.1708984375,529.2607302964886,523.4094706075514,524.0485322584022,17558200
2024-12-26,528.8114013671875,530.4489740342622,525.5263221162263,527.5333389778602,19090500
2024-12-27,521.7818603515625,525.6660824304424,517.0888468707806,525.2267351908741,33839600
2024-12-30,514.8422241210938,518.5866402404552,511.0678538916629,514.7423974022865,34584000
2024-12-31,510.4687805175781,516.8891683491522,509.5002236457357,516.1303511956955,29117000
2025-01-02,509.4702453613281,515.870704111665,504.95695643272836,513.534161708165,36389800
2025-01-03,517.8078002929688,518.876214270739,511.7668215285793,512.5855468367399,29059500
2025-01-06,523.7589111328125,527.1338830152287,521.2526998445645,523.239726881552,36109700
2025-01-07,514.412841796875,525.2067422646539,512.5157076399819,524.8073744683829,36690300
2025-01-08,514.5027465820312,516.1502530505413,509.80973302054656,514.3130270674945,30777800
2025-01-10,506.4347839355469,510.81823127104343,503.1696640167018,510.7184045512355,40532500
2025-01-13,504.80718994140625,505.2664964430211,498.955930441633,500.4536968562401,31694200
2025-01-14,504.3279113769531,509.4003642097552,500.8431178147032,507.98246521320874,33737200
2025-01-15,515.9306030273438,517.0788540153866,510.69838510096264,512.2660850261747,34957600
2025-01-16,512.3160400390625,518.2871163063428,512.1862287337499,518.207218362087,28229000
2025-01-17,520.9630737304688,523.2896212209615,512.3459196801547,522.0714062167059,51837900
2025-01-21,524.0185546875,525.1867954798969,519.2856223520863,523.699023857799,23628000
2025-01-22,530.7185668945312,533.0251247604261,528.4719172481036,528.7814532060628,33593000
2025-01-23,531.8468627929688,531.9666792259658,527.6630996653944,528.2521869702515,23096600
2025-01-24,528.8413696289062,532.9951484463661,527.3635928962776,532.22633644199,19878300
2025-01-27,513.4443359375,517.2186756257028,509.39035345878335,510.23909385806246,60771700
2025-01-28,521.0330200195312,522.2212505417087,511.0179559555614,514.4528057450258,33194200
2025-01-29,520.0545043945312,521.8118935164292,516.1303634536972,521.6820822100884,26649000
2025-01-30,522.2711181640625,525.3165642441627,517.438359498841,522.9301694920367,27431300
2025-01-31,521.5122680664062,530.7285656818225,520.4139303866243,526.1353786930239,38845500
2025-02-03,517.3385009765625,520.0744112670776,510.2890160078782,512.7053954765727,40580800
2025-02-04,523.6890258789062,524.3280875345033,517.4583270975198,517.8577558683364,26046800
2025-02-05,526.0654907226562,526.2252866098556,519.8447867569009,521.0430121337988,21134100
2025-02-06,528.8114013671875,529.0211106171839,524.9571635327574,526.5747464776587,19434500
2025-02-07,522.141357421875,531.3076811301025,521.4124638907397,529.3506385655694,29605500
2025-02-10,528.4619140625,529.5702465773193,525.9656367169049,526.4349076046266,20852800
2025-02-11,527.2037963867188,529.1309152421704,525.0470395107318,525.176850812149,19325500
2025-02-12,527.5133056640625,528.4019950074942,521.1727857139907,521.522240157499,25009400
2025-02-13,535.10205078125,535.4215206592452,528.4020202629058,529.190821985701,28714800
2025-02-14,537.3486938476562,538.037668843142,534.8723452415906,535.2118657811616,17862600
2025-02-18,538.5668334960938,539.1959002552666,535.2417750467905,538.9262828029723,20565000
2025-02-19,538.7166748046875,540.0047320561414,535.6612335791547,537.7680771648068,19666900
2025-02-20,536.4299926757812,538.2972031880117,531.6671371127117,537.9277590296091,26550800
2025-02-21,525.296630859375,537.5982924495162,524.927186702252,537.5783027293683,47093800
2025-02-24,519.0958862304688,528.282199221784,518.7564266339529,527.0939687454339,39268400
2025-02-25,512.5556640625,518.5467299482928,508.6814365808121,518.4668320054188,48940000
2025-02-26,513.7938232421875,518.8862050191877,510.60857068019567,514.7624106136165,34457600
2025-02-27,499.5250549316406,518.2970788098012,499.3053813068577,517.3584760922864,52448000
2025-02-28,507.413330078125,508.02240713965296,496.1900461196219,499.38529339387156,47654000
2025-03-03,496.3098449707031,512.2760249711163,492.84501082888505,510.75829932931043,44587200
2025-03-04,494.8121032714844,502.98991062423903,487.0137349661512,493.44414810630246,67875400
2025-03-05,501.2624816894531,502.8800645204116,490.52848919261544,495.4611356242819,46323700
2025-03-06,487.4730529785156,497.83757093660563,485.4760310990004,492.95486828670147,57574300
2025-03-07,491.0577087402344,492.5454803049767,479.81446568968875,486.4345981651802,54714700
2025-03-10,472.0260925292969,483.2493458601562,467.96214564805655,482.73013113594277,76668000
2025-03-11,470.89776611328125,478.0970214694122,466.31460454838,471.6466493194181,68760800
2025-03-12,476.2098693847656,480.34368899120636,471.0875031883269,478.4465242260423,46971100
2025-03-13,467.6426086425781,475.5707879212251,465.73544909598814,475.5408338119963,46563300
2025-03-14,478.9457702636719,479.84442403236915,472.41550005943543,473.0246075899529,43563000
2025-03-17,482.0511169433594,485.11655285143536,477.08851633816323,478.89581870707696,41744400
2025-03-18,473.8334045410156,478.8958320033506,471.7065712980047,478.696148092504,39072300
2025-03-19,480.1739501953125,484.6073108234791,474.1628947137665,476.100008413995,40430300
2025-03-20,478.5463562011719,483.82845706038523,475.47092548434057,476.16989532147545,36780500
2025-03-21,480.1239929199219,480.89283536764714,472.2058085419186,473.3740492680448,42234900
2025-03-24,490.6600036621094,491.510009765625,484.3999938964844,487.739990234375,34567200
2025-03-25,493.4599914550781,493.6199951171875,490.4200134277344,491.3900146484375,26035200
2025-03-26,484.3800048828125,493.1600036621094,482.82000732421875,492.29998779296875,34627100
2025-03-27,481.6199951171875,486.5799865722656,480.25,482.4100036621094,33469800
2025-03-28,468.94000244140625,480.5199890136719,468.04998779296875,479.80999755859375,46363800
2025-03-31,468.9200134277344,469.8599853515625,457.3299865722656,461.9200134277344,53000300
2025-04-01,472.70001220703125,473.6300048828125,464.4200134277344,467.29998779296875,41156200
2025-04-02,476.1499938964844,479.55999755859375,465.8599853515625,466.1199951171875,49894500
2025-04-03,450.6600036621094,460.07000732421875,450.1400146484375,456.44000244140625,70456300
2025-04-04,422.6700134277344,440.3699951171875,422.6700134277344,438.1400146484375,117088400
2025-04-07,423.69000244140625,443.1400146484375,402.3900146484375,408.6600036621094,161557000
2025-04-08,416.05999755859375,443.1400146484375,409.7900085449219,438.1600036621094,101248100
2025-04-09,466.0,467.8299865722656,415.42999267578125,415.57000732421875,142876900
2025-04-10,446.17999267578125,455.5899963378906,432.6300048828125,453.55999755859375,108384100
2025-04-11,454.3999938964844,455.7900085449219,441.3299865722656,444.6499938964844,52483800
2025-04-14,457.4800109863281,465.04998779296875,452.6300048828125,464.4599914550781,43941200
2025-04-15,457.989990234375,462.3800048828125,456.1499938964844,458.5400085449219,35404200
2025-04-16,444.17999267578125,452.6199951171875,437.760009765625,449.0299987792969,48980600
2025-04-17,444.1000061035156,447.75,441.3599853515625,447.1700134277344,44763900
2025-04-21,433.1099853515625,439.0799865722656,427.92999267578125,438.2300109863281,44149300
2025-04-22,444.4800109863281,447.5799865722656,437.6199951171875,438.82000732421875,52304400
2025-04-23,454.55999755859375,463.3800048828125,452.8800048828125,458.1700134277344,55801100
2025-04-24,467.3500061035156,467.6600036621094,455.8299865722656,456.4800109863281,45956100
2025-04-25,472.55999755859375,473.0899963378906,465.3900146484375,466.9700012207031,38697100
2025-04-28,472.4100036621094,474.80999755859375,466.0299987792969,473.0299987792969,33550800
