Date,Close,High,Low,Open,Volume
2011-04-29,105.73479461669922,105.84330756026472,105.38604186836768,105.52555006314125,115094100
2011-05-02,105.57206726074219,106.31607167681204,105.36281084496261,106.23083176469342,126278700
2011-05-03,105.19230651855469,105.54881700826873,104.65754669685205,105.37056767628015,138375000
2011-05-04,104.49478912353516,105.19229465752932,104.02977755038202,105.14579586536111,182678500
2011-05-05,103.54930114746094,104.5878138612913,103.09204713811246,103.91355754832867,226900000
2011-05-06,104.00656127929688,105.11483409046637,103.60355190925893,104.5800741587455,222787200
2011-05-09,104.40955352783203,104.71180754936083,103.83604074243036,103.99879836590156,114104500
2011-05-10,105.30082702636719,105.48683407596816,104.62657068838962,104.75832124720483,114806900
2011-05-11,104.19255828857422,105.16132275968081,103.71205489514158,105.14581921693642,193564200
2011-05-12,104.68856048583984,104.90556277148568,103.37878908807473,103.91354894403683,171550700
2011-05-13,103.88252258300781,104.89003976553948,103.51052042317941,104.74278570780407,157444900
2011-05-16,103.2237777709961,104.32429262000599,103.0532743045276,103.51052822563115,141675400
2011-05-17,103.2082748413086,103.34778305367021,102.39451044211899,102.83627265123829,192686200
2011-05-18,104.13052368164062,104.23902479575925,103.03775485861661,103.26251476869164,135217900
2011-05-19,104.37854766845703,104.6498064355109,103.80504670206744,104.47155709399016,119489500
2011-05-20,103.54930114746094,104.37855741647101,103.35554824596699,104.10731044982263,182594900
2011-05-23,102.34803009033203,102.85954058494133,101.98377369196527,102.28602774319103,168700000
2011-05-24,102.26277160644531,102.86727966908536,102.06901871904176,102.64253152302186,147199600
2011-05-25,102.60375213623047,103.03001074380579,101.82099493012649,101.85199018079801,151050100
2011-05-26,103.07650756835938,103.2625145460479,102.13099279347807,102.32474562725318,164850000
2011-05-27,103.47181701660156,103.75082172645685,103.04557000426637,103.36331584197679,120921900
2011-05-31,104.54908752441406,104.56459107168617,103.7275769051169,104.44834403149945,164731200
2011-06-01,102.20077514648438,104.56456287402456,102.11552339808986,104.24680528221424,233094300
2011-06-02,102.09227752685547,102.48754102205278,101.49552709319562,102.27053871422396,200466800
2011-06-03,101.07701110839844,101.85202270575687,100.81351000347381,100.86775466590488,234690200
2011-06-06,100.00748443603516,101.0305053504856,99.87573389264156,100.8212489223957,179951200
2011-06-07,99.94548797607422,100.8057512118034,99.8602362382727,100.51898891606903,161660500
2011-06-08,99.5269775390625,100.12373971802921,99.34097051781985,99.79047861651998,198696400
2011-06-09,100.2864990234375,100.69725423649336,99.55799803334476,99.79824974372777,160964400
2011-06-10,98.89146423339844,99.92222501393856,98.62796316686186,99.86023450183082,238629400
2011-06-13,98.9689712524414,99.38748410628358,98.46521848194214,99.11622533709931,207599800
2011-06-14,100.2245101928711,100.57326306304985,99.83700437584157,99.87574549695329,160570400
2011-06-15,98.44193267822266,100.20896340820313,98.17843167452224,99.38745332270541,300958000
2011-06-16,98.65896606445312,99.17822234904526,97.89945219472094,98.47295904766045,308032800
2011-06-17,98.9533920288086,99.64657153604092,98.61848460851336,99.63878133309905,233284900
2011-06-20,99.4596176147461,99.66991144665744,98.58730525180218,98.61846011364766,159479000
2011-06-21,100.82260131835938,101.01731472835404,99.49855250726841,99.9736537030299,193157300
2011-06-22,100.21510314941406,101.10299588314895,100.15279342791426,100.51107135544709,176703000
2011-06-23,99.92693328857422,100.1917406975113,98.28355148643666,99.03904053527117,334286500
2011-06-24,98.76644134521484,99.98145128398829,98.61846317458378,99.90357304023088,226129300
2011-06-27,99.64653015136719,100.02816080426548,98.63401810805078,98.82873150544384,168904700
2011-06-28,100.9472427368164,100.96282314063076,99.90358148420867,100.04376946543987,165556300
2011-06-29,101.81175231933594,101.97530493419167,100.96280467440026,101.40674508480107,244295500
2011-06-30,102.78534698486328,102.94889964360702,101.80399537929978,102.13889684154354,223322700
2011-07-01,104.30411529541016,104.44431518055221,102.63736838589774,102.8788111990321,202385700
2011-07-05,104.21841430664062,104.42870813853143,103.89129717056859,104.19504964580437,165936000
2011-07-06,104.34305572509766,104.47545945917095,103.67324090990107,103.9692091886338,143331600
2011-07-07,105.4256591796875,105.6904666403788,105.05181265374881,105.26989078424361,170464200
2011-07-08,104.67794036865234,105.42564520579016,103.89130235108912,104.23399990626208,194100500
2011-07-11,102.78534698486328,103.7277535197464,102.54390418475879,103.39285205750264,195918600
2011-07-12,102.34140014648438,103.41622235711003,102.3102512188633,102.56727443811586,214675700
2011-07-13,102.68411254882812,103.75893491412522,102.43488543889175,102.87882605649096,204062600
2011-07-14,101.9753189086914,103.41620314410257,101.78060546522316,102.94110186666543,226111800
2011-07-15,102.56725311279297,102.70744108449203,101.85070908281237,102.54388845084313,220012800
2011-07-18,101.72608184814453,102.24791239904981,100.9628085526495,102.09214403651102,196872100
2011-07-19,103.37727355957031,103.50189303429981,102.27130246117231,102.2946671271382,166554900
2011-07-20,103.31493377685547,103.70436060885923,103.13580076175559,103.64206277397875,137145400
2011-07-21,104.748046875,105.00507004294023,103.33052732169907,103.89908724112519,245246300
2011-07-22,104.81815338134766,104.92719244582833,104.1794875148418,104.77142405147976,126019400
2011-07-25,104.23400115966797,104.74804749860877,103.71217056142154,103.82120961352729,136653800
2011-07-26,103.84452056884766,104.33520199173246,103.61086218250445,104.16385330070473,131278200
2011-07-27,101.71830749511719,103.29937970336476,101.5858918954818,103.26821889720394,249020100
2011-07-28,101.42234802246094,102.62957385165456,101.25878348689629,101.71831628473673,207939900
2011-07-29,100.72916412353516,101.6793667172972,99.669922472343,100.40204695124483,307038400
2011-08-01,100.30079650878906,101.99870405891737,99.32722920932935,101.90523351680005,325790900
2011-08-02,97.73835754394531,100.08270904611288,97.73835754394531,99.5452980454563,346653800
2011-08-03,98.26798248291016,98.3770215394945,96.21180892705827,97.87077132343128,370830800
2011-08-04,93.66498565673828,97.06078964291596,93.5092112881797,96.90501527435738,520721800
2011-08-05,93.52476501464844,95.07468240098017,91.01685484708497,94.83323962632576,655619200
2011-08-08,87.43414306640625,93.5559353770241,87.24721384649973,91.05581499706702,702263900
2011-08-09,91.499755859375,91.62436938945295,85.8842141909012,88.84386129309205,717828700
2011-08-10,87.45747375488281,90.56509803672044,87.1926604339909,89.77066995840778,662607400
2011-08-11,91.38294219970703,92.62131722038096,87.48088195517731,88.21300662431608,487979700
2011-08-12,91.99821472167969,92.84716252736375,91.3439744274667,92.21629283902301,313731600
2011-08-15,93.9453353881836,94.03879402914224,92.68359025560243,92.83157436002982,258810600
2011-08-16,93.14309692382812,93.9998406168965,92.1461652906372,93.04963829707977,294095200
2011-08-17,93.20545196533203,94.39709757336028,92.46554308021953,93.65718868824777,238201100
2011-08-18,89.18655395507812,93.23659150410292,88.3142355241603,90.73647141675475,512956300
2011-08-19,87.7301025390625,90.25358750315215,87.62106346878714,87.97933554857526,428281300
2011-08-22,87.80022430419922,89.74735953194778,87.55099123273482,89.70062424579591,275090600
2011-08-23,90.6897201538086,90.7909689882817,87.68334461441896,88.1272909535422,331136600
2011-08-24,91.9670639038086,92.0916774296967,90.28473673794443,90.4950306047691,246869700
2011-08-25,90.56510925292969,92.99513498891164,90.2457823189265,92.47330442469772,312365400
2011-08-26,91.88138580322266,92.30196757774377,88.67250593586697,90.10560005003332,314495900
2011-08-29,94.52171325683594,94.57623279415436,91.95149291540385,93.11977380838499,190977200
2011-08-30,94.77092742919922,95.35506775952166,92.88610272281602,94.108902909937,241315700
2011-08-31,95.19151306152344,96.19623518370746,94.47496898656806,95.37843631103725,301828400
2011-09-01,94.19461059570312,96.1105908433466,94.06999109560364,95.24606237350707,254585900
2011-09-02,91.78791809082031,94.14005986751658,91.4608009246889,92.23186451405091,255517200
2011-09-06,91.11811828613281,91.2505279683733,89.08530908292363,89.09309928592221,285130500
2011-09-07,93.68830871582031,93.72724783402714,92.18512089441597,92.49666355098026,209803200
2011-09-08,92.71475982666016,94.19458327917471,92.50446596677392,93.12755140220628,250568200
2011-09-09,90.28472900390625,92.73032940456937,89.7862630586872,91.65551332435005,380195100
2011-09-12,90.86886596679688,90.93896589452527,88.8282729362508,89.15539008649647,305793500
2011-09-13,91.70221710205078,92.04491457223381,90.51836229751663,91.16481218275057,272514700
2011-09-14,92.97180938720703,94.08557090800299,90.90784498182065,92.16958473031599,319389500
2011-09-15,94.57622528076172,94.60738014849493,92.99515288194802,93.9687202154228,326777200
2011-09-16,95.13597869873047,95.48827977752433,94.19652110113167,94.95591887943813,284528300
2011-09-19,94.18865966796875,94.67404931867155,92.94387846123686,93.57801183274753,241517000
2011-09-20,94.07908630371094,95.50393369466599,93.95382807953364,94.58796165182181,218932200
2011-09-21,91.30768585205078,94.41573380565387,91.15894207242957,94.12607077965257,316251300
2011-09-22,88.356201171875,89.41309233008953,87.13490525330931,88.66152515151641,513911300
2011-09-23,88.8885726928711,89.37396250055956,87.69858670399798,87.76904930857928,307242500
2011-09-26,91.00236511230469,91.12762932381688,88.45016951847064,89.72626731538767,260673700
2011-09-27,92.02008819580078,93.60150956556731,91.47206639496817,92.79514085896349,311753900
2011-09-28,90.14115905761719,92.7638162306176,90.0080703650027,92.20796995005938,286696800
2011-09-29,90.85359191894531,92.0905427561453,89.19387749119899,91.63647506870642,298108900
2011-09-30,88.583251953125,90.3838800683941,88.52061985183062,89.60099672099209,288392300
2011-10-03,86.0623550415039,89.20954304660525,85.96840690220047,88.06653422990973,365136800
2011-10-04,87.9490966796875,88.13699295002789,84.10514323607795,84.82539435360816,459177500
2011-10-05,89.57749938964844,89.81236675213562,87.35411384258374,88.16831313350079,284108000
2011-10-06,91.19806671142578,91.33116140129313,88.86507800729949,89.53052756493584,257800800
2011-10-07,90.58741760253906,91.79305849050868,90.07854230971243,91.73042639876157,312657900
2011-10-10,93.61717987060547,93.65632044910038,92.12187000565135,92.12970051052038,230666300
2011-10-11,93.71111297607422,93.9772963595571,92.96737635440878,93.06132448497766,209088000
2011-10-12,94.53314971923828,95.62135692761332,94.20434019719511,94.41571604053,281544900
2011-10-13,94.34526824951172,94.62710671562684,93.25706093926047,93.97731214247665,212538800
2011-10-14,95.9579849243164,95.98147046252873,94.90892439800413,95.44128516487247,211397600
2011-10-17,94.12605285644531,95.94234170119954,93.89118549955921,95.50392303320714,202311600
2011-10-18,95.96583557128906,96.68608676796123,93.3196862160199,94.05559842340371,318857900
2011-10-19,94.8306655883789,96.35729182622815,94.5018559886919,95.8092698538234,226601300
2011-10-20,95.2455825805664,95.5900471617025,93.80507424143006,95.06551679832734,262075600
2011-10-21,97.0540542602539,97.17148796266918,96.07545002833706,96.36511305831166,278999400
2011-10-24,98.24400329589844,98.4867011302193,97.12448016986143,97.21059779285847,203215600
2011-10-25,96.33378601074219,97.82125940290987,96.12240418904246,97.7742883193878,268596800
2011-10-26,97.3123779296875,97.68032799291404,95.67614904034217,97.35151850343105,289053800
2011-10-27,100.70226287841797,101.32073530749707,99.12083557888383,99.91937375960423,393220200
2011-10-28,100.67878723144531,100.87450803714731,100.05247826402895,100.20905251942055,225906500
2011-10-31,98.25186157226562,100.69445383011463,98.1109423287031,99.5514508154451,228146700
2011-11-01,95.51173400878906,96.6938891103329,95.13594750919262,95.53521954509064,416565800
2011-11-02,97.06967163085938,97.39065656137075,96.13021432195704,96.94441344370355,244717600
2011-11-03,98.83903503417969,99.03475589563351,96.76439270818385,98.07180662919298,291174800
2011-11-04,98.23619079589844,98.40842009006089,97.0853514866547,98.04046998746719,249401600
2011-11-07,98.84684753417969,98.9486202133422,97.2341038680027,98.16573691014435,196617200
2011-11-08,100.1151123046875,100.22472145964512,98.41625701026327,99.36354506807021,224426300
2011-11-09,96.41988372802734,98.4866945970033,96.18501641308391,97.77426812181913,337982000
2011-11-10,97.32807159423828,97.81346149012059,96.31032070616874,97.69602777643152,231866500
2011-11-11,99.16000366210938,99.41835061694121,98.47889302700106,98.51020907638916,189924400
2011-11-14,98.22052001953125,99.7784558273069,97.79776239860693,98.79202735140795,159258300
2011-11-15,98.70596313476562,99.23049369951683,97.64124098883403,97.99353621043046,184709400
2011-11-16,97.14016723632812,98.90947930199155,96.99924799479577,97.7116687354295,235782500
2011-11-17,95.59789276123047,97.2028061255952,94.90895751725425,96.96010820921981,331219600
2011-11-18,95.4961166381836,96.09893420838905,95.096844444817,95.90321336478743,215580400
2011-11-21,93.67980194091797,94.21998726058453,92.88908827564725,94.10255359181372,229611600
2011-11-22,93.3118667602539,94.02428749032974,92.78733038553557,93.47627154411755,216494900
2011-11-23,91.25287628173828,93.31186320022215,91.25287628173828,92.43503174680967,224329100
2011-11-25,91.08061981201172,92.14534133886973,90.97101665244612,91.11193585373393,99557000
2011-11-28,93.71898651123047,94.0869427254165,93.02222064846734,93.58589774484365,210686000
2011-11-29,93.98517608642578,94.72891309760783,93.64070540018852,93.98517608642578,199241500
2011-11-30,97.85257720947266,98.03264298775447,93.94599140592854,96.67825231689855,324439500
2011-12-01,97.83690643310547,98.36143670057093,97.41414882303762,97.74295830656006,176954800
2011-12-02,97.75080871582031,99.03473684210527,97.68817661870263,98.73724334018455,221109700
2011-12-05,98.81554412841797,99.56711147889736,98.20489602946137,99.3009280158315,225263900
2011-12-06,98.84684753417969,99.51229714731274,98.45540588258076,98.80770097984956,178842100
2011-12-07,99.21479034423828,99.62971748365088,97.83691424287255,98.51801880269143,237802500
2011-12-08,97.03840637207031,98.78423918601999,96.80354490840118,98.56503276409131,240862800
2011-12-09,98.68245697021484,98.93297942440317,97.39069813930489,97.47681579289399,209111400
2011-12-12,97.24195861816406,97.83695174935939,96.4199345286117,97.82129073455243,215826100
2011-12-13,96.33378601074219,98.30664916669707,95.86405128382064,97.75080277762675,245159800
2011-12-14,95.3082275390625,96.31814788521086,95.09685164006706,95.95019171573124,238618800
2011-12-15,95.65266418457031,96.45120237514918,95.50391447367912,96.31811367220678,199109200
2011-12-16,95.79446411132812,96.86593819294309,95.56599341244122,96.29869251221018,220481400
2011-12-19,94.770263671875,96.3695946063111,94.56542145042457,96.16475238486065,183903000
2011-12-20,97.6380386352539,97.80348605454398,94.83330065162244,96.25930413036455,225418100
2011-12-21,97.82714080810547,97.97683393739136,96.7083974492495,97.63805886271733,194230900
2011-12-22,98.6937484741211,98.79617259440955,97.8743915766445,98.18952607068695,119465400
2011-12-23,99.5761489868164,99.60766364100894,98.80406099691912,99.00889723296208,92187200
2011-12-27,99.65493774414062,99.91492914650136,99.31616270764798,99.40282650843488,86075700
2011-12-28,98.34712982177734,99.68646986914572,98.26834617383928,99.67071554388093,119107100
2011-12-29,99.36344146728516,99.46585959446249,98.37075080929685,98.67013103468103,123507200
2011-12-30,98.87500762939453,99.52892346507535,98.87500762939453,99.2846862911511,95599000
2012-01-03,100.45069885253906,101.14400948369327,100.39554968967978,100.65554117636262,193697900
2012-01-04,100.6082534790039,100.69491729696453,99.82828512816545,100.2143292194764,127186500
2012-01-05,100.87610626220703,101.02579938524978,99.60767583777324,100.06462936330958,173895000
2012-01-06,100.61610412597656,101.01790843582934,100.2852092876533,101.00214810402038,148050000
2012-01-09,100.86033630371094,100.98638288725297,100.37974839047679,100.84457597266433,99530200
2012-01-10,101.73486328125,102.14453577573855,101.59304432422549,101.93969952849427,115282000
2012-01-11,101.7900161743164,101.92394896669471,101.25428500480315,101.41972644531211,111540700
2012-01-12,102.03427124023438,102.18396440265458,101.27005711117457,102.08155225595864,118983700
2012-01-13,101.5063705444336,101.67182397442839,100.6239843087569,101.34880329115002,179836200
2012-01-17,101.90031433105469,102.67241445771495,101.55365909404202,102.483326504359,132209200
2012-01-18,103.02693176269531,103.08207489577903,101.69546613203907,101.87666788590236,163395200
2012-01-19,103.570556640625,103.65722044606446,103.05057380798829,103.38146869559003,126328900
2012-01-20,103.95659637451172,103.95659637451172,103.14511346551546,103.39723072970719,138230200
2012-01-23,103.68872833251953,104.19295082730322,103.19237999394983,103.60993868392949,129295800
2012-01-24,103.570556640625,103.60206528732452,102.89300653126546,103.05057380798829,103083300
2012-01-25,104.43718719482422,104.68141828756005,103.0111834430855,103.41298181936575,198613200
2012-01-26,103.90142059326172,105.09894115710301,103.49173617846915,104.90197911443857,184880500
2012-01-27,103.85419464111328,104.03539642936472,103.32632556912226,103.39724107027632,135259100
2012-01-30,103.4996566772461,103.55481184426174,102.4675770349995,102.8221064662241,147311800
2012-01-31,103.46026611328125,104.1378042519025,102.9560315553265,104.01175763402733,157212000
2012-02-01,104.36627197265625,104.89412892499996,104.09840641862125,104.22445301830068,166234500
2012-02-02,104.53172302246094,104.79960062278155,104.16144532343138,104.57111784794452,113090400
2012-02-03,105.99713134765625,106.06016066992122,105.39049666138233,105.57169844938532,160598500
2012-02-06,105.92622375488281,105.97349273934248,105.4377615533149,105.55593401446406,107694500
2012-02-07,106.194091796875,106.37530560363415,105.2880708495346,105.7056295840425,135528100
2012-02-08,106.50922393798828,106.53285842755331,105.8159135197817,106.24923253116081,139361400
2012-02-09,106.6431655883789,106.82436736398449,106.01288443046576,106.68256041480096,148602900
2012-02-10,105.8553237915039,105.94198760642749,105.44563920990025,105.69775649753755,167907500
2012-02-13,106.6431655883789,106.76922422428419,106.1547034012625,106.61165694020919,115841900
2012-02-14,106.50922393798828,106.57225325069908,105.76864454065165,106.35953082300166,165329500
2012-02-15,106.01287841796875,107.01344924859823,105.80015598464477,106.85588197345963,195195100
2012-02-16,107.18681335449219,107.28135134744272,105.83171268799042,106.02080069550809,186567800
2012-02-17,107.47039794921875,107.64372555059353,107.11586859062923,107.55706174990614,129869400
2012-02-21,107.5176773071289,107.97463084381152,107.18678240572696,107.72251357325015,134042300
2012-02-22,107.17103576660156,107.58072037281195,106.98194778951645,107.35223756446563,124455300
2012-02-23,107.64373779296875,107.72251542516364,106.75346519571187,107.11588077297101,137704300
2012-02-24,107.88008117675781,108.09280362172373,107.64373626192142,107.88008117675781,105539100
2012-02-27,108.06131744384766,108.35281758050242,106.9898428612057,107.16317051586952,145728900
2012-02-28,108.37643432617188,108.50249296739246,107.88008593987438,108.0928083942324,129355900
2012-02-29,107.95096588134766,108.8727468511242,107.57279008225235,108.53396586713588,185934700
2012-03-01,108.51036834716797,108.71521664686328,107.88008715557608,108.17947342644534,145023500
2012-03-02,108.17945098876953,108.5812613261463,107.93521993281732,108.43944237718647,120638300
2012-03-05,107.73828125,108.0928106669752,107.36799149713742,108.01403303076624,140765000
2012-03-06,106.16258239746094,106.69831359206054,105.85532197194323,106.63529629284838,202129900
2012-03-07,106.90314483642578,107.07647243564351,106.30437239490568,106.4067965276103,143692200
2012-03-08,107.96675872802734,108.18736737930888,107.33648951275904,107.55708614242589,116968900
2012-03-09,108.38433074951172,108.66794468664538,108.03767546419523,108.17160827504664,122836800
2012-03-12,108.39217376708984,108.53398069491676,108.00612376087535,108.36853927911869,104003500
2012-03-13,110.34603881835938,110.4011939736533,108.79397659530399,108.9751903727453,184090500
2012-03-14,110.2279052734375,110.6533382463069,109.8891241095608,110.37759843736329,145163600
2012-03-15,110.86602783203125,110.91329681258274,110.10968807836957,110.39331398329114,165118500
2012-03-16,111.01951599121094,111.16194435409435,110.78212331211206,111.06699211217207,152893500
2012-03-19,111.45478057861328,111.79503430422822,110.8692133347826,110.94834828572938,125291100
2012-03-20,111.13031768798828,111.26483741308691,110.49727445423942,110.82171077175133,121729700
2012-03-21,110.94831085205078,111.29647312557202,110.7188268163114,111.19361221320416,122388400
2012-03-22,110.14907836914062,110.42603850255324,109.7850867316022,110.13324897098457,135216700
2012-03-23,110.50517272949219,110.63178377919874,109.63474892992173,110.24405404162704,120521000
2012-03-26,112.05614471435547,112.05614471435547,111.2569349824798,111.29649037644009,120164000
2012-03-27,111.7079849243164,112.23024659530313,111.63677071671756,112.1590323877043,119868500
2012-03-28,111.15406799316406,111.82667876702126,110.49728662232496,111.65259155671227,148562100
2012-03-29,110.96417236328125,111.16991841853326,110.0620894094119,110.49730751748461,164963700
2012-03-30,111.42311096191406,111.61302758118792,110.82172644565918,111.51015456979411,135486800
2012-04-02,112.23815155029297,112.5309411845729,111.06702923606501,111.2885925908028,151741100
2012-04-03,111.77924346923828,112.26985860066095,111.12246178750824,112.0799418974358,155806700
2012-04-04,110.67138671875,111.05120791533228,110.25990671244527,110.95625563476125,146896000
2012-04-05,110.615966796875,110.94040312030808,110.19657821265004,110.29154254773755,137439400
2012-04-09,109.37364959716797,110.65555363950311,109.07295128628037,109.22330044172416,127555900
2012-04-10,107.53780364990234,109.46858006810507,107.4270219902167,109.159973153674,235360300
2012-04-11,108.40825653076172,108.8355538350535,108.21043124512164,108.63772854941342,154133000
2012-04-12,109.82469940185547,109.91174302567764,108.43201349499991,108.51114845276528,154321500
2012-04-13,108.51898956298828,109.84838116521061,108.4161165967942,109.57142105974584,169246700
2012-04-16,108.44783020019531,109.23121064854747,108.07591767599459,109.07295282585093,147825300
2012-04-17,110.05416870117188,110.27573206389236,108.96216921755111,109.07295089891134,147877600
2012-04-18,109.68222045898438,110.05413285547924,109.50022462909126,109.56353015129186,123884200
2012-04-19,108.97796630859375,110.10952085594731,108.46362552785016,109.69805306107008,198666700
2012-04-20,109.15997314453125,109.85632190495137,109.09666761410257,109.46067139549363,143199600
2012-04-23,108.24210357666016,108.33706794674794,107.56950469099714,108.04427824423573,171844900
2012-04-24,108.65355682373047,108.93051705046676,108.24999759196628,108.33704119971507,137484200
2012-04-25,110.14122009277344,110.18869623466722,109.6189583833448,109.71391066713235,150252200
2012-04-26,110.90876007080078,111.03537113892061,109.84049880427081,109.90380433833073,136291600
2012-04-27,111.09080505371094,111.40732078966225,110.62394011717726,111.24115425429329,130725000
2012-04-30,110.67924499511719,110.94829645807435,110.37855888543615,110.86916154409414,115092200
2012-05-01,111.3676986694336,112.09569408549537,110.4893541428482,110.61595311681545,138832200
2012-05-02,111.03536224365234,111.14614390080824,110.3548428998961,110.71883459871046,121081000
2012-05-03,110.18867492675781,111.13823380390653,109.98294099356939,111.05119020250062,143759700
2012-05-04,108.40825653076172,110.22825157350985,108.34495099044122,109.6110376482566,193927300
2012-05-07,108.48738098144531,108.85137271021001,107.98094878216256,108.02050417602686,127765900
2012-05-08,108.05213165283203,108.22621880282783,106.76230742539751,107.83847704614764,213377700
2012-05-09,107.41122436523438,108.09965251424893,106.42209791007664,106.90479210316552,220752500
2012-05-10,107.63279724121094,108.28957871441834,107.38749579053199,108.1550468792409,150600000
2012-05-11,107.30834197998047,108.30537701297143,106.91269143246551,106.96016756627986,153032400
2012-05-14,106.12139892578125,107.30835066438549,105.96314110882685,106.27965674273565,163910000
2012-05-15,105.51206970214844,106.67528310788481,105.34590325806882,106.0501606468083,207629300
2012-05-16,105.1085433959961,106.4695824719225,105.08480532513796,105.9868882406428,207265500
2012-05-17,103.5496826171875,105.25889622424977,103.49428573372488,105.13228512573428,247992900
2012-05-18,102.6634292602539,104.13525007881336,102.51308008978455,103.95324209650892,319615900
2012-05-21,104.42801666259766,104.46758413606773,102.82958491392857,102.9957634727838,177861100
2012-05-22,104.61002349853516,105.4250628252599,103.92950393624763,104.69706711955911,197531200
2012-05-23,104.6654052734375,104.81575442207564,102.8612396383742,103.85827472902585,204958400
2012-05-24,104.87113189697266,105.11643330159399,103.99278720908238,104.9502668352424,167357600
2012-05-25,104.53089904785156,105.1243749802028,104.27767685438496,104.8315853097197,135465600
2012-05-29,105.79692840576172,105.97892423280352,103.79493808542121,105.36963123046932,152883500
2012-05-30,104.26181030273438,105.78902743650939,104.04816773669876,104.894853486564,162370400
2012-05-31,104.03233337402344,104.80780489821787,103.13815946673277,104.22224994240108,196186000
2012-06-01,101.41313934326172,104.05608179286956,101.41313934326172,102.40226559604565,253240900
2012-06-04,101.36568450927734,101.872116774119,100.60603007486604,101.59515653543941,202545800
2012-06-05,102.13324737548828,102.28358445474227,101.11246210890003,101.16785294907976,164149400
2012-06-06,104.42801666259766,104.47549280104268,102.813755509681,102.84541431817614,184202800
2012-06-07,104.49130249023438,105.6624246233397,104.27764783324574,105.61494849385231,184772700
2012-06-08,105.32219696044922,105.34593503104873,103.88993161325556,104.22228875024524,143915400
2012-06-11,103.98490142822266,106.23219410779224,103.88202840069269,106.16888855810448,169756100
2012-06-12,105.17972564697266,105.2509398379068,103.78704025787195,104.28555166870574,181931800
2012-06-13,104.50711822509766,105.52789109847618,104.15102315191803,104.87110988643202,172223900
2012-06-14,105.61493682861328,106.03432535849065,104.43589408795584,104.7207629077116,230615500
2012-06-15,106.69513702392578,106.7905813025062,105.86792495688542,106.09063636481403,169444500
2012-06-18,106.90188598632812,107.16436976401236,106.01104077977969,106.24966349920679,131360900
2012-06-19,107.93595123291016,108.37342436413745,106.87806607443697,107.44280632326866,137382600
2012-06-20,107.76097106933594,108.25412815743229,106.7985422363218,107.94392211764556,206451800
2012-06-21,105.3429183959961,107.9995550252577,105.25542379386559,107.88819936226042,205272200
2012-06-22,106.15423583984375,106.35308611426984,105.48608969376032,105.89175202117839,130029200
2012-06-25,104.45207977294922,105.07249166888197,104.07824027964901,105.03271918594109,146375700
2012-06-26,104.97706604003906,105.29523385992935,104.14189220101142,104.75435463454654,141634000
2012-06-27,105.9235610961914,106.13036100914607,104.9690822209937,105.32701028208567,108088000
2012-06-28,105.62129974365234,105.78038966261721,104.42024853135108,105.22359921995375,169242100
2012-06-29,108.25408935546875,108.38930607953911,107.25983802831294,107.53822111780235,212250900
2012-07-02,108.5802230834961,108.69157877590892,107.79278359316972,108.55636201632622,129524500
2012-07-03,109.29607391357422,109.3756067457164,108.44498886533093,108.55634453981658,80450000
2012-07-05,108.80290222167969,109.6062650345016,108.40520170423727,108.89039682099128,126177500
2012-07-06,107.76892852783203,107.99163992506087,107.25987217175742,107.75301710321257,151192100
2012-07-09,107.63367462158203,107.83252488169859,107.14051772343042,107.68139674211294,103780500
2012-07-10,106.69513702392578,108.35752293912917,106.32924706126506,108.18253367049076,167884800
2012-07-11,106.71101379394531,107.06099221756347,106.09060191093403,106.75078627605784,141733400
2012-07-12,106.19402313232422,106.76671303894192,105.47021717375685,106.09062921644924,143583200
2012-07-13,107.97567749023438,108.0870331362418,106.45645878360388,106.47237020070642,129642600
2012-07-16,107.72116088867188,108.03932859820803,107.29959929328646,107.72912266694598,97525200
2012-07-17,108.46095275878906,108.68366421550589,107.02127793613248,108.15074664858606,138860300
2012-07-18,109.2642593383789,109.47902106144278,108.14275286651021,108.20637428229438,113349700
2012-07-19,109.55062103271484,109.90854920139263,109.1370210824859,109.48698747032708,129847300
2012-07-20,108.54837036132812,109.09719896754217,108.42906507165355,108.93015942514226,142904500
2012-07-23,107.45073699951172,108.47681126589057,106.45648557534673,106.95759217692051,145210900
2012-07-24,106.52808380126953,107.57801927907602,105.81222752957233,107.53029714587753,173301200
2012-07-25,106.55197143554688,107.02920496902561,105.98723113020624,106.75082177537841,129122300
2012-07-26,108.30976104736328,108.5404341517516,107.58594316882439,108.08704972117546,156526500
2012-07-27,110.30619049072266,110.61640849170927,108.28587755401558,108.88242822633538,236768900
2012-07-30,110.30619049072266,110.83115799520915,109.98008534719725,110.17893557130385,106782000
2012-07-31,109.53472137451172,110.45737768386299,109.53472137451172,110.15513343461903,120575900
2012-08-01,109.43925476074219,110.34601169766688,109.28812658177809,110.32215063118412,138293800
2012-08-02,108.68363952636719,109.4233690899576,107.84051604077267,108.61205631801172,199556600
2012-08-03,110.83916473388672,111.06982574720249,108.71543279850022,110.21079097417028,157825000
2012-08-06,111.05390167236328,111.49137472039014,111.00617954655272,111.13344663995291,86326200
2012-08-07,111.61067199707031,112.08790530576943,111.37999891487159,111.49930420783242,109545100
2012-08-08,111.74592590332031,111.87318087921746,111.20504674253289,111.23686958915208,89754700
2012-08-09,111.84136199951172,112.06407336213763,111.47547211127826,111.58682779259124,90291700
2012-08-10,112.02428436279297,112.06405684386918,111.20502222742296,111.38796107614496,99792700
2012-08-13,111.96863555908203,112.02430733451904,111.38798391738644,111.83341880518104,79426900
2012-08-14,111.98452758789062,112.45382351143877,111.65046054633937,112.3822281807172,102379400
2012-08-15,112.11180114746094,112.30270181228174,111.79364550961924,111.86522870760469,71085900
2012-08-16,112.93902587890625,113.07424263261505,111.99249646608492,112.27087961659375,112014200
2012-08-17,113.09011840820312,113.18557478975148,112.83559637674087,113.12989088911019,90813700
2012-08-20,113.09809112548828,113.12195218896895,112.62084558215817,112.93105154426524,78255700
2012-08-21,112.75604248046875,113.81392727711547,112.50947010998271,113.37645429551627,105581100
2012-08-22,112.8038101196289,112.9867490072171,112.20725918731716,112.4697309170977,133243500
2012-08-23,111.88111114501953,112.53333367467873,111.70612194848394,112.5253840336931,111466400
2012-08-24,112.55718231201172,112.81171643773757,111.53112044271026,111.60270361424999,99481200
2012-08-27,112.58106994628906,113.01059335063557,112.42199214858434,112.8594651949158,68785900
2012-08-28,112.4697494506836,112.8197279972094,112.12773268549087,112.29476017742068,75689600
2012-08-29,112.55718231201172,112.8594385520974,112.24697643181779,112.5651440889751,65421300
2012-08-30,111.74592590332031,112.10385403819706,111.50730310111585,112.07203119157785,96589900
2012-08-31,112.27880859375,112.803776169031,111.64248536342664,112.38220247116756,151970400
2012-09-04,112.17540740966797,112.51743616714744,111.45955133026503,112.18335705077897,120226200
2012-09-05,112.07998657226562,112.52540930462317,111.85727520608684,112.22315296329803,100660300
2012-09-06,114.35479736328125,114.36274700347047,112.74808405462427,112.7560336948135,158272500
2012-09-07,114.80025482177734,114.84797695111888,114.4423267148568,114.54572061614384,107272100
2012-09-10,114.14803314208984,114.8877626424814,114.10827278764131,114.68891232279748,86458500
2012-09-11,114.46617889404297,114.83205661516602,114.18778364534924,114.21960648701264,88760000
2012-09-12,114.84796905517578,114.97523614924275,114.45821813091747,114.84796905517578,87640900
2012-09-13,116.59788513183594,116.9558133246976,114.52984883037863,114.83209310106575,225470200
2012-09-14,117.11488342285156,117.80687862066888,116.73308208756083,116.82853848981341,169777000
2012-09-17,116.7171630859375,117.07509115756078,116.4228564225896,116.87624088034143,119427800
2012-09-18,116.62168884277344,116.77281697221673,116.32739436134545,116.51829496751424,98326600
2012-09-19,116.68534088134766,117.0591803755076,116.45467989873259,116.75692406869119,128318300
2012-09-20,116.69337463378906,116.75699608165165,115.83433944526071,116.15249523203478,154009800
2012-09-21,116.64453125,117.28425143985736,116.59655437104905,117.26026300038188,108737500
2012-09-24,116.4686050415039,116.73249007092174,115.9808197813644,116.06878145783702,95682000
2012-09-25,115.22918701171875,116.9404318377434,115.19719428507335,116.71653155782617,133165200
2012-09-26,114.58142852783203,115.23714501198768,114.30955144000255,115.20516449645044,146502200
2012-09-27,115.66097259521484,115.92485764014742,114.7573673384743,115.06123718445392,111830300
2012-09-28,115.12519836425781,115.5969872428987,114.71738272026012,115.22115211539918,150696100
2012-10-01,115.42903900146484,116.50056295718451,115.1571497725448,115.56497751510297,135911200
2012-10-02,115.54899597167969,116.06876166113636,115.0132339251434,115.8848462604795,113422200
2012-10-03,116.02081298828125,116.29269011648273,115.25315848493022,115.86088598355381,121283100
2012-10-04,116.85243225097656,117.02035130563941,116.30067381093482,116.46060078735293,124311600
2012-10-05,116.86045837402344,117.67610205351623,116.50861160241284,117.476190224342,124842100
2012-10-08,116.46068572998047,116.84451319366441,116.19680053568054,116.42870519202975,78415400
2012-10-09,115.30914306640625,116.4686292598125,115.26915825939568,116.37267548430715,148872900
2012-10-10,114.5734634399414,115.40510345958141,114.4215285016428,115.29314112470925,124247500
2012-10-11,114.637451171875,115.54105663383008,114.61346272612847,115.37312531195356,123601500
2012-10-12,114.26154327392578,115.10916702246566,114.01365469104825,114.71734785661789,124181900
2012-10-15,115.21318054199219,115.33312275226585,114.16564456677192,114.53347547937722,107689100
2012-10-16,116.38063049316406,116.46060008171166,115.67694936085877,115.75690674776028,108815500
2012-10-17,116.9084243774414,117.00439034363312,116.28470050461391,116.46062387404204,128834100
2012-10-18,116.60455322265625,117.16430378710055,116.21272172672165,116.60455322265626,148108500
2012-10-19,114.66140747070312,116.39664036922618,114.3895303606999,116.38864829010168,185645200
2012-10-22,114.67742156982422,114.88532547404914,113.77381622143047,114.46950546394989,125578600
2012-10-23,113.08606719970703,113.59784074604164,112.61427844013872,113.43791380062028,192056300
2012-10-24,112.76624298095703,113.62986335544863,112.59031963420982,113.49391260434187,120179400
2012-10-25,113.09408569335938,113.77379062222299,112.40640088757985,113.56588676477662,134457400
2012-10-26,113.03010559082031,113.42192480226991,112.26243912070471,112.99012080146055,146023500
2012-10-31,113.03010559082031,113.57385968085022,112.49433137635991,113.42992908112863,103438500
2012-11-01,114.21357727050781,114.35750786716063,113.1660417004978,113.2699875086434,100995600
2012-11-02,113.19803619384766,114.9252767769163,113.07809401515367,114.89328406150067,137702200
2012-11-05,113.42997741699219,113.6858582149727,112.69429114387998,113.0301537563072,98378500
2012-11-06,114.31756591796875,114.76536638531604,113.65385729613342,113.77379949215587,107068100
2012-11-07,111.72672271728516,113.29402460618118,111.19895256623566,113.27804044522786,264304500
2012-11-08,110.38328552246094,112.27845753598274,110.2953238492456,111.71070269947523,181517300
2012-11-09,110.47925567626953,111.50280307533518,109.99147041564859,110.04743937256052,201055300
2012-11-12,110.56718444824219,110.99898842179968,110.31929585215883,110.82306512103527,97677500
2012-11-13,110.18335723876953,111.35084725374452,109.83951487782772,109.98344548427448,123018300
2012-11-14,108.69602966308594,110.69514750903379,108.44814100245193,110.51923636410562,191505000
2012-11-15,108.51211547851562,109.14384355798104,108.09629554534257,108.73601570369024,178128400
2012-11-16,109.0478744506836,109.26378259073425,107.71246521712364,108.67203932608116,239483900
2012-11-19,111.25489807128906,111.27088222711859,109.07985711719726,110.2713234137178,151495800
2012-11-20,111.3028793334961,111.4867947459574,110.41527058410998,111.07897912659205,119807400
2012-11-21,111.51080322265625,111.6067691868948,111.17495285194224,111.39885309908492,81710800
2012-11-23,113.03010559082031,113.07007817853545,111.98255779683105,112.05453529833643,65409200
2012-11-26,112.79021453857422,113.03810316235108,112.102517613752,112.47034840979342,100124400
2012-11-27,112.21446228027344,113.0620861276614,112.14249698039588,112.67825899333648,128646200
2012-11-28,113.11811065673828,113.18207170228592,111.15097296079281,111.75870050668973,177086500
2012-11-29,113.64588165283203,113.95774364272386,113.0461461182977,113.54193579063521,151085900
2012-11-30,113.66987609863281,113.885784318925,113.27805667110961,113.66188401701137,136568300
2012-12-03,113.11007690429688,114.2855590867672,113.02211523752541,114.18960534179692,124656300
2012-12-04,112.95018768310547,113.44596513336344,112.64631778693438,113.10212263119102,127512200
2012-12-05,113.15007019042969,113.67784023066726,112.2464650186575,113.04611215781249,147300500
2012-12-06,113.5339126586914,113.58188954122484,112.87820826132004,113.04612735018706,103220600
2012-12-07,113.87779235839844,114.10169266055016,113.28604887319668,113.97374614456308,108726400
2012-12-10,113.92571258544922,114.19758964545309,113.6698196807548,113.71780875161896,98840700
2012-12-11,114.70136260986328,115.23712461220661,114.34152391594843,114.39749285864238,152570400
2012-12-12,114.75735473632812,115.5889945808459,114.59742775135065,115.14918622092274,145880100
2012-12-13,114.0537109375,115.0132853634642,113.76583738954565,114.68542700575075,135715000
2012-12-14,113.62989807128906,114.0137253988909,113.45397467079431,113.80582147178382,137701700
2012-12-17,114.96524810791016,115.0292213296043,113.89371189658888,113.92570460825816,143238200
2012-12-18,116.24468994140625,116.34864796438909,114.98124611443394,115.14917736681807,177762800
2012-12-19,115.38105010986328,116.41260148202686,115.34107752469606,116.3726166952158,150895400
2012-12-20,116.04480743408203,116.06080379587708,115.13321003814845,115.45307626580433,168487000
2012-12-21,114.991455078125,116.03837187591542,114.30694153632288,114.4921614019648,245883800
2012-12-24,114.6370620727539,114.80617203017137,114.50820819879087,114.74174509318985,53874600
2012-12-26,114.1539077758789,114.92701901312066,113.83178526180347,114.87064081465503,106947700
2012-12-27,114.00088500976562,114.41965407088311,112.6801631599506,114.18610482426206,167920600
2012-12-28,112.76870727539062,113.88809908893545,112.63985341341323,113.25995187202142,148806700
2012-12-31,114.68546295166016,114.80625586659504,112.37418944431654,112.47083606445518,243935200
2013-01-02,117.62482452392578,117.69730024369247,116.55374938624786,116.85977436506606,192059000
2013-01-03,117.35906982421875,117.87447320896622,117.04499607864116,117.56846051339446,144761800
2013-01-04,117.87449645996094,118.06777737543605,117.31077581672734,117.55237388902414,116817700
2013-01-07,117.55239868164062,117.66514283406588,117.1175196021497,117.45576434761642,110002500
2013-01-08,117.2141342163086,117.5040494274041,116.75509667866254,117.34298815194829,121265100
2013-01-09,117.51209259033203,117.8342274140801,117.2866043578019,117.47182420134014,90745600
2013-01-10,118.44628143310547,118.45433019673571,117.55237714259803,118.16441495959306,130735400
2013-01-11,118.43821716308594,118.502631840072,118.06776518538683,118.41404629898224,113917300
2013-01-14,118.35765838623047,118.43819514977493,117.92277952418617,118.29323143303186,89567200
2013-01-15,118.43821716308594,118.55096128009225,117.73758159694437,117.81005732469403,93172600
2013-01-16,118.4220962524414,118.60731607984049,118.06775412128769,118.19660803955922,104849500
2013-01-17,119.1871566772461,119.52538902566664,118.50263092970332,118.9455586317494,133833500
2013-01-18,119.45291137695312,119.58176530423688,118.72811725212209,119.16299618465808,169906000
2013-01-22,120.0971908569336,120.0971908569336,119.17106690812379,119.45293338997658,111797300
2013-01-23,120.29043579101562,120.39513114161939,119.87972772725631,120.09716719074616,104596100
2013-01-24,120.32267761230469,120.91055686021423,120.00054273878723,120.11328687247111,146426400
2013-01-25,120.99907684326172,120.99907684326172,120.29039279375839,120.70111299889432,147211600
2013-01-28,120.85417938232422,121.0635578139497,120.40319060251984,121.03133818558406,113357700
2013-01-29,121.32933044433594,121.48234297877282,120.53206042772821,120.61259722107059,105694400
2013-01-30,120.85417938232422,121.55480269692944,120.74142297123228,121.31320463693832,137447700
2013-01-31,120.55615997314453,121.10378286569149,120.47563550742345,120.70917243265299,108975800
2013-02-01,121.7964096069336,121.9413610805481,121.11188376858415,121.32126221542356,131173000
2013-02-04,120.42733001708984,121.82053994980052,120.33874448546192,121.05548978838796,159073600
2013-02-05,121.64338684082031,121.98966796853969,121.03133679080446,121.07966623279596,113912400
2013-02-06,121.73194885253906,121.81247333058276,121.12795997037756,121.21654549795532,138762800
2013-02-07,121.57087707519531,121.8849507751801,120.68502187616943,121.77220668513901,162490000
2013-02-08,122.24737548828125,122.31985121877865,121.78028918920747,121.78028918920747,103133700
2013-02-11,122.22320556640625,122.32788862690083,121.91718057068411,122.19904699181625,73775000
2013-02-12,122.42455291748047,122.65004117171985,122.09436929941985,122.23127200462318,65392700
2013-02-13,122.52921295166016,122.89966489292657,122.1829318721203,122.67417668108995,82322600
2013-02-14,122.64197540283203,122.78693915394605,122.02188887161937,122.15879157155676,80834300
2013-02-15,122.49700927734375,122.8835587537326,122.0460328401924,122.75470483220755,215226500
2013-02-19,123.41507720947266,123.43923578476215,122.53728287212314,122.70639289914955,95105400
2013-02-20,121.87690734863281,123.36675159290763,121.81248038955317,123.32648320745962,160574800
2013-02-21,121.13603210449219,121.9413507694242,120.74948258601735,121.57091106494055,183257000
2013-02-22,122.31981658935547,122.31981658935547,121.19237569573298,121.72387652376408,106356600
2013-02-25,119.99246215820312,123.10099220631218,119.99246215820312,122.91577238327004,245824800
2013-02-26,120.81392669677734,120.95887817870305,119.77505859021899,120.57232860537847,186596200
2013-02-27,122.3359375,122.6741697987793,120.60449533488098,120.70919067314074,150781900
2013-02-28,122.0943374633789,123.10903434287438,121.93327622208861,122.3278744200221,126866000
2013-03-01,122.49700927734375,122.68222910941958,121.12797015365246,121.67558088785445,170634800
2013-03-04,123.1492919921875,123.1492919921875,122.02185111323223,122.21511967066229,99010200
2013-03-05,124.2525863647461,124.58276989999086,123.72913425330744,123.74524406405197,121431900
2013-03-06,124.42167663574219,124.75990884521867,124.1478713644777,124.69548190700668,94469900
2013-03-07,124.64717864990234,124.8082398692691,124.43780029354389,124.58275170451896,86101400
2013-03-08,125.17871856689453,125.34782858261643,124.55057107498408,125.19482837873957,123477800
2013-03-11,125.65386962890625,125.66191839176463,124.92908774964968,125.08210026127192,83746800
2013-03-12,125.3719482421875,125.71019274501583,124.99345994270281,125.56522905977766,105755800
2013-03-13,125.54915618896484,125.72632725183325,125.00959423866041,125.4364120842473,92550900
2013-03-14,126.21755981445312,126.27393800543702,125.55720506177599,125.87932753310368,126329900
2013-03-15,126.05093383789062,126.22079598702462,125.63030223054163,126.06711529970684,138601100
2013-03-18,125.35527038574219,125.89723206196673,124.7324137488951,124.84565928806383,126704300
2013-03-19,125.0640869140625,125.79209231117595,124.23900507925117,125.62223014517487,167567300
2013-03-20,125.9377212524414,126.14803093974065,125.58988761796874,125.80020964811013,113759300
2013-03-21,124.86189270019531,125.89728444420278,124.65158299504613,125.18544799163145,128605000
2013-03-22,125.86493682861328,125.86493682861328,125.1611849216906,125.25826138569164,111163600
2013-03-25,125.33911895751953,126.4068734479589,124.85378610600793,126.19655143708029,151322300
2013-03-26,126.34212493896484,126.37447551630225,125.71926832539066,125.85677987904046,86856600
2013-03-27,126.34212493896484,126.3825724177648,125.37953172057864,125.58984133036581,99950600
2013-03-28,126.73039245605469,126.87600090987428,125.9862057555253,126.26122886038317,102932800
2013-04-01,126.2289047241211,126.92455953337314,125.9215186349883,126.66570549140026,99194100
2013-04-02,126.85179901123047,127.16726975399038,126.48778386410127,126.68192445304726,101504300
2013-04-03,125.5655746459961,127.02159747521284,125.23393494440472,126.92453340087756,154167400
2013-04-04,126.07524108886719,126.325998286247,125.45238420506244,125.72740743168269,131885000
2013-04-05,125.50896453857422,125.6626575594421,124.38459369566074,124.5301898146904,159666000
2013-04-08,126.35838317871094,126.36646774224835,125.1773827314589,125.59801454946107,86571200
2013-04-09,126.7951431274414,127.25622229974128,126.17228633678478,126.5929180187852,101922200
2013-04-10,128.34820556640625,128.50998315335946,127.10250456974396,127.13485514999913,135711100
2013-04-11,128.76885986328125,129.1894915377702,128.24306718445985,128.3724942139704,110142500
2013-04-12,128.45333862304688,128.64746674804664,127.7415025838183,128.35626221771096,116359900
2013-04-15,125.47662353515625,127.91142158883814,125.46045441433175,127.80626058927729,217259000
2013-04-16,127.32903289794922,127.39374642022398,126.11568212669262,126.42305592894485,147507800
2013-04-17,125.46854400634766,126.44731894045522,124.79715517999699,126.4230405725642,226834800
2013-04-18,124.68392944335938,125.71123659093497,124.20668108435663,125.67887365716099,167583200
2013-04-19,125.7678451538086,125.82447411286392,124.66773998998086,124.97512612692805,149687600
2013-04-22,126.3259506225586,126.62523976549532,125.17731374814272,126.01048001861929,106553500
2013-04-23,127.6282958984375,127.74962601348108,126.32596584466405,126.95690712857022,166141300
2013-04-24,127.7092056274414,128.04894233166053,127.4341700968287,127.66875813680649,96781200
2013-04-25,128.2268829345703,128.83355817812907,127.88714627931816,128.08127445783973,131060600
2013-04-26,128.0004119873047,128.29161664378248,127.58786485730369,128.0732100657138,95918800
2013-04-29,128.85784912109375,129.1409568838029,128.14601274794293,128.34823786823878,88572800
2013-04-30,129.165283203125,129.19764614947024,128.29976570252654,128.83364323159526,116010700
2013-05-01,128.03280639648438,128.9468681699492,127.88721018983277,128.88215463048883,138874200
2013-05-02,129.22183227539062,129.33507783187142,128.23497285055512,128.35630296719887,96407600
2013-05-03,130.5322723388672,130.94481950151473,129.24612348049595,130.34622867615218,144202300
2013-05-06,130.86390686035156,131.04995049797088,130.57270222011056,130.6293311731655,66882100
2013-05-07,131.52723693847656,131.56767209249276,130.7749529939912,131.14705268511656,90359200
2013-05-08,132.125732421875,132.16617989331465,131.30874780726953,131.3815458501597,97419200
2013-05-09,131.75364685058594,132.41693848719066,131.42199486086582,132.0691173829736,106738600
2013-05-10,132.18243408203125,132.2956796586729,131.4544162240417,131.8426973521063,103203000
2013-05-13,132.28756713867188,132.5059737045717,131.7051702010068,132.01254396255547,81843200
2013-05-14,133.6546173095703,133.7516937562754,132.39273458797584,132.39273458797584,119000900
2013-05-15,134.37449645996094,134.64143500548374,133.3957341358814,133.4361816142038,120718500
2013-05-16,133.74356079101562,134.56864247991433,133.54133573393128,134.09947886633813,109913600
2013-05-17,135.03781127929688,135.11869389953395,134.05903653457247,134.2369955790678,129801000
2013-05-20,135.0297088623047,135.55550141514377,134.77086720814407,134.90837876548534,85071200
2013-05-21,135.22390747070312,135.73351878201888,134.68194556727929,135.1511093813275,95804200
2013-05-22,134.22091674804688,136.7608773538373,133.60615652425588,135.36146994819202,244031800
2013-05-23,133.83261108398438,134.2047108166442,132.61117553669,132.78913466846063,211064400
2013-05-24,133.71926879882812,133.77589772837473,132.64343022296282,133.03979570128232,151573900
2013-05-28,134.52012634277344,135.71729536623616,134.12376074061186,135.11870468308507,143679800
2013-05-29,133.646484375,134.11564794526277,132.93464829007212,133.80826193716447,160363400
2013-05-30,134.1399688720703,134.7547287970794,133.64653908264134,133.75170009537203,107793800
2013-05-31,132.21482849121094,134.52828518893193,131.95598666288876,133.7679164896826,176850100
2013-06-03,132.94273376464844,133.03171326761668,131.57569064760733,132.52210226490448,168390700
2013-06-04,132.3037567138672,133.54947032909044,131.63236785371154,133.01559306542333,157631500
2013-06-05,130.4513397216797,132.1904702280321,130.33809418651492,131.9235316788214,211737800
2013-06-06,131.63233947753906,131.64043637977858,129.62627023350834,130.39472303309554,200225500
2013-06-07,133.3068084716797,133.42813861282227,131.96403064310402,132.53835544447782,188337800
2013-06-10,133.3068084716797,133.79214137909236,132.9589748290003,133.71934329440683,105667100
2013-06-11,131.9316864013672,133.09649284091117,131.64048170577044,132.09346404495582,159505400
2013-06-12,130.83961486816406,132.97511102515813,130.71828476832735,132.8375994643971,177361500
2013-06-13,132.82955932617188,133.06413504524903,130.47565585944184,130.76686053927278,163587800
2013-06-14,131.99636840820312,133.20163451209797,131.77797417536596,132.68393872211894,141197500
2013-06-17,133.01556396484375,133.64650519556426,132.02870463621142,132.89422151718904,136295600
2013-06-18,134.06715393066406,134.26937902642737,133.0802944759119,133.0883790363199,114695600
2013-06-19,132.21482849121094,134.1885483464081,132.15821185554674,133.9539725537772,206149500
2013-06-20,128.938720703125,132.23095130369776,128.59898401131164,130.92862114699278,321255900
2013-06-21,129.35263061523438,129.91371474833818,128.05153682658357,129.81613705704186,271956800
2013-06-24,127.71813201904297,128.83218537420822,126.6366004254821,128.00275016771957,222329000
2013-06-25,128.94598388671875,130.19014853847747,128.01081925812494,128.8727882421518,162262200
2013-06-26,130.22274780273438,130.51549333083054,129.4990175260733,130.00318555462428,134848000
2013-06-27,130.98709106445312,131.58884898486178,130.8813736493165,131.00335814558505,129483700
2013-06-28,130.45040893554688,131.2473223183654,129.99502985965054,130.6211822930826,160402900
2013-07-01,131.21482849121094,132.1255868368782,130.98713890479414,131.133505463997,131954800
2013-07-02,131.09283447265625,131.97919824381168,130.5154708553923,131.01963879712295,154863700
2013-07-03,131.14976501464844,131.54822797205642,130.28779557158123,130.49921805877565,75216400
2013-07-05,132.56468200683594,132.61347084911122,131.16601062358166,132.11743027239723,122416900
2013-07-08,133.3209991455078,133.67880070822002,132.61353576988012,133.24781584626808,108092500
2013-07-09,134.28048706054688,134.44312066332333,133.58115140127447,134.15850255235316,119298000
2013-07-10,134.32933044433594,134.78470968027392,133.87395120839795,134.1504296861955,121410100
2013-07-11,136.1589813232422,136.29722055623856,134.32118496047778,135.89063019748934,135592200
2013-07-12,136.2158660888672,136.55740042242775,135.9068659250649,136.1182883958928,104212700
2013-07-15,136.7362823486328,136.93145011592222,136.3540865594505,136.58991582927712,69450600
2013-07-16,136.22396850585938,136.90703698579887,135.85803984933082,136.82571399183843,88702100
2013-07-17,136.57369995117188,137.00468474172527,136.39479919945313,136.74447336259544,92873900
2013-07-18,137.32180786132812,137.64708755548048,136.77697833279345,136.8664286976664,103620100
2013-07-19,137.56573486328125,137.6145237048447,136.8663991818578,137.03717253547876,103831700
2013-07-22,137.83409118652344,138.0292589684116,137.43562828489115,137.7609079213714,79428600
2013-07-23,137.54136657714844,138.1024631780415,137.4681833008975,138.07806875262452,80829700
2013-07-24,137.0371551513672,138.12681383521632,136.76066440400092,138.0698852551815,112914000
2013-07-25,137.37060546875,137.4925900148887,136.56556454173563,136.7932541380783,111088600
2013-07-26,137.51699829101562,137.55765981048998,136.2240438655454,136.79326791372534,107814600
2013-07-29,137.09410095214844,137.47629678937693,136.7037777766502,137.16728422102622,79695000
2013-07-30,137.09410095214844,137.65519749651153,136.76883370725827,137.50883095875596,85209600
2013-07-31,137.19166564941406,138.11869077466605,137.0127649754051,137.37869366018788,142388700
2013-08-01,138.77740478515625,138.89937691243293,138.15937958521755,138.23257526973487,110438400
2013-08-02,139.01321411132812,139.02948119679402,138.2813565713204,138.46838462565114,91116700
2013-08-05,138.8099365234375,139.02137143677743,138.5253307366254,138.7042314749197,54072700
2013-08-06,138.02113342285156,138.84245373233588,137.71213324659027,138.5415684866161,87495000
2013-08-07,137.5738525390625,137.7771476367321,137.06155733047578,137.58199228418405,84854700
2013-08-08,138.07806396484375,138.3870641454615,137.37058842782886,138.22443051227043,102181300
2013-08-09,137.67959594726562,138.32201552572016,137.1998224041644,137.8991581684723,91757700
2013-08-12,137.51699829101562,137.67963196075937,136.9233798127818,136.98843576231002,68593300
2013-08-13,137.9235382080078,138.159355081636,136.94772413840823,137.76090459776606,80806000
2013-08-14,137.21604919433594,138.07801833272006,137.18351503355913,137.85845617599026,79829200
2013-08-15,135.2969970703125,136.15082680453577,135.06116773925618,136.13457212581937,152931800
2013-08-16,134.84979248046875,135.5003396934103,134.5814412898245,135.03682061643678,130868200
2013-08-19,133.98773193359375,135.15871364203514,133.97959218874635,134.6951948790489,96437600
2013-08-20,134.6464385986328,135.1506065751679,134.0609476028466,134.20731414771785,89294400
2013-08-21,133.81703186035156,135.01240864148906,133.51615893181847,134.2724111278031,159530500
2013-08-22,135.03677368164062,135.23194150013532,134.08535383176346,134.09348117114382,101471400
2013-08-23,135.49217224121094,135.66294565785333,134.80097605040476,135.43525604109914,90888900
2013-08-26,134.98800659179688,136.04514406480916,134.8985562115846,135.63041393466418,89702100
2013-08-27,132.81675720214844,134.98794739721012,132.719179524035,133.6543320276841,158619400
2013-08-28,133.2884063720703,133.7600525073088,132.58907071059923,132.7598316511994,108113000
2013-08-29,133.49990844726562,134.20737186804595,132.87375567255614,132.99574025389632,119200500
2013-08-30,133.07699584960938,133.79259872468037,132.6866726487301,133.77633163893307,134928900
2013-09-03,133.6787567138672,134.64644360141682,133.11766012137866,134.3618254316136,142375100
2013-09-04,134.78465270996094,135.01234223169092,133.4673044187878,133.7112486148211,97389400
2013-09-05,134.95547485351562,135.31326393978588,134.76843435806086,134.86602447990984,63090500
2013-09-06,135.02049255371094,135.7848842531351,133.75193288579442,135.402688403423,159756500
2013-09-09,136.3135223388672,136.39483298642008,135.35396239575593,135.35396239575593,87559300
2013-09-10,137.32180786132812,137.3462022873706,136.8257671848784,137.13477979228526,105847200
2013-09-11,137.7527618408203,137.7527618408203,136.89893230367773,137.13474917215117,94545900
2013-09-12,137.38682556152344,137.88286609991104,137.19979754453576,137.70396541995825,83209000
2013-09-13,137.69583129882812,137.80154871581388,137.21605786629624,137.53319770910602,72727800
2013-09-16,138.49276733398438,139.24903164229013,138.27320512729565,139.18397571408053,106299200
2013-09-17,139.11082458496094,139.14334635250404,138.61478387489942,138.61478387489942,82523300
2013-09-18,140.7209014892578,141.1030973535284,138.71234446916372,139.06200616175335,203460600
2013-09-19,140.48507690429688,141.16815804294197,140.34683769037443,141.10310210554,146616900
2013-09-20,139.50286865234375,140.81847140580032,139.38846895502718,140.81847140580032,132867100
2013-09-23,138.85728454589844,139.4456292683473,138.41603223837623,139.31489569451446,104616500
2013-09-24,138.5304718017578,139.34761609951778,138.2689921101635,138.83281120196662,106333100
2013-09-25,138.1300811767578,138.8981988926525,138.00751450661878,138.6203727945815,117306500
2013-09-26,138.6612091064453,139.0534348533303,138.13823728772144,138.3588697253706,77146900
2013-09-27,138.02386474609375,138.2118044684416,137.6643192121176,137.96665865267295,99141800
2013-09-30,137.28842163085938,137.72150715109603,136.58567697127344,136.85533611062272,143937000
2013-10-01,138.3751983642578,138.50594443111856,137.25571477976177,137.39462780006463,127160000
2013-10-02,138.2444610595703,138.37520713471795,137.14132378067094,137.56624229058482,113350000
2013-10-03,136.96974182128906,138.048378425914,136.33237017987764,137.92579928340618,176698000
2013-10-04,138.00747680664062,138.14638981772876,136.89616024930507,137.0759329621557,96878000
2013-10-07,136.81451416015625,137.6480051419558,136.66743411735243,136.80634720287952,96295000
2013-10-08,135.22103881835938,136.96972716746575,135.12298548975076,136.7899544192614,178015000
2013-10-09,135.3191375732422,135.809416804328,134.44478695142018,135.48256398360414,168973000
2013-10-10,138.23631286621094,138.30985286772489,136.65105077864132,136.70007744631732,195955000
2013-10-11,139.1270294189453,139.17606856659546,137.90949199465325,138.02389173523042,105040000
2013-10-14,139.68267822265625,139.79707795014153,138.1627890039888,138.26902177545196,112106000
2013-10-15,138.66937255859375,139.85422919171404,138.4814328779659,139.331257386196,155485000
2013-10-16,140.60597229003906,140.67951225664004,139.43744990110307,139.5028229165132,161676000
2013-10-17,141.54571533203125,141.62743473718038,140.00948028936804,140.03399361718667,129389000
2013-10-18,142.50180053710938,142.59985386766002,141.78270953004977,142.0687150356666,138316000
2013-10-21,142.50997924804688,142.79598477725756,142.19129342883443,142.5508389620247,104104000
2013-10-22,143.3352508544922,143.76015681287646,142.53444065192195,142.92667880084068,126663000
2013-10-23,142.6488494873047,142.91032911188782,142.15039109466915,142.84495608858472,105484000
2013-10-24,143.122802734375,143.3025754572369,142.5998309411307,142.93486305815796,70350000
2013-10-25,143.77650451660156,143.8173642160707,143.13913310449797,143.41695911108064,93625000
2013-10-28,144.0052947998047,144.2014138637244,143.5722094436989,143.7274688107234,84979000
2013-10-29,144.77342224121094,144.83062831455206,144.1278838726212,144.33216990261704,87401000
2013-10-30,144.05430603027344,145.05122267839664,143.5395138041051,144.94500244019267,140002000
2013-10-31,143.6457977294922,144.5446614889874,143.4333446902629,143.9399701899967,133795000
2013-11-01,143.9889678955078,144.3158205493007,143.1799907447206,143.83370852093586,142805000
2013-11-04,144.49557495117188,144.55276854745958,143.80099756403345,144.3811752899685,85677000
2013-11-05,144.0380096435547,144.4302353629418,143.46601120515038,143.93177690905432,85825000
2013-11-06,144.77342224121094,145.043081297041,144.2586174556599,144.65902256315846,87348000
2013-11-07,142.94308471679688,145.15755184937933,142.8041716448099,145.0431521154703,157000000
2013-11-08,144.87149047851562,144.88783685381657,142.87766909388887,142.89400300055877,136713000
2013-11-11,144.8960418701172,145.0676352008784,144.56100969473906,144.73260302550028,62614000
2013-11-12,144.60186767578125,144.92872042383792,144.11974303974299,144.5855212977885,83990000
2013-11-13,145.76219177246094,145.80303900906563,143.89092450287674,143.89092450287674,103844000
2013-11-14,146.48947143554688,146.61203810086116,145.6559807055098,145.89294708132851,103435000
2013-11-15,147.1268768310547,147.18407046512903,146.53853176512237,146.72647151798972,102818000
2013-11-18,146.6119842529297,147.4945013249599,146.28513161971645,147.37193470466212,104796000
2013-11-19,146.29335021972656,146.97974847298138,146.04003746926108,146.53849601549845,93891000
2013-11-20,145.83575439453125,147.02877817334317,145.4353491708843,146.58752570675202,124909000
2013-11-21,147.01243591308594,147.12683561782507,146.15443189322608,146.24431826613773,92841000
2013-11-22,147.74781799316406,147.7641643658567,146.89799364258374,147.06958691565455,81296000
2013-11-25,147.6007537841797,148.04200614490077,147.38828832240662,148.00932586465973,79486000
2013-11-26,147.6416473388672,148.08291230666248,147.42102732360385,147.67434009799575,86994000
2013-11-27,148.00115966796875,148.09922545471542,147.61710088050899,147.79687360947446,58800000
2013-11-29,147.90310668945312,148.51596486634313,147.73968033600877,148.16459882986933,55870900
2013-12-02,147.5190887451172,148.25451377355168,147.29028929322047,147.97668764891066,99726000
2013-12-03,146.88168334960938,147.40465518657342,146.40773817413697,147.03694275675423,116563000
2013-12-04,146.8653106689453,147.4781687650902,145.73766025070705,146.35051834685194,123033000
2013-12-05,146.2198028564453,146.87352078936468,146.08088982185274,146.6038616744617,106934000
2013-12-06,147.85406494140625,147.9929779510891,147.20851407852854,147.6334325290251,127728000
2013-12-09,148.22994995117188,148.45058237201047,148.03384332698712,148.28715602897958,70124000
2013-12-10,147.69883728027344,148.19729581907944,147.60895090545162,147.88677698448893,80976000
2013-12-11,146.0400390625,147.78056051597244,145.8602663082149,147.75604718299113,130591000
2013-12-12,145.55792236328125,146.15443422833488,145.2555704848572,145.97466147963934,115565000
2013-12-13,145.5415496826172,145.99098147313254,145.2637236552552,145.86023541250432,107808000
2013-12-16,146.4486083984375,146.93072056256952,146.187116226861,146.22797593724897,96195000
2013-12-17,145.98284912109375,146.60388687500534,145.65599633276582,146.57937353931248,89886000
2013-12-18,148.47512817382812,148.49964150721266,144.8960443447174,146.20346784354882,234906000
2013-12-19,148.30352783203125,148.47512115761435,147.66615625688542,148.05020261797284,136531200
2013-12-20,149.16622924804688,149.5195155611616,148.3528721636679,148.4514578620581,197087000
2013-12-23,149.96304321289062,150.05341754255653,149.58512331524767,149.89731528801363,85598000
2013-12-24,150.291748046875,150.35747600575309,149.96312078881095,149.97133208254834,45368800
2013-12-26,151.05580139160156,151.13796446165733,150.61215340774376,150.6285759926954,63365000
2013-12-27,151.04763793945312,151.31874857659062,150.89153557870048,151.25303314332166,61814000
2013-12-30,151.02296447753906,151.1872781039482,150.82578060405243,151.06403348189676,56857000
2013-12-31,151.7377471923828,151.7377471923828,151.11333781366326,151.2283711508607,86119900
2014-01-02,150.28350830078125,151.22833342740785,149.92201086355536,151.15438165246695,119636900
2014-01-03,150.25889587402344,150.84222369536337,150.04528940204108,150.53823030730655,81390600
2014-01-06,149.82345581054688,150.8093501357608,149.59341421920786,150.7518460060893,108028200
2014-01-07,150.74363708496094,150.99832511939533,150.30820027712255,150.423221084168,86144200
2014-01-08,150.77642822265625,151.03111612345378,150.2588285943766,150.7189115811491,96582300
2014-01-09,150.8750457763672,151.27762474313647,150.1849211501831,151.261189622611,90683400
2014-01-10,151.28582763671875,151.351555578848,150.3574376915875,151.1297253412022,102026400
2014-01-13,149.2730255126953,151.31875379046386,148.98546720283983,150.89975207321302,149892000
2014-01-14,150.8997039794922,150.9818670522155,149.4865843756594,149.76591876479907,105016100
2014-01-15,151.7130889892578,151.9431305731304,150.93258986280964,151.25300582151263,98525800
2014-01-16,151.5159149169922,151.71309880292057,151.03118530078603,151.4008941176157,72290600
2014-01-17,150.8750457763672,151.540523989925,150.6121465295787,151.2529783305102,107848700
2014-01-21,151.31869506835938,151.80343710568766,150.39031759986307,151.7459204515055,88621200
2014-01-22,151.4173126220703,151.63914290235,151.09689667781106,151.5734149475884,61270900
2014-01-23,150.17674255371094,150.677907321932,149.37982074489477,150.65326090188242,132496900
2014-01-24,146.9725341796875,149.2483156599333,146.92324135582254,149.19902283606834,208677100
2014-01-27,146.24957275390625,147.49016760751937,145.5183664480585,147.11223497765,180843100
2014-01-28,147.12046813964844,147.3094281984058,146.3399564128367,146.35639153769776,110463200
2014-01-29,145.7073516845703,146.69324608175393,145.32120772742155,145.89631174775138,216597300
2014-01-30,147.2518768310547,147.72839504912173,146.45494270349892,146.9232496292339,118938100
2014-01-31,146.38925170898438,147.30120684101513,145.35406447924433,145.42800373786991,194677900
2014-02-03,143.09471130371094,146.54534779164507,142.81537686996083,146.21672052091867,254837100
2014-02-04,144.0970001220703,144.46670883141198,143.04537810885148,143.73550270446572,165012400
2014-02-05,143.91624450683594,144.236660377732,142.71674408197288,143.5958286359399,164230500
2014-02-06,145.8141326904297,145.8141326904297,143.95736490345433,144.25313444385384,132877600
2014-02-07,147.62161254882812,147.77771488593817,146.01953270856328,146.4960510137263,170787200
2014-02-10,147.89271545410156,147.94202081933483,147.23546102022183,147.63802748052447,92218800
2014-02-11,149.51124572753906,149.8891783489701,147.91737723353503,148.0159754379187,117814100
2014-02-12,149.5851593017578,150.20955593382405,149.28938983681638,149.7330377660671,94717700
2014-02-13,150.35745239257812,150.51355470335736,148.5664128056516,148.57462409809943,100542200
2014-02-14,151.18727111816406,151.46660552378523,150.07813225258076,150.21779945539134,96498400
2014-02-18,151.36802673339844,151.57342190032787,150.8832846118371,151.31872136282144,80460900
2014-02-19,150.36572265625,151.95136759472948,150.2424780135269,150.97368442956918,126524300
2014-02-20,151.25296020507812,151.59802247681958,150.02058957614915,150.5710469527121,104998100
2014-02-21,151.0804901123047,151.90207089763157,151.00655085034398,151.54057334627527,118116400
2014-02-24,151.91845703125,152.93720885326766,151.33512934580128,151.40085729179015,114063900
2014-02-25,151.86094665527344,152.47713207102757,151.35978201567377,152.04169538013394,117085000
2014-02-26,151.86920166015625,152.4853872024025,151.4419761740273,152.08280813505726,98677200
2014-02-27,152.6661834716797,152.7072524915479,151.4748810235608,151.6474185450646,93880800
2014-02-28,153.05226135253906,153.75882124798497,152.03350931933318,152.64147100719438,150842000
2014-03-03,151.97596740722656,152.36211127061028,150.96542683572153,151.704844319979,167748500
2014-03-04,154.11212158203125,154.44074887388186,153.43020804193003,153.46306575658403,167545900
2014-03-05,154.2517547607422,154.51466656525366,154.00527807809388,154.243543467973,88376900
2014-03-06,154.60499572753906,154.95828182316345,154.27636857766157,154.62965467328596,82516500
2014-03-07,154.67074584960938,155.24586224886872,153.98883250629888,155.24586224886872,114513500
2014-03-10,154.588623046875,154.64612717532097,153.7013144121948,154.43252071258038,74939200
2014-03-11,153.8245086669922,155.04045679490312,153.4712350805381,154.81862655670918,99009100
2014-03-12,153.8656005859375,153.92311724044703,152.73181544342637,153.0768902978355,104824400
2014-03-13,152.1403045654297,154.44895681069622,151.71309163725323,154.32571218668943,155014300
2014-03-14,151.7130889892578,152.64969044826083,151.53234023959703,151.86919132181265,153919600
2014-03-17,153.08511352539062,153.44661099242333,152.41141142113423,152.4771393729879,98359500
2014-03-18,154.17782592773438,154.3832210877565,153.23300066983714,153.3973268269154,101804600
2014-03-19,153.35623168945312,154.40785381261242,152.3785488086274,154.1942348418827,176267300
2014-03-20,154.2517547607422,154.36677554113476,152.74826078654482,153.01938388382547,117241000
2014-03-21,153.65350341796875,155.9805926345759,153.51321977317178,154.8995737428148,163128000
2014-03-24,153.01803588867188,154.37138664229747,152.3496206355507,154.1815800805171,121411000
2014-03-25,153.74424743652344,154.26413165024567,152.88603806928194,153.79375782037238,103852000
2014-03-26,152.63845825195312,154.59419376779235,152.59719540566542,154.346629281719,119843000
2014-03-27,152.31666564941406,152.94381825557275,151.75551850356183,152.45694928796314,142383000
2014-03-28,153.06756591796875,153.83500195758126,152.66321017963318,152.75398340286554,101642000
2014-03-31,154.32186889648438,154.56118584190386,153.09231922341672,154.04130169781882,99745000
2014-04-01,155.34512329101562,155.43589650948653,154.3136151682333,154.82523916780474,89193000
2014-04-02,155.86500549316406,156.0713071151778,155.2543481590087,155.54317546648866,78774000
2014-04-03,155.65870666503906,156.14557547973382,155.18008538237825,156.10431263626012,77435000
2014-04-04,153.81851196289062,156.5416963808916,153.57096004533472,156.5086936557688,169381000
2014-04-07,152.11862182617188,153.70301740592106,151.80505179762127,153.44720530697577,140803000
2014-04-08,152.74574279785156,152.99329469821006,151.49967280499908,152.05255970188833,112660000
2014-04-09,154.38790893554688,154.43741931982095,152.71274044545115,153.15835908722633,100254000
2014-04-10,151.14480590820312,154.45387900992014,150.95499937189484,154.37961345657357,172959000
2014-04-11,149.78321838378906,151.35936572715084,149.61817961192395,150.30310247723276,167251000
2014-04-14,150.96327209472656,151.31810482921006,149.7254624023679,150.95501197145398,132382000
2014-04-15,152.00303649902344,152.11031737456412,149.78322897427938,151.2768633331423,157093000
2014-04-16,153.595703125,153.60395065771684,152.37438833364803,153.05106376601762,105197000
2014-04-17,153.8102569580078,154.23936791368348,153.1253339721814,153.38940612695208,105255000
2014-04-21,154.3466796875,154.3962026742099,153.66176910039133,153.85156314531335,68329000
2014-04-22,155.04806518554688,155.46891601207855,154.4209127121883,154.50342581592713,85790000
2014-04-23,154.68495178222656,155.07279983421734,154.56117584718763,154.99028674140857,73869000
2014-04-24,154.99859619140625,155.46070998902374,154.25590250952965,155.44420232720694,88170000
2014-04-25,153.72776794433594,154.58599006047672,153.38118260223706,154.4952168095706,100380000
2014-04-28,154.21461486816406,154.8830302057012,152.63021969246213,154.35489848046723,135121000
2014-04-29,154.93258666992188,155.17189111699227,154.37969958934232,154.70977729392027,84098000
2014-04-30,155.3946533203125,155.55144458947044,154.46216583004917,154.67672760538252,101508000
2014-05-01,155.4111785888672,155.83202947088608,154.91604953454092,155.3204053486292,93019000
2014-05-02,155.18836975097656,156.0795944966178,154.9573128826609,155.39467142566235,98122000
2014-05-05,155.48545837402344,155.5927392836477,154.00008366700186,154.42919471384278,75883000
2014-05-06,154.132080078125,155.24611396940315,154.0990773560932,155.13883308740742,85454000
2014-05-07,155.03982543945312,155.11409101404396,153.49668048136027,154.6519773166069,106500000
2014-05-08,154.87477111816406,156.00531274054904,154.37965470524654,154.8995389008809,93618000
2014-05-09,155.1058807373047,155.17188620280407,154.17339299350022,154.8995790305626,83679000
2014-05-12,156.61598205566406,156.69026023211742,155.1388675275125,155.79903543957772,86940000
2014-05-13,156.7562713623047,157.1358593956173,156.59948007354967,156.82227681810727,66454000
2014-05-14,156.01353454589844,156.69020990111335,155.79072527141895,156.61593174851913,72367000
2014-05-15,154.64376831054688,155.73304746456577,153.88457947213584,155.70003213717598,154956000
2014-05-16,155.18016052246094,155.24617858565523,154.08263383121474,154.734541743814,97458000
2014-05-19,155.7494659423828,155.87324187007243,154.74271309167122,154.88299667360306,63839000
2014-05-20,154.76748657226562,155.69171385266978,154.37139096518558,155.67520619647618,111644000
2014-05-21,156.07135009765625,156.14561568003774,155.1883728682702,155.21312806239735,89093000
2014-05-22,156.4508819580078,156.77271195775546,155.84848479779308,156.11254430421775,61549000
2014-05-23,157.07810974121094,157.18537805627716,156.45094455318193,156.59122818954216,61092800
2014-05-27,158.04360961914062,158.09312001239962,157.57323569986733,157.66400895139427,72010000
2014-05-28,157.92807006835938,158.29116304894117,157.66399786733425,158.04359850839398,66723000
2014-05-29,158.7449951171875,158.7697503087136,157.88678576375642,158.29114154477278,64377000
2014-05-30,159.00086975097656,159.09990314772122,158.46449026788335,158.59652640243698,76316000
2014-06-02,159.182373046875,159.25665122217083,158.41493683261305,159.22363590167149,64656000
2014-06-03,159.09982299804688,159.18233609683116,158.64595688394954,158.79448801675278,65047000
2014-06-04,159.4216766357422,159.5124498719945,158.66248801965654,158.82752683330048,55529000
2014-06-05,160.46141052246094,160.62644931350638,159.01729906542116,159.60320125403302,92103000
2014-06-06,161.2288360595703,161.2700863076823,160.73370716571813,160.80797272230072,78696000
2014-06-09,161.39395141601562,161.78179962886693,161.0556135977144,161.20415737302142,65119000
2014-06-10,161.4104461669922,161.44344889683344,160.84929902644453,161.19588435222877,57129000
2014-06-11,160.8493194580078,161.0143583114894,160.4862264253539,160.83281179516243,68772000
2014-06-12,159.71044921875,160.75021739416,159.3556164927394,160.6594441818885,106350000
2014-06-13,160.19735717773438,160.3541484423767,159.5124342063065,160.02405825585254,82017000
2014-06-16,160.32937622070312,160.6677139306509,159.80950465276067,159.99929863497292,87424000
2014-06-17,160.77503967285156,160.89056811925798,159.93332522522974,160.10662419066753,84834000
2014-06-18,161.95506286621094,162.0458361071334,160.42017789621167,160.775023325874,105267000
2014-06-19,162.13662719726562,162.2356605747729,161.57549262190201,162.09536433927562,85929000
2014-06-20,162.46578979492188,162.59845857623645,162.26678662294998,162.54041123991456,100587000
2014-06-23,162.416015625,162.55697143761682,162.1175172418146,162.5072238157508,70611000
2014-06-24,161.43760681152344,162.93009879654625,161.25519042157677,162.1258118005059,96237000
2014-06-25,162.16725158691406,162.33308119688726,161.06446633520918,161.09762719640852,82782000
2014-06-26,162.0511932373047,162.2087358179599,160.9649945837219,162.19214905894617,84312000
2014-06-27,162.36627197265625,162.41601959573848,161.59514585891262,161.66976729353598,71445100
2014-06-30,162.28335571289062,162.65647554921716,162.12581313373298,162.26676895403455,70201200
2014-07-01,163.36956787109375,163.8670694620122,162.62332813670704,162.68136281951928,90470000
2014-07-02,163.53536987304688,163.74266005889032,163.31150558176796,163.38612701219427,52475000
2014-07-03,164.33970642089844,164.41432787385315,163.8753782887454,163.99974737700327,52938800
2014-07-07,163.76759338378906,164.1573000869571,163.5271422477035,164.02464393532028,61696000
2014-07-08,162.7145233154297,163.52709737369545,162.31651701375708,163.4690500435386,108143000
2014-07-09,163.44419860839844,163.5934541549578,162.7725802788606,163.12082635151015,72992000
2014-07-10,162.79739379882812,163.22856086565037,161.7360692127942,161.86873794904523,99040000
2014-07-11,163.0212860107422,163.13736800286037,162.33308111033142,162.69791384327095,64243000
2014-07-14,163.8422088623047,164.0577861546948,163.70954007376062,163.85049591709168,58658000
2014-07-15,163.53536987304688,164.25674832313447,162.81400407494817,163.94166319201602,111307000
2014-07-16,164.1407012939453,164.3894394483579,163.69294731201947,164.2650703711516,79986400
2014-07-17,162.27503967285156,164.256733160504,162.0428630463095,163.63486266037893,145398000
2014-07-18,163.93341064453125,164.09924029771258,162.71454308306156,162.80575129011,124330000
2014-07-21,163.62664794921875,163.75931676130148,162.87210831399184,163.41935767483736,67592000
2014-07-22,164.33970642089844,164.63820488471006,164.0660817747384,164.18216380777665,67678000
2014-07-23,164.70449829101562,164.8786276232323,164.25675703272776,164.5884162868677,65612000
2014-07-24,164.71279907226562,165.05275805988634,164.54696943137446,164.86205460546108,56888000
2014-07-25,163.94166564941406,164.38940689067218,163.61829346073068,164.24845108042447,76837000
2014-07-28,164.00799560546875,164.24844665129226,163.0295793609716,163.97482209101733,69259000
2014-07-29,163.30322265625,164.54696389910336,163.27834884355215,164.3147998792633,80466000
2014-07-30,163.32809448242188,164.0992206226468,162.6481891902998,163.88363071256737,104222000
2014-07-31,160.10269165039062,162.3331367256581,160.0031963807703,162.19218087636514,183479000
2014-08-01,159.61349487304688,160.6582331938621,158.84238120453892,159.66324250946766,189261000
2014-08-04,160.7660675048828,161.10602663958505,159.2404139054334,159.92031952284182,91340000
2014-08-05,159.20718383789062,160.52555931739175,158.62677372376612,160.11097885701832,152690000
2014-08-06,159.2569122314453,159.93681747127894,158.43603852955945,158.46091234004183,94818000
2014-08-07,158.39459228515625,160.1358350883193,157.9965986294582,159.97829250635814,135733000
2014-08-08,160.22706604003906,160.33484835985308,158.32828038526205,158.75116056573665,117014000
2014-08-11,160.69139099121094,161.40446989809712,160.61676954388363,160.83234683127088,74544000
2014-08-12,160.467529296875,160.98160507457737,159.97832733732,160.53386369593224,73632000
2014-08-13,161.5537109375,161.736127352422,160.82405792980367,161.09766990019506,69047000
2014-08-14,162.31654357910156,162.31654357910156,161.66979904802238,161.81905459857484,57371000
2014-08-15,162.28335571289062,163.05446919783284,161.11423592734275,162.9052263240982,139951000
2014-08-18,163.64320373535156,163.71782518352407,163.08766742341422,163.17887563295568,75424000
2014-08-19,164.4972381591797,164.6216072392156,163.70953779763795,164.04119711239494,59135000
2014-08-20,164.93670654296875,165.13570974002832,164.24021433124972,164.27337520476317,72763000
2014-08-21,165.41758728027344,165.6331645435663,164.94495952937444,165.07762830001175,67791000
2014-08-22,165.16053771972656,165.57511810954384,164.7874178992889,165.28490677587598,76107000
2014-08-25,165.9979705810547,166.3213427498676,165.127349310562,165.94822296308166,63855000
2014-08-26,166.10577392578125,166.51206724643194,166.0643133580432,166.10577392578125,47298000
2014-08-27,166.03952026367188,166.30485790459144,165.78248233152797,166.18876319769282,47874000
2014-08-28,165.94825744628906,166.0560524089554,165.32638678842818,165.49221643345956,58330000
2014-08-29,166.42092895507812,166.43750306754333,165.68297608656025,166.2053389730879,65907000
2014-09-02,166.3379364013672,166.66130858358414,165.71606584695084,166.6364347735666,72426000
2014-09-03,166.2467498779297,167.00128928542443,166.01458585285292,166.97641547216554,57462000
2014-09-04,166.0063018798828,167.14224821308895,165.55026087502208,166.52866462000446,85236000
2014-09-05,166.75254821777344,166.81888260765942,165.34297722567214,165.97313495160216,102177000
2014-09-08,166.32135009765625,166.8354383607283,165.83214829665843,166.5949746605844,64146000
2014-09-09,165.26834106445312,166.28820533265016,164.92838209105741,166.1721233236846,88591000
2014-09-10,165.89024353027344,165.99802585444115,164.81233172464871,165.35956835655696,67251000
2014-09-11,166.08091735839844,166.10579117122592,165.10250099655252,165.22688271268026,66774400
2014-09-12,165.1107940673828,165.9316551616855,164.63816633867177,165.9150810551267,117409300
2014-09-15,164.9864501953125,165.2683745473375,164.48896119266587,165.13570575250134,76401000
2014-09-16,166.230224609375,166.52872313089122,164.58848906703324,164.67969730005197,116201000
2014-09-17,166.45404052734375,167.225154044378,165.62487967789247,166.4706272868901,151266000
2014-09-18,167.34127807617188,167.3661518938613,166.74428114763987,166.95985845161258,94990000
2014-09-19,167.1904754638672,168.19011703527957,166.84892734103553,167.87357170953052,121649000
2014-09-22,165.89920043945312,166.9238444033874,165.54932666315625,166.89885432730384,125553000
2014-09-23,164.94961547851562,165.99091149926284,164.89963530330104,165.29948941615072,111393000
2014-09-24,166.2407684326172,166.3490672494299,164.5413794987978,164.97454934379115,107276000
2014-09-25,163.55833435058594,165.8158681820332,163.50002842284346,165.8075296844097,150300000
2014-09-26,164.85797119140625,165.26616378345818,163.62508033471596,163.85832961270785,103547000
2014-09-29,164.55807495117188,164.84964289980627,163.31685832163782,163.44180875040564,95112000
2014-09-30,164.12484741210938,165.1911330672922,163.78329941179032,164.6829803166873,131302000
2014-10-01,161.90077209472656,163.91672043388633,161.53423372194518,163.85840173315387,177798000
2014-10-02,161.92568969726562,162.49214859349496,160.23462608904921,161.75907217613258,157285000
2014-10-03,163.7083740234375,164.05824790821276,162.50879915499021,163.00861354275582,121569000
2014-10-06,163.5167694091797,164.6080581712655,162.92532046622077,164.39146049260614,104778000
2014-10-07,160.99269104003906,163.0419672073735,160.95937516018256,162.67542897328659,147913000
2014-10-08,163.80831909179688,164.04156832657483,160.24292340461366,161.0842858078392,186461000
2014-10-09,160.5594940185547,163.77501610657984,160.42620509929964,163.5500926442283,210705000
2014-10-10,158.726806640625,161.3175512765304,158.68516497468337,160.51784316570865,221909000
2014-10-13,156.11940002441406,159.23494892830558,156.0277654854096,158.6601643230561,230939000
2014-10-14,156.3610076904297,158.12705438244572,155.8112003416568,156.96079521433958,215847000
2014-10-15,155.3030242919922,156.3526586583858,151.54603338940723,154.24507684582213,380715000
2014-10-16,155.1697540283203,156.2610301022037,152.35408583563924,152.4957005532828,270391000
2014-10-17,157.00245666503906,158.0687428197387,156.2943702557014,156.9608022801721,214625000
2014-10-20,158.52688598632812,158.65183640642957,156.66921771107624,156.71919787911682,130011000
2014-10-21,161.6674346923828,161.77572081728303,159.5098600293428,159.6764648232232,154949000
2014-10-22,160.51785278320312,162.36719537808796,160.45120831811974,161.9506770046658,151822000
2014-10-23,162.3838653564453,163.4418257039041,161.82573219816814,162.1256259694504,154944000
2014-10-24,163.63343811035156,163.6834310035206,162.01735714299323,162.65046063398512,117927000
2014-10-27,163.4084930419922,163.650068108237,162.467157440528,163.05028062726737,82954000
2014-10-28,165.28285217285156,165.29117796573203,163.88334358974765,163.95832657020858,106736000
2014-10-29,165.03294372558594,165.8743064336586,163.94166740080678,165.39948200193746,142557000
2014-10-30,166.09085083007812,166.56567510931944,164.44142911617342,164.5913823224968,113330000
2014-10-31,167.99020385742188,168.12349279587062,167.24880161510845,168.09016420569202,146903000
2014-11-03,168.081787109375,168.6482458581802,167.69858470608466,168.20673750657352,93600000
2014-11-04,167.4987030029297,167.94021145715786,166.65732776246585,167.63197922054306,93343000
2014-11-05,168.55665588378906,168.7649150749209,167.815253671805,168.72326069446808,91709000
2014-11-06,169.23141479492188,169.32304934809636,167.9735338478291,168.59831142552798,107089000
2014-11-07,169.3897247314453,169.6063224663716,168.78161133727815,169.2481099799891,89540000
2014-11-10,169.92279052734375,169.97277068615648,169.21471709228226,169.42297622808778,66319000
2014-11-11,170.08938598632812,170.19768479858203,169.6478776594704,169.98942567417262,54499400
2014-11-12,169.90615844726562,170.13940768924567,169.36467700535238,169.3980055891383,90120300
2014-11-13,170.0977325439453,170.63087541924327,169.28136029670475,170.07274246472267,85357900
2014-11-14,170.13946533203125,170.34772456229467,169.70628257396558,170.0228406715291,80417500
2014-11-17,170.2477264404297,170.42266976101163,169.6479389286242,169.814556457229,80441000
2014-11-18,171.23068237304688,171.538901859547,170.30601120241624,170.30601120241624,76068100
2014-11-19,170.95582580566406,171.2307294954105,170.1894334180985,171.03079607255842,82373000
2014-11-20,171.25572204589844,171.36402090705832,170.08946279586567,170.1561072711076,72840300
2014-11-21,172.17201232910156,173.13833791402547,171.58888920410635,172.97173312275982,142327300
2014-11-24,172.65516662597656,172.76346545497918,172.36361143339047,172.5801963802656,65880800
2014-11-25,172.53025817871094,173.09671712113976,172.2720187954782,172.88845791387035,79108300
2014-11-26,172.97171020507812,173.07167052436722,172.46355739680993,172.68014232564607,62167800
2014-11-28,172.605224609375,173.1633577471258,172.36364952720612,172.84681240267687,57890100
2014-12-01,171.40565490722656,172.0554226228248,171.08910955291802,171.93879797415676,103968400
2014-12-02,172.51353454589844,172.72179368153581,171.42225870893927,171.44724878832542,74507200
2014-12-03,173.1800079345703,173.3965929116687,172.52191450072354,172.68851930704014,68952000
2014-12-04,172.9884490966797,173.49660212408907,172.18872806409942,172.88847602314803,91316600
2014-12-05,173.2716522216797,173.66318052964814,172.89678820861894,173.16335337147868,91025500
2014-12-08,172.11373901367188,173.37162004408614,171.5472673625799,172.87180557549894,108588200
2014-12-09,171.9970703125,172.10536913963165,169.8644986193628,170.2476883426856,125180100
2014-12-10,169.2397003173828,171.58885666434014,169.04809276818912,171.53055071846305,159856400
2014-12-11,170.0977325439453,171.76380561814253,169.69787856525406,169.83949325122535,159012800
2014-12-12,167.34878540039062,169.78959017192528,167.315469516679,168.8066000021153,202330200
2014-12-15,166.19912719726562,168.7149012839509,165.59101403945303,168.25672861253193,189965800
2014-12-16,164.8662872314453,168.6066136725012,164.82463285652233,165.42442026424777,259543800
2014-12-17,168.0984344482422,168.556607078295,165.18280661661532,165.30776972179078,253910100
2014-12-18,172.2552947998047,177.41179301844525,169.87280978591534,170.55590585035657,257633900
2014-12-19,172.98826599121094,173.66674783422593,172.22601559271553,172.91286917876377,245084600
2014-12-22,173.7840118408203,173.7840118408203,172.93800568907588,173.18091404389608,148318900
2014-12-23,174.0185546875,174.4206156394255,173.72537752135997,174.37035961809573,122167900
2014-12-24,174.0352783203125,174.51272321470321,173.99339404996266,174.2446868907769,42963400
2014-12-26,174.59649658203125,174.93992971459525,174.43734401907304,174.48760003236825,57326700
2014-12-29,174.83106994628906,175.04047856659832,174.34524041341706,174.41225270567057,79643900
2014-12-30,173.89292907714844,174.537898446166,173.8175322576043,174.40388663858505,73540800
2014-12-31,172.16737365722656,174.3871125466596,172.04173360630773,174.21958821833883,130333800
2015-01-02,172.07525634765625,173.28983664813808,171.02821317916408,172.87101938074122,121465900
2015-01-05,168.96762084960938,171.18734701084932,168.65770019573856,171.0198226785215,169632600
2015-01-06,167.37611389160156,169.8052485673668,166.57197923447376,169.27753479921145,209151400
2015-01-07,169.46185302734375,169.80528627912327,168.26404169039668,168.7163587483507,125346700
2015-01-08,172.4689178466797,172.6867109707021,170.869045856465,170.88578934193856,147217800
2015-01-09,171.0868377685547,172.90450300570723,170.4669836693782,172.88774673781396,158567300
2015-01-12,169.7466278076172,171.38002532203473,169.13515819599203,171.2208727206268,144396100
2015-01-13,169.2691192626953,172.11707040650813,167.95402744461097,170.9778873927263,214553300
2015-01-14,168.2472686767578,168.4483055610034,166.32909126707347,167.23372529295776,192991100
2015-01-15,166.7060089111328,169.21052769294099,166.58874060142895,168.89223529876602,176613900
2015-01-16,168.89224243164062,169.05139502609322,166.31232672791032,166.49660733398304,211879600
2015-01-20,169.2523956298828,169.80523737137653,167.66926721108607,169.53718824291195,130991100
2015-01-21,170.1068115234375,170.59264105499594,168.31427424968842,168.78334751290683,122942700
2015-01-22,172.63650512695312,172.770516956124,169.47861894239645,170.86909551802825,174356000
2015-01-23,171.68988037109375,172.63641109263057,171.55585583363515,172.37673375832324,117516800
2015-01-26,172.0919647216797,172.18410500611472,170.75175750778004,171.47212351846696,92009700
2015-01-27,169.82200622558594,170.9779330292382,168.98437180897193,170.01465856264684,134044600
2015-01-28,167.64414978027344,171.12032745835447,167.45149744533808,171.01981541948155,168514300
2015-01-29,169.19378662109375,169.45345125476567,166.42120586409038,167.84519464961193,173585400
2015-01-30,167.06617736816406,169.34454394290776,166.79814100828708,168.00433658094983,197729700
2015-02-02,169.1351318359375,169.22727212864035,165.73433831100994,167.56875964127536,163107000
2015-02-03,171.58103942871094,171.58942395332076,169.6628621423215,170.03979509242652,124212900
2015-02-04,170.92771911621094,172.03340295353735,170.46701751732493,170.81045078024812,134306700
2015-02-05,172.65325927734375,172.8040401687448,171.52246010764603,171.597844162701,97953200
2015-02-06,172.1757354736328,173.59133950662368,171.64802176679862,173.02174152791156,125672000
2015-02-09,171.40512084960938,172.25112694046,170.99467541751912,171.52238914716577,87219000
2015-02-10,173.23117065429688,173.4908352769414,171.44700526720317,172.45217678636325,96164200
2015-02-11,173.33172607421875,173.7672996561153,172.41033565943712,173.063689641637,91087800
2015-02-12,174.99855041503906,175.05719094904296,173.36516614236555,174.13578813815806,97545900
2015-02-13,175.71896362304688,175.76921964782215,174.86457285800316,175.1242502881555,93670400
2015-02-17,175.99537658691406,176.1712854469658,175.1493703850915,175.4006504976118,76968200
2015-02-18,176.01214599609375,176.0875300354781,175.3504075669508,175.618456748702,80652900
2015-02-19,175.88650512695312,176.2550663863156,175.26666371919742,175.40906006371668,91462500
2015-02-20,176.9418487548828,177.01723276356222,174.839378783413,175.46760441830799,140896400
2015-02-23,176.9167938232422,176.9167938232422,176.30531141686225,176.69062892250867,74411100
2015-02-24,177.41929626464844,177.6203330721062,176.53977780628543,176.84132662683035,72472300
2015-02-25,177.26861572265625,177.77957334346658,176.9251824667548,177.2937437383281,73061700
2015-02-26,177.0591278076172,177.3355486375526,176.44764561657033,177.17639608868518,72697900
2015-02-27,176.4560546875,177.22667675333932,176.40579867166267,176.95862762715913,108076000
2015-03-02,177.57008361816406,177.62871136753387,176.50628457569653,176.55654058409465,87491400
2015-03-03,176.84136962890625,177.6203762636112,175.97023548065798,177.13454678007955,110325800
2015-03-04,176.09585571289062,176.31364881141107,175.11582511340396,176.238252010462,114497200
2015-03-05,176.2885284423828,176.57332104986395,175.77757098482635,176.4225402227185,76873000
2015-03-06,173.80914306640625,175.85297310698823,173.47409440915447,175.41739962753132,188128000
2015-03-09,174.52952575683594,174.88970245852138,173.8510438536326,174.01019645439155,89818900
2015-03-10,171.69827270507812,173.2311449852438,171.6563884344383,173.14738922524907,157121300
2015-03-11,171.29624938964844,172.13388386099146,171.21248082999907,171.95797499824283,110145700
2015-03-12,173.47409057617188,173.54109008111226,171.88257753617364,171.93283355552228,93993500
2015-03-13,172.4102783203125,174.16930277150303,171.3632353917637,173.1976566475869,162410900
2015-03-16,174.71383666992188,174.80597699258868,172.435469401516,173.14746396587674,136099200
2015-03-17,174.1945037841797,174.57980855757557,173.3736126418681,173.968338854662,94510400
2015-03-18,176.2885284423828,176.96701021132313,173.07200286989863,173.71698488907646,228808500
2015-03-19,175.48440551757812,176.29691190214334,175.09071632995224,175.86972296252839,117917300
2015-03-20,177.03341674804688,177.54665514160894,176.2593546007362,176.44445781404332,177715100
2015-03-23,176.68841552734375,177.62234052295042,176.68841552734375,177.0417908177977,71784500
2015-03-24,175.69558715820312,177.024945738702,175.62827575035004,176.5622006720118,77805300
2015-03-25,173.1210174560547,176.14155826519422,173.07895904912348,175.90597469767658,159521700
2015-03-26,172.70877075195312,173.63427405334616,171.74118336253048,172.4479469775756,153067200
2015-03-27,173.10415649414062,173.2808377069905,172.39739312772588,172.59091824053647,118939000
2015-03-30,175.2160186767578,175.51891362834007,174.1306525892863,174.14747081446214,96180400
2015-03-31,173.6846923828125,175.08979715809954,173.62580292495892,174.3830337954885,126768700
2015-04-01,173.0705108642578,173.67630075700797,172.06927443489747,173.65106058133833,137303600
2015-04-02,173.693115234375,174.1474511913835,172.8180797669194,173.00318292971428,86900900
2015-04-06,174.8626251220703,175.3842724915507,172.6582310501748,172.79284102923077,114368200
2015-04-07,174.3998565673828,175.64508545643727,174.3662072842571,174.88785462190066,81236300
2015-04-08,174.9888458251953,175.43477272481607,174.2316148586083,174.6270614055686,89351900
2015-04-09,175.762939453125,175.9985230334524,174.32419779029283,174.8206051318154,85548900
2015-04-10,176.72207641601562,176.76414765680897,175.81340437424785,176.01532578871172,72722900
2015-04-13,175.92276000976562,177.21848222702306,175.87227966021985,176.5790302305389,74436600
2015-04-14,176.25933837890625,176.4444415751776,175.08982973246864,175.72085985475528,75099900
2015-04-15,177.0502166748047,177.56345501531496,176.64636099585348,176.73050347987441,99529300
2015-04-16,176.99974060058594,177.51297895350922,176.51174242581126,176.71367668934104,68934900
2015-04-17,174.963623046875,176.0405801385219,174.17272987430968,175.79658746362085,191113200
2015-04-20,176.5622100830078,176.89875430187317,175.81338828344428,175.8975179189911,92189500
2015-04-21,176.35189819335938,177.41202422639003,176.04900320701614,177.2521612004948,72559800
2015-04-22,177.21849060058594,177.40359378322597,175.76290531543117,176.69683034117324,78264600
2015-04-23,177.66444396972656,178.3207143193075,176.69685667294527,176.81464845778436,102585900
2015-04-24,178.07667541503906,178.34592106610773,177.62233942678478,178.085097365597,61327400
2015-04-27,177.3362579345703,178.7749991197327,177.14273282771242,178.6487982572932,79358100
2015-04-28,177.89999389648438,177.95047424639162,176.12469550749034,177.3110350836677,86863500
2015-04-29,177.16796875,177.7737456696181,176.35183568270904,176.99968383186172,125684900
2015-04-30,175.39276123046875,176.98295695625777,174.68599758918435,176.5875103035386,161304900
2015-05-01,177.29415893554688,177.33623016255075,176.08257949251689,176.1835401666574,103399700
2015-05-04,177.79905700683594,178.38801589852372,177.61395380682822,177.7233236334939,70927200
2015-05-05,175.762939453125,177.91686664779905,175.61990748209354,177.5550693247905,113326200
2015-05-06,175.03933715820312,176.62953255846188,173.96238010608823,176.31822847196733,135060200
2015-05-07,175.7375946044922,176.16670310035562,174.60174862691545,174.93829273027123,88244900
2015-05-08,178.0514373779297,178.25337161865582,177.3446867928973,177.42882926945137,155877300
2015-05-11,177.20167541503906,178.27863248053117,177.1259548803578,178.0093996333286,75708100
2015-05-12,176.671630859375,177.2185314207251,175.527362211459,176.3603267252024,119727600
2015-05-13,176.7052764892578,177.71492218115253,176.4696929224271,177.08389201892564,94667900
2015-05-14,178.54782104492188,178.64037261492567,177.45403326442351,177.73168797443486,95934000
2015-05-15,178.74134826660156,178.8843801888899,178.2533502055565,178.74134826660156,76510100
2015-05-18,179.2967071533203,179.54910894555377,178.50581396874503,178.57312539278774,74549700
2015-05-19,179.23782348632812,179.6921724362903,178.95175953314765,179.4145175976118,72114600
2015-05-20,179.11155700683594,179.86878786177087,178.79183103600926,179.3387185603136,76857500
2015-05-21,179.6332244873047,179.8435678415053,178.80026018286813,178.9685451369002,64764600
2015-05-22,179.2041473388672,179.666892495653,179.13683591790868,179.24620574341802,57433500
2015-05-26,177.27737426757812,179.1368151457113,176.85668756412477,178.7077064916517,124308600
2015-05-27,178.96011352539062,179.19569704231063,177.32784713077436,177.74012470455375,93214000
2015-05-28,178.7582550048828,178.86762485155924,178.05991332041694,178.64887231986307,74974600
2015-05-29,177.64752197265625,178.73288766037678,177.37828924726637,178.69082927458797,124919600
2015-06-01,178.00936889648438,178.65721714357034,177.2100539295078,178.3206729330929,93338800
2015-06-02,177.8326416015625,178.53098290419476,176.91554788684178,177.5465777922923,91531000
2015-06-03,178.30386352539062,178.93489362542599,177.80745626123112,178.37117494332855,87820900
2015-06-04,176.79779052734375,178.25336286419886,176.47806453814806,177.58868355008755,151882800
2015-06-05,176.4949188232422,177.17642928917775,175.83022658333283,176.646359887521,121704700
2015-06-08,175.40953063964844,176.5369808029363,175.33381011148174,176.3855269082631,89063300
2015-06-09,175.38430786132812,175.93120835290964,174.74486860725642,175.38430786132812,105034700
2015-06-10,177.48770141601562,177.87473879672842,176.09944055669303,176.1583300138639,134551300
2015-06-11,178.05990600585938,178.4469306874496,177.69810866784124,177.9336922579421,73876400
2015-06-12,176.69683837890625,177.93365841083533,176.419183592316,177.22690777497309,135382400
2015-06-15,175.93959045410156,176.22565432608172,174.82897141464102,175.54414393293052,124384200
2015-06-16,176.89874267578125,176.9828851441371,175.61144250763334,175.7881237175072,85308200
2015-06-17,177.18484497070312,177.79905687862262,176.14995914474508,177.18484497070312,126708600
2015-06-18,179.02745056152344,179.49861766280586,177.21850268945548,177.7906305014868,165867900
2015-06-19,178.23269653320312,178.8583460565819,177.85223938958674,178.78225720801623,130478700
2015-06-22,179.14578247070312,179.73760606493207,178.93441597985088,179.16269540219162,70696000
2015-06-23,179.27264404296875,179.6108382571635,178.87528680507396,179.35719582171498,68476800
2015-06-24,177.97064208984375,179.38256915120272,177.94527913491083,179.00211192641822,92307300
2015-06-25,177.4295196533203,178.6047170387508,177.35343079905533,178.4779022816425,97107400
2015-06-26,177.3957061767578,178.03825577891416,176.83769544550177,177.79306338148842,104174800
2015-06-29,173.67559814453125,177.40410574195857,173.59950931212305,175.89917751955315,202621300
2015-06-30,174.03916931152344,175.2820052782586,173.55724753223222,175.2312664850807,182925100
2015-07-01,175.4342041015625,175.8823000727468,174.63946395620522,175.62865767943032,135979900
2015-07-02,175.2736053466797,176.08525861896803,174.85087222379414,175.91616794997205,104373700
2015-07-06,174.77481079101562,175.56108833061936,173.76870373650002,173.97162031162023,117975400
2015-07-07,175.87384033203125,176.00065507128355,172.5680651871236,174.97764843921559,173820200
2015-07-08,172.9231719970703,174.80855769622184,172.68644253263818,174.5211023323812,164020100
2015-07-09,173.23597717285156,175.3073791807252,173.1260753660638,175.04527388567794,144113100
2015-07-10,175.4172821044922,175.84001510458066,173.27825415610752,175.2566415003326,129456900
2015-07-13,177.3534698486328,177.4633716953951,176.65173126961716,176.69400716489125,106069400
2015-07-14,178.12277221679688,178.4356034120179,177.25194326138384,177.3111320742699,81709600
2015-07-15,178.06356811523438,178.63002870232586,177.5816463750128,178.16501989179244,97914100
2015-07-16,179.49246215820312,179.49246215820312,178.88372551193277,179.12890501353002,106683300
2015-07-17,179.64463806152344,179.7038268824657,179.06972729071447,179.4839974341535,89030000
2015-07-20,179.7376251220703,180.23644699718167,179.41635679444664,179.87290278674774,70446800
2015-07-21,179.0274658203125,179.86448199310755,178.7230974757316,179.60237663741518,77965000
2015-07-22,178.70616149902344,179.0443556720599,178.30034139216824,178.3341543590776,88667900
2015-07-23,177.70005798339844,178.94289417741032,177.33651375425464,178.8414423740751,90509100
2015-07-24,175.85693359375,177.86068394923439,175.5187523433079,177.80150803576151,117755000
2015-07-27,174.83392333984375,175.47648581102172,174.38582735377935,174.96075099110763,132361100
2015-07-28,176.9813995361328,177.1251272082073,174.8423715856814,175.6793746701614,123544800
2015-07-29,178.19891357421875,178.4271801583533,176.96452725288114,177.10825495797005,105791300
2015-07-30,178.2411651611328,178.41025579695912,177.05750490877153,177.68315445219628,91304400
2015-07-31,177.97064208984375,178.77383243123117,177.68318666674355,178.74846947629828,103266900
2015-08-03,177.37034606933594,177.995995693323,176.40651513015007,177.93681976851883,113965700
2015-08-04,177.02366638183594,177.75921763690934,176.53329457819143,177.29420877993724,81820800
2015-08-05,177.6070556640625,178.65542528800233,177.31958740837422,177.9283239839209,85786800
2015-08-06,176.15281677246094,177.90292439108478,175.56098035090406,177.79300970123245,116030800
2015-08-07,175.8146514892578,176.1443827120437,174.9015466644383,175.99220502496743,117858000
2015-08-10,178.02980041503906,178.11433928340026,176.93914193663323,176.93914193663323,80270700
2015-08-11,176.4234161376953,177.09979162315165,175.65403886172885,176.6770585573401,126081400
2015-08-12,176.63479614257812,176.82079973778488,173.62493854856368,175.1045043917509,172123700
2015-08-13,176.4149932861328,177.1674577431149,175.86543247547942,176.47416921604824,89383300
2015-08-14,177.05747985839844,177.13356869863682,176.07673624825904,176.22046391341598,72786500
2015-08-17,178.0467071533203,178.0467071533203,175.99223067365244,176.45723961991138,79072600
2015-08-18,177.5309600830078,178.12278374623838,177.29423061771558,177.76768954830004,71692700
2015-08-19,176.1275177001953,177.55634468250364,175.3074144880122,176.7785173587321,172946000
2015-08-20,172.44972229003906,176.10212915144035,172.39053347037176,174.59720051816444,194327900
2015-08-21,167.25856018066406,172.42435856984426,166.99646775368126,170.55587281171998,346588500
2015-08-24,160.21585083007812,166.96266774357713,154.21303542757943,158.51646834946334,507244300
2015-08-25,158.33042907714844,165.24633509870256,158.03451080254519,165.22942216566545,369833100
2015-08-26,164.4093475341797,164.68834000136118,159.26044905368667,162.3971340383367,339257000
2015-08-27,168.4760284423828,168.60284319336628,165.04343824068644,166.57372977289987,274143900
2015-08-28,168.48448181152344,168.95794075900105,167.33464741016834,167.8250192917098,160414400
2015-08-31,167.123291015625,168.35767726132048,166.56528026479873,167.49529818284253,163298800
2015-09-01,162.13502502441406,164.67142312754063,161.2557331242223,163.27639643034829,256000400
2015-09-02,165.2125701904297,165.25484608492565,162.68462134875568,164.5446445994521,160269300
2015-09-03,165.33090209960938,167.4445673964574,164.83208018574265,165.9311758194723,152087800
2015-09-04,162.82833862304688,163.90208435055692,161.99978532740784,163.04816810000582,207081000
2015-09-08,166.92034912109375,167.0725397121778,165.00960057179756,165.66061301545895,116025700
2015-09-09,164.68833923339844,168.64512736887184,164.31634497862805,168.5183126116534,149347700
2015-09-10,165.5845184326172,166.74280270458513,164.23176769540325,164.4938600868015,158611100
2015-09-11,166.33700561523438,166.40464445151486,164.46851985275427,165.18717120004405,119691200
2015-09-14,165.7198028564453,166.56526894236302,165.2294309785184,166.51454304133415,79452000
2015-09-15,167.79119873046875,168.239294706965,165.67753359575494,166.22708137046524,113806200
2015-09-16,169.24539184570312,169.43985833053796,167.74892618908444,168.09557037427166,99581600
2015-09-17,168.86495971679688,171.53663599237723,168.48450250875058,169.11015213808227,276046600
2015-09-18,166.10545349121094,168.8505029333945,165.6890295906842,166.3264258151078,223657500
2015-09-21,166.9638214111328,168.00064066852894,165.90149437442514,166.9468205475449,105726200
2015-09-22,164.79664611816406,165.2640725354333,163.64932790921753,164.77115131066367,153890900
2015-09-23,164.53318786621094,165.4425329073602,163.9467813696154,164.96661255298037,92790600
2015-09-24,163.93829345703125,164.40571991921,161.94962047378922,163.3008972725671,159378800
2015-09-25,163.89578247070312,165.72297936372473,163.01191931876372,165.41702872926209,155054800
2015-09-28,159.782470703125,163.09693863994386,159.46802606879913,162.98645248502567,178515900
2015-09-29,159.8759765625,161.25276131490918,158.8646390791396,160.00346359638874,159045600
2015-09-30,162.8589630126953,163.02893271872514,160.99776425720395,161.78812922577845,163452000
2015-10-01,163.2838897705078,163.589840421026,161.3207118329565,163.24139410307475,131079000
2015-10-02,165.72299194335938,165.74848675084516,160.72580219042987,161.27821994428882,211003300
2015-10-05,168.6719970703125,168.90146328471968,166.8532941501676,166.96378028448518,126320800
2015-10-06,168.0941162109375,169.10545356604658,167.42273126856094,168.5360478635605,110274500
2015-10-07,169.47088623046875,169.82782650728126,167.83064677860207,169.03744856245126,124307300
2015-10-08,171.0006561279297,171.2896059560715,168.77400994531166,169.07996063624384,153055200
2015-10-09,171.10264587402344,171.5870602664897,170.46524964276924,171.14514154967895,107069200
2015-10-12,171.2640838623047,171.4680423118617,170.74566785658618,171.1790925297515,56395600
2015-10-13,170.1847381591797,171.80797647687837,170.0147684799326,170.5246775176739,88038700
2015-10-14,169.36891174316406,170.71169462084586,169.07146796531063,170.12528804481013,99106200
2015-10-15,171.96946716308594,171.97796110903747,169.66633696029407,170.0402780678638,134142200
2015-10-16,172.75132751464844,172.76831540550762,171.6040094567288,172.37738643005667,114580100
2015-10-19,172.8363494873047,172.8363494873047,171.7825294024599,172.09697404482694,76523900
2015-10-20,172.61537170410156,173.23576697500354,172.13945133366403,172.394412380072,78448500
2015-10-21,171.54457092285156,173.19329155091648,171.37458822680492,173.04032268590532,102038000
2015-10-22,174.44256591796875,174.6550312918682,171.5445480735519,172.50488274543443,174911700
2015-10-23,176.35476684570312,176.728708005261,175.32644162477712,176.13380750953627,144442300
2015-10-26,175.9213104248047,176.2357549942076,175.54736933261964,176.17627143928138,69033000
2015-10-27,175.58139038085938,175.921329792349,174.8929916756283,175.24143800151245,77905800
2015-10-28,177.57858276367188,177.6040775748228,175.24997022616063,175.92135519956665,135906700
2015-10-29,177.47654724121094,177.8504883099931,176.94963735402976,177.0686174242918,90525500
2015-10-30,176.7116241455078,177.99492279196735,176.5501614186781,177.67197140260367,131076900
2015-11-02,178.80238342285156,178.99784796194734,176.91568961318902,177.04317663527158,86270800
2015-11-03,179.3207550048828,179.8816666399323,178.21593259374603,178.44539880224005,95246100
2015-11-04,178.7769012451172,179.74574302925552,178.23299029556338,179.61826896602415,96224500
2015-11-05,178.598388671875,179.30377527157242,177.6975375585782,178.83634885395878,78408700
2015-11-06,178.50494384765625,178.74291705153556,177.16217378777478,178.24999571467893,110471500
2015-11-09,176.83917236328125,178.03748012203968,175.8788247734861,177.8844983175024,131008700
2015-11-10,177.2471160888672,177.28111781158165,176.08280995912102,176.35475890154848,75874600
2015-11-11,176.55023193359375,177.57006313571978,176.4822414577377,177.5190735207921,67846000
2015-11-12,174.08567810058594,175.97237222673078,174.0686902024125,175.49645172065124,121315200
2015-11-13,172.13088989257812,173.94109848400478,172.04591154926607,173.6691496304114,153577100
2015-11-16,174.74851989746094,174.80801642785545,171.82499422216466,171.94398728295366,117645200
2015-11-17,174.62103271484375,175.95530844458867,174.11961757293324,175.0629642986944,121123700
2015-11-18,177.39158630371094,177.53606120178594,175.06297410574533,175.10545680622945,121342500
2015-11-19,177.23863220214844,177.66356298519466,176.94117546687275,177.27262095893445,88220500
2015-11-20,177.88450622558594,178.57289195696526,177.502071149026,178.00348631535698,94011500
2015-11-23,177.6804656982422,178.45382944061396,177.2130395015222,177.94392056334314,64931200
2015-11-24,177.91851806640625,178.32644797341436,176.26978460876526,176.6607136540228,98874400
2015-11-25,177.8930206298828,178.24996091422446,177.62955266414372,178.0459894798045,51980100
2015-11-27,178.0970001220703,178.30097158057058,177.5020995779353,177.98651396106692,37317800
2015-11-30,177.3576202392578,178.37745157063347,177.24713408100698,178.25847146477062,112822700
2015-12-01,179.04881286621094,179.1678059242048,177.71453706738293,177.99499291581722,97858400
2015-12-02,177.22166442871094,179.32082392631995,176.96670331770798,178.99787232119215,108441300
2015-12-03,174.74002075195312,177.7485247082022,174.00913935487404,177.4765757758173,166224200
2015-12-04,178.14796447753906,178.44542119134715,174.74002451189043,174.74002451189043,192913900
2015-12-07,177.06861877441406,178.2414186279809,176.091270433944,177.8164879498257,102027100
2015-12-08,175.87884521484375,177.01765657979035,174.88450875728367,175.48791616376448,103372400
2015-12-09,174.5105438232422,177.34907790178485,173.5247014470762,175.23293122960746,162401500
2015-12-10,174.96096801757812,176.28674977028695,174.34057280619132,174.57853296858232,116128900
2015-12-11,171.57003784179688,173.49072009700674,171.2555802795187,172.819335241061,211173300
2015-12-14,172.4369354248047,172.56442246176445,169.92984597892263,171.73156161864165,182385200
2015-12-15,174.24710083007812,175.16495279843826,172.41139689335785,173.96664498131332,154069600
2015-12-16,176.79669189453125,177.10264256204866,174.0516428015482,175.3859186516534,197017000
2015-12-17,174.10256958007812,177.1790630384982,174.08556872472494,177.11107258493854,173092500
2015-12-18,171.0010223388672,173.4888284649194,170.8385855273816,173.3520512429128,251393500
2015-12-21,172.41159057617188,172.59112938659612,171.06081638428043,172.1893162325826,99094300
2015-12-22,173.97607421875,174.2753011860338,172.3089842246777,173.3092382211211,111026200
2015-12-23,176.1304931640625,176.1732417417888,174.89940717773803,174.9934488307221,110987200
2015-12-24,175.83982849121094,176.39553396792772,175.61755412754565,175.87403257487372,48539600
2015-12-28,175.43798828125,175.48072380851542,174.35223716103386,175.1387613201956,65899900
2015-12-29,177.31031799316406,177.6437361119236,176.51524903498276,176.54944007881346,92640700
2015-12-30,176.0535430908203,177.1478519075346,175.90820836044477,177.06235475082684,63317700
2015-12-31,174.29238891601562,176.01932950904109,174.29238891601562,175.36959555440328,114877900
2016-01-04,171.8558807373047,171.86442523406282,169.7784200621562,171.40277455349272,222353500
2016-01-05,172.14657592773438,172.60822667738654,171.0266335682685,172.1807669649165,110845800
2016-01-06,169.97503662109375,171.03512804918623,168.93203418407728,169.56466602470502,152112600
2016-01-07,165.89712524414062,168.79530171658348,165.50385654935369,166.9914211187185,213436100
2016-01-08,164.0760955810547,167.43593490816448,163.7854261762757,166.87168509062968,209817200
2016-01-11,164.23858642578125,165.34998438992451,162.28082650155002,165.00800876132237,187941300
2016-01-12,165.5636749267578,166.32455258268237,163.40927463609316,165.70046514569628,172330500
2016-01-13,161.43443298339844,166.58959595743323,161.0497218597459,166.23907587020176,221168900
2016-01-14,164.0846710205078,165.22171536601525,160.43417464523262,162.04997175831488,240795600
2016-01-15,160.5624237060547,161.37459459421805,158.60466385795414,159.6733131963364,324846400
2016-01-19,160.7761688232422,162.52875651342805,159.1860179351032,162.40052379867376,195244400
2016-01-20,158.7158203125,160.29742680835764,154.75755139047143,158.18577432893252,286547800
2016-01-21,159.6049041748047,161.46862219703272,157.85231680346672,159.19454651721006,195772900
2016-01-22,162.8792266845703,163.0843989652246,161.47715957162245,162.24658171414228,168319600
2016-01-25,160.41708374023438,162.56292684565085,160.22045592098186,162.36629902639834,130371700
2016-01-26,162.6056671142578,162.88779208139005,160.74194908567094,161.0839116273274,141036800
2016-01-27,160.8360137939453,163.76838149179724,159.9212436440967,162.07564449141927,185681700
2016-01-28,161.67381286621094,162.60567190797616,160.0067225976779,162.40049959494758,143798800
2016-01-29,165.61500549316406,165.7517957430721,162.3321177655879,162.4518059729984,210529300
2016-02-01,165.55517578125,166.35025779487532,164.00777338816343,164.59767000100592,136061600
2016-02-02,162.5714874267578,164.11888956008042,162.04142849164316,164.11034506170472,182564900
2016-02-03,163.54611206054688,163.9564697907736,159.95545256972957,163.64015373258187,205054900
2016-02-04,163.8025360107422,164.7856879451907,162.40046894120698,163.04165838846453,139531800
2016-02-05,160.68214416503906,163.8624462780726,160.04095443329905,163.28110718291347,180788300
2016-02-08,158.51914978027344,159.11759073691198,156.2792651804116,158.81837678110995,191526700
2016-02-09,158.5277099609375,159.81864670050655,156.62124320867076,156.7580334537306,184513100
2016-02-10,158.39089965820312,161.01549508095624,158.26265393837366,159.36550712175494,148214100
2016-02-11,156.33056640625,157.39067118830272,154.81735537304584,155.88600465312658,219058900
2016-02-12,159.5535888671875,159.57067786030663,157.27095596262566,158.1258752397664,127632400
2016-02-16,162.24659729003906,162.27224382758297,160.4085258592103,161.38313342098124,120250700
2016-02-17,164.8968505859375,165.27301719212406,163.29814250964463,163.42638824086325,136009500
2016-02-18,164.22149658203125,165.23030845505008,163.90518051648408,165.17045782371017,102343000
2016-02-19,164.14454650878906,164.29842575952352,162.81941865452853,163.4349617475394,114793000
2016-02-22,166.52122497558594,166.66655973025166,165.67484994484659,165.74324507263694,103640300
2016-02-23,164.41810607910156,166.12794488751967,164.29840483927885,165.85436441655605,111455300
2016-02-24,165.17042541503906,165.45255038234765,161.85334701478644,162.97328934120145,150812200
2016-02-25,167.17095947265625,167.17951701679598,164.85413484719362,165.6235572076346,110728300
2016-02-26,166.78623962402344,168.1455584778382,166.6238028342526,168.05152985748256,129833700
2016-02-29,165.47821044921875,167.76084386765538,165.28158262382001,166.8033382361111,125918100
2016-03-01,169.36810302734375,169.45360019554028,166.23909451987416,166.7178473536875,141799700
2016-03-02,170.1289825439453,170.18027562735574,168.6328734009709,169.05178865721686,102415000
2016-03-03,170.7957763671875,170.81287840576243,169.36806270446044,169.94940156567628,95172200
2016-03-04,171.3515167236328,172.13805417815144,170.15463458855996,170.99245208311095,129293600
2016-03-07,171.48826599121094,171.89863666375174,170.34267721502715,170.41961682424088,100219000
2016-03-08,169.6160125732422,170.91549378151092,169.4535888366146,170.4025499418248,123974900
2016-03-09,170.453857421875,170.8043645095103,169.6416734449435,170.43675537892997,94801200
2016-03-10,170.590576171875,171.89861458567742,168.74396056274944,170.94965372548796,156838700
2016-03-11,173.343505859375,173.38625445145524,170.57357450510202,172.0611263672001,137964500
2016-03-14,173.1211700439453,173.5828207575808,172.49708256503843,172.83050059295132,73612000
2016-03-15,172.83905029296875,173.1468217930014,171.881544757327,172.14656767915395,93169100
2016-03-16,173.83934020996094,174.24971099121223,172.30903993728603,172.351788524296,129303200
2016-03-17,174.94216918945312,175.45511302645488,173.35201850918043,173.75383168960127,134278500
2016-03-18,175.62960815429688,175.97333439769304,175.13119592275143,175.44914335350867,138372400
2016-03-21,175.8788604736328,176.1108829693004,175.13124845820562,175.3632709538732,72926700
2016-03-22,175.7843017578125,176.3600504951644,174.93357461578262,175.09683607764165,97471900
2016-03-23,174.62420654296875,175.58665057726404,174.45233029771612,175.39759719733937,81052500
2016-03-24,174.54684448242188,174.58122497393586,173.36097977150158,173.58440051708004,84360900
2016-03-28,174.65000915527344,175.18278887366733,174.19456589039123,174.96795665014486,62408200
2016-03-29,176.26551818847656,176.3772351277388,173.92814281770094,174.23750170831292,92922900
2016-03-30,177.03890991210938,177.76933147052588,176.66939173712086,177.27952090927198,86365300
2016-03-31,176.6092529296875,177.37405501243418,176.44597836500284,176.94439062634467,94584100
2016-04-01,177.81228637695312,178.00133973286415,175.28585799551922,175.6038185189959,114423500
2016-04-04,177.23654174804688,177.94119756551405,176.9271828961395,177.7349539601374,63497000
2016-04-05,175.46629333496094,177.24509656044182,175.20849215541384,175.8787673548487,99662200
2016-04-06,177.3826141357422,177.4427734337207,175.28585018169935,175.4663149633206,91839800
2016-04-07,175.26011657714844,176.64363655205239,174.5210932406348,176.28272000803193,113859000
2016-04-08,175.7327423095703,176.8928414523843,175.1913609612815,176.45457536574398,95040600
2016-04-11,175.3202667236328,177.08189339891936,175.22574003045207,176.37723748387793,83757500
2016-04-12,176.95298767089844,177.23656775278093,175.04527665628314,175.49213131067228,115350600
2016-04-13,178.7404022216797,178.8263403522903,177.74357760079482,177.8810733648447,96336400
2016-04-14,178.7489776611328,179.25599161478803,178.39666282106865,178.80054840310208,65212900
2016-04-15,178.5513458251953,178.8864835492392,178.22479666914114,178.74898778749875,75761600
2016-04-18,179.80599975585938,179.84036714549734,177.88109812814392,178.55137368080062,82531000
2016-04-19,180.3731231689453,180.6309244504092,179.54817480304237,180.23564051617342,88316100
2016-04-20,180.54501342773438,181.24965633188876,179.9348841180485,180.4161062208503,81100300
2016-04-21,179.57394409179688,180.67388392951676,179.2989525762083,180.56216698726925,85695000
2016-04-22,179.57394409179688,179.84892249506825,178.66305764296482,179.21302756182476,99251700
2016-04-25,179.2646026611328,179.30757172867024,178.34511444264203,178.9638323006893,66166500
2016-04-26,179.531005859375,180.0466084834896,179.04978373677173,179.63412113927015,75864200
2016-04-27,179.90049743652344,180.29578135900962,178.78336732493133,179.14428386332554,77329400
2016-04-28,178.2677764892578,180.25282413699946,177.8467137229601,179.13570706433188,97216200
2016-04-29,177.3053436279297,177.99280940962174,176.18821337171997,177.6404813935607,142424100
2016-05-02,178.71463012695312,178.89508185077787,177.37407915783922,177.8123321708747,62188000
2016-05-03,177.1592254638672,177.70919536177857,176.40301193712025,177.46858435096215,106422100
2016-05-04,176.17098999023438,176.8928361370348,175.6639891526077,176.15381285535383,92243800
2016-05-05,176.1365966796875,177.00451390679288,175.7069323492228,176.64359744268032,67619200
2016-05-06,176.7811737060547,176.8241427811382,175.20001139661946,175.35468433213515,89315000
2016-05-09,176.9272003173828,177.36545327060645,176.471757117273,176.65222192878653,74374900
2016-05-10,179.12709045410156,179.14428070200293,177.57170738311774,177.64045526240596,77472200
2016-05-11,177.45140075683594,179.20442577455415,177.45140075683594,178.66305753607844,81727000
2016-05-12,177.50299072265625,178.30217348666264,176.48038714590632,178.13029720205427,89586300
2016-05-13,175.9561767578125,177.76077265083663,175.6296406997713,177.20221412373388,96474600
2016-05-16,177.69203186035156,178.1732539544167,176.0679007367224,176.12806005463986,77486800
2016-05-17,176.0335235595703,177.70921222689708,175.50073074592746,177.41704355922326,114924900
2016-05-18,176.0851287841797,177.27959570703317,174.9851885866882,175.68124305875313,120062100
2016-05-19,175.4749298095703,175.76709844041505,174.25468454635146,175.35462430790975,115430500
2016-05-20,176.58349609375,177.10768723451466,176.04211470395356,176.09367233873073,104990400
2016-05-23,176.34288024902344,176.8842485117427,176.1538268517825,176.6006684158813,58682600
2016-05-24,178.62867736816406,178.94663794749601,177.14204218308763,177.1678209986663,93537800
2016-05-25,179.84036254882812,180.2614384569682,178.62870557602616,179.31617136209022,76621400
2016-05-26,179.89186096191406,180.20982148677336,179.57391354936968,179.97779907399817,55280700
2016-05-27,180.665283203125,180.67387177029022,180.00359638654862,180.05515401417242,64211200
2016-05-31,180.3215789794922,181.05201381271308,179.75441874044904,180.94029685620853,109879400
2016-06-01,180.6911163330078,180.87156808393513,179.50523809191887,179.7028800946603,69936200
2016-06-02,181.24107360839844,181.25825074668188,179.8059958225737,180.28721794089586,63044700
2016-06-03,180.69969177246094,181.05201979128742,179.47944622873146,180.6739129527731,101757100
2016-06-06,181.619140625,181.98005713460523,180.89729449347317,181.06056905760047,64887000
2016-06-07,181.90274047851562,182.469900715749,181.74806756598952,181.77384638474385,60974800
2016-06-08,182.49571228027344,182.6246195094942,181.91137480056688,182.04026891746653,66170900
2016-06-09,182.24642944335938,182.36673493500118,181.48162743671188,181.75660579804375,73786900
2016-06-10,180.5191650390625,181.19802886267848,179.96918214802372,180.85430266809308,113829200
2016-06-13,179.12709045410156,180.77700022006704,179.04116543922925,179.90908282964813,117751200
2016-06-14,178.77474975585938,179.37629037870462,177.81230573901308,178.74038237482185,125059300
2016-06-15,178.52557373046875,179.90909374331795,178.33652032903709,178.77477333472794,109124500
2016-06-16,179.05836486816406,179.23024114394238,176.6694314928168,178.52558512774414,149533100
2016-06-17,178.39151000976562,178.97888613662334,177.72638207040603,178.9529732592918,117055700
2016-06-20,179.5403289794922,181.06060794740355,179.45394395087587,180.37821367115205,82789600
2016-06-21,180.04998779296875,180.4646069825285,179.47987816950763,179.92905664682607,72461700
2016-06-22,179.7562713623047,180.96558263275622,179.60941418328156,180.23134945965788,95560500
2016-06-23,182.09713745117188,182.14896318904252,180.76689518398118,181.23334000531992,102731400
2016-06-24,175.55824279785156,182.13174357887192,175.10906431992788,175.89512336116772,333444400
2016-06-27,172.41404724121094,174.14164285212283,171.59342878162096,174.13299643854282,230775800
2016-06-28,175.52369689941406,175.5496097769915,173.72699603116916,174.0379637426059,159382400
2016-06-29,178.51243591308594,178.7456518022095,176.8366662655687,176.94031777184586,137328600
2016-06-30,180.9483642578125,181.00019001830717,178.4260761965043,178.98755268971712,165021900
2016-07-01,181.32839965820312,181.82077064141387,180.78420292528725,180.9483265863575,106055300
2016-07-05,180.02406311035156,180.6028059275418,179.41940741929506,180.49050802045073,109803700
2016-07-06,181.10382080078125,181.2247519461225,178.8579416095794,179.52306949920944,96021500
2016-07-07,180.9915313720703,181.95898058015496,180.214118712789,181.2852194273093,85593800
2016-07-08,183.68655395507812,183.93706263959828,182.0712566644692,182.30448570648667,133971000
2016-07-11,184.33445739746094,184.91321356045475,183.9457509979426,184.15306722859006,73633900
2016-07-12,185.67327880859375,185.97561322015653,184.3603028556848,185.3104854230211,101275600
2016-07-13,185.64744567871094,186.105257517663,185.15508772270084,186.096624283526,87324100
2016-07-14,186.68399047851562,187.15908194065378,186.2866508414615,186.9258528264206,91230900
2016-07-15,186.4335174560547,187.4527927340602,185.9843388210892,187.25412289149338,107155400
2016-07-18,186.93443298339844,187.0985566285567,186.29521804449382,186.55435994840136,58725900
2016-07-19,186.74441528320312,186.77896138963627,186.2606907101024,186.51118622813453,54345700
2016-07-20,187.5218963623047,187.76375873716583,186.7444834688954,186.7444834688954,58159500
2016-07-21,186.81353759765625,187.63414279995936,186.36435909030328,187.40956013653653,67777300
2016-07-22,187.6513671875,187.70319292683595,186.66663859860677,186.93441370551142,62787500
2016-07-25,187.14173889160156,187.49589905980233,186.55436286868758,187.4440733143105,55873100
2016-07-26,187.2281494140625,187.59094286240816,186.37298495549334,187.03811286771378,70080500
2016-07-27,187.0294952392578,187.67734356117512,186.2520693446523,187.60823815850966,84083900
2016-07-28,187.2454071044922,187.53909512150375,186.3643298729523,186.83077477170565,65035700
2016-07-29,187.5477294921875,187.91052290020158,186.69257830919184,186.9776330970255,79519400
2016-08-01,187.39227294921875,188.00556192794247,186.93446122802834,187.60822237168617,73311400
2016-08-02,186.19158935546875,187.29724931239818,185.34507133418043,187.14175887881098,92295500
2016-08-03,186.7357940673828,186.79626623743292,185.82881696069404,186.131138269421,53993600
2016-08-04,186.93443298339844,187.2540338625984,185.0686270918699,186.84804795526102,46585500
2016-08-05,188.46331787109375,188.50651037890523,186.93440590248952,186.93440590248952,71892200
2016-08-08,188.35105895996094,188.75704486407898,188.08328382756494,188.65338019503514,39906500
2016-08-09,188.46331787109375,188.96432196460066,188.13508380883275,188.4201385437851,51251700
2016-08-10,187.99688720703125,188.6533685614711,187.64272706902258,188.57562994986054,57941100
2016-08-11,188.86936950683594,189.11987823109834,188.26471372836926,188.53248891736825,72504300
2016-08-12,188.7052459716797,188.92119539053468,188.29926000979174,188.55838876801252,61313500
2016-08-15,189.2494354248047,189.60359564605292,189.06804528841397,189.07667852045407,49813500
2016-08-16,188.27333068847656,188.89525283438869,188.27333068847656,188.82616062523596,53213600
2016-08-17,188.62750244140625,188.76571323886023,187.46138343671936,188.3079015052376,75134300
2016-08-18,189.05075073242188,189.08529683836437,188.4892875424412,188.60157227213378,52989300
2016-08-19,188.7743377685547,188.95574107941377,188.08331017415517,188.57566799419016,75443000
2016-08-22,188.76571655273438,188.99894562996906,188.16106077889202,188.53248747549972,61368800
2016-08-23,189.145751953125,189.68994863134304,189.0852797975431,189.3876142144431,53399200
2016-08-24,188.17832946777344,189.09395289778294,187.75506386047374,188.99893462596083,71728900
2016-08-25,188.04879760742188,188.47206331758375,187.63417831166745,187.7896556048842,69224800
2016-08-26,187.69459533691406,189.27534670033887,186.79625153358595,188.23879210249663,122506300
2016-08-29,188.61888122558594,188.88665642489522,187.78962956854002,187.82418886035873,70502200
2016-08-30,188.30789184570312,188.8175293071016,187.74642863304467,188.53247449466522,58114500
2016-08-31,187.77230834960938,188.0919092129447,186.98624944629398,187.97097808785801,85269500
2016-09-01,187.78099060058594,188.07467866953542,186.6062251442805,187.76371095520435,97844200
2016-09-02,188.62750244140625,189.05940129806964,188.04875955513816,188.64478208621478,79293900
2016-09-06,189.1975860595703,189.2753246797502,188.18694445571577,188.91253127173874,56702100
2016-09-07,189.18035888671875,189.36176223128973,188.5670698056399,189.03351483659412,76554900
2016-09-08,188.74844360351562,189.11988349380755,188.43747588300687,188.84346188424075,74102900
2016-09-09,184.2307891845703,187.47003085465795,184.20487630565026,187.41820509681784,221589100
2016-09-12,186.87396240234375,187.27994831310227,183.39285926324789,183.46196465023922,168110900
2016-09-13,184.1875457763672,185.84603547162106,183.55697726266493,185.57826034308331,182828800
2016-09-14,184.1184539794922,185.45734290149582,183.55699080921912,184.2393851168051,134185500
2016-09-15,185.95834350585938,186.347049783973,183.77293666482618,183.95433995754863,134427900
2016-09-16,185.23948669433594,185.51730454048695,184.54496857312645,185.33498492306484,155236400
2016-09-19,185.27426147460938,186.5504593372164,184.94435602120194,185.89933851944087,80250500
2016-09-20,185.28292846679688,186.29867529887852,185.2482078537462,186.14241266952115,69665300
2016-09-21,187.3665313720703,187.54883778120993,185.30030375457582,185.99483527069123,110284400
2016-09-22,188.54721069335938,188.85107236003714,188.13918718671795,188.39094806278433,76678700
2016-09-23,187.5141143798828,188.28677720271813,187.4186161322476,188.14786825214205,73630900
2016-09-26,185.9947967529297,186.8542675693447,185.79511020720466,186.671961197959,89827300
2016-09-27,187.1494598388672,187.24494482488453,185.45653541141556,185.8298515033904,78494800
2016-09-28,188.07839965820312,188.23467552764157,186.40285527657616,187.37519136344423,87411000
2016-09-29,186.37680053710938,188.27807528148756,185.82117801680997,187.87003854424265,128070600
2016-09-30,187.78323364257812,188.49511879946738,186.9671601539571,187.218921024213,117202900
2016-10-03,187.33180236816406,187.55751948674285,186.68935838085753,187.36653623076828,83512100
2016-10-04,186.37680053710938,187.67036521976723,185.77778056368308,187.44464812458133,119948100
2016-10-05,187.20155334472656,187.635633827743,186.9411024054997,187.01055687243255,72816000
2016-10-06,187.33180236816406,187.55751948674285,186.4289206467617,186.97585313545014,62927400
2016-10-07,186.68931579589844,187.78320701792654,185.95138697247427,187.60957748577286,89788300
2016-10-10,187.6616973876953,188.13049853007522,187.51411159755557,187.6616973876953,51855000
2016-10-11,185.29161071777344,187.2970739160118,184.55368175689867,187.22761944079653,130367400
2016-10-12,185.53469848632812,186.06427724147542,184.92697517114343,185.43051015530693,73866100
2016-10-13,184.9269561767578,185.4304911092018,183.36427708989297,184.18902732953487,101357000
2016-10-14,185.02249145507812,186.3855107558713,184.94436013450823,185.9166963382774,93346200
2016-10-17,184.3800506591797,185.25688856319357,184.19773100736987,184.9964375950738,58275700
2016-10-18,185.53469848632812,186.0555871530902,185.15270551578436,185.9948227698233,76869700
2016-10-19,186.02955627441406,186.34209479496536,185.4392130950876,185.80383916121633,66519200
2016-10-20,185.68228149414062,186.2465808531322,185.01379380568596,185.67359140588533,73639800
2016-10-21,185.76907348632812,185.85589487881347,184.70991608401286,185.68226534092736,89089100
2016-10-24,186.55909729003906,186.93241336956274,186.20314813788684,186.65459551995588,60146600
2016-10-25,185.9340057373047,186.63721389901914,185.7690530579725,186.37676299728852,66542300
2016-10-26,185.56072998046875,186.1510730798254,184.8575084691738,185.10060572741577,75705500
2016-10-27,185.06588745117188,186.32471831073428,184.98775613681175,186.28999769782519,77220200
2016-10-28,184.51893615722656,185.72567943726344,183.7983741727672,185.0398380646596,140623200
2016-10-31,184.52761840820312,185.0832409038931,184.3626657029524,184.85751057161937,61272500
2016-11-01,183.190673828125,184.90964238987618,181.966576712262,184.8575415949334,122781800
2016-11-02,182.08811950683594,183.26881916918595,181.645348854025,182.87813606444982,103330800
2016-11-03,181.254638671875,182.52215946375054,180.97683406158455,182.30511923033302,88939300
2016-11-04,181.05502319335938,182.21835603673313,180.90743737714828,181.3675617591855,109122100
2016-11-07,185.0485076904297,185.08324154801664,181.0549751284739,181.0549751284739,109794900
2016-11-08,185.88197326660156,186.4549627707179,184.38005827589095,184.64918609680063,106772100
2016-11-09,187.85267639160156,188.4777533546396,184.34529862710093,184.37134239663706,258429000
2016-11-10,188.32147216796875,189.52821536168435,186.8456011985956,188.6513775688831,172113300
2016-11-11,187.88743591308594,188.13051997715573,186.9324665891226,187.59226429915662,100552700
2016-11-14,188.03504943847656,188.62540600044818,187.2797533599985,188.41704252320704,94580000
2016-11-15,189.50216674804688,189.50216674804688,188.21729228078027,188.42564242585433,91652600
2016-11-16,189.14625549316406,189.3806627004331,188.75558564577375,188.87712767045267,65617700
2016-11-17,190.1185760498047,190.17934042936764,189.18963745105353,189.30250261649417,69797200
2016-11-18,189.69320678710938,190.36169456597844,189.51088712120415,190.18806498950386,86265800
2016-11-21,191.12562561035156,191.15166937878044,190.12724582835162,190.27483159847688,72402600
2016-11-22,191.4989471435547,191.68125352773635,190.76100502487836,191.43816951743744,67429000
2016-11-23,191.60316467285156,191.65525222272996,190.7784142232381,190.97808758013466,56620200
2016-11-25,192.31504821777344,192.34976883262843,191.87227758407903,191.95042214990488,37872300
2016-11-28,191.41217041015625,192.28033157724323,191.307995309174,192.00252689226122,76572500
2016-11-29,191.78543090820312,192.2455551333774,191.14298706216536,191.44684868124313,69886700
2016-11-30,191.32533264160156,192.57548664832856,191.26455501070612,192.41053393256792,113291800
2016-12-01,190.62213134765625,191.62918811499048,190.25749204302144,191.62918811499048,79040500
2016-12-02,190.71762084960938,191.21247902680486,190.35299478345388,190.70894400770814,74840300
2016-12-05,191.8636016845703,192.21086082317365,191.36006666063457,191.55974000297715,67837800
2016-12-06,192.47129821777344,192.50603207743478,191.56841657286984,192.05458463143995,59877400
2016-12-07,194.98895263671875,195.0497170141014,192.1934733470856,192.31501534893553,110738100
2016-12-08,195.46646118164062,195.94395242339314,194.6937983530181,194.9629394144326,99714400
2016-12-09,196.64712524414062,196.66449217172635,195.65742232510374,195.69215618027522,88005800
2016-12-12,196.4214324951172,197.037832653433,195.9960288226409,196.5516513504232,102016100
2016-12-13,197.73236083984375,198.23589585087234,197.07256319457522,197.0899301251863,110477500
2016-12-14,196.10023498535156,198.14040563747895,195.65746434287803,197.42852041859777,142501800
2016-12-15,196.9075927734375,197.77575376674895,196.1088862492412,196.34329342661923,124972600
2016-12-16,196.5225067138672,197.43072344133577,196.1993980662006,197.3695875754708,156420200
2016-12-19,196.95037841796875,197.37828941795942,196.55740599867673,196.7058616537353,90341100
2016-12-20,197.7101287841797,197.8585977665056,197.25603382997915,197.49180928979558,89838800
2016-12-21,197.1599884033203,197.75381107920413,197.1599884033203,197.57915813483626,67909000
2016-12-22,196.8193817138672,197.13376229781852,196.41766800792135,197.01150392212432,56219100
2016-12-23,197.10760498046875,197.11633296437196,196.67096593231537,196.8630748543499,36697800
2016-12-27,197.5966033935547,197.99830378422624,197.36081461849557,197.37828390835725,42672500
2016-12-28,195.9635467529297,197.87602740127372,195.8500296920671,197.85857143816418,64095000
2016-12-29,195.919921875,196.39148612529624,195.47454157315755,196.03343895229162,48696100
2016-12-30,195.20379638671875,196.33906025467053,194.50517144296668,196.2517271397656,108998300
2017-01-03,196.69715881347656,197.21238968074346,195.5095000960341,196.52249253798558,91366500
2017-01-04,197.86737060546875,198.0158262962849,197.02028970921324,197.02901769390803,78744400
2017-01-05,197.7101287841797,197.86732574922175,196.9067146438659,197.59661170821178,78379000
2017-01-06,198.41749572753906,198.88905997373482,197.2734903804356,197.82365977196773,71559900
2017-01-09,197.7625274658203,198.29522754036918,197.72758888625037,198.15549987241712,46939700
2017-01-10,197.7625274658203,198.62706409530054,197.36954173405965,197.77998343044143,63771900
2017-01-11,198.32147216796875,198.32147216796875,197.00281364019108,197.6752415432554,74650000
2017-01-12,197.8236541748047,198.01577639100975,196.45261471388392,197.7974569021553,72113200
2017-01-13,198.27774047851562,198.58337973395635,197.963359916384,197.9982851676597,62717900
2017-01-17,197.5791473388672,198.04198361247654,197.18617490422065,197.6315418867981,61240800
2017-01-18,198.01580810546875,198.05947467526616,197.2735163944115,197.83241384238613,54793300
2017-01-19,197.28225708007812,198.2341270028891,196.84561803381624,198.09439931004542,66608800
2017-01-20,198.00706481933594,198.50482636609325,197.3346370068874,197.9721262361316,129168600
2017-01-23,197.49183654785156,198.06820329061588,196.72336088266542,198.00708075283765,75061600
2017-01-24,198.75808715820312,199.17725688619683,197.5966257664266,197.7101428504708,95555300
2017-01-25,200.4783935546875,200.4783935546875,199.5527078814882,199.7186327976764,84437700
2017-01-26,200.26885986328125,200.60070979140102,199.989404486935,200.3299823986284,59970700
2017-01-27,199.95443725585938,200.49586527742414,199.77104303798194,200.34740963683905,59711100
2017-01-30,198.71441650390625,199.28204188794817,197.71888009216966,199.25584461331024,79737300
2017-01-31,198.69691467285156,198.75805052043825,197.6402559017251,198.2166091745382,75880800
2017-02-01,198.77552795410156,199.6226086539413,198.18170532852884,198.69693613456948,79117700
2017-02-02,198.90652465820312,199.1947079839909,198.0769132613279,198.77552496911912,69657600
2017-02-03,200.27760314941406,200.46099741979958,199.5091274560766,199.8235081159041,80563200
2017-02-06,199.91954040527344,200.26885962529116,199.57896249398473,199.8671458535622,57790100
2017-02-07,199.92828369140625,200.5570449684912,199.73616144978774,200.31252817464326,57931200
2017-02-08,200.19027709960938,200.32126348497374,199.3781215348512,199.9282910037143,51566200
2017-02-09,201.3779296875,201.68356901904872,200.19027097094562,200.19027097094562,65955200
2017-02-10,202.17259216308594,202.39965297925545,201.39537524848973,201.72722516432808,66015900
2017-02-13,203.27291870117188,203.5349047596448,202.64415749090261,202.67035476423345,55182100
2017-02-14,204.08509826660156,204.09383957609185,202.740255796621,203.08956172189295,71109000
2017-02-15,205.1505126953125,205.34263496490482,203.81439811825456,203.86679267811286,86785800
2017-02-16,204.97584533691406,205.36008984913502,204.216097621947,205.1766955773325,84722400
2017-02-17,205.29891967773438,205.29891967773438,204.2859140102751,204.30338330113875,77204100
2017-02-21,206.52154541015625,206.69619836744363,205.665723266665,205.67446457588758,88946100
2017-02-22,206.33815002441406,206.56519753513945,205.9451775413574,206.11110251368868,62115200
2017-02-23,206.47784423828125,206.87954464020922,205.70935536479922,206.86208867502228,74615900
2017-02-24,206.73989868164062,206.7835519342126,205.57843700461714,205.62210358235777,82381600
2017-02-27,207.06297302246094,207.23762597928203,206.39928645647424,206.65253124508985,56515400
2017-02-28,206.50404357910156,206.92321327557818,206.11107115583195,206.6786965088698,96961900
2017-03-01,209.39462280273438,209.86620044119388,208.1632974775156,208.18076677064985,149158200
2017-03-02,208.0759735107422,209.21123768882197,208.02357895755122,209.20249637984605,70246000
2017-03-03,208.20697021484375,208.37289519161766,207.60440617294554,207.9886506822816,81974300
2017-03-06,207.58692932128906,207.94496319154612,206.97562403147873,207.40353506931288,55391500
2017-03-07,206.9669189453125,207.63934684339674,206.75732739489007,207.28129960836267,65103700
2017-03-08,206.58270263671875,207.52584475463587,206.4429749173602,207.26385861213078,78168800
2017-03-09,206.84466552734375,207.17651549222413,205.86659825211814,206.70493782369232,90683900
2017-03-10,207.56944274902344,207.85762607804278,206.6088316522923,207.81395951452512,81991700
2017-03-13,207.6742706298828,207.71793720155634,207.1765090232718,207.50834565262352,57256800
2017-03-14,206.87953186035156,207.17645647732274,206.25951200540976,207.12404860950656,59880800
2017-03-15,208.6697540283203,209.09766500148186,207.22010949899436,207.4558982658518,96081800
2017-03-16,208.25938415527344,208.88814553359043,207.92754749600525,208.8095536925928,78344000
2017-03-17,207.89361572265625,208.7180704639906,207.89361572265625,208.52511240184273,89002100
2017-03-20,207.66554260253906,208.18301486435723,207.27086059578173,207.89357782389942,52537000
2017-03-21,204.99925231933594,208.4023161729764,204.86769609123587,208.27952589903765,131809300
2017-03-22,205.4816436767578,205.77108075638378,204.40284247679617,205.03433912631905,97569200
2017-03-23,205.2623748779297,206.41134386209322,204.88523810797992,205.4816441766826,100410300
2017-03-24,205.11328125,206.1482259560155,204.32391709738266,205.56936515622644,112504900
2017-03-27,204.90274047851562,205.16586627571573,203.13982038860271,203.4204780913179,87454500
2017-03-28,206.39382934570312,206.82358864226526,204.4817939402305,204.5958182677937,93483900
2017-03-29,206.58680725097656,206.82362189894195,205.87637669021956,206.10442538201556,61950400
2017-03-30,207.24459838867188,207.44633581235038,206.34998913942064,206.52540193046178,56737900
2017-03-31,206.76219177246094,207.43753160616654,206.7095558966343,206.90251395858917,73733100
2017-04-03,206.40260314941406,207.01655458437628,205.15715498616575,206.81483055213246,85546500
2017-04-04,206.5341339111328,206.62184698379366,205.7272244985694,206.1131406052597,56466200
2017-04-05,205.92018127441406,208.20935327204728,205.70967793121548,207.21825176629906,108800600
2017-04-06,206.49908447265625,207.02532282995855,205.61322782235356,206.06054581666885,69135800
2017-04-07,206.2885284423828,206.99019278948248,205.79736741435332,206.2446719113514,74412300
2017-04-10,206.41134643554688,207.21825585904153,205.87632880459395,206.42889172694393,67615300
2017-04-11,206.16578674316406,206.27103173592013,204.65721272568553,206.02545116406432,88045300
2017-04-12,205.2623748779297,206.07806362852122,205.03433962515558,205.88510557496778,81864400
2017-04-13,203.92916870117188,205.66579079914888,203.92916870117188,204.92026999498506,92880400
2017-04-17,205.73602294921875,205.73602294921875,204.25376021224056,204.45548423833822,68405400
2017-04-18,205.12205505371094,205.66585205687593,204.42916990506671,204.9904988176193,83225800
2017-04-19,204.7449188232422,206.06930067507696,204.51687016920096,205.6921638751426,68699900
2017-04-20,206.41134643554688,206.8586643757868,205.0431081355718,205.36762241916853,92572200
2017-04-21,205.7535400390625,206.3850367026233,205.35009201592632,206.3324142111826,110389800
2017-04-24,208.0164031982422,208.2269065495145,205.7272311128092,208.02516915253577,119209900
2017-04-25,209.22682189941406,209.57764751530152,208.57777978856893,208.6654928841105,76698300
2017-04-26,209.09523010253906,210.08633176796639,209.05138694255282,209.1917091441571,84702500
2017-04-27,209.2706298828125,209.57759887969246,208.72683290630195,209.41973140412043,57410300
2017-04-28,208.8144989013672,209.56000633982177,208.68292931825172,209.5336950998253,63532800
2017-05-01,209.3407745361328,209.77054717151773,208.91978123773953,209.3407745361328,66882500
2017-05-02,209.41973876953125,209.60391749750963,209.00751139130207,209.4811272178118,57375700
2017-05-03,209.16539001464844,209.51622896328624,208.48127079372654,209.41974992530302,73137700
2017-05-04,209.4109649658203,209.55130054150834,208.551432985221,209.47236679886024,61462700
2017-05-05,210.2354278564453,210.25297314986761,209.34080525583454,209.78812324770874,62001300
2017-05-08,210.2003173828125,210.42835262865916,209.7705447523838,210.279251116013,48385700
2017-05-09,210.0073699951172,210.66517790478292,209.6565310800804,210.4634538930969,51363200
2017-05-10,210.38449096679688,210.38449096679688,209.75299435031053,209.9634976835177,54293800
2017-05-11,209.95472717285156,210.1213739684649,208.85838076290582,209.92841592966366,62358300
2017-05-12,209.60389709472656,209.9985791422559,209.33200531494268,209.7003761181791,53912700
2017-05-15,210.76165771484375,210.88444798977778,210.01613672787107,210.033682019472,61918900
2017-05-16,210.56871032714844,211.08618269894055,210.17402823651273,211.05987145177397,51241800
2017-05-17,206.83238220214844,210.56872680672456,206.77098036519635,210.56872680672456,172174100
2017-05-18,207.66554260253906,208.52507438796482,206.49024915194656,206.75337495082948,107047700
2017-05-19,209.01625061035156,209.6916037538728,208.10409627543336,208.15671876241046,115011400
2017-05-22,210.07752990722656,210.2441767127333,209.46357855783515,209.53373295507785,61010600
2017-05-23,210.54241943359375,210.70906627051687,210.06879017253453,210.4547063458011,48341700
2017-05-24,211.03355407714844,211.13879906275898,210.43713459803698,210.7792075675442,46927700
2017-05-25,212.04214477539062,212.3228158579227,211.34049383532815,211.55098376409336,64071700
2017-05-26,211.99832153320312,212.16495494807594,211.7702729114512,211.84920664214914,46629900
2017-05-30,211.8141632080078,212.06850973073313,211.51596014463684,211.67382763119656,35201900
2017-05-31,211.76153564453125,212.14745177995766,211.05987116040478,212.11236119502604,91796000
2017-06-01,213.44549560546875,213.46304089573397,211.93692183790537,212.22635890317295,68962000
2017-06-02,214.15589904785156,214.31377987413137,213.1998882871097,213.49809126847504,88666100
2017-06-05,213.998046875,214.26993863524237,213.79630950573963,213.98050158568725,44698800
2017-06-06,213.31396484375,213.98930469350262,213.23501771970237,213.42797578624223,50375400
2017-06-07,213.70864868164062,213.9366839516294,212.9806729488488,213.6560261872691,54144300
2017-06-08,213.81385803222656,214.29625312212195,213.2788404567307,213.8050920790047,65950700
2017-06-09,213.48936462402344,214.89268011519403,212.20882602248346,214.08577069656533,132256400
2017-06-12,213.44549560546875,213.4981180931292,212.5859637463662,213.24377160839202,86108100
2017-06-13,214.48922729492188,214.54184978448131,213.6384613586822,213.9892868778357,60067000
2017-06-14,214.21734619140625,214.7698957424674,213.38411212138257,214.76112978814896,78602300
2017-06-15,213.80508422851562,213.92787448478632,212.56840232977444,212.84906003704995,66464900
2017-06-16,213.85182189941406,214.01928137997075,212.96165883504472,213.96640226998448,84553100
2017-06-19,215.63217163085938,215.6938594459482,214.59216644135384,214.68911596369418,65123800
2017-06-20,214.17794799804688,215.2796411014144,214.16033059124254,215.27083239801223,56906400
2017-06-21,214.125,214.6890661495364,213.6490746497403,214.5744992485541,55977600
2017-06-22,214.028076171875,214.63621279399302,213.85180800057688,214.1338478333734,44148100
2017-06-23,214.28370666503906,214.61861220320677,213.70200951417746,214.08980761475186,66986800
2017-06-26,214.42469787597656,215.3853843561002,214.21318143502486,214.96232457739606,56700500
2017-06-27,212.6972198486328,214.50399872602804,212.67958899832308,214.20432806435585,82247700
2017-06-28,214.6009521484375,214.8036598613064,213.4904371814195,213.72840659555175,70042600
2017-06-29,212.71484375,214.80364892212242,211.48976193726185,214.750769821319,106949700
2017-06-30,213.1114959716797,213.9135317008948,212.9175969283881,213.53454231686095,86820700
2017-07-03,213.47286987304688,214.50405297840064,213.47286987304688,214.06337574798954,39153800
2017-07-05,213.96640014648438,214.1779165843302,213.0233445330878,213.8430110749409,54427600
2017-07-06,212.00979614257812,213.31419684308418,211.8247058078007,213.19080776936605,65400800
2017-07-07,213.38470458984375,213.53453321720224,212.01860264246903,212.59149104538116,57972300
2017-07-10,213.6138916015625,213.99288103991563,213.07626480417974,213.38474426682993,36663300
2017-07-11,213.4552001953125,213.7724882814366,212.27418866022805,213.61383751417486,50354600
2017-07-12,215.0592803955078,215.22673988176697,214.43352630816128,214.43352630816128,59610400
2017-07-13,215.4206085205078,215.53518887880873,214.83891147614776,215.06807219274958,39471600
2017-07-14,216.42535400390625,216.7867124849176,215.32366115818806,215.42061066654722,60262700
2017-07-17,216.3989715576172,216.73389057458593,216.22270334546616,216.34609243881212,33531900
2017-07-18,216.51353454589844,216.56641366045355,215.64098881053474,215.9847165035444,42742500
2017-07-19,217.6857452392578,217.69455394252716,216.82200817639355,216.83083032806482,51034300
2017-07-20,217.78265380859375,218.0646801925906,217.22739629381329,217.9412911280171,47135200
2017-07-21,217.58876037597656,217.61519992989304,216.9718015888594,217.20096232066854,82340800
2017-07-24,217.53587341308594,217.6768798794156,217.05993456297563,217.5094204117249,46622300
2017-07-25,218.06466674804688,218.3995856662685,217.83551948465234,218.29381401144144,54915600
2017-07-26,218.07351684570312,218.3908049736175,217.8091212794421,218.35555671424973,47575400
2017-07-27,217.87078857421875,218.5758747307722,216.53112622160722,218.54062647472446,70766600
2017-07-28,217.61524963378906,217.74744743356578,216.92779417814447,217.38608884963898,50088400
2017-07-31,217.49179077148438,218.11754475423706,217.28026091129271,218.02059524936573,65838700
2017-08-01,217.97653198242188,218.13516928667198,217.44771407145856,218.09992103519355,55050400
2017-08-02,218.0823211669922,218.22334108973607,217.13926556309255,218.10876072145666,47211200
2017-08-03,217.65927124023438,217.99417674070116,217.37723139942042,217.96773718667484,40856000
2017-08-04,218.0558624267578,218.39076790330762,217.6680643975328,218.15281193406406,60191800
2017-08-07,218.46128845214844,218.46128845214844,218.02061129727767,218.12638295935832,31995000
2017-08-08,217.9236602783203,219.3779029483774,217.54468438298383,218.14399885423202,61719400
2017-08-09,217.91485595703125,217.9677350645691,216.8660421628652,217.22740066224,62632600
2017-08-10,214.83895874023438,217.20099569073366,214.78607962427722,217.06878445243902,120479500
2017-08-11,215.1561737060547,215.7555015293314,214.83007696962895,215.06804635890038,74869900
2017-08-14,217.2890625,217.50940105400474,216.4165304331161,216.4517786844617,73291900
2017-08-15,217.2626495361328,217.69451799625372,216.95418359181764,217.6768871442244,55242700
2017-08-16,217.64163208007812,218.19688959023495,217.20976363346736,217.79146069664122,56715500
2017-08-17,214.24844360351562,217.34200623730254,214.24844360351562,217.02471810687314,128490400
2017-08-18,213.9135284423828,215.21792916505578,213.4640290995991,214.0809744786741,136748000
2017-08-21,214.08099365234375,214.34540268088583,213.13795137023925,213.8518463334216,65469700
2017-08-22,216.3196258544922,216.4782631910887,214.65386657822438,214.67149743175762,63140100
2017-08-23,215.54400634765625,215.97587479786606,215.19147000555805,215.34129862336977,50203800
2017-08-24,215.04164123535156,216.09044155929024,214.8301113612029,215.9318042399783,50741700
2017-08-25,215.54400634765625,216.4694310561633,215.39417772984456,215.84366358327966,64445900
2017-08-28,215.55282592773438,216.10806998749916,215.12976618418116,216.081630434577,40565600
2017-08-29,215.79966735839844,216.0640629651801,214.10745478457656,214.2220351797841,51135700
2017-08-30,216.8219757080078,217.09520684926488,215.59689371692585,215.78198404508063,62030800
2017-08-31,218.12640380859375,218.3731819630373,216.85725132951228,217.44775715967364,103803900
2017-09-01,218.4348602294922,218.86672870509148,218.2850316028721,218.50537019173697,62007000
2017-09-05,216.86605834960938,218.15284167214006,215.88775444194033,217.92368092450545,91398800
2017-09-06,217.60638427734375,217.94130323481943,217.0158784749104,217.55350516793183,57916900
2017-09-07,217.5799560546875,217.9325058831288,217.16571841151952,217.91487502960652,58034700
2017-09-08,217.32435607910156,217.7914728062412,217.0775779382882,217.28909437418534,63832800
2017-09-11,219.64236450195312,219.72168318065093,218.59355047782904,218.61116788527124,71364800
2017-09-12,220.3826141357422,220.4178623854453,219.82735670203698,220.0124469960712,56896000
2017-09-13,220.48838806152344,220.5236497621393,219.97720098978024,220.09178134418428,59228000
2017-09-14,220.41787719726562,220.62059835397275,219.98602222949472,220.16229038665008,95446300
2017-09-15,220.71463012695312,220.80319484501436,220.16548292349447,220.2717659912243,95432400
2017-09-18,221.18408203125,221.5383679610094,220.79435939942948,221.08665137329487,46235200
2017-09-19,221.4054718017578,221.4940500248398,221.07775670360522,221.43204256565454,47108100
2017-09-20,221.48524475097656,221.60039376949084,220.47551490095094,221.49411068479645,59574100
2017-09-21,220.89175415039062,221.4143305421382,220.71461121430636,221.3257658316659,48211400
2017-09-22,220.93606567382812,221.10435621047762,220.56406141577497,220.59063218312582,51214000
2017-09-25,220.48431396484375,221.03347463820757,219.7314531052043,220.6791752497245,57064400
2017-09-26,220.61715698242188,221.16630408010684,220.3780066109527,220.9183012930789,54082000
2017-09-27,221.47633361816406,221.86605617891735,220.43116734022215,221.32576144971657,81001400
2017-09-28,221.7420654296875,221.8217777259066,221.1043400296546,221.1929047426291,44778800
2017-09-29,222.52149963378906,222.60122544606557,221.54720668901885,221.73320204900344,85578000
2017-10-02,223.48696899414062,223.48696899414062,222.57465641998374,222.75181289039318,59023000
2017-10-03,223.96522521972656,223.9917959835695,223.4072121487464,223.48693795541448,66810200
2017-10-04,224.23097229003906,224.4789751246636,223.69952992147742,223.814678921532,55953600
2017-10-05,225.55958557128906,225.57729040744303,224.26641622951786,224.56756062584057,63522800
2017-10-06,225.3026885986328,225.59498054031738,224.84211964368177,225.10782730417645,80646000
2017-10-09,224.93072509765625,225.59502139948935,224.66500387389445,225.53302743919255,35803100
2017-10-10,225.5240936279297,225.90496375422182,224.95722816158457,225.5063887961124,43057400
2017-10-11,225.87840270996094,225.87840270996094,225.2583956912101,225.42667269154725,47674300
2017-10-12,225.5418701171875,225.91387440833097,225.3027196746159,225.55958846871118,47065100
2017-10-13,225.81642150878906,226.099861044685,225.54184790535297,225.98471204383466,54800400
2017-10-16,226.11758422851562,226.31244554647162,225.70130433849184,226.04673785393348,38221700
2017-10-17,226.2770233154297,226.32131243608723,225.84301155721317,226.06444364535878,31561000
2017-10-18,226.4984130859375,226.70212678473098,226.30355180356474,226.65783767234817,40888300
2017-10-19,226.56045532226562,226.595892025781,225.28501781370355,225.71016364989092,61903800
2017-10-20,227.72959899902344,227.7561967981179,226.5427397901412,227.36647416870304,89176400
2017-10-23,226.84390258789062,228.08394405432665,226.76419027024045,228.0573732817766,63915300
2017-10-24,227.24246215820312,227.481599080585,226.87931029291542,227.27789886050252,66935900
2017-10-25,226.11758422851562,227.02103092857143,224.97500060517544,226.90588191837688,103715300
2017-10-26,226.4098358154297,227.01212449792789,226.28583440931888,226.73756443633218,69798000
2017-10-27,228.2610321044922,228.4204837411437,226.4187291380137,227.16273766468478,85562500
2017-10-30,227.41075134277344,228.16362583798835,227.10960695074422,227.1627484887327,54285700
2017-10-31,227.76507568359375,228.02194451404608,227.46393124077886,227.7916464570689,60304800
2017-11-01,228.06619262695312,228.89877946916948,227.69420184315396,228.5533594556417,54202700
2017-11-02,228.15480041503906,228.296520218266,226.9147859246639,227.99537577276695,56449500
2017-11-03,228.91647338867188,228.9607489883562,227.89786429312585,228.31415764522498,59589700
2017-11-06,229.27078247070312,229.40363631347665,228.71276930077096,228.78361567348904,49652600
2017-11-07,229.1113739013672,229.71366271763398,228.59763629962734,229.37708160551864,57502200
2017-11-08,229.50106811523438,229.59851229301526,228.65077643688397,228.93421600642915,50469600
2017-11-09,228.6685028076172,228.86336412821015,227.06530960666151,228.27878016643123,95085500
2017-11-10,228.5976104736328,228.77476694324292,227.9598850254316,228.2787612646733,59984700
2017-11-13,228.8101806640625,229.04047867257665,227.87131082512704,227.90674752573292,50228600
2017-11-14,228.27877807617188,228.3850611536522,227.20702730758194,227.99533851603482,61315200
2017-11-15,227.13619995117188,227.8270670429257,226.41876208782313,227.29562458074128,80811500
2017-11-16,229.0670623779297,229.4390801795958,228.04848017781458,228.09275578336053,67777000
2017-11-17,228.39389038085938,229.04048178185138,228.31417807612607,228.71276663007566,75756800
2017-11-20,228.7836456298828,228.97850696822647,228.39392295319553,228.64195286589373,48075500
2017-11-21,230.2804718017578,230.46649419019062,228.7481792769862,229.56303410431767,69176800
2017-11-22,230.0767822265625,230.4222021933561,229.90849169418462,230.28934835997393,45033400
2017-11-24,230.6082305908203,230.71454070303463,230.43110113103378,230.57282091703422,27856500
2017-11-27,230.4930419921875,230.95361089086862,230.28931479051136,230.65246656900663,52274900
2017-11-28,232.83145141601562,232.8580221903685,230.86513302303507,230.96257721585513,98971700
2017-11-29,232.68972778320312,233.50460990044078,232.2380246266317,232.96430145709772,77512100
2017-11-30,234.72682189941406,235.6479596987731,233.5399494411696,233.61966172975195,127894400
2017-12-01,234.23977661132812,234.99265132296324,230.96259702875705,234.50551140794195,164390900
2017-12-04,233.95628356933594,236.31229703483473,233.90311500405937,235.87829882228743,94040600
2017-12-05,233.1148223876953,234.8508422049133,232.9819685550503,233.1148223876953,77994500
2017-12-06,233.15904235839844,233.59306748185864,232.68960757486897,233.21218387877727,75898600
2017-12-07,233.8942413330078,234.21309049557604,232.89336418892717,233.8942413330078,77218600
2017-12-08,235.16970825195312,235.17854715355924,233.8588207559536,234.85969796901566,76563900
2017-12-11,235.8782958984375,235.94030336525628,235.14315331994106,235.8782958984375,83077500
2017-12-12,236.2945556640625,236.77285643533835,235.9136990453975,236.67541228272748,85195800
2017-12-13,236.26803588867188,236.9854736852738,236.1794576481676,236.54260951303638,102905400
2017-12-14,235.30252075195312,236.68425436952424,235.24937923052926,236.5691053963474,100666700
2017-12-15,237.2620086669922,237.7338430085151,236.26492682592055,236.31833998394634,144610300
2017-12-18,238.76661682128906,239.12271370818635,238.5707594582279,238.677585807452,83653600
2017-12-19,237.8496551513672,239.06039000416735,237.77841947270184,239.01588808133982,82382900
2017-12-20,237.72500610351562,238.88232778059586,237.4223223905631,238.82891460586606,76751500
2017-12-21,238.21463012695312,238.9357623051462,237.96535959480073,238.35707431224742,67032300
2017-12-22,238.15231323242188,238.26805082145802,237.60924312274037,238.23243298595887,78720900
2017-12-26,237.867431640625,238.08999557403115,237.60036578791718,237.7427827970621,45244400
2017-12-27,237.98312377929688,238.348131820582,237.70714672805948,238.03653693963676,57751000
2017-12-28,238.47276306152344,238.5172921425598,238.09887092410892,238.4905855613159,45116100
2017-12-29,237.57357788085938,239.07811190121214,237.3777477458111,239.0603165712376,96007400
2018-01-02,239.2739715576172,239.30958938635928,238.05432581552014,238.44604042635405,86655700
2018-01-03,240.7874755859375,240.93883101868462,239.44318069950288,239.44318069950288,90070400
2018-01-04,241.80235290527344,242.29200987226258,240.84979989414282,241.43737195346006,80636400
2018-01-05,243.41368103027344,243.53830267793973,242.1050043033413,242.6035452308923,83524000
2018-01-08,243.85887145996094,244.0191109774676,243.0220288661597,243.31580131492188,57319200
2018-01-09,244.41075134277344,245.04282513741748,244.00121425356372,244.28610253255093,57254000
2018-01-10,244.03689575195312,244.3039887713562,242.96860517968702,243.64518105825425,69574300
2018-01-11,245.81741333007812,245.81741333007812,244.42861653362738,244.59776729959438,62361500
2018-01-12,247.41986083984375,247.5889844174419,245.78176654463016,246.08447737219623,90816100
2018-01-16,246.57408142089844,249.35167439727704,245.87077192737843,248.6928939824405,106555100
2018-01-17,248.9243927001953,249.31610739656406,246.5741316904318,247.51780059483406,113258800
2018-01-18,248.50596618652344,249.23595514508034,248.00739804559979,248.80864983635345,100728000
2018-01-19,249.63658142089844,249.63658142089844,248.5059665652417,249.09351136563657,140920100
2018-01-22,251.6663818359375,251.6663818359375,249.3695069536698,249.42294728975625,91322400
2018-01-23,252.2005157470703,252.49428814004125,251.38146864350102,251.7108588675258,97084700
2018-01-24,252.1026153564453,253.45582147669455,250.90967591832242,252.85042692205445,134816100
2018-01-25,252.20941162109375,253.07296067752384,251.40818697981075,252.97504559810355,84587300
2018-01-26,255.1294708251953,255.17399991200986,252.79700519907914,253.05518696356899,107743100
2018-01-29,253.43800354003906,254.99595112190576,253.277764023475,254.55082324137243,90118300
2018-01-30,250.8384552001953,253.49139980340493,250.3577095141209,251.58626672939553,131796400
2018-01-31,250.9630584716797,252.20941092897138,249.87694550851563,251.7019858642338,108364800
2018-02-01,250.67811584472656,251.99570368184015,249.87689137920668,250.224104043048,90102500
2018-02-02,245.22096252441406,249.47638401498818,245.1853446864756,249.34282391483137,173174800
2018-02-05,234.96517944335938,245.57703929914857,234.41322525851263,243.4404310613605,294681800
2018-02-06,239.59449768066406,240.10194990093936,230.30913814947783,231.41304641664922,355026800
2018-02-07,238.29476928710938,242.4700437724352,238.2146223611282,239.03366960775674,167376100
2018-02-08,229.3565673828125,238.7398695379648,229.32094954965896,238.59742537379697,246449500
2018-02-09,232.8018341064453,234.68026033887926,225.1634396020239,232.17864433323774,283565300
2018-02-12,236.22042846679688,237.70716734103115,232.94429422911963,234.87613375530242,143736000
2018-02-13,236.80796813964844,237.3599222146773,234.4131786191969,235.00075052216252,81223600
2018-02-14,240.00399780273438,240.3690058496082,235.29453819207214,235.30344944174647,120735700
2018-02-15,243.0664520263672,243.07536327504667,239.2739549968918,241.76668663589257,111200300
2018-02-16,243.13768005371094,245.10516437914734,242.3898686524345,242.4343977309701,160420100
2018-02-20,241.6154022216797,243.6363001377763,240.8141774899685,242.17626768441224,86369700
2018-02-21,240.41351318359375,244.5710187771023,240.31559810874418,242.06049147228845,98883700
2018-02-22,240.72515869140625,243.08433108660486,240.04858276974298,241.34834860792685,110511300
2018-02-23,244.56216430664062,244.56216430664062,241.48188683200513,241.96263257332546,92766400
2018-02-26,247.40203857421875,247.49998082286467,245.05177779651797,245.64823386497073,86491400
2018-02-27,244.31285095214844,248.31011728608,244.2505265363634,247.5889852162532,99099200
2018-02-28,241.8379364013672,245.8797045678221,241.5174574154933,245.42566550272167,121907800
2018-03-01,238.3214111328125,243.1911098641222,236.8079658969215,241.62425147105316,176855100
2018-03-02,239.5500030517578,240.11977976737097,235.75753206619834,236.62996530536336,139083200
2018-03-05,242.31863403320312,242.94182371795614,238.24124884232504,238.34810231822237,97307400
2018-03-06,242.93296813964844,243.38700721882793,241.41952265468117,243.3068603014285,79213200
2018-03-07,242.8439483642578,243.200045209989,240.5471006161109,240.74295795653023,87063500
2018-03-08,244.01905822753906,244.14367988028798,242.52343538388803,243.529401360852,66901200
2018-03-09,248.2655487060547,248.2655487060547,245.12294785541255,245.44345396528473,113625300
2018-03-12,247.95401000976562,249.19147848473196,247.56229532477252,248.5594045392219,71924800
2018-03-13,246.3515167236328,249.63656187448666,245.73723822105407,249.129109690888,91968900
2018-03-14,245.0873260498047,247.5088220744818,244.52648791140516,247.32187602834864,105895100
2018-03-15,244.82025146484375,246.25354971438645,244.31279933229087,245.6036806164817,83433000
2018-03-16,245.08578491210938,246.1494343264616,245.03215782207974,245.35392036225767,100343700
2018-03-19,241.76974487304688,245.2645898653579,240.09830319786872,244.32608829416887,109208400
2018-03-20,242.1808624267578,242.82441477487495,241.49260265277013,242.17191548613212,59757300
2018-03-21,241.716064453125,244.25451342863943,241.50155609040112,242.13616151496507,78709600
2018-03-22,235.6739044189453,240.32175940908556,235.3967946853011,239.4636984885968,148785900
2018-03-23,230.6505126953125,236.45142989993636,230.45387097181248,236.12072047342582,183534800
2018-03-26,236.96092224121094,237.24695156813448,231.8661578320179,234.29735255635208,141956100
2018-03-27,232.92987060546875,238.44473356494916,231.3567361566209,237.90846252762864,129941400
2018-03-28,232.24156188964844,234.75322468104997,231.12428533434476,233.0638894363462,146452300
2018-03-29,235.2090301513672,237.09500696191495,232.25048432724498,233.3945743080784,111601600
2018-04-02,230.13218688964844,235.19121906578187,227.6294843513191,234.67278740117527,186286300
2018-04-03,233.08175659179688,233.5644277024605,229.56904564016983,231.3835016791771,119956900
2018-04-04,235.5755157470703,236.29056180362554,229.3545277678125,229.48859549375928,123715300
2018-04-05,237.43467712402344,238.32849832576616,236.25482659118103,237.35420921187924,82652600
2018-04-06,232.1432342529297,236.9609161520083,230.6058607567941,235.45038347701143,179521200
2018-04-09,233.28738403320312,236.71965491582225,232.33993553693526,233.61809358490325,105442900
2018-04-10,236.99668884277344,237.79220281432418,235.05711208851858,236.21012181206305,103529000
2018-04-11,235.75425720214844,237.43464519985025,235.42354776633036,235.49504145086345,91140200
2018-04-12,237.69386291503906,238.65025813651008,236.91624284277574,237.09501799198347,68890500
2018-04-13,236.99668884277344,239.13293463196453,235.97774684554128,239.01673351007432,85079200
2018-04-16,238.94517517089844,239.72282241641628,237.81897916873436,238.65022621913639,63405300
2018-04-17,241.50152587890625,242.10931768209582,240.21442130906053,240.7328255465445,64682000
2018-04-18,241.68031311035156,242.49366635040468,241.21550865631355,241.94844854363757,57303900
2018-04-19,240.339599609375,241.22447388355718,239.29381678576613,241.01888518428126,77655900
2018-04-20,238.3016815185547,240.49155459441363,237.40786022673652,240.26809927145908,99953100
2018-04-23,238.2659149169922,239.44576540339585,237.17545200269618,238.8826537041006,65558000
2018-04-24,235.05715942382812,239.52626638260853,233.53765214693715,239.3028110346695,112885500
2018-04-25,235.63804626464844,236.08495678678227,233.15322485267444,234.99449402168557,103840900
2018-04-26,238.03355407714844,238.87374830200062,236.22804482654166,236.674955487537,67731900
2018-04-27,238.25697326660156,238.95415270090908,237.30952499119024,238.6502567708015,57053600
2018-04-30,236.42462158203125,239.44574118379015,236.35310062067646,238.88262954145284,82182300
2018-05-01,236.84469604492188,236.95195019949514,234.27940688753608,235.8525405606155,74203400
2018-05-02,235.25375366210938,237.47041280809466,234.86047014706193,236.64811256918355,86368900
2018-05-03,234.7353057861328,235.39672470767096,231.54435773765962,234.4135432655759,136311500
2018-05-04,237.77435302734375,238.46261294548088,233.42144728319658,233.75215682851578,91222100
2018-05-07,238.57875061035156,239.5619320422149,237.85473039211973,238.55193706725086,55304900
2018-05-08,238.57875061035156,238.94519327364233,236.99666973564086,238.2033337296853,67499200
2018-05-09,240.88479614257812,241.21550559852417,238.73068393163163,239.25803512858022,59666100
2018-05-10,243.13723754882812,243.46797431190714,241.52837026965904,241.63562445130248,72063900
2018-05-11,243.87913513183594,244.1472705977064,242.74396467937757,243.26239628307383,59871500
2018-05-14,243.9954071044922,244.9785889496613,243.44121485201464,244.3171697569618,54790600
2018-05-15,242.31494140625,242.77077168595017,241.35854614164302,242.75290508112678,87036100
2018-05-16,243.33392333984375,243.7987279140853,242.3239008178358,242.35074164536243,53942600
2018-05-17,243.1282958984375,244.21875877529683,242.3417289345053,243.06572187238464,56536400
2018-05-18,242.5204620361328,243.1461477040711,242.16293905899153,242.7796777873935,64368000
2018-05-21,244.3438720703125,244.88911713067935,243.6288260944029,244.02210956432984,58025900
2018-05-22,243.66455078125,245.13043044105353,243.33384134702115,244.87121469101422,52966400
2018-05-23,244.33489990234375,244.3617407189931,242.21654845824958,242.37745697188222,64694200
2018-05-24,243.83448791503906,244.209904937223,242.028978352053,243.9328224616476,76043800
2018-05-25,243.25343322753906,243.88803863956662,242.74394859887585,243.2534332275391,56374800
2018-05-29,240.45571899414062,242.37745599306703,239.32952306677623,241.60875573804594,115908600
2018-05-30,243.66455078125,244.11146131988457,241.70710771710483,241.77860140129437,69678400
2018-05-31,242.17190551757812,243.55731739463533,241.56411367972447,243.25342147570848,93519900
2018-06-01,244.5494842529297,244.85338018576667,243.41431387855172,243.48583484937112,71258400
2018-06-04,245.71139526367188,245.97061099955135,245.1393639896396,245.38068584750826,45385200
2018-06-05,245.89028930664062,246.27462598821745,245.06796156075728,245.84558186724357,51135000
2018-06-06,247.94595336914062,248.05320753058734,245.88122892952998,246.50691457430747,62732200
2018-06-07,247.91920471191406,248.73258535209388,246.99856988221796,248.437636330924,72969400
2018-06-08,248.6521453857422,248.7057724806461,247.28459991117086,247.4544281374535,72139700
2018-06-11,248.98284912109375,249.7068421627629,248.75939380509067,248.87559493377393,58892500
2018-06-12,249.30459594726562,249.6710385982985,248.6520967173,249.4029031762609,72329000
2018-06-13,248.50912475585938,249.80517649860923,248.30353604547707,249.54596069460723,79070600
2018-06-14,249.13485717773438,249.67112821429671,248.53598481721934,249.3851260872186,77097600
2018-06-15,248.81698608398438,249.15816772427115,247.21884108454591,248.341134690886,120041600
2018-06-18,248.30517578125,248.4308857978798,246.85967498845994,247.34448602469521,52917600
2018-06-19,247.3534698486328,247.57792853270598,245.58473432214657,246.0067177441938,97531500
2018-06-20,247.77542114257812,248.44879710748353,247.43423960306797,248.04476056864502,53785500
2018-06-21,246.22227478027344,247.78452639552702,245.71948934540484,247.76655215872736,71061400
2018-06-22,246.67108154296875,247.6138243598465,246.44662288177008,247.49710147206497,54898500
2018-06-25,243.3132781982422,245.66560144852366,241.6073972258796,245.5039977289812,137854200
2018-06-26,243.85194396972656,244.713857729868,243.1246999533971,243.8878650346579,68547400
2018-06-27,241.831787109375,245.88999017646876,241.67914315121672,244.44448943035536,105110700
2018-06-28,243.21450805664062,243.98663291509155,241.05968238708726,241.77796674352058,76650500
2018-06-29,243.5646209716797,245.70147215791323,243.44789806490743,244.3187989080427,97592500
2018-07-02,244.08526611328125,244.24689714184495,241.7329441834201,241.97537702639886,63554800
2018-07-03,243.22344970703125,245.09096149529174,242.79250652492848,244.99218541623014,42187100
2018-07-05,245.2076416015625,245.270496611585,243.27730232035296,244.36370212305212,56925900
2018-07-06,247.28163146972656,247.6587066790417,244.84847983932377,245.23456956279853,66493700
2018-07-09,249.5083465576172,249.56221446683276,248.2513830096702,248.29626380076638,50550400
2018-07-10,250.4061737060547,250.50494980301178,249.66994243691823,249.96624332803998,51966800
2018-07-11,248.5745086669922,249.6339744656792,248.26924814863878,248.83488840901828,77054700
2018-07-12,250.82806396484375,250.88193185233243,249.23890648444888,249.84942747581354,60124700
2018-07-13,251.02565002441406,251.3309105946877,250.19067016457026,250.64857471985377,48216000
2018-07-16,250.80117797851562,251.21417432814718,250.35226056377644,251.07054486720585,48201000
2018-07-17,251.815673828125,252.21072324797916,249.96613672596135,250.02000461051074,52315500
2018-07-18,252.34539794921875,252.4531337204479,251.44756332265786,251.8964806359383,44593500
2018-07-19,251.3937530517578,252.05814205976202,250.90891457037233,251.67207965779983,61412100
2018-07-20,251.1064453125,251.82472963532325,250.94484161476925,251.18724716136538,82337700
2018-07-23,251.57333374023438,251.77981821810025,250.5497888682655,250.89995760859534,47047600
2018-07-24,252.8392333984375,253.69218737961495,251.95937287021488,253.00086447890538,68026900
2018-07-25,254.99400329589844,255.317210587073,252.54290507221236,252.5877858405189,78882900
2018-07-26,254.39251708984375,255.08384004407264,254.16805838265645,254.26683446168602,57919500
2018-07-27,252.66871643066406,254.82351476884924,251.7349604375431,254.72473867931606,76768700
2018-07-30,251.34881591796875,252.91103940805223,250.8190693738886,252.74943575040328,63742500
2018-07-31,252.58787536621094,253.20738362693996,251.7349486679255,252.12101109135196,68570500
2018-08-01,252.16578674316406,253.3060541040555,251.51038508821105,252.7942818586035,53853300
2018-08-02,253.53952026367188,253.71008362615802,250.63950470561625,250.846016522975,63426400
2018-08-03,254.6260223388672,254.6798902491845,253.48575430439888,253.66533227195717,53935400
2018-08-06,255.5597381591797,255.87395845324045,254.26685371589826,254.6619032624424,39400900
2018-08-07,256.4036560058594,256.7897458025152,256.0983954548309,256.23309259771355,43196600
2018-08-08,256.2959289550781,256.69996559802166,255.8290646963561,256.23310133929965,42114600
2018-08-09,255.94578552246094,256.75383140200915,255.81111577582706,256.3587818787198,35717000
2018-08-10,254.23089599609375,255.0389418067135,253.51261174240972,254.49127575053814,77076000
2018-08-13,253.27920532226562,255.12874283845755,252.98290449117764,254.50923462772158,65732900
2018-08-14,254.89532470703125,255.13775766784457,253.62041448250096,254.01546403369971,43842000
2018-08-15,252.99183654785156,253.6741996227069,251.53734885649195,253.53054279643536,102925400
2018-08-16,255.0388946533203,255.91878242649992,254.41039947251522,254.44632052849377,69967900
2018-08-17,255.93678283691406,256.38570023154836,254.41943985107073,254.83243618220615,65618500
2018-08-20,256.4844665527344,256.75380601937525,255.93677310424152,256.3946775972733,39807500
2018-08-21,257.08599853515625,257.9568993369797,256.52035825977975,257.0051966957799,67272000
2018-08-22,256.9334411621094,257.46316049765943,256.40369442681094,256.6730613531955,44993300
2018-08-23,256.5922546386719,257.62475933756605,256.269019813078,256.7538583515949,49204900
2018-08-24,258.136474609375,258.2801314556016,257.12191697022223,257.17578486258947,57487400
2018-08-27,260.17462158203125,260.28235739657146,259.1869976158303,259.3486013376407,57072400
2018-08-28,260.3002624511719,260.74917982561186,259.8333708459194,260.6414166399629,46943500
2018-08-29,261.70086669921875,261.9342850880388,260.2733128224828,260.51571832616764,61485500
2018-08-30,260.64141845703125,261.59312110549945,260.0398845149436,261.21604585219666,61229500
2018-08-31,260.65045166015625,261.0993691171025,259.73466991189485,260.2284681546369,66140800
2018-09-04,260.2015686035156,260.5606971366023,259.1870106327265,260.22850255850335,57594400
2018-09-05,259.5011901855469,260.0488836593822,258.4776727652097,259.84237179224044,72452400
2018-09-06,258.72003173828125,259.91413974707876,257.67854027359704,259.60887925911356,65909900
2018-09-07,258.21734619140625,259.2049701511287,257.41825990589246,257.66069288676704,73524800
2018-09-10,258.6661682128906,259.5101349760914,258.4686434938492,259.2407681411772,50210900
2018-09-11,259.51910400390625,259.96802134513405,257.6606070350255,258.0107483133184,50530500
2018-09-12,259.5819091796875,260.19243007062744,258.7828507135497,259.52804130105955,59810800
2018-09-13,261.1172790527344,261.3058440858234,260.37208823539595,260.6594019431803,51034200
2018-09-14,261.16217041015625,261.512311706674,260.3720714645122,261.32377408547217,55079900
2018-09-17,259.7795715332031,261.1442708478659,259.50124487955316,261.1083771762493,68244000
2018-09-18,261.1890869140625,261.7906207985933,259.96801751604323,259.9949514601306,61930400
2018-09-19,261.46746826171875,261.8894517406764,261.1172995154634,261.2430095473742,49080600
2018-09-20,263.5862731933594,263.9095079013693,261.4853434903775,262.74233386629203,100360600
2018-09-21,263.3455505371094,264.45489651195345,263.1832152794582,264.3376452068341,105479700
2018-09-24,262.4706115722656,262.9035329587654,261.88438278397274,262.7592258299321,53409600
2018-09-25,262.2271423339844,263.0388459542531,261.98363950503597,262.93062247472045,44370000
2018-09-26,261.4425048828125,263.57097346086664,261.01861122209493,262.3714598170946,79739700
2018-09-27,262.1730651855469,263.2733832455955,261.64094799178747,261.92053452539363,59249500
2018-09-28,262.2001647949219,262.7052261994744,261.5057122446077,261.5417683993741,70091400
2018-10-01,263.11102294921875,264.19328530805143,262.4345986535327,263.45372147239533,62078900
2018-10-02,262.9577331542969,263.67924151741823,262.5789508969811,262.9577331542969,47258200
2018-10-03,263.1019592285156,264.4457798381928,262.7412051581601,264.0218862364879,64694600
2018-10-04,261.0457458496094,262.6691536438753,259.4403661334901,262.615041885652,111545900
2018-10-05,259.58465576171875,261.79429246971455,258.14161141793244,261.27120300103,105951700
2018-10-08,259.58465576171875,259.94540996672,257.49224283941766,258.89017570521537,87742200
2018-10-09,259.2058410644531,260.5226062735601,258.6376401285027,259.1968407880505,74339000
2018-10-10,250.9984588623047,258.7638228893486,250.6196767285586,258.69165556231167,214731000
2018-10-11,245.46990966796875,251.5396734781906,243.83744684534275,249.89821038001708,274840500
2018-10-12,248.8790740966797,249.90722478492944,245.65025982178798,249.61861045975243,183186500
2018-10-15,247.48106384277344,249.8620902578188,247.39086844394208,248.51824211990566,102263700
2018-10-16,252.89248657226562,253.27129628141526,248.98727582005347,249.465281212686,118255800
2018-10-17,252.9376220703125,253.56893494717673,250.3311203726605,252.92859427140195,110626000
2018-10-18,249.28494262695312,252.59492492425935,247.9952333287952,251.99064032736965,134557500
2018-10-19,249.1495819091797,251.9003626637363,248.44610183768108,249.94325737933633,139901600
2018-10-22,248.0312957763672,250.1507367746045,247.49015077784318,249.82606628975688,82415800
2018-10-23,246.7686004638672,247.905002141732,242.25910494697672,244.36957306980466,146352700
2018-10-24,239.29188537597656,246.9039162859335,238.73271231544518,246.51607873937178,177806700
2018-10-25,243.5848846435547,245.14517991713308,240.11259530111516,241.1497737095234,138061500
2018-10-26,239.3009033203125,244.4146839096225,236.55914956147333,239.8330480707833,201574600
2018-10-29,237.97511291503906,243.73826209229898,234.35851579035773,242.4304972251226,160749100
2018-10-30,241.50152587890625,241.81719608667416,237.30770032935507,237.80376137692684,157116000
2018-10-31,244.08091735839844,246.4258601342681,243.62094008607272,244.0989454288492,128296300
2018-11-01,246.67840576171875,246.87682464384736,243.85545747115998,244.95577535864163,99495000
2018-11-02,245.21731567382812,248.22965482647035,243.14293160039227,247.79673342730263,122634100
2018-11-05,246.5702362060547,247.1294093078525,244.7303541261236,245.71342095408744,65622500
2018-11-06,248.13050842285156,248.2928436763651,246.44396128919686,246.5071008401565,60085900
2018-11-07,253.44268798828125,253.5238556086202,249.89820342414765,250.3311249230664,102752100
2018-11-08,252.98275756835938,253.6321261753685,251.82832754743012,252.63100362449566,65584900
2018-11-09,250.5115203857422,251.8463135321012,249.0865042945266,251.65692241448127,98812600
2018-11-12,245.83065795898438,250.2409304907977,245.30754103858845,249.99742762882028,99673600
2018-11-13,245.3707275390625,248.31992841581618,244.6401912895567,246.29968274051944,98176600
2018-11-14,243.69308471679688,247.67043449680213,242.11476170055795,247.2645965211736,125335900
2018-11-15,246.23648071289062,246.70548585694456,240.8160858746121,242.4124373622873,135101400
2018-11-16,246.87680053710938,247.79672752418313,244.60399765033677,245.12711443567392,126668000
2018-11-19,242.70103454589844,246.5611612944313,241.77207964568856,246.26351920113422,103061700
2018-11-20,238.20956420898438,240.80703778439513,237.3347210606519,239.32791018359643,136021300
2018-11-21,239.02127075195312,240.94232008748625,239.0122704778297,239.77886263344416,75563700
2018-11-23,237.42495727539062,238.8409455826069,237.26262202996898,237.36181772757828,42807900
2018-11-26,241.25799560546875,241.48347036771688,239.3098903567922,239.70672814025085,79981400
2018-11-27,242.0697021484375,242.0697021484375,239.59850753216418,240.21179228712944,75502400
2018-11-28,247.64352416992188,247.64352416992188,242.00665294203776,243.1520827907664,127629600
2018-11-29,247.102294921875,248.51825541657828,245.70433497462113,246.85876457962337,82346400
2018-11-30,248.6085205078125,249.17672143397516,246.62435869003784,246.94902920568475,98204200
2018-12-03,251.90045166015625,252.89254634835908,250.2860718060337,252.78432284124258,103176300
2018-12-04,243.73825073242188,251.49458910044797,243.4225805181145,251.06166759021684,177986000
2018-12-06,243.368408203125,243.4856594698686,236.69436150974622,239.8329797493179,204185400
2018-12-07,237.7135467529297,244.61306919948262,236.86575941714142,243.02571801353426,161018900
2018-12-10,238.16452026367188,239.14758705544182,233.24915878104392,237.5331798355951,151445900
2018-12-11,238.2186279296875,241.59172195775344,236.7304998304689,241.40233084208725,121504400
2018-12-12,239.4181671142578,242.61089816479517,239.33699948464002,241.23099341373103,97976700
2018-12-13,239.33702087402344,241.2490430504231,238.20964671116673,240.37419959909496,96662700
2018-12-14,234.91769409179688,238.12845315624918,234.358520971686,237.16341437217125,116961100
2018-12-17,230.30897521972656,235.0800158280304,228.65849806843798,233.95264185271492,165492300
2018-12-18,230.0564422607422,232.6449022403916,228.43302100006588,231.9684778619339,134515100
2018-12-19,226.6111602783203,233.95261831653127,224.88854347637346,230.13758902119358,214992800
2018-12-20,222.92236328125,226.93581088267953,220.64957405902464,225.34847367455401,252053400
2018-12-21,218.35479736328125,226.52836978354713,217.70163690361682,223.83408634799403,255345600
2018-12-24,212.5852508544922,218.48182912601268,212.52175644030888,216.8489277592949,147311600
2018-12-26,223.32608032226562,223.32608032226562,212.05908222655424,214.06392482781249,218485400
2018-12-27,225.0406494140625,225.24021317537773,216.77636758640654,220.05123700936304,186267300
2018-12-28,224.75038146972656,228.06153190604155,223.5710628751983,226.41049694750595,153100200
2018-12-31,226.71890258789062,226.96384125944505,224.49634887662796,226.39232230656916,144299400
2019-01-02,226.9547576904297,227.88915130013166,223.11744981817586,223.14466368773236,126925200
2019-01-03,221.53897094726562,225.49421447534291,221.0490936529052,225.18576757649484,144140700
2019-01-04,228.95960998535156,229.61277056651494,224.224202693044,224.60521072501368,142628800
2019-01-07,230.76486206054688,232.1891053008202,228.3245836172014,229.23174950143374,103139100
2019-01-08,232.93296813964844,233.42284545620169,230.42012867134727,232.978343043397,102512600
2019-01-09,234.0215606689453,234.87429872891184,232.40680666519006,233.64961937176815,95006600
2019-01-10,234.84707641601562,235.10108172147633,231.78085171720315,232.47030655395446,96823900
2019-01-11,234.93780517578125,234.96501904197547,233.1688208196485,233.75847304352516,73858100
2019-01-14,233.50450134277344,234.3209451306262,232.60641594458608,233.01462399625908,70908200
2019-01-15,236.18064880371094,236.49816240722788,233.8764396543242,233.88552017241238,85208300
2019-01-16,236.75218200683594,237.6502674474332,236.40745451280642,236.61608496534467,77636700
2019-01-17,238.54833984375,239.41923904983625,235.8268421148702,235.87221702105543,96118400
2019-01-18,241.72337341308594,242.19511731222823,238.58458772922114,240.38078584660678,127900300
2019-01-22,238.4576416015625,240.4534178764553,236.82475387447514,240.23570689537948,115531200
2019-01-23,238.95657348632812,240.20846686018146,236.46186725668036,239.50087856424344,86030300
2019-01-24,239.08355712890625,239.67323709981474,237.75002217497703,238.77512405116485,59204100
2019-01-25,241.10650634765625,241.94111099952158,239.1833194316851,240.95227599254488,96883400
2019-01-28,239.2740478515625,239.3375284140462,237.48693021091253,238.9384009524991,85613700
2019-01-29,238.95657348632812,239.99072821831157,238.11291584203786,239.4192369552321,66136300
2019-01-30,242.7394561767578,243.59219439666256,239.7186057014202,240.4897023068032,92473700
2019-01-31,244.87127685546875,245.36115417735164,242.45821231705227,242.67595095150318,104012100
2019-02-01,244.98922729492188,246.0234097371586,244.19091685203884,245.07086890596577,85782500
2019-02-04,246.71282958984375,246.77633784691352,244.35419272080577,245.03456714353752,60744800
2019-02-05,247.7469940185547,248.05542707899846,246.6402505971957,247.14826124786828,79552800
2019-02-06,247.42042541503906,247.96473050669755,246.67657039709636,247.465800321973,58347800
2019-02-07,245.06175231933594,246.3408315774448,243.3834902591261,245.78747379615655,95482000
2019-02-08,245.3611602783203,245.46093523802452,242.96622903134696,243.80083383439992,75788900
2019-02-11,245.49729919433594,246.28652931567012,244.96207448773592,246.0234710649013,68021400
2019-02-12,248.65419006347656,249.03518425552326,247.05756914764186,247.13015792627482,72270200
2019-02-13,249.46151733398438,250.31425541049035,249.0714426798071,249.49781171806006,65277200
2019-02-14,248.9081268310547,250.05116446123662,247.53829777802713,248.3638218793252,83234400
2019-02-15,251.6205596923828,251.65685407404968,250.49568302122483,250.7043134256806,97088700
2019-02-19,252.05599975585938,252.71821301053347,250.8041066381184,250.81318715431965,59120800
2019-02-20,252.5640411376953,253.0267045683609,251.51172545656613,252.01973610476585,76610800
2019-02-21,251.66604614257812,252.28291248183507,250.6953717153711,251.92005155783178,64214700
2019-02-22,253.22633361816406,253.42588356346985,251.64784593343873,252.29192604963453,78114600
2019-02-25,253.57102966308594,255.1948645503267,253.48938804544935,254.66872045294352,69030700
2019-02-26,253.38961791992188,254.27862289641578,253.00859601248897,253.2172541623343,56844100
2019-02-27,253.28067016601562,253.63445038700263,251.72034408142,252.66377646038507,56921600
2019-02-28,252.8089599609375,253.50749534905702,252.4823935596115,253.0629652790255,69268300
2019-03-01,254.38742065429688,254.80470912935965,252.93594998096933,254.40555400208206,78880500
2019-03-04,253.4620819091797,255.7027822148124,251.1397400156291,255.45785745105871,106494600
2019-03-05,253.11744689941406,253.78876856367586,252.56408892897142,253.58919093665358,59114600
2019-03-06,251.58425903320312,253.2443878178936,251.25769265985477,253.23530730157805,75039800
2019-03-07,249.47972106933594,251.27589196321526,248.6269828468749,251.13074208657207,94885100
2019-03-08,248.98069763183594,249.15306133469215,247.13009948196026,247.60181569348723,85795800
2019-03-11,252.59129333496094,252.75457656426624,249.67929834098382,249.7065122125347,65098900
2019-03-12,253.54380798339844,254.0699797490889,252.9632361588012,253.15373326075405,79667500
2019-03-13,255.22203063964844,256.1654908521052,254.2785704271916,254.44188131639854,80639200
2019-03-14,255.05874633789062,255.67561245378437,254.6142439432766,255.24924340922465,67518400
2019-03-15,256.3189392089844,257.13897931720476,255.42599058074921,255.61735459094803,81309000
2019-03-18,257.248291015625,257.54898997218635,256.3097955021331,256.5375859452763,62199800
2019-03-19,257.31207275390625,259.0979419988998,256.41003151906637,258.323476756213,90268100
2019-03-20,256.5375061035156,258.31428212962953,255.41679526817657,257.0933290711514,84609200
2019-03-21,259.43511962890625,259.84512577132057,255.6628962799795,255.70847105566054,79550400
2019-03-22,254.44189453125,258.5876689775778,254.37810654125795,258.0592074475869,122659300
2019-03-25,254.25054931640625,255.29837963083443,252.97492859421342,254.09563960428991,85575200
2019-03-26,256.145751953125,257.11158105255026,254.72434204052,256.0272964926669,68125900
2019-03-27,254.8063507080078,256.72891625524943,253.23915155254167,256.13663893562364,72224700
2019-03-28,255.7721710205078,256.22775183132023,254.27788042039495,255.44416618381692,56238500
2019-03-29,257.3850402832031,257.7130452414646,256.1640865944693,257.30303904363774,82186800
2019-04-01,260.437255859375,260.73795469890655,259.13430170524424,259.40766681449475,77617900
2019-04-02,260.56494140625,260.8018523726309,259.76311457214695,260.6287294058835,40070400
2019-04-03,260.9749450683594,262.1958984035949,260.3644544975175,261.79498503304615,68243200
2019-04-04,261.66741943359375,261.9225436062094,260.6013757791264,261.30296030220705,48997500
2019-04-05,262.9339294433594,262.98859691897246,262.0501015123514,262.3416799199194,58621700
2019-04-08,263.1344299316406,263.2437649010698,261.8405679116739,262.5057260509708,53566300
2019-04-09,261.7859191894531,262.48750383120847,261.2301237862029,262.1594988994124,66142300
2019-04-10,262.67877197265625,262.7698936892702,261.78582364015006,262.20495016884144,52601500
2019-04-11,262.60601806640625,263.1800546319067,262.03198150090583,263.17093411294314,55093100
2019-04-12,264.38262939453125,264.66508724059037,262.65142807165336,264.23684021488094,69727800
2019-04-15,264.2095642089844,264.5558101105001,263.39861693370295,264.4555678622698,49596700
2019-04-16,264.38262939453125,265.1571222461048,263.78125945588977,265.1024547795413,52153200
2019-04-17,263.7357482910156,265.53983054530784,263.31659391522646,265.51249680831694,58268300
2019-04-18,264.2551574707031,264.52852271758593,263.01599066548664,264.3280659924534,68708500
2019-04-22,264.48284912109375,264.63775881709375,263.3894719614427,263.48059367635784,40160100
2019-04-23,266.8611145019531,267.09802550536506,264.6196639064094,264.85654710336553,52246600
2019-04-24,266.26873779296875,267.11611132281666,266.12294861475146,266.77898601350785,50392900
2019-04-25,266.1048278808594,266.7699860934517,264.9021152781565,266.1686158888727,57770900
2019-04-26,267.3438720703125,267.41675274812246,265.36663958002845,266.15025285029293,50916400
2019-04-29,267.7631530761719,268.2916425694687,267.34402637236974,267.4351481270542,57197700
2019-04-30,267.89984130859375,268.1914198222294,265.98642335319613,267.4169265607098,81111700
2019-05-01,265.8860778808594,268.74713879839646,265.87695736633003,268.537561609349,71671900
2019-05-02,265.3120422363281,266.6970257386942,263.7995105624764,265.7676230607492,65030200
2019-05-03,267.9089050292969,268.1913629649817,265.42142328559186,266.8064070285126,56543700
2019-05-06,266.8064270019531,267.2528874227901,263.23466021589655,263.553572433546,107198100
2019-05-07,262.3507385253906,264.97488823949624,260.4190804876306,264.37351827947674,144729900
2019-05-08,261.9862976074219,263.7174991117168,261.3849276057613,261.9862976074219,91568300
2019-05-09,261.1935729980469,261.80403566432665,258.1320557337639,259.890618656399,103471100
2019-05-10,262.50567626953125,263.27104871684276,257.22092202888496,260.24598537286386,112429300
2019-05-13,255.9088134765625,258.3051727448849,255.06143992883847,257.3302510425566,127290500
2019-05-14,258.2232360839844,259.77222219173365,256.81094648479245,256.93849467127586,77003200
2019-05-15,259.7357177734375,260.3826347094408,256.3644088048187,256.5739859785413,73956400
2019-05-16,262.14117431640625,263.51700927115616,260.37351878429257,260.44639946935894,76749600
2019-05-17,260.4464111328125,262.96122588007694,259.79037371206715,259.80861473898227,100353000
2019-05-20,258.72442626953125,260.55584273513585,257.968146339502,258.8246407289704,62877600
2019-05-21,261.0569763183594,261.43964870289653,260.1822409693716,260.4373651612135,46847100
2019-05-22,260.2551574707031,261.22098678420105,259.77224281395416,260.0911550151549,49482500
2019-05-23,257.0751953125,258.05011727417116,255.64466465906358,258.0045703082199,98733800
2019-05-24,257.6583251953125,258.95218714850694,257.0296213470882,258.533032712057,55268100
2019-05-28,255.26197814941406,258.9066254270968,255.24376492334838,257.94079612302704,70029400
2019-05-29,253.54891967773438,254.5420824507105,252.12750985526907,254.13207642871726,104972900
2019-05-30,254.24142456054688,255.16170669062592,253.12980627694253,254.31430525497936,62523800
2019-05-31,250.8154296875,252.50108411514165,250.78809595327635,251.66283106132062,86862800
2019-06-03,250.17774963378906,251.9818325444393,248.8292199032434,250.85200059583357,96428000
2019-06-04,255.6082305908203,255.74489930591898,252.0455844495009,252.50116537079822,77231900
2019-06-05,257.8223571777344,257.84969092181245,255.41690427950005,257.24832074564046,71169700
2019-06-06,259.49884033203125,260.1822116051737,257.4669675426814,258.12300507715605,69430400
2019-06-07,262.09564208984375,263.1890471883702,260.35532000802004,260.52844294539415,74272200
2019-06-10,263.29840087890625,264.98405560643573,263.2072791464684,263.6628600022089,60799100
2019-06-11,263.2345886230469,265.5124926917933,262.57855113899006,265.1389130877453,58641300
2019-06-12,262.7699279785156,263.56263418425476,262.25055915184254,262.9977183965532,47096300
2019-06-13,263.854248046875,264.2187350482808,262.9795404177003,263.6902455801149,48945200
2019-06-14,263.5626525878906,264.1731153792472,262.7881595511933,263.5626525878906,52324700
2019-06-17,263.662841796875,264.4373347594465,263.4897188591315,263.79951048287074,39205700
2019-06-18,266.4237365722656,267.4898082404035,265.13899494408093,265.50348195276536,85434800
2019-06-19,267.02508544921875,267.5626675957158,265.57634146666857,266.56038401476684,78674400
2019-06-20,269.5762634277344,269.9862972791327,267.088810002352,269.74029365216126,116570000
2019-06-21,269.1844787597656,270.5761707678127,268.96474526946747,269.30351038090885,83309500
2019-06-24,268.8548583984375,269.7154904849121,268.69919522666544,269.395055149446,47582700
2019-06-25,266.21795654296875,268.9372701670914,266.1080898012578,268.9098034816637,82028700
2019-06-26,265.952392578125,267.6370809326556,265.84252585047807,267.12435090917626,51584900
2019-06-27,266.8954772949219,267.408207365882,266.3369787304341,266.7215123128076,40355200
2019-06-28,268.2688293457031,268.772394469847,267.3624009455684,267.8842678761885,59350900
2019-07-01,270.70428466796875,271.85794102342214,269.48653008350425,271.63817965848216,78705600
2019-07-02,271.4093322753906,271.46426564150886,269.80704389966127,270.65853901618567,61504500
2019-07-03,273.5793762207031,273.59770597671167,271.94962061291153,272.09611895247383,40898900
2019-07-05,273.26788330078125,273.43271127907923,271.0246971801273,272.3339884849392,51677300
2019-07-08,271.76641845703125,273.08487508533693,271.21705687162205,271.94038342477234,45841800
2019-07-09,272.1051940917969,272.4073276075827,270.53953726297715,270.5944706294836,41101300
2019-07-10,273.40521240234375,274.3666018176489,272.6452825064489,273.1854790236139,58448500
2019-07-11,274.0462341308594,274.29343426803155,273.0299389585721,274.05539900539225,50826100
2019-07-12,275.2731628417969,275.34642596453045,274.2294008472459,274.5406992646276,40326000
2019-07-15,275.3646545410156,275.71258442723195,274.851924585019,275.71258442723195,33900000
2019-07-16,274.4765319824219,275.48369010398403,274.1652336433367,275.27309360621143,36650100
2019-07-17,272.6087646484375,274.6139163905964,272.6087646484375,274.44911628782256,36036300
2019-07-18,273.6067810058594,273.99134255291096,271.65659040958917,272.1052222630703,51392600
2019-07-19,272.0869140625,274.7421294423869,271.9129490740738,274.7146627569351,58678600
2019-07-22,272.7552490234375,273.3046106130079,271.9678521670165,272.48971913250176,43638100
2019-07-23,274.70538330078125,274.70538330078125,273.04816210580094,273.8905200111301,44564500
2019-07-24,275.9964294433594,275.9964294433594,273.8447797336746,273.9363446463249,47213200
2019-07-25,274.677978515625,275.59357177734375,273.86308710068465,275.53863841697574,55394100
2019-07-26,276.518310546875,276.7197421680133,275.2456225902088,275.3738190498818,45084100
2019-07-29,276.0147705078125,276.51836362817295,275.4562719620785,276.39933201896605,38126500
2019-07-30,275.33721923828125,275.74924740137084,274.2110294164092,274.59559089807215,45849000
2019-07-31,272.3248596191406,275.7766636230772,270.28310480940377,275.58436894658536,104245200
2019-08-01,269.95355224609375,275.47457928017803,269.14782559075593,272.48059894843635,142646600
2019-08-02,267.92083740234375,269.2942269957055,266.34601621762164,269.04702692790624,116749700
2019-08-05,259.86370849609375,263.8831487294982,257.940956893524,263.7732819993556,178745400
2019-08-06,263.5077209472656,263.7274823232554,260.28484283019174,261.77726426876325,120711700
2019-08-07,263.6633605957031,264.44162036175436,258.23389992071395,260.3946863432994,140572300
2019-08-08,268.8365173339844,268.8365173339844,264.6156453651659,265.1741439015935,87713900
2019-08-09,267.0052490234375,268.48850533961564,265.2015295415174,267.88421055493507,93730000
2019-08-12,263.7549743652344,266.9961545996095,262.7935846143409,265.4854312101376,65527600
2019-08-13,267.8568115234375,269.3217664070078,263.1048800116928,263.4528099399809,94299800
2019-08-14,259.9368896484375,264.36835714061306,259.80872113713775,263.75492537757077,135622100
2019-08-15,260.6236267089844,261.5300830744288,258.5544048556819,260.83422322655025,99556600
2019-08-16,264.4691467285156,264.9086136571442,260.6785768189431,262.2991949433365,83018300
2019-08-19,267.6553955078125,268.3420905300532,266.8405319444334,267.5272269666741,53571800
2019-08-20,265.60443115234375,267.68281768173006,265.4762626325167,267.14262104039227,51596400
2019-08-21,267.7652893066406,268.1406579955489,267.0968960948366,267.79275598977273,49524700
2019-08-22,267.6828918457031,269.12038029084874,265.8883364791153,268.47948163077206,51666400
2019-08-23,260.80682373046875,268.0491719369189,259.5433001829633,266.3644831874774,149161500
2019-08-26,263.69091796875,263.69091796875,261.4751694886945,263.0225246801662,72423800
2019-08-27,262.65625,265.47629305965773,261.88715496782714,265.1008964472239,66668900
2019-08-28,264.5057373046875,264.67053737738956,261.1729645899348,261.98785596332965,59696700
2019-08-29,267.8842468261719,268.41530653083396,266.0805271000301,267.09685008422844,57899400
2019-08-30,267.7652893066406,269.40418130301003,266.82222926351545,269.3858794948192,62901200
2019-09-03,266.1996765136719,266.9687717909982,264.85375279292595,266.0440412477424,69101400
2019-09-04,269.2210693359375,269.2393711434444,267.63708282332993,268.39704093107395,46887300
2019-09-05,272.681884765625,273.60661459625646,269.18431317416207,271.7388251942806,83258100
2019-09-06,272.8925476074219,273.54263891059617,272.31574735076293,273.00244226466356,49584300
2019-09-09,273.0299987792969,273.9821959218611,272.07777369503583,273.89065892323913,51260300
2019-09-10,272.9658508300781,273.0299490708011,270.9881658343813,272.2608260655092,57947100
2019-09-11,274.90692138671875,274.9893214406258,272.61793786143386,273.2771662343836,68821100
2019-09-12,275.85906982421875,276.9302981695086,275.0533433761835,275.8224382743029,72908700
2019-09-13,275.676025390625,276.6648819527937,275.30062872736596,276.3077870993177,62104800
2019-09-16,274.8244323730469,275.72172368351795,274.17436908596346,274.531435870646,58191200
2019-09-17,275.5203857421875,275.61192273133133,274.44912914060444,274.623094126688,41475500
2019-09-18,275.6851806640625,275.79504740232244,273.0665689881961,275.12665415565,73375800
2019-09-19,275.6667785644531,277.0859647390274,275.32801356316276,276.07880666648447,76560500
2019-09-20,274.3642883300781,276.5626746476341,273.5640483134674,276.2775042277959,89565000
2019-09-23,274.2999267578125,275.02659351016626,273.4352924121563,273.69284127656107,43476800
2019-09-24,272.14752197265625,275.7992136354585,271.17251364592784,275.4036972157083,94869400
2019-09-25,273.7572326660156,274.2079361563609,270.73101248766125,272.23032581765153,71854000
2019-09-26,273.18701171875,273.9780448107206,271.761299485209,273.76650381068185,56179700
2019-09-27,271.7152404785156,274.0608019300763,270.1423537180793,273.9503997808286,84746600
2019-09-30,272.97540283203125,273.69286244341146,272.1935770526126,272.2395568970291,51662400
2019-10-01,269.7284851074219,274.52995512654786,269.5077368994206,273.8676824318157,88242400
2019-10-02,264.9638366699219,268.13723276337674,263.65770557546404,268.1280255637425,122539500
2019-10-03,267.1346130371094,267.1622065634799,261.98360623901783,264.73386395995567,85278800
2019-10-04,270.74945068359375,271.00699956796524,267.7416165628117,267.7968316751342,65091200
2019-10-07,269.581298828125,271.58653122496884,269.29615638132526,269.9400427216179,59610500
2019-10-08,265.3960876464844,268.4499016642057,265.3592869278776,267.7048485190787,95708100
2019-10-09,267.9164123535156,268.8638274257384,266.80343613952016,267.4381152537081,62359400
2019-10-10,269.7284851074219,270.6207132090648,267.66809364413444,267.8336548001354,55296300
2019-10-11,272.5246887207031,274.7874415501648,272.3959283189026,272.51548152388807,98720400
2019-10-14,272.2211608886719,272.8834334349016,271.8716242572281,272.20274649498197,40394800
2019-10-15,274.916259765625,275.670520147289,273.15939729792115,273.27897858656604,46754500
2019-10-16,274.4747009277344,275.17377417635663,274.0332046197384,274.4471074084846,48928200
2019-10-17,275.2841796875,276.1672004750438,274.58510635905196,275.6521026764162,45736600
2019-10-18,274.0792236328125,275.39456168957355,273.21458914511874,274.74149626017953,64304000
2019-10-21,275.93719482421875,276.1395566418624,274.97139364543574,275.4129179941272,39048600
2019-10-22,275.0357971191406,276.7742449135168,274.9438093678986,276.47989533783044,48594700
2019-10-23,275.8360595703125,275.89124661138516,274.56670148419556,274.7782705221226,34352200
2019-10-24,276.28680419921875,276.93069053515467,275.4497631907928,276.7835157134914,35453100
2019-10-25,277.4180908203125,277.96998917690837,275.65202169334896,275.7072087219369,45205400
2019-10-28,278.9818115234375,279.48773012160166,278.6230957843297,278.6506893027226,42147000
2019-10-29,278.8990783691406,279.83731429540063,278.5771352193598,278.70592370756225,44284900
2019-10-30,279.7545471191406,280.1316492624148,277.7769082775485,279.1014535903766,49643900
2019-10-31,279.0094909667969,279.74536513509844,277.53779877165226,279.74536513509844,69053800
2019-11-01,281.5941162109375,281.64009604927566,280.30634388883715,280.4719330624371,71141500
2019-11-04,282.7255554199219,283.30504750841453,282.34842520247867,283.167079885137,60606900
2019-11-05,282.4127197265625,283.2313741201431,282.1183701870245,282.92781738539543,42933200
2019-11-06,282.4771728515625,282.75310805821704,281.5205506839551,282.4127786131021,46487100
2019-11-07,283.4706115722656,284.82275043574816,282.99231444974123,283.82935546720444,54272300
2019-11-08,284.1696472167969,284.2248342593447,282.4127848404287,283.1210372669413,49032100
2019-11-11,283.62689208984375,283.8016603754894,282.63346940609824,282.7714650521365,35797300
2019-11-12,284.2248229980469,285.1354372347298,283.44296916529936,283.9948676396342,46484600
2019-11-13,284.3168029785156,284.72152664390916,282.9922579046318,283.22221325675434,53917700
2019-11-14,284.7307434082031,284.8135520481488,283.3878118340884,284.03169813343504,51219900
2019-11-15,286.7911376953125,286.8371175395137,285.3838119999358,286.08285721369793,62023600
2019-11-18,287.00274658203125,287.24190919820984,286.09213211385827,286.5520429475989,49228000
2019-11-19,286.9198303222656,287.61890344160827,286.26676510697865,287.60969624665387,67804700
2019-11-20,285.8529052734375,286.8463281707277,284.28001843523856,286.32202320108695,79406200
2019-11-21,285.3929748535156,286.07366177565274,284.5835556032445,285.96328769928493,54664700
2019-11-22,286.0277099609375,286.28525887988167,285.006721483571,286.14729125736284,44850200
2019-11-25,288.2444763183594,288.2444763183594,286.9659389531577,286.9659389531577,48647200
2019-11-26,288.8974914550781,289.0814669624078,287.959283737428,288.28122683989426,37569000
2019-11-27,290.185302734375,290.185302734375,289.16428625215957,289.3850344339467,44444600
2019-11-29,289.10906982421875,289.863330129635,288.87911446798614,289.6149603796416,36592700
2019-12-02,286.6531982421875,289.43104918793944,286.22088099549416,289.3666549431557,75767800
2019-12-03,284.7307434082031,284.8135520481488,282.50479102501396,283.90290964527554,73941700
2019-12-04,286.48760986328125,287.09469545002185,285.4390279012572,285.78856457884046,49080000
2019-12-05,287.00274658203125,287.21431567101456,285.6782011351999,287.1959293431276,40709000
2019-12-06,289.62420654296875,290.028930270048,288.92513318333624,288.9343403814554,48927000
2019-12-09,288.71356201171875,289.90931867171975,288.6399605759114,289.2286597794782,34838500
2019-12-10,288.3916015625,289.32980928225334,287.7293290336384,288.6583576275096,52649800
2019-12-11,289.2102966308594,289.467845535377,288.30886142968507,288.8515527616784,53429100
2019-12-12,291.7030334472656,292.49406656273413,288.98036932488674,289.2195038568483,96389600
2019-12-13,291.8778076171875,293.1195724371453,290.682022650635,291.4638766536254,81503900
2019-12-16,293.8829345703125,294.48081286061495,291.81333643953565,293.6253857035336,82749700
2019-12-17,293.9473876953125,294.5728596298394,293.8646071219834,294.2693308609659,61097700
2019-12-18,293.9657287597656,294.5728142747671,293.9105417193766,294.34285891623875,48133000
2019-12-19,295.1707458496094,295.2443472972227,293.9013875501908,294.15893647538246,85310500
2019-12-20,296.4647521972656,297.6109293087573,295.2261350780372,296.2151613555035,147142100
2019-12-23,296.9176330566406,297.31509400875905,296.76973470518874,297.2596356530554,52990000
2019-12-24,296.92694091796875,297.1949802843039,296.6218916959578,297.14877438217206,20270000
2019-12-26,298.507568359375,298.51682082352926,297.30593278607256,297.3151570414947,30911200
2019-12-27,298.4336242675781,299.3025096920254,297.8975172780443,299.2470513209955,42528800
2019-12-30,296.78826904296875,298.65546140993285,296.29836799998674,298.51681549375525,49729100
2019-12-31,297.5091857910156,297.75877658995296,295.9285663022208,296.27982134611415,57077300
2020-01-02,300.2916564941406,300.3101614293198,298.12869473387735,299.06229128066025,59151200
2020-01-03,298.01763916015625,299.1545920031912,296.8067512370668,296.86220959929,77709700
2020-01-06,299.154541015625,299.2377285447815,296.12266728428085,296.24283645152616,55653900
2020-01-07,298.3134460449219,299.0621621691323,297.8604984597193,298.5814854018749,40496400
2020-01-08,299.90338134765625,301.13274628882607,298.258050379491,298.50761307044644,68296000
2020-01-09,301.93682861328125,302.01079189751124,300.8923158411731,301.4839092801018,48473300
2020-01-10,301.06793212890625,302.6855333540693,300.59653609665,302.52841074622614,53029300
2020-01-13,303.1385498046875,303.14777406042305,301.26213308520016,301.6965757842309,47086800
2020-01-14,302.6763916015625,303.75785806141926,302.11252720941695,302.69486832260185,62832800
2020-01-15,303.3604736328125,304.1276667764133,302.50084044319266,302.58402802198736,72056600
2020-01-16,305.8838806152344,305.8838806152344,304.5250940213374,304.7561799848659,54050300
2020-01-17,306.8359069824219,307.0484879829405,305.8191232558169,306.6048210540449,95846000
2020-01-21,306.2350769042969,307.0485039278217,305.79140995236185,305.86534504144004,77742400
2020-01-22,306.2720947265625,307.7603030269026,306.11497206543896,307.1039985684286,48914900
2020-01-23,306.62335205078125,307.0393180789855,304.4881199513038,305.6158206097551,51963000
2020-01-24,303.896484375,307.3720258999948,302.59315630312693,307.2888383475858,87578400
2020-01-27,299.02520751953125,300.5226399031406,298.2487621431684,298.59076482229733,84062500
2020-01-28,302.15875244140625,303.0461145736904,299.1176535001483,300.46718752343736,63834000
2020-01-29,301.9092102050781,303.76715053303207,301.70585341192526,303.536064550301,53888900
2020-01-30,302.8889465332031,303.1015557461462,299.06217816135177,299.82011858095734,75491800
2020-01-31,297.38916015625,302.4175930100521,296.4648162964884,302.26044214204876,113845600
2020-02-03,299.5982971191406,301.4839663014634,298.7663933709413,298.8865625739974,69083000
2020-02-04,304.16461181640625,305.0427498347506,302.92599433335187,303.2495203510965,62573200
2020-02-05,307.6770324707031,307.8896416782483,305.6527457063871,307.1316730691546,65951100
2020-02-06,308.71240234375,308.90650667465707,307.6216550449297,308.64769149720144,50359700
2020-02-07,307.06707763671875,308.7216330301359,306.51246561383925,307.64016638382316,64139400
2020-02-10,309.3594055175781,309.424116359804,306.1334543767989,306.1704360307475,42070000
2020-02-11,309.8955078125,311.52233369965023,309.3593726178411,310.72741158108295,54864500
2020-02-12,311.89208984375,312.1046708590046,310.97697032200455,311.3467021912909,43992700
2020-02-13,311.559326171875,312.5391283658209,310.17281043983064,310.4501023027456,54501900
2020-02-14,312.0585021972656,312.1786714160907,310.764426395951,311.9753146324029,64582200
2020-02-18,311.2542724609375,312.12315781854016,309.8492519463127,311.0509157132277,57226200
2020-02-19,312.74249267578125,313.42649809328753,311.94757051043456,312.23411484526747,48814700
2020-02-20,311.4576721191406,313.01981548523923,308.435049670439,312.1878834517064,74163400
2020-02-21,308.2502136230469,310.4039224960778,307.4182815468779,310.0896489554363,113788200
2020-02-24,298.0269470214844,308.3241225134516,296.9361998746412,298.69247570060276,161088400
2020-02-25,288.9960632324219,300.0512064094128,288.1087011448787,299.4319119035819,218913200
2020-02-26,287.93310546875,294.0430046962888,287.1936416820194,290.4103401839063,194773800
2020-02-27,275.0015563964844,287.9885766095584,275.0015563964844,282.35007330737915,284353500
2020-02-28,273.8460998535156,275.35278474241954,263.93713331079226,266.85806306798787,384975800
2020-03-02,285.7054443359375,285.7701551771477,272.18228895982,275.64857848375703,238703600
2020-03-03,277.5249938964844,290.0960761428033,275.0570115658615,286.0844271408045,300139100
2020-03-04,289.1902160644531,289.4120777801317,280.3812199156426,282.9601472687874,176613400
2020-03-05,279.5770568847656,285.13237292520694,277.3124311838137,281.90642163958694,186366800
2020-03-06,274.9552917480469,276.1754323026294,268.272304300244,270.9713723296417,228667200
2020-03-09,253.4827423095703,262.6891961850324,252.76175546767377,254.47176847114685,309417300
2020-03-10,266.59918212890625,266.691593917974,252.80796379452767,263.10516459859605,276444100
2020-03-11,253.60296630859375,260.6095085206112,250.3862677494358,259.46333116815134,255316300
2020-03-12,229.33897399902344,246.4855567933624,228.9414987731833,236.6320470731581,392220700
2020-03-13,248.9442138671875,250.94079933796812,229.7178650355487,243.18554334439813,329566100
2020-03-16,221.70387268066406,237.46392365697218,219.40225147248137,222.93323755946798,297240000
2020-03-17,233.6741180419922,236.78916627337,219.13419385660978,226.50120104796662,262070500
2020-03-18,221.842529296875,229.5792829927057,210.76889365869576,218.37623977661133,327597100
2020-03-19,222.31396484375,228.6642175570843,214.65115947989278,221.14929651023473,289322000
2020-03-20,212.73348999023438,227.30312877588696,212.45455338465345,225.49935480540947,347158800
2020-03-23,207.29428100585938,213.55169138759885,202.93361405221626,212.16632938460128,326025200
2020-03-24,226.07577514648438,226.9590766126347,217.38234935625385,217.9588078395918,235494500
2020-03-25,229.46018981933594,238.34889039646427,222.91455085621166,227.67501555666567,299430300
2020-03-26,242.8583984375,244.34602282563324,231.56156985193365,231.9985673189673,257632800
2020-03-27,235.62466430664062,242.49573264376278,233.42109194482805,235.48520308904716,224341200
2020-03-30,243.27674865722656,244.0019753776943,235.72694526604647,237.7445646486099,171369500
2020-03-31,239.65054321289062,244.8386976771548,238.22798244247915,242.26321999792995,194881100
2020-04-01,228.8651580810547,239.56692639242033,226.77315475604576,230.56665582120527,189554600
2020-04-02,234.1463165283203,234.93662039969558,227.41470946981565,227.97258270974416,177660400
2020-04-03,230.76185607910156,235.5316269675649,228.00041126865455,233.1513807710445,135561200
2020-04-06,246.2613067626953,248.25104788238923,230.74330373936812,239.73426695457957,188061200
2020-04-07,246.51239013671875,255.71719952387195,246.28925218478682,254.95477368862134,201427200
2020-04-08,254.787353515625,256.6190193904614,246.62389454101407,249.14358783724117,153774500
2020-04-09,258.6645202636719,261.45385716784693,256.12621346601577,258.0880334688098,189999200
2020-04-13,256.30291748046875,258.0230145398482,252.3513561918489,257.67900080289377,114839100
2020-04-14,263.862060546875,264.89410189160674,256.16348951390273,261.24938313182474,134143400
2020-04-15,258.2554626464844,264.00149091377347,256.11695360269914,258.0788023401619,121775000
2020-04-16,259.5013732910156,260.3660611134384,256.39591425298136,259.5478508998996,131798300
2020-04-17,266.5119323730469,267.12556169580233,262.56964913917665,265.3404014622022,146684800
2020-04-20,261.8164978027344,266.6513605545444,261.5933598948254,262.7648622859541,100109300
2020-04-21,253.866943359375,258.515839774085,252.91855033102254,257.2978311833999,126385700
2020-04-22,259.5013732910156,261.2679480477334,257.4651546287888,258.8040389101053,92951600
2020-04-23,259.4827575683594,264.0014990769844,259.1759429279271,260.79374959942317,104709700
2020-04-24,263.099609375,263.7783583749429,258.9434954053234,261.01691314174025,85063200
2020-04-27,266.8930969238281,268.0274286356941,264.63374037158457,265.09862995227377,77896600
2020-04-28,265.66583251953125,270.9376649217295,265.35898948048066,270.5843442705127,105270000
2020-04-29,272.6205749511719,274.1733188347815,270.01720431503736,271.05855256949116,118745600
2020-04-30,270.0822448730469,272.72281412861895,268.3249487432386,271.2258550134556,122901700
2020-05-01,262.9322509765625,270.24960826929004,261.75141330887413,265.2752841947807,125180000
2020-05-04,263.6574401855469,263.96425477345105,259.5292191188517,261.02614970235965,80873200
2020-05-05,266.0934753417969,268.93859703702566,263.7876130244261,266.5118872747563,79569900
2020-05-06,264.2897033691406,268.204065349261,263.85270606675624,267.8135740256188,73632600
2020-05-07,267.4789123535156,269.43145463245384,266.967545068976,267.5440037168901,75250400
2020-05-08,271.9046630859375,272.37885961286645,269.50581658165163,270.64945534528675,76452400
2020-05-11,271.96038818359375,273.3550568409455,269.5243714686897,269.95206191205443,79514200
2020-05-12,266.5398254394531,273.57823267464636,266.4003358546942,273.15984904420077,95870800
2020-05-13,261.8257751464844,267.02323641250507,259.37114493787874,265.972581590243,144721100
2020-05-14,264.95916748046875,265.0893218076404,253.82040296579268,259.3619071707117,121977900
2020-05-15,266.1771545410156,266.22363214528747,261.58404360456876,262.5417149243361,111146300
2020-05-18,274.284912109375,275.9120259947696,272.1464309241307,272.4718310015181,119703800
2020-05-19,271.4676513671875,275.4099063452101,271.44906599686874,273.68053054339833,95189300
2020-05-20,276.07940673828125,276.9534016958716,274.8149202994118,275.0473651631408,85861700
2020-05-21,274.17333984375,276.76743218058994,273.0669001449572,275.94922181093335,78293900
2020-05-22,274.6940002441406,274.87066058212713,272.62988905126736,273.8850967884195,63958200
2020-05-26,278.0783386230469,280.96996656476796,274.71254260457005,280.7282149033498,88951400
2020-05-27,282.2159423828125,282.25314150399953,276.02360812480117,280.90495001347256,104817400
2020-05-28,281.69525146484375,285.2934930178406,281.0165023228916,283.2572739665981,90405200
2020-05-29,282.9503479003906,283.5453916967864,278.440914142239,281.2209442312034,119090800
2020-06-01,284.0940246582031,284.7076823382841,281.7788835182777,282.29955760296286,55758300
2020-06-02,286.44635009765625,286.49285608025383,283.6756263705714,285.02378912295734,74267200
2020-06-03,290.2585144042969,291.2254928856191,288.17581771340076,288.4547401721407,92567600
2020-06-04,289.4960632324219,291.0209148726546,287.37616760731163,289.26361841223604,75794400
2020-06-05,296.9156188964844,298.7100855350727,294.8887075106819,294.95379884980656,150524700
2020-06-08,300.5047302246094,300.69997596462906,297.1854107711898,297.7339772428945,73641200
2020-06-09,298.2639465332031,300.5790881970677,296.9343404048201,297.8083353250372,77479200
2020-06-10,296.599609375,299.75157495651126,295.8743826249924,298.84968786198516,95000800
2020-06-11,279.5008850097656,290.23054389835437,278.9430402427075,289.5889940416309,209243600
2020-06-12,282.84808349609375,287.3761030359622,277.63203652294584,286.5950920205788,194678900
2020-06-15,285.48870849609375,286.63234719299413,275.9026866605045,277.09280297024503,135782700
2020-06-16,290.98370361328125,293.47553354638995,286.0651918531277,293.326765462726,137627500
2020-06-17,289.7749938964844,292.3133013713127,289.0311534988338,292.0157652122525,83398900
2020-06-18,289.8865051269531,290.3699800081768,287.77591694160986,288.2408064570726,80828700
2020-06-19,288.22991943359375,293.59032911568903,286.25943707517774,293.39422421254534,135549600
2020-06-22,290.07891845703125,290.48047602671704,286.4648433309138,287.622833903765,74649400
2020-06-23,291.4143371582031,293.7023317464779,291.0034317750071,292.75911323057716,68471200
2020-06-24,283.9808044433594,289.97626828531804,282.1224104336981,289.35056222958696,132813500
2020-06-25,287.0251770019531,287.29600749580464,281.3565747828588,283.40175397887816,89468000
2020-06-26,280.2078857421875,286.1286509246389,279.6195711541666,285.91385040872973,127961000
2020-06-29,284.32635498046875,284.46642992973517,279.1620495213198,281.4780598472881,79773300
2020-06-30,287.9683837890625,289.68673112616494,283.72863091230226,283.8873729872626,113394800
2020-07-01,289.98553466796875,291.26496153342845,288.6314391818443,289.09837455626104,72396500
2020-07-02,291.5824279785156,294.82296010361404,290.9100400058896,293.4594885066838,69344200
2020-07-06,296.0837097167969,296.672052848873,294.6922514199316,295.4486844470371,61713800
2020-07-07,293.02996826171875,296.52263581204556,292.6470778271388,294.5241671894889,82910000
2020-07-08,295.27130126953125,295.3833612202514,292.0214487007318,293.8051170821588,54638600
2020-07-09,293.5903015136719,296.1304311850912,290.13496821449627,295.8876156615187,83354200
2020-07-10,296.5880126953125,296.85884319688637,292.0774294422769,293.5249177275487,57550400
2020-07-13,294.0198669433594,301.36942527176507,293.3568266829696,298.96005124839894,102997500
2020-07-14,297.8300476074219,298.6144955528962,291.36765000974606,292.5816704849982,93657000
2020-07-15,300.5663757324219,301.6776844605353,298.15697268343564,301.0893411927717,87196500
2020-07-16,299.576416015625,300.0340035787868,297.9888242870818,298.64254523400535,54622500
2020-07-17,300.44488525390625,301.23868105543204,298.5958109926491,300.59430798709116,62774900
2020-07-20,302.8729553222656,303.6293883169463,299.41762229758507,300.17405529226573,56308800
2020-07-21,303.5173645019531,305.31038051767416,302.51811588410635,304.86214076348176,57292200
2020-07-22,305.2450256347656,305.5625668171237,303.04110401260516,303.15316395956546,57792900
2020-07-23,301.60284423828125,305.5904899828073,300.22073397508416,304.8807391993476,75738000
2020-07-24,299.66046142578125,300.69704431522166,298.13824748948986,299.7258392204688,73766600
2020-07-27,301.8457336425781,302.02317138189983,299.5577386878363,300.36088242889383,48293000
2020-07-28,299.93133544921875,302.2379977580067,299.6324899154091,301.1079934269413,57495000
2020-07-29,303.6200256347656,304.18970155937103,300.78105083714854,300.81841364354995,48454200
2020-07-30,302.5367736816406,302.95702693767106,298.5024735213327,300.6130021308088,61861700
2020-07-31,304.9274597167969,305.030200316559,300.08066836058464,304.34846442559933,84986800
2020-08-03,307.0473327636719,307.82243284767884,306.0574321747136,306.6084124270983,53077900
2020-08-04,308.2334289550781,308.2334289550781,306.1789015620823,306.1789015620823,41917900
2020-08-05,310.1478271484375,310.4093383398934,309.2793341178766,309.55016463797307,42697700
2020-08-06,312.22100830078125,312.3424160632494,309.23263887610466,309.5594993521016,43679400
2020-08-07,312.44512939453125,312.7346270338488,310.32522464920777,311.24042820221075,57308300
2020-08-10,313.3790588378906,313.56581591467875,310.94164101516793,312.9027755680474,44282100
2020-08-11,310.7921447753906,315.2187110909393,310.0544074723582,314.57433805448863,69601100
2020-08-12,315.1253356933594,315.90978367238915,313.2295792858359,313.25759426724863,53774400
2020-08-13,314.5556945800781,315.88180367926964,313.6218237635836,314.3502418604703,41816100
2020-08-14,314.5650634765625,315.1067245461142,313.42573986415215,314.16350583844905,47260400
2020-08-17,315.5643005371094,315.9658581604364,314.5743997217338,315.59231552246996,35481000
2020-08-18,316.2460632324219,316.67563587740307,314.35027789810545,315.96588485566804,38733900
2020-08-19,314.9292297363281,317.15181808617064,314.35955378360524,316.6288527686227,68054200
2020-08-20,315.9097900390625,316.39539255982777,313.0521478794795,313.1828749622162,42207800
2020-08-21,317.03045654296875,317.25457640601667,315.228064312712,315.57362043420943,55106600
2020-08-24,320.2430114746094,320.3177086044847,317.00247841376273,319.4958976784694,48588700
2020-08-25,321.3636169433594,321.447661895895,319.6359502537484,320.8126365881978,38463400
2020-08-26,324.58551025390625,324.85631229086107,321.4103549456374,321.9613353477051,50790200
2020-08-27,325.2951354980469,326.76131918866264,323.61417980781056,325.46325386664586,58034100
2020-08-28,327.39642333984375,327.52717893591137,325.127124060751,326.3318254124016,48588900
2020-08-31,326.2104187011719,328.0688125407522,325.97695099270294,327.18165234825597,66099200
2020-09-01,329.2828674316406,329.3855795453986,326.14504655570556,327.0509024202444,54908700
2020-09-02,334.0455322265625,335.02608497792954,330.05788643887195,331.2159053874942,69540000
2020-09-03,322.54962158203125,332.8128516725017,319.9347664669842,332.3365684855864,148011100
2020-09-04,319.9161376953125,324.82827889102447,312.7253208905337,323.24071557662177,139156300
2020-09-08,311.1750793457031,319.981502594332,310.86691452339585,314.44362712529994,114465300
2020-09-09,317.32000732421875,319.81342671649116,314.3502761442786,315.228117087481,91462300
2020-09-10,311.8101501464844,319.8787794283248,310.8389164877385,319.21573910816505,90569500
2020-09-11,311.9688415527344,314.6864086904257,309.11119951092945,313.6124630929256,84680200
2020-09-14,316.0778503417969,317.87089451891404,312.1182479291456,315.1719946766984,65605700
2020-09-15,317.67486572265625,319.4025040289579,316.0872738471888,318.56202594761277,52920900
2020-09-16,316.4140319824219,320.3736340620621,316.13385371296727,318.92614608468455,82096000
2020-09-17,313.63116455078125,315.3681790501936,310.9696270836264,311.5019402769524,91523300
2020-09-18,310.0203552246094,314.5583785473269,307.50757041686137,314.4458700654204,105877900
2020-09-21,306.5699768066406,306.71999766114936,301.656915429077,305.37922382926496,99450800
2020-09-22,309.6922302246094,310.2548013272841,305.52924412379343,308.07018502505576,63612100
2020-09-23,302.51025390625,310.5361865783294,302.00393691325746,310.2548866428612,93112200
2020-09-24,303.3164978027344,306.4105959175877,299.8473332139737,301.1787505238137,76681300
2020-09-25,308.22021484375,309.01715959766386,301.5725705110975,302.4538966408297,71069400
2020-09-28,313.3395690917969,314.06151775569106,311.4268386278702,312.43008717344736,64584600
2020-09-29,311.63311767578125,313.8833736897171,310.92991088307895,313.133297889591,51304000
2020-09-30,313.9959411621094,317.1838065411138,312.11133761916705,312.3082275283585,104081100
2020-10-01,316.01177978515625,317.60569809059876,314.10843445242614,316.62121997881246,88698700
2020-10-02,313.01141357421875,315.9836469643129,310.5267552211133,311.0049450109112,89431100
2020-10-05,318.5620422363281,318.74954686774726,315.0460084947165,315.09287749918235,45713100
2020-10-06,314.0333557128906,320.82166390232084,313.51768224080985,318.7026585395191,90128900
2020-10-07,319.4996643066406,320.3153795899011,316.99623559021904,317.02436271676055,56999600
2020-10-08,322.3312683105469,322.39690781746,320.531046175657,321.45929867947905,45242500
2020-10-09,325.2097473144531,325.67855190086186,323.372041347528,324.00022346972145,59528600
2020-10-12,330.4415283203125,331.9323231755609,327.2817906132557,327.7787222316718,80388500
2020-10-13,328.2850341796875,330.4790357421125,327.3099128363136,330.3008877482205,73255500
2020-10-14,326.2222595214844,329.9726951423131,325.4815690881289,328.8663235014214,57727900
2020-10-15,325.8192138671875,326.30676037554474,321.7218660292437,322.2656668034282,60357700
2020-10-16,325.6222839355469,328.86640352516724,325.44413591112414,327.1880751646604,89501900
2020-10-19,320.67169189453125,327.5349686413807,319.7622099387376,326.8974013316751,68425600
2020-10-20,321.9562072753906,325.2378390228432,321.26238571941064,322.03120341108115,60051900
2020-10-21,321.34674072265625,324.10331345331286,321.0373137311335,321.9092832280509,63575000
2020-10-22,323.109375,323.70007315903575,319.3964519320561,321.5623261061527,55399300
2020-10-23,324.2064514160156,324.4033413018358,321.7217931926183,324.3470870487443,49143900
2020-10-26,318.2152404785156,321.5812544997655,314.68043503355244,320.7842808559811,91473000
2020-10-27,317.1181640625,318.8996157034688,316.9025036596991,318.56209014801703,65994100
2020-10-28,306.2794494628906,317.1463375356584,305.782517691265,311.38004621226844,127094300
2020-10-29,309.39227294921875,312.59888017023786,304.8073505403952,306.5138060348997,90597700
2020-10-30,306.1668701171875,309.1203329301285,302.4726881358898,307.79830072339996,120287300
2020-11-02,309.59857177734375,311.62378248570985,306.82322792124074,309.59857177734375,86068300
2020-11-03,315.06475830078125,317.14625147272767,309.68289167455185,312.8707566244415,93294200
2020-11-04,322.106201171875,326.23167501458374,318.40263420749625,319.59338732663514,126959700
2020-11-05,328.3882141113281,330.2165633690293,327.094308927547,327.45060497682704,82039700
2020-11-06,328.313232421875,329.57901053187913,325.9598242343482,328.0975720105654,74973000
2020-11-09,332.4386291503906,341.64595596556694,331.9698246723905,341.2615328599802,172304200
2020-11-10,331.9511413574219,333.0200008767835,328.6413823033707,331.43543917250804,85552000
2020-11-11,334.4170227050781,335.2514798562035,332.90745729953267,334.16384995628147,58649000
2020-11-12,331.1729431152344,334.46396061917466,329.34462231248284,333.3950723786064,67546200
2020-11-13,335.7578125,336.50788830791896,332.57930402945476,333.1043628177096,62892200
2020-11-16,339.9488830566406,340.14577292387503,337.1547980914359,338.45808826332853,74541100
2020-11-17,338.1205749511719,339.33948389843175,335.9828274369407,337.5111347843208,66111000
2020-11-18,334.0513610839844,338.94568161449536,334.0138487090772,338.392495692237,70591300
2020-11-19,335.457763671875,335.832801567942,332.0542382532911,333.413782816786,59940900
2020-11-20,333.16064453125,335.4015441198093,333.0856483897002,335.19526896359696,70417300
2020-11-23,335.1578063964844,336.4329699008254,332.7294017863661,334.98904359274593,63230600
2020-11-24,340.5583190917969,341.11150493075695,336.8735228382616,337.7361070363317,62415900
2020-11-25,340.0333251953125,340.50212975297217,338.92695330649,340.47400262405495,45330900
2020-11-27,340.98028564453125,341.4584467885662,339.95826663055004,341.1396631546907,28514100
2020-11-30,339.47076416015625,340.46462756304567,336.76108861486273,340.19271289967094,83872700
2020-12-01,343.18365478515625,344.74008924452716,342.16166435248135,342.76174788004687,74231400
2020-12-02,343.9056701660156,344.06504769886055,341.4772658868388,342.0585789850932,45927000
2020-12-03,343.8118896484375,345.21830332494636,342.6961325093224,343.80250440092175,62882000
2020-12-04,346.774658203125,346.774658203125,344.30874221215817,344.4025088250892,50749900
2020-12-07,346.06207275390625,346.5590043368273,344.7775531120284,345.99643326227147,48944300
2020-12-08,347.07476806640625,347.6466958745424,344.73074535065103,344.7776143595427,42458900
2020-12-09,343.96197509765625,347.8999169628409,343.11813245608556,347.740539406517,74098300
2020-12-10,343.84942626953125,344.9089006118141,341.692907978694,342.57426290053473,57735400
2020-12-11,343.4461975097656,343.8587477975953,340.5958864838353,342.1335505091979,57698600
2020-12-14,341.90850830078125,346.7278037793724,341.7303602980875,345.6402024972665,69216200
2020-12-15,346.5309753417969,346.5309753417969,343.089965655535,344.4776089370211,63865300
2020-12-16,347.07476806640625,348.0029919055066,345.8558590860784,346.7465991634888,58420500
2020-12-17,349.0155944824219,349.2218696243866,347.8998373890977,348.73432320408733,64119500
2020-12-18,347.62200927734375,349.4769737830207,345.5881373775512,349.30749164191985,136542300
2020-12-21,346.37908935546875,356.3601163970188,340.88954028715665,343.6578635865335,96386700
2020-12-22,345.79522705078125,346.8215736937622,344.6558923348882,346.7085856208501,47949000
2020-12-23,346.1060485839844,348.0363289673998,345.77648080899115,346.7745806517511,46201400
2020-12-24,347.45245361328125,347.4807006308208,345.99297648120097,346.586163849532,26457900
2020-12-28,350.4374694824219,350.8329278561514,349.401697277722,350.03255711908645,39000400
2020-12-29,349.768798828125,352.1604850344656,349.1755827182177,351.98157767638173,53680500
2020-12-30,350.2679138183594,351.31311114354594,349.8724554951741,350.59748157803176,49455300
2020-12-31,352.04754638671875,352.7819976888743,349.55229700987786,350.07016865459974,78520700
2021-01-04,347.2547607421875,353.525857910337,343.51658510808943,353.39401932437477,110210800
2021-01-05,349.646484375,350.7481758528555,346.55801836523364,346.6051158986123,66426200
2021-01-06,351.7368469238281,354.96657676543765,347.5655399860843,348.1210839785024,107997700
2021-01-07,356.96270751953125,357.7159805450208,353.95898319838903,354.13789057065947,68766800
2021-01-08,358.99664306640625,359.2131940136269,355.07955941853226,358.36575452524005,71677200
2021-01-11,356.5766906738281,358.3563106333283,355.66333192921377,355.78574527676943,51034700
2021-01-12,356.6519775390625,357.67832429486367,354.3827043735566,356.76499435991997,52547700
2021-01-13,357.61248779296875,358.6199841964932,355.7857701758999,356.5767156283117,45303600
2021-01-14,356.36004638671875,358.87414597569347,356.02108216466684,358.3656709070932,49989100
2021-01-15,353.7612609863281,355.5314555044502,351.8780496501976,354.7216884229659,107160000
2021-01-19,356.5389709472656,357.0851183120567,354.7499259728088,356.2470754968001,51233300
2021-01-20,361.4730529785156,362.3204924247387,358.4599030191362,358.85536135079406,61836100
2021-01-21,361.8025817871094,362.47114255475856,360.8704012961552,362.0379832230494,47840100
2021-01-22,360.5220642089844,361.69907155988835,359.54278604708355,359.92884790644376,52860500
2021-01-25,361.9438171386719,362.3016031552872,356.3600736788206,361.26585990712374,70402000
2021-01-26,361.37884521484375,363.31855058052645,361.1434437992461,362.9042417902327,42665300
2021-01-27,352.54656982421875,358.11146258441744,350.2867220436338,358.017296273659,123351100
2021-01-28,355.5786437988281,359.6275377108726,353.9402587135268,354.3827859043792,94198100
2021-01-29,348.4599914550781,354.674594165153,346.76508413295454,353.69531629473863,126765100
2021-02-01,354.2603759765625,355.30554466723163,348.7519760584817,351.89693611980033,75817600
2021-02-02,359.2696838378906,360.8421781777744,354.34510386252526,357.48063855333345,64450700
2021-02-03,359.5522155761719,361.2941922233273,358.2622201019286,360.10775960414,52427100
2021-02-04,363.63873291015625,363.6858017042245,359.665155429966,360.59733594252646,47142600
2021-02-05,365.0699157714844,365.785545255473,363.5916167510943,365.5313220766725,48669800
2021-02-08,367.70654296875,367.7536117712993,365.67267070035217,366.53893206888125,38365200
2021-02-09,367.46160888671875,368.06425030228803,366.44468741735096,366.85896747114947,35551100
2021-02-10,367.3015441894531,369.3730882539895,364.87221409152033,369.2224278915209,59154400
2021-02-11,367.8948059082031,368.81758996668185,365.4372284841901,368.39385584883775,42913300
2021-02-12,369.7120666503906,369.95686458614784,367.0096342207289,367.08497876675017,50593300
2021-02-16,369.39190673828125,371.1527335452402,368.6668806899045,370.95497565752555,50972400
2021-02-17,369.4766540527344,369.73087723293395,366.5953143328529,367.6216897765478,52290600
2021-02-18,367.9041748046875,368.65744785932117,365.0981795154557,366.8401557817618,59712800
2021-02-19,367.2545166015625,369.467296024321,366.8025354634472,369.1754005191411,83241000
2021-02-22,364.4296875,366.868443046135,364.1566137751426,364.45793452425914,67414200
2021-02-23,364.8721923828125,366.23753208077727,357.9984825753589,362.19803576303104,107284100
2021-02-24,368.8928527832031,369.32601209247883,362.7724157657389,363.77051550359107,72433900
2021-02-25,360.0041198730469,368.99647217971085,358.5446424299502,367.6123105542624,146670500
2021-02-26,358.149169921875,363.06435336962386,356.14357369660837,361.9061966211011,152701600
2021-03-01,366.83074951171875,368.0925264835865,358.3469013815146,363.0737518253175,105348800
2021-03-02,363.96832275390625,367.29219015862975,363.45984756369796,367.0567887029538,79595300
2021-03-03,359.1472473144531,364.2413087021669,359.0436557482747,363.2620594948917,119940200
2021-03-04,354.70294189453125,361.57665323526015,350.16439471520715,358.95899007219697,183433000
2021-03-05,361.228271484375,362.29229073571577,350.88003196852657,358.243368175176,152039600
2021-03-08,359.4297180175781,365.04167977288404,359.1472478103826,362.19804099019245,123149200
2021-03-09,364.5615539550781,367.1415448196132,362.8101521106231,363.31862732166235,113633600
2021-03-10,366.83074951171875,368.5444788455436,365.5031107129432,366.9343410850183,109899400
2021-03-11,370.5501708984375,372.5463708207165,368.86468828138686,369.32609471531373,86245000
2021-03-12,371.04913330078125,371.1903684061859,368.3561548393164,369.1753471861882,64653600
2021-03-15,373.2619934082031,373.5256419073497,369.1377550222067,371.3034370698016,73427200
2021-03-16,372.79119873046875,374.5990659831235,372.0096497344153,373.8834650327331,73722500
2021-03-17,374.06231689453125,374.872084062615,370.3335373606462,371.4917228010157,97959300
2021-03-18,368.61981201171875,373.55381671421173,367.93242950176943,371.4446291288149,115349100
2021-03-19,367.93780517578125,369.9122034598973,365.73666172842405,368.31567534165566,113624500
2021-03-22,370.875732421875,372.2738835812704,368.4006499768492,368.4573290534802,73778600
2021-03-23,367.9566345214844,371.6975976242941,367.1630986408666,370.2333401355902,90686600
2021-03-24,366.0861511230469,371.0268887536122,366.03892816874804,369.3736817381601,97588600
2021-03-25,368.1455993652344,368.9485625721345,362.66638163266924,364.6313524159487,116128600
2021-03-26,374.0782470703125,374.4844567322817,368.7029602375119,369.3075466691057,114409100
2021-03-29,373.8892822265625,374.8056323738316,371.0835527100491,372.5856058490414,108107600
2021-03-30,372.89739990234375,373.57757768374887,371.28195965297925,372.60454838267634,76262200
2021-03-31,374.40887451171875,375.98651907327525,373.4453013490467,373.47364088825344,112734200
2021-04-01,378.4521789550781,378.5088868681517,376.1565895873112,376.3644225030954,99682900
2021-04-05,383.8841247558594,384.4320609722796,381.0689676654142,381.1445301626907,91684800
2021-04-06,383.6574401855469,384.71548821284597,382.9772623351908,383.3173656751921,62021000
2021-04-07,384.1013488769531,384.4508794233749,383.02441770229257,383.4873063902955,55836300
2021-04-08,385.92462158203125,385.9813006570309,384.4225684352593,385.3672581247743,57863100
2021-04-09,388.73046875,388.9005348561053,385.6791385804487,385.8019528899941,61104600
2021-04-12,388.87200927734375,389.1459484818104,387.5116540571833,388.12569648150827,56704900
2021-04-13,390.0245666503906,390.65752141974065,388.3808158360313,388.76814206359757,56551000
2021-04-14,388.6926574707031,391.0638094336997,388.144721203013,389.9963052708021,61659900
2021-04-15,392.8680419921875,393.1420100363893,390.80862567423424,390.8558486202936,60229800
2021-04-16,394.18121337890625,394.7952558867157,392.7358393646789,394.1717572569023,82037300
2021-04-19,392.2445983886719,393.6899724622035,390.90315517252697,393.2365398616549,78498500
2021-04-20,389.372802734375,392.13128077165067,387.8801767242382,391.0165537405549,81851800
2021-04-21,393.0570983886719,393.26493130123305,388.6075886010641,388.7493151370817,66793000
2021-04-22,389.4672546386719,393.72781487497207,388.3903232548482,392.8870559418587,97582800
2021-04-23,393.69000244140625,395.11649320842173,389.95849517691323,390.03405767287825,73209200
2021-04-26,394.5118713378906,395.08814707487494,393.75613107227923,394.3512902255287,52182400
2021-04-27,394.4267883300781,395.01252009439594,393.27426587390187,394.814114522607,51303100
2021-04-28,394.3135070800781,395.8344726121784,393.8411621916665,394.7008333481329,51238900
2021-04-29,396.8262939453125,397.4497925139632,393.4065223536287,397.0719224561972,78544300
2021-04-30,394.2190246582031,395.39045956280563,393.3121305624169,394.5307884230832,85527000
2021-05-03,395.0692443847656,396.618520502579,394.5685599965547,396.2311942657152,68128300
2021-05-04,392.6319885253906,393.55779495159555,388.9004809377165,393.0571104872384,101591200
2021-05-05,392.7547912597656,394.5308127277545,392.1879716038646,394.2946402735995,60162200
2021-05-06,395.8911437988281,396.0233853735317,390.799252165048,392.8303293787919,74321400
2021-05-07,398.7724304199219,399.43372477306895,395.97615684791066,396.66579074021297,67733800
2021-05-10,394.8236083984375,399.35810734474035,394.70079412691143,399.13139104631756,81852400
2021-05-11,391.2999572753906,392.3013261654376,387.37950033835995,390.2513654268045,116888000
2021-05-12,382.9866943359375,389.76956016414624,381.654678261655,388.48479587753445,134811000
2021-05-13,387.5873107910156,389.54282549926063,384.5076129700874,384.5548647555335,106394000
2021-05-14,393.538818359375,394.3984894367975,390.32687917943207,390.3552187169453,82201600
2021-05-17,392.5375061035156,393.3594104690016,390.49697261988825,392.4147206430433,65129200
2021-05-18,389.1554870605469,393.04760410918004,388.9948771224863,392.80197555554935,59810200
2021-05-19,388.13525390625,388.31474728225965,382.9111202431311,384.4132024591372,106467100
2021-05-20,392.3106994628906,393.58603620028754,388.900383814448,389.02316924665575,78022200
2021-05-21,391.98956298828125,395.0692607659023,391.52667424120676,393.81280726721025,76578700
2021-05-24,395.985595703125,397.0719830962271,394.01116885271523,394.2567974011119,51376700
2021-05-25,395.1070251464844,397.44040994279067,394.5213221241119,397.0814232311062,57451400
2021-05-26,395.8911437988281,396.4012555107979,394.6536025222363,395.7021943153733,43088600
2021-05-27,396.09893798828125,397.4498372910661,395.81551379079787,396.9302695068075,56707700
2021-05-28,396.8074951171875,397.9505616552204,396.571322677036,397.6860496754365,58520200
2021-06-01,396.4579772949219,399.339269625766,396.0139719399427,399.19757192303746,54216600
2021-06-02,397.0814208984375,397.93166471780813,396.09896433813253,397.1192165598777,49097100
2021-06-03,395.607666015625,396.76018851752474,393.2553980621766,394.73856770053703,58138800
2021-06-04,399.2259216308594,399.528229290809,395.6738787005642,397.47823970697925,55938800
2021-06-07,398.8385314941406,399.39589493626494,397.8938418302742,399.2164015937591,51555000
2021-06-08,398.9236145019531,399.8021691120589,397.07203053417595,399.7076943644932,47134300
2021-06-09,398.32843017578125,399.84939567559417,398.1017138596426,399.77380435045234,48436300
2021-06-10,400.1800231933594,401.1436252183082,398.23396455620957,399.5659806033227,51020100
2021-06-11,400.84130859375,400.9546667518774,399.43373008092857,400.737406558681,45570800
2021-06-14,401.73876953125,401.84267156480246,399.6982362258093,400.95466089957426,42358500
2021-06-15,401.0018615722656,401.92763895188847,400.1138510202245,401.8898721243067,51508500
2021-06-16,398.7629699707031,401.3703228632724,396.69412597552775,401.1436065524899,80386100
2021-06-17,398.6307373046875,399.62265001616277,396.12731521839567,398.34734190987837,90949700
2021-06-18,393.2530212402344,396.01103650529984,393.04450841386256,395.3096883274855,118676300
2021-06-21,398.8828125,399.07238013401565,394.2102624535105,395.0348267059545,72822000
2021-06-22,401.0152893066406,401.8588276160326,398.1435162945504,398.8733256013183,57700300
2021-06-23,400.5320129394531,401.90627719978005,400.4467161721746,401.0911999186988,49445400
2021-06-24,402.9013977050781,403.3278814712962,402.44645276382045,402.7023719475097,45110300
2021-06-25,404.3326416015625,404.78758667262053,403.3279965447802,403.65972551801207,58129500
2021-06-28,405.1476745605469,405.3182680848234,403.65019430751784,404.8633520200861,53159600
2021-06-29,405.36566162109375,406.180738827245,404.8254198873644,405.53625513996815,35970500
2021-06-30,405.70684814453125,406.38925114312417,404.8727968213665,404.90122907447613,64827900
2021-07-01,407.9530944824219,408.11422987058717,406.4082078637385,406.47455943086305,53441000
2021-07-02,411.0712890625,411.431450218518,408.0383804134689,409.1283509405635,57697700
2021-07-06,410.3226013183594,411.346220446787,407.55509848009393,411.1282205210747,68710400
2021-07-07,411.7726745605469,412.0570260418818,408.97673966651337,411.01446179157983,63549500
2021-07-08,408.41748046875,409.18518016186755,405.19500446055105,406.38921683827084,97595200
2021-07-09,412.77734375,413.0806404449938,408.2185219604954,409.943489373812,76238600
2021-07-12,414.2558288574219,414.51174806709076,412.2560261724641,412.6919970412863,52889600
2021-07-13,412.8436584472656,414.97616433425986,412.57828109384263,413.459709918716,52911300
2021-07-14,413.459716796875,415.0520098678641,412.19918157813646,414.559145543335,64130400
2021-07-15,412.04754638671875,412.7868139731337,410.1235532500257,412.104410899215,55126400
2021-07-16,408.8155212402344,413.2890450861073,408.4174697407555,413.2416676441551,75874700
2021-07-19,402.7782897949219,408.88199867360487,399.9349482274844,403.9345831893051,147987000
2021-07-20,408.55023193359375,409.8392283654541,402.64554941183593,403.4511685662533,99608200
2021-07-21,411.85797119140625,412.00016139400816,408.5028493196768,409.7633845555588,64724400
2021-07-22,412.720458984375,412.96689115246147,411.04289803169377,412.0380559161047,47878500
2021-07-23,416.9665222167969,417.3077092860723,413.98101966478436,414.6728808632472,63766600
2021-07-26,417.9900817871094,417.99956884632775,416.3220080304527,416.3693854786226,43719200
2021-07-27,416.08502197265625,416.9664506743468,413.22270707079593,416.9380184234522,67397100
2021-07-28,415.9144287109375,417.30766695039506,414.4738130246525,416.72004777472563,52472400
2021-07-29,417.639404296875,418.7293459115925,416.84327227593457,416.85275933507603,47435300
2021-07-30,415.6111755371094,417.08022352770877,414.9097984013731,415.0425015354718,68951200
2021-08-02,414.7392272949219,417.9048104022537,414.3790661102858,417.3456234296735,58783300
2021-08-03,418.1133117675781,418.23652784567116,413.3270323847896,415.5448350185782,58053900
2021-08-04,416.0566711425781,418.08490625921314,415.8197260307678,416.8148839307856,46732200
2021-08-05,418.6914978027344,418.7767945717384,416.9096659418585,417.23190782163937,38969700
2021-08-06,419.3833312988281,419.8098440396247,418.7293605223864,419.0137119909047,46930000
2021-08-09,419.0421447753906,419.67714143369057,418.2649579206708,419.35489957479837,41222600
2021-08-10,419.56341552734375,420.2837378784225,418.8052027859697,419.49706395838393,43339300
2021-08-11,420.6059875488281,420.70077137425017,419.50655880664993,420.6439068637895,44034300
2021-08-12,421.86651611328125,422.00870631115447,419.5444715088346,420.4543325858276,38909400
2021-08-13,422.6342468261719,422.6531920214617,421.82862770494086,422.3214630981357,39470300
2021-08-16,423.6294250488281,423.7620992701628,419.74351945430175,421.3168384578988,73740000
2021-08-17,420.8524169921875,421.7243587629291,417.82899520171395,421.041955717845,92673900
2021-08-18,416.2462463378906,421.41166179739486,415.99984306832016,419.82885558531524,89351900
2021-08-19,416.89068603515625,418.1038727524995,413.34599648280425,413.4881577625044,92812200
2021-08-20,420.2078552246094,420.53958411069095,416.74846295309345,417.24132721491486,72008700
2021-08-23,423.9042053222656,424.82355332487214,420.2836778131178,421.9138610056584,54973000
2021-08-24,424.5771484375,425.1173901582532,424.05588083436186,424.5771484375,38744700
2021-08-25,425.468017578125,425.9892851240866,424.387534255134,424.7666694783315,40529700
2021-08-26,422.95648193359375,425.42068778416706,422.8616981107343,425.1837426889995,57829600
2021-08-27,426.7380676269531,427.11717395110264,423.71464624423027,423.77151074665477,77235100
2021-08-30,428.61474609375,429.41087816888455,427.1741013563003,427.4205335190668,48357400
2021-08-31,427.97967529296875,428.861104041214,427.37311093386097,428.51991701245834,59300200
2021-09-01,428.2071838378906,429.4487738789621,427.9702387319768,428.9275062155369,48721400
2021-09-02,429.52459716796875,430.33967441969605,428.3114394259816,429.64781324647686,42501000
2021-09-03,429.42034912109375,429.94164571758415,427.97024620454016,428.3778137760402,47170500
2021-09-07,427.88494873046875,429.1644581074277,427.2025456576882,429.06967427877083,51671500
2021-09-08,427.3636474609375,428.08396979334424,425.4206803600933,427.344702266281,56181900
2021-09-09,425.534423828125,428.9369517487631,425.2879916861643,427.16460715594775,57970400
2021-09-10,422.1792297363281,427.91328858230196,422.05601367807805,427.486804831387,89948200
2021-09-13,423.2597351074219,425.4775665749538,420.91871649077,425.2121892344571,83738600
2021-09-14,420.9756164550781,424.9278443703824,420.07521354086856,424.71933153361607,78197100
2021-09-15,424.4918518066406,424.99417421627317,420.2837048971315,421.4020787262818,78792200
2021-09-16,423.8189392089844,424.9467711818383,420.83340805626517,423.96110047245674,77786700
2021-09-17,419.6904602050781,423.46520343654805,419.3291452382611,423.0373533573867,118425000
2021-09-20,412.6925354003906,415.088583310167,407.7672822831332,413.4912180369828,166445500
2021-09-21,412.3026123046875,416.37210624536135,411.77015732303823,415.0599746775041,92526100
2021-09-22,416.3246154785156,418.3879006292685,412.416772495929,414.6036394523698,102350100
2021-09-23,421.3829040527344,423.0088213701685,417.97899330942,418.21669746519007,76396000
2021-09-24,422.0769958496094,422.79962574315766,419.5097794505654,419.72847771219705,62094800
2021-09-27,420.86956787109375,422.21019404227263,420.1659436984407,421.0311904799303,61371100
2021-09-28,412.3882141113281,418.39738252936206,411.64657825709514,418.0645908860193,130436300
2021-09-29,413.0823669433594,415.54497895295617,412.51187106476203,413.7859620842083,82329200
2021-09-30,408.0334777832031,415.28818456740674,407.6911686949608,414.5750720682423,140506000
2021-10-01,412.8826599121094,414.5846300344232,406.21745416654886,409.78301701080636,129240100
2021-10-04,407.55810546875,412.616428523891,405.3902154237439,411.70365256894723,128570000
2021-10-05,411.79876708984375,414.0712041819295,408.2712448418993,409.07941591881655,90682500
2021-10-06,413.5102844238281,413.7194653128216,406.5122856222825,408.1571803698569,113032200
2021-10-07,417.0852355957031,419.9566914356434,416.6478680609118,416.82852554592546,72437500
2021-10-08,416.3246154785156,418.25480137059486,415.6875844942296,417.86496301430975,74557400
2021-10-11,413.310546875,418.6066032837989,413.24398273665867,415.6590654734887,65233300
2021-10-12,412.2931213378906,414.65115713425456,411.49443881411145,414.2423129286215,71181200
2021-10-13,413.7763671875,414.6035729991626,410.31540980058895,413.32948221817855,72974000
2021-10-14,420.7363586425781,420.88849278532473,417.00914468683806,417.4845530016885,70236800
2021-10-15,423.9407043457031,424.3115368452533,422.2482515130534,422.8757941161654,66260200
2021-10-18,425.1957092285156,425.53798930193824,421.4684951126115,422.13407838865146,62213200
2021-10-19,428.4761047363281,428.5426398609434,426.222644503992,426.84069864891364,46996800
2021-10-20,430.15899658203125,430.4632648969902,428.82785897486536,428.9419523388191,49571600
2021-10-21,431.2809143066406,431.5091010138907,429.11305353790203,429.5504210656717,41305400
2021-10-22,430.8341064453125,432.3078899044283,428.8659086931158,430.8436238986918,58845100
2021-10-25,433.1445617675781,433.4773534356401,430.1400063520101,431.93703493294555,45214500
2021-10-26,433.5343322753906,435.9398971319469,433.1540114356757,434.7133646001129,56075100
2021-10-27,431.61376953125,434.6754007100142,431.5376879398753,434.00032892384615,72438000
2021-10-28,435.7783203125,435.8543728817801,433.04948100484063,433.0589694406112,51437900
2021-10-29,436.6626281738281,436.95737906912046,433.1541117578623,433.44886265315466,70162400
2021-11-01,437.4137268066406,438.0412693163941,435.66422754458085,437.6609194196054,48433600
2021-11-02,439.1822509765625,439.49603675334,437.45175752775043,437.58488580071645,48908400
2021-11-03,441.86358642578125,442.272430687613,438.164895129318,438.6117801879745,52509800
2021-11-04,443.94586181640625,444.0314318437602,442.12028084964794,442.472078412089,52847100
2021-11-05,445.48614501953125,447.50187177059667,443.9553440683133,446.19925754089627,66390600
2021-11-08,445.86651611328125,447.1025953661768,445.17243841828224,446.5986636216514,50405200
2021-11-09,444.3927001953125,446.4749910254794,442.96647518925965,446.23728685780395,51149100
2021-11-10,440.81768798828125,444.39276850498163,439.31541018496387,442.68128082466427,69429700
2021-11-11,440.96026611328125,442.40552611905025,440.9412602245931,442.3294445310498,34848500
2021-11-12,444.2881164550781,444.84909483554316,441.2835321504168,442.2438663189304,53466700
2021-11-15,444.44024658203125,445.75237828092077,443.29928394310963,445.5907556899695,46980500
2021-11-16,446.19927978515625,447.34975991899205,444.0979829087663,444.174035480856,48857500
2021-11-17,445.1153259277344,446.11367181585166,444.48778344902973,445.93301432880236,47858300
2021-11-18,446.6271667480469,446.89339427995975,443.40388400635703,446.1612468047309,50625600
2021-11-19,445.8284606933594,447.7776233405202,445.45762824880177,446.5130208680076,57315600
2021-11-22,444.5733642578125,450.24974102650214,444.3641834265001,447.7300826152093,72762000
2021-11-23,445.1629638671875,446.0282107226141,441.60691796939614,444.2406703194584,73206500
2021-11-24,446.3514099121094,446.47502073018416,442.310438792774,443.13764470866045,61858800
2021-11-26,436.3963623046875,441.08388189023253,435.2553706048447,439.6006100904115,112669600
2021-11-29,441.74951171875,443.61310460914865,439.02067201793795,441.2455799518749,86268800
2021-11-30,433.1540832519531,441.20750241421115,432.90686160767046,439.2773455414365,148559600
2021-12-01,428.3428955078125,441.8159800383792,428.14323213844494,438.9350067853067,131939200
2021-12-02,434.9036560058594,436.4915330390736,428.1623674847349,428.56172336084046,127637800
2021-12-03,431.11932373046875,437.6609182957372,426.84064855219214,436.58651979160004,137331600
2021-12-06,436.2252197265625,438.1268532041968,431.2524377365643,433.6960437193141,98977500
2021-12-07,445.24853515625,445.8190310975064,436.09216379980296,441.56887840925816,95484700
2021-12-08,446.4275207519531,446.88392328980956,443.86982108243234,445.6478729809782,72238800
2021-12-09,443.4133605957031,446.532038117828,443.21369721932507,445.12481899790237,61272600
2021-12-10,447.58740234375,447.73953648356115,443.5654666483569,446.15168899190627,77159800
2021-12-13,443.6225891113281,447.4163387534313,443.33732666921594,447.06454118978894,87724700
2021-12-14,440.5704345703125,442.8333830739573,437.61340841103896,440.3137244942528,97264100
2021-12-15,447.4543762207031,447.7015688487448,438.07930781222103,440.6275187996596,116899300
2021-12-16,443.5085144042969,449.61274209959083,441.93964344822353,449.327508662101,116568600
2021-12-17,438.78826904296875,443.4350099706387,437.0612468320394,440.391246158323,135511600
2021-12-20,434.1225280761719,434.5232578627631,430.45856729162125,433.64544939403913,107134800
2021-12-21,441.8320007324219,441.97511847900057,435.3914400692942,437.58598983300806,69806300
2021-12-22,446.249755859375,446.36425005739017,441.3739977244185,441.5743916895101,58890200
2021-12-23,449.0263977050781,450.54350420466926,447.1562576897954,447.26120100805275,56439700
2021-12-27,455.3810119628906,455.42870816890434,450.37168735180654,450.41938355782025,56808600
2021-12-28,455.0088806152344,456.85994767395795,454.2360157124085,455.81991995433503,47274600
2021-12-29,455.59100341796875,456.62148041138266,454.1025204727222,455.1139248042726,54503000
2021-12-30,454.3315124511719,457.04131550398193,453.863984724026,456.0203602742119,55329000
2021-12-31,453.18646240234375,454.9993551259938,452.90977779995495,453.8353113809829,65237400
2022-01-03,455.8103942871094,455.9439902621818,452.127361743287,454.4650292399712,72668200
2022-01-04,455.65771484375,457.97633874408916,453.7780241780387,457.2511700247597,71178700
2022-01-05,446.9081726074219,456.0680879326196,446.81275105973447,455.28567200757817,104538900
2022-01-06,446.48828125,449.236258391107,444.0933375813083,446.440585041833,86858900
2022-01-07,444.7231140136719,447.6905579683228,443.3491253527669,446.4978615000766,85111600
2022-01-10,444.1697692871094,444.389206827876,435.66822434087084,441.48858963229094,119362000
2022-01-11,448.21539306640625,448.31081462041647,440.86837018617075,443.90261253970317,74303100
2022-01-12,449.42706298828125,451.50714757893627,447.4424290491019,449.97093951917304,67605400
2022-01-13,443.2345886230469,451.2018060902014,442.19456089675333,450.54343537341396,91173100
2022-01-14,443.4159240722656,443.7689575684762,438.8168794946931,440.0477504051449,95890900
2022-01-18,435.5631408691406,438.8740669854684,434.43724254264725,438.6641512704813,109709100
2022-01-19,431.04052734375,438.54018917186653,430.7638135946912,437.12805511163754,109357600
2022-01-20,426.26971435546875,437.71004946980986,424.1228607297277,432.9488145244408,122379700
2022-01-21,417.9017028808594,427.5195928482111,417.8730793349485,425.134200293767,202271200
2022-01-24,419.6764831542969,420.1917361756069,401.4711772931895,412.22451803942744,251783900
2022-01-25,414.5527038574219,419.5620294475353,407.56826576046444,413.2073386332775,167997300
2022-01-26,413.51263427734375,423.6839530877649,409.1998252822503,420.51614433103884,186391100
2022-01-27,411.4707336425781,421.34626629506744,409.76281325301744,418.16893569276084,149878300
2022-01-28,421.6898193359375,421.73751555226005,408.2075723811442,412.8447627607558,164457400
2022-01-31,429.2848815917969,429.6379151068966,419.64788777318336,421.0123256196486,152251400
2022-02-01,432.18548583984375,432.83430570302926,426.4509921419572,430.0195305080426,123155400
2022-02-02,436.3837890625,437.1184796033078,432.28089574588796,434.6185924680603,117361000
2022-02-03,426.12664794921875,432.2046251763638,425.2774339913567,430.27723794947974,118024400
2022-02-04,428.13031005859375,432.02325828390605,423.4835404390657,425.88803500986137,118454400
2022-02-07,426.75634765625,430.3153352851843,425.4109825444908,428.9032013012466,84472900
2022-02-08,430.2677001953125,431.20278484287235,424.8099192110981,426.2507060687962,81012000
2022-02-09,436.5650634765625,436.88947340806783,434.15104709099666,434.35141193604545,92589900
2022-02-10,428.721923828125,436.72728766422495,426.6991152054699,430.6493109062352,140103700
2022-02-11,420.26806640625,430.90691321691406,418.81775796478564,428.8077848767867,153214600
2022-02-14,418.8940734863281,421.3558153101049,415.3827820623974,419.75283824073216,123006300
2022-02-15,425.64947509765625,425.8212163819411,422.8633236388176,423.3881274988831,88482700
2022-02-16,426.12664794921875,427.519709427688,421.6802715210342,423.57903519420205,84863600
2022-02-17,417.0239562988281,426.09800086720514,416.41331081374534,422.90156832540976,102259100
2022-02-18,414.3237609863281,418.5506711033936,412.0242382541063,417.2816255079764,132642900
2022-02-22,409.8773193359375,415.53546459791914,406.3373751245111,412.09097104969135,124391800
2022-02-23,402.60662841796875,413.39814365140523,402.03412829383535,412.82564352727184,132578000
2022-02-24,408.6654968261719,409.1044300817511,391.8151071349742,392.17766239338056,213942900
2022-02-25,417.6822814941406,417.76815214116806,408.24565355040596,409.9154285192575,121804500
2022-02-28,416.6136779785156,418.11171182520815,410.9555325661179,412.22454887589333,145615000
2022-03-01,410.2685241699219,417.12891678130694,407.53006854077734,415.0965572822185,137785900
2022-03-02,417.81585693359375,419.56195157446376,411.78557721115004,412.54889122625497,117726500
2022-03-03,415.7358093261719,420.88825218251793,413.91336565066376,420.2776067398688,105501700
2022-03-04,412.358154296875,413.5031255333758,408.2648115138556,411.9573954370301,113978200
2022-03-07,400.2021179199219,412.48211552013856,400.13531993238763,411.7664976728666,137896600
2022-03-08,397.16796875,407.6255244106144,396.0897663620499,400.38347413232015,164772700
2022-03-09,407.81634521484375,409.82008122178485,403.4367670228745,405.6504187851822,116990800
2022-03-10,405.974853515625,406.881285468384,401.16589262930995,403.1505269768378,93972700
2022-03-11,400.8127746582031,409.1139238467332,400.2975216778535,408.4937275636891,95636300
2022-03-14,397.8835144042969,405.08738892893945,396.72899245574615,401.5951995347633,95729200
2022-03-15,406.6331481933594,407.27241715036865,399.2384305942693,400.52651939732397,106219100
2022-03-16,415.6499328613281,415.7071799608205,405.32594551391367,410.1826310298501,144954800
2022-03-17,420.8501281738281,420.8501281738281,413.33136468986197,413.71302175066603,102676900
2022-03-18,425.4595642089844,425.7849819569524,418.47259016532246,419.2191436363138,106345500
2022-03-21,425.3351745605469,427.31639357395176,421.7842332897094,425.28730096720227,88349800
2022-03-22,430.3121643066406,431.25970505235637,426.7420913212797,426.7420913212797,74650400
2022-03-23,424.7704772949219,429.2593791208495,424.684339871641,427.7471401193155,79426100
2022-03-24,431.17364501953125,431.18322558119496,425.6893576476492,426.81875398084685,64736900
2022-03-25,433.2792663574219,433.55683972750614,429.20192005869427,431.8148718599814,77101300
2022-03-28,436.3612060546875,436.3612060546875,430.76204021438434,432.6762829489136,68529800
2022-03-29,441.75933837890625,442.2570601645087,437.576722838347,440.2949439117009,86581500
2022-03-30,439.03155517578125,441.4243584431247,436.8971641460622,440.6012189304659,79666900
2022-03-31,432.27435302734375,439.08905319343927,431.81492420830403,438.25636219126596,121699900
2022-04-01,433.4993591308594,434.0161835631178,429.8814420599413,433.8726212208238,89048800
2022-04-04,437.2130432128906,437.3183417554345,432.8677330935869,433.70042403695504,59601000
2022-04-05,431.69049072265625,438.19890496383664,430.5323819351552,435.7008319748018,74214500
2022-04-06,427.373779296875,429.6804450644482,424.45457110471835,427.72793870262933,106898000
2022-04-07,429.52734375,431.36502961975174,424.5120371525295,426.48370482446757,78097200
2022-04-08,428.37884521484375,431.3076344524145,426.81873261130204,428.7616879448412,79272700
2022-04-11,421.05682373046875,425.9189871816048,420.54955059948986,425.06713518690975,89770500
2022-04-12,419.49676513671875,426.63688291796194,417.92707195096625,424.08135581497214,84363600
2022-04-13,424.301513671875,425.0671991591075,419.06605809786765,419.24791351266543,74070400
2022-04-14,419.0181579589844,425.6605823690209,418.9128594233079,424.53115699343107,97869500
2022-04-18,419.1904602050781,420.8941351265984,416.931638515193,418.08019587737556,66002500
2022-04-19,425.95733642578125,426.6847288624643,418.9129073958592,419.08518224593973,77821000
2022-04-20,425.6413879394531,428.3787699354968,424.4641474818142,427.7566469574487,65224400
2022-04-21,419.2765808105469,430.7141927512222,418.35775248306726,429.3072231830381,85417300
2022-04-22,407.77203369140625,419.2957550024111,407.19775497543907,418.1759392548525,132471800
2022-04-25,410.1360778808594,410.30835271320825,400.8807016004419,405.50361406498274,119647700
2022-04-26,398.2582702636719,407.7720605079967,398.2295577864367,407.5710439583199,103996300
2022-04-27,399.3780517578125,404.78581124755243,397.2149771709448,399.34933928304525,122030000
2022-04-28,409.466064453125,411.21761280388006,399.6938640766289,404.18276534802834,105449100
2022-04-29,394.3340148925781,407.60928397292037,393.577880811708,405.42704835983704,145491100
2022-05-02,396.7076721191406,398.0859292153435,387.6532830159417,394.4010061346487,158312500
2022-05-03,398.52618408203125,400.9668317900633,395.6356589714871,397.21493253329896,100028200
2022-05-04,410.6625061035156,411.2367847860989,395.9706867518103,399.1961812007349,144247900
2022-05-05,396.0664367675781,406.7766284510469,391.8838205790674,406.3459121020163,172929100
2022-05-06,393.7023620605469,397.013994337255,388.3329243601076,393.4726622429116,151770800
2022-05-09,381.0970458984375,388.9837169953362,379.4986402866201,387.7298902809223,155586100
2022-05-10,381.9775390625,388.6678076542912,377.89064159517943,387.14598828061884,132497200
2022-05-11,375.9093933105469,386.71530104470975,375.15325929951763,381.0012856737671,142361000
2022-05-12,375.5169677734375,378.8285992967604,368.63526328171594,372.67431634077207,125090800
2022-05-13,384.4947814941406,385.89217045609865,378.64675498465084,379.69959428846505,104174400
2022-05-16,382.93463134765625,386.6482664123333,380.55140881975683,382.8293620321529,78622400
2022-05-17,390.8117980957031,391.05107843409303,385.3179016641324,389.0985426943039,83029700
2022-05-18,375.0575866699219,386.4856187934089,373.80375994293706,386.1984940502169,117674500
2022-05-19,372.760498046875,377.23984846720896,370.51125688018453,371.95651956348877,98510700
2022-05-20,372.9232177734375,380.0059103299585,364.22298770544137,376.38799258674203,131432200
2022-05-23,379.9006042480469,380.67587017452865,373.64102268513443,375.9859523755829,76414900
2022-05-24,377.00054931640625,378.20650237684345,370.3676760433841,375.72756154107805,91448800
2022-05-25,380.331298828125,382.3221275547169,375.0862926252339,375.48826722741353,91472900
2022-05-26,387.9308776855469,389.58670824579576,381.36503881068194,381.57560668996774,82168300
2022-05-27,397.4542236328125,397.56907352208646,390.21838851829534,390.4193758245248,84768700
2022-05-31,395.2240905761719,398.6027275897783,392.4484446537542,395.8175011074929,95937000
2022-06-01,392.02734375,398.39219510501664,389.48139736618805,397.36809742408747,86585800
2022-06-02,399.49298095703125,399.5408253512997,389.5867669938161,391.86472097440645,79609600
2022-06-03,392.93658447265625,396.2865090038334,391.9507507075565,394.7168160603218,71874300
2022-06-06,394.13299560546875,398.7462981580559,392.94614530935013,396.9947789985857,57508900
2022-06-07,397.9136657714844,398.37309458677043,390.132263641186,390.6012730179454,59272400
2022-06-08,393.58746337890625,397.99022766185874,392.78348490778,396.1812541950544,64350000
2022-06-09,384.2268371582031,394.08517640788494,384.2268371582031,391.78809077008833,86289800
2022-06-10,373.0858459472656,378.80944145130945,373.03800156909523,377.9480381810877,132893900
2022-06-13,358.92047119140625,365.4384646115204,357.29335337172944,363.5625151272863,170004900
2022-06-14,357.8389892578125,361.73448054139044,354.69963209281036,360.6912216734964,104011800
2022-06-15,362.9404602050781,367.4389134287406,356.16402408132404,361.17933105894053,125666800
2022-06-16,350.9285583496094,355.0346173678511,348.4687493212458,354.6230621726384,134473300
2022-06-17,351.6850280761719,355.06866722021977,348.1380212112785,351.3486120189523,111113900
2022-06-21,360.5382385253906,361.94166385185497,357.40453506864367,357.4814519643187,76811900
2022-06-22,359.88458251953125,364.0468073356452,355.8376743736231,356.2606292835764,90059400
2022-06-23,363.4123229980469,364.15247931701344,358.4426475196226,362.04735634902335,79292100
2022-06-24,374.9666748046875,374.97629675059903,366.59414443678344,366.6229809393172,98050300
2022-06-27,373.53436279296875,376.1970306200267,372.42892456401967,375.89904368879337,66009600
2022-06-28,365.9020690917969,377.92739033440165,365.78672307218875,375.1109174598908,86548900
2022-06-29,365.6040344238281,367.45925111275926,363.75843968034417,366.4595661830386,65676000
2022-06-30,362.6337890625,365.91167520884255,358.12549653489356,361.66291121412695,112508300
2022-07-01,366.46917724609375,366.91137606613574,359.3174312507828,361.9705068302307,74839700
2022-07-05,367.16131591796875,367.180559811576,358.4523393229211,361.3168926260618,81438000
2022-07-06,368.4013366699219,370.9198225231262,364.89275837820134,367.3054908243702,70426200
2022-07-07,373.91888427734375,374.7263356291687,368.4204999276034,370.1988290247507,64525900
2022-07-08,373.61138916015625,375.5050646876894,370.71799916075025,372.2656072677405,72397800
2022-07-11,369.3434143066406,371.8811149669923,368.64168684532217,370.900644378821,58366900
2022-07-12,366.07501220703125,371.19852175203914,364.3063051576813,368.785760446499,62219200
2022-07-13,364.152587890625,367.12289466663265,360.1441669049135,360.5671218804846,84224600
2022-07-14,363.2682189941406,364.3640354607223,356.66439568558775,359.1348010423068,89704800
2022-07-15,370.2084655761719,370.3238115830979,365.79630480005216,367.7284090864627,79060400
2022-07-18,367.1517028808594,374.0150547552047,365.911674555524,373.3325712797977,63203600
2022-07-19,377.0718688964844,377.64862834568623,370.4584524626098,371.1216920937071,78506000
2022-07-20,379.4750061035156,380.90729743689303,375.8799181877334,377.26412912181934,71843800
2022-07-21,383.3392639160156,383.38731497885783,376.45666787635133,378.88864422727045,64903900
2022-07-22,379.7825927734375,384.675381819805,377.53325747129935,383.464219324932,72197300
2022-07-25,380.24395751953125,381.1090818580966,377.9753786149749,380.4169765202046,53631500
2022-07-26,375.74530029296875,378.79246480437615,374.8417174784014,378.5809873512817,52946400
2022-07-27,385.5020751953125,387.2707825349673,378.78287649163906,379.0808634744764,82342100
2022-07-28,390.3371887207031,391.0388867502387,382.7240291170594,386.31914611595874,73966600
2022-07-29,396.02777099609375,397.02748525038425,391.01001450435007,391.78862936210345,87003700
2022-08-01,394.8550720214844,397.39280165613854,392.5769002520845,393.2978421707656,69997500
2022-08-02,392.2500915527344,396.99869818290057,391.0581435895228,393.26902048939,63435400
2022-08-03,398.3924865722656,399.5748124570477,394.1148864366176,394.4032514487109,67820600
2022-08-04,398.1233215332031,399.0076604280302,396.46033846384563,398.31555508915756,45656600
2022-08-05,397.450439453125,398.10408636104154,393.7303841759186,393.78805717748776,56814900
2022-08-08,396.9889831542969,401.439601750123,395.8739230192686,399.161430429024,53886100
2022-08-09,395.4125671386719,396.75831935059244,394.32634342416515,396.2488549655369,44931800
2022-08-10,403.71783447265625,403.8620463181089,400.57453840835655,402.5547231096879,68665700
2022-08-11,403.71783447265625,408.48568460313226,402.9680560841444,406.60160201850204,59489700
2022-08-12,410.5523986816406,410.6581227492092,404.71756835768804,405.67882425282875,61694500
2022-08-15,412.24420166015625,412.7729100197016,408.25499544090906,408.31266844955724,54048300
2022-08-16,413.0516662597656,415.00301453640907,410.34091761875305,411.1579909895095,59289000
2022-08-17,410.1197814941406,412.85936639312547,408.0915458355961,409.40846158889923,63563400
2022-08-18,411.311767578125,412.00384360787325,409.01435208364535,410.3216459201027,49023200
2022-08-19,405.7845764160156,408.78369010606076,404.9002080876989,408.5145396296516,68016900
2022-08-22,397.3350830078125,401.06476013232896,396.4218782816351,400.8917117969701,77695600
2022-08-23,396.3738708496094,399.32493346298486,395.81632600746724,396.9025498533495,49105200
2022-08-24,397.64276123046875,399.02694280829394,395.45109884070723,396.14317496201807,49177800
2022-08-25,403.2564697265625,403.30452078721123,398.04644987039785,399.1518882821356,50942300
2022-08-26,389.606689453125,403.6890847971792,389.54901643661964,403.1411911403784,103087000
2022-08-29,387.03045654296875,390.1160796790773,385.6558676860806,386.61712355834385,65370800
2022-08-30,382.7817077636719,388.44351915530365,380.65734041611535,388.2032051777682,85652400
2022-08-31,379.869140625,385.6943496624961,379.73458003874504,384.4351066440568,76029700
2022-09-01,381.0610656738281,381.40710370684076,374.92824851702744,377.66783361918215,78740100
2022-09-02,377.0429992675781,386.00191116388805,375.20699700543383,384.7715048034439,99632100
2022-09-06,375.6203308105469,378.85013626077574,373.3709957287376,377.89850239333316,76637400
2022-09-07,382.3683776855469,383.14699263189715,375.082070738466,375.30314082495886,70964200
2022-09-08,384.8676452636719,385.3290293251323,378.8501738903728,380.0709876684587,80821700
2022-09-09,390.8465881347656,391.72133437477197,386.86697530672797,387.1361257394071,76706900
2022-09-12,395.0472717285156,395.77783547649085,392.63451043942683,392.94211931596345,69256300
2022-09-13,377.86968994140625,387.48224868153255,376.73541505051963,386.26143494700773,122947100
2022-09-14,379.31158447265625,380.84959978158463,375.96640337587723,379.1866165118705,85023700
2022-09-15,375.005126953125,380.6188575885891,373.7170476362562,377.7350900428589,87633800
2022-09-16,372.144287109375,372.8102806467928,368.81431942228585,370.7737130582449,103084800
2022-09-19,375.03021240234375,375.03021240234375,368.88186419270846,368.95909705113775,73278500
2022-09-20,370.72540283203125,372.6847668414529,367.93597706904285,371.6616524004172,77274900
2022-09-21,364.2585144042969,375.7637347282181,364.248852934161,372.67506876630944,106746600
2022-09-22,361.1988525390625,365.1368741933567,360.44599415857806,363.4767211677108,89472600
2022-09-23,355.1470642089844,357.7241441398762,350.6492069868189,357.6855277061192,122346900
2022-09-26,351.6336975097656,357.3283989536155,350.3982367576907,353.6606331303109,92581200
2022-09-27,350.7360534667969,357.5117791780384,348.3133804866412,355.2145875092273,108294100
2022-09-28,357.6371765136719,359.3455776563466,349.98311287595334,351.70117548821895,110802200
2022-09-29,350.16656494140625,354.3362261872467,347.1840864336314,354.04667660618315,112952300
2022-09-30,344.7517395019531,353.17798547071806,344.6166261876409,349.21097962122457,153711200
2022-10-03,353.8536376953125,355.72613694099203,346.7111296791081,348.516057534673,89756500
2022-10-04,364.8183898925781,364.84734485283025,353.81506316117395,359.4421931120172,103602800
2022-10-05,363.96905517578125,366.25658571743213,358.04271333535564,360.3978152787906,88065700
2022-10-06,360.21435546875,365.54227406391703,359.71243024325867,362.5501340210394,82333500
2022-10-07,350.16656494140625,360.3012126585015,348.3809306429675,356.13152195695596,107789500
2022-10-10,347.492919921875,351.5371292082342,345.22471286942846,351.2958280787651,76042800
2022-10-11,345.29229736328125,350.3982381398513,343.3329331286905,345.7748996817096,92482800
2022-10-12,344.1533508300781,347.2999272611436,343.90238820751506,345.7073455576086,76991800
2022-10-13,353.23590087890625,354.722324093684,335.9973327607428,337.05906362844115,147254500
2022-10-14,345.1861572265625,357.37669714694573,344.5394571251949,355.7261759226217,123737000
2022-10-17,354.0563049316406,355.17594563311036,344.84824619168785,351.34408277200447,93168200
2022-10-18,358.2163391113281,362.3860294846635,354.73193566303866,362.07715698537135,97162900
2022-10-19,355.6778564453125,358.911297395047,352.83049140247834,356.15079722208765,79746900
2022-10-20,352.6954345703125,359.70282975273767,351.92325317715216,355.2242660395325,88283100
2022-10-21,361.2664489746094,361.758683305707,350.8904992088786,352.4155095627723,131038400
2022-10-24,365.6871032714844,366.83569923129176,360.1275147235568,362.8108120912189,85436900
2022-10-25,371.52655029296875,371.84505483562714,365.4940218238639,365.6098416575578,78846300
2022-10-26,368.7274475097656,374.0939826830532,368.0807769285353,368.3413715642347,104087300
2022-10-27,366.7584533691406,371.60376984198695,366.1310468165304,369.74093203916163,81971800
2022-10-28,375.4838562011719,375.96645846687187,366.4688494125805,366.6522406300029,100302000
2022-10-31,372.7716369628906,374.88543726090984,371.8547103237635,372.99364461103545,96631300
2022-11-01,371.1404724121094,376.80624831298366,369.95328957305725,376.5649471563363,85407600
2022-11-02,361.82623291015625,375.10745723633005,361.720074546058,370.54202901028134,126990400
2022-11-03,358.1005554199219,361.17956034159533,355.9578001053984,358.5445412726377,87100100
2022-11-04,363.2547302246094,365.6870350325933,357.12567557694524,363.8821072770496,103505200
2022-11-07,366.7294921875,367.32791431456917,362.4632749806646,364.56741389703893,68286900
2022-11-08,368.7081298828125,371.71956329878554,364.5770556791076,367.84908371371904,84641100
2022-11-09,361.1119689941406,367.8780620529582,360.6100437959627,366.7101433846629,78495500
2022-11-10,380.9565734863281,381.2944009586985,372.22148438253384,374.54760134940835,141455800
2022-11-11,384.6436462402344,385.45441446767416,379.91412072994757,381.82523620186475,93839900
2022-11-14,381.37158203125,386.2555142489117,381.09166448987975,382.8580051492304,71903500
2022-11-15,384.62432861328125,388.31141684230124,380.76351064506014,387.1917760968327,93194500
2022-11-16,381.690185546875,383.93909939094436,381.053146951665,382.9738947537852,68508500
2022-11-17,380.5221862792969,381.20750263490265,376.56487166815054,376.87371470040904,74496300
2022-11-18,382.25,383.9680631151263,379.3640474948546,383.9004917196131,92922500
2022-11-21,380.8601379394531,382.04735038342704,378.9972998453755,380.90841585027493,51243200
2022-11-22,385.98529052734375,386.14938826002486,381.4005689519804,382.8290822784632,60429000
2022-11-23,388.4176330566406,388.90986735370535,385.41583154987455,385.6474712190815,68261600
2022-11-25,388.3306884765625,388.8905235456464,387.568198178851,387.8480862576911,30545400
2022-11-28,382.1341552734375,386.86365190438426,381.36197392293786,385.20349882044343,67881600
2022-11-29,381.4778137207031,383.4757647990618,379.6149465097958,382.26925908366616,52310000
2022-11-30,393.49456787109375,393.49456787109375,379.78868149193926,381.7287225286576,144566700
2022-12-01,393.2050476074219,395.73387890114543,390.6665548420454,394.54666666038776,76398200
2022-12-02,392.7513732910156,393.6682999081451,388.1473583519817,388.2535167100445,85342700
2022-12-05,385.6861267089844,390.8403160607609,384.315552586433,389.8944343452361,77289800
2022-12-06,380.12646484375,386.07212793528436,378.0126941459997,385.52198377171527,77972200
2022-12-07,379.4797668457031,381.8734843706307,378.33117124898837,379.2674206986878,65927900
2022-12-08,382.45263671875,383.5336610884183,379.58597806260593,381.39093529149324,60737900
2022-12-09,379.5956115722656,383.78459542401623,379.4701302786535,381.19785452203797,81447700
2022-12-12,385.0683898925781,385.0683898925781,379.72114812014985,380.3967736718847,75405800
2022-12-13,387.9832763671875,396.2068085763035,385.1841890472731,395.9462139503626,123782500
2022-12-14,385.5027160644531,391.3904700876154,382.5202373486553,387.63581000894794,108111300
2022-12-15,376.07269287109375,381.49713829664245,374.3932462042293,380.5801820959358,117705900
2022-12-16,371.6326904296875,374.8421859114013,369.47041927629004,373.4847002922571,119858000
2022-12-19,368.4813537597656,372.1659912311167,366.7941952533003,371.82661244427356,79878100
2022-12-20,368.9856262207031,370.6243149134932,366.37730064891156,367.7154042764887,74427200
2022-12-21,374.50286865234375,375.64703308674467,371.0703457581713,371.6133400521571,78167400
2022-12-22,369.1600646972656,374.4833604096292,363.390714822674,371.4193050602712,100120900
2022-12-23,371.28363037109375,371.4290699727955,366.5517980559523,368.12260493626457,59857300
2022-12-27,369.8194580078125,371.5163223546151,368.1225936610099,371.1672673212222,51638200
2022-12-28,365.2234191894531,371.7490858376548,364.99071581474294,369.7516067045088,70911500
2022-12-29,371.7975769042969,372.67995003801286,367.5699446147877,368.1032626666661,66970900
2022-12-30,370.81817626953125,370.9636158642574,366.93962925835154,369.08254778752337,84022200
2023-01-03,369.2571105957031,374.69675909515433,366.35787630587384,372.69930956075285,74850700
2023-01-04,372.10784912109375,374.1634745201176,368.4620050754478,371.5454431739836,85934100
2023-01-05,367.86083984375,370.2461382543845,367.2596697199369,370.1297865647393,76970500
2023-01-06,376.2966613769531,377.43114952851016,367.88992633219317,370.9927465441918,104189600
2023-01-09,376.08331298828125,381.7460179093739,375.8991092209777,378.517110812085,73978100
2023-01-10,378.7207946777344,378.78867636745963,374.5416617048069,375.4919165880443,65358100
2023-01-11,383.5107116699219,383.5882991798433,379.49643096495055,380.3206281098179,68881100
2023-01-12,384.9070129394531,386.39055604862517,380.5048832061513,384.6258395750699,90157700
2023-01-13,386.4002380371094,386.9820259950069,381.39690894473443,381.6684060462913,63903900
2023-01-17,385.6924133300781,388.0777411267566,385.00397949817483,386.38087675294776,62677300
2023-01-18,379.60308837890625,387.971058411242,379.39947294334144,386.89477580371937,99632300
2023-01-19,376.83966064453125,379.20554721591105,375.50155712424066,377.5377707341088,86958900
2023-01-20,383.85980224609375,384.01494767738205,376.58752660363507,378.2553030012775,91806400
2023-01-23,388.465576171875,390.4242317555636,383.7046561749685,384.6742929256794,84178800
2023-01-24,388.0486755371094,388.96981278131835,385.5664075918585,386.7687478053796,59524900
2023-01-25,388.1941223144531,388.53350113320556,381.6102797581424,383.9277260541941,84800300
2023-01-26,392.46051025390625,392.625361536423,387.8838231940515,390.88970331060733,72287400
2023-01-27,393.3622741699219,395.76698423490177,391.1902970731456,391.4036183659339,68346200
2023-01-30,388.4267883300781,392.8289475307978,388.1262033000586,390.56967729630395,74202000
2023-01-31,394.1380310058594,394.1865010160998,388.60138281535677,388.9504674983886,86811800
2023-02-01,398.3268127441406,401.1096954061681,390.13339898045155,392.90654621373955,101459200
2023-02-02,404.1252136230469,405.6087567041384,400.3436361213397,402.2634979963016,101654500
2023-02-03,399.82977294921875,404.3094905953678,398.60802101264386,399.092839452114,94736800
2023-02-06,397.38623046875,398.8019214799618,395.7087777693734,397.3474663028563,60295300
2023-02-07,402.58349609375,403.8440120683523,395.1948685823552,396.4553845569575,90990700
2023-02-08,398.1813659667969,401.94356167398973,397.48322625215314,400.5860760041181,76227500
2023-02-09,394.72943115234375,401.9823248815129,393.48829726408144,401.82717944660936,78694900
2023-02-10,395.65057373046875,396.03842249852727,392.7125756657534,393.5367432012661,70769700
2023-02-13,400.2951354980469,400.4308988497679,395.84450626622424,396.30994256945445,64913500
2023-02-14,400.1109313964844,402.44772997458745,396.10632679762597,398.7534162442866,88389300
2023-02-15,401.4102478027344,401.4878057256822,397.0371764235173,397.8904615307759,61555700
2023-02-16,395.88330078125,400.37272377802026,395.7475670202348,396.37782500494444,76431500
2023-02-17,394.894287109375,395.1366963059818,391.7817317194485,393.730711129276,89257800
2023-02-21,386.9723205566406,391.88838589903276,386.7105292912516,390.82177957361756,82655900
2023-02-22,386.4390869140625,388.95044285942777,384.96521993169256,387.38931210957054,83742300
2023-02-23,388.49468994140625,389.98793892233294,384.21858803532103,389.3673571569208,96242400
2023-02-24,384.34466552734375,385.1882448658745,381.68786998466646,383.41382242182385,108194400
2023-02-27,385.6536560058594,389.1055606545403,384.70340128692055,387.7286633753405,80444700
2023-02-28,384.22833251953125,387.1566253433183,384.1216570718231,385.1688815085476,96438600
2023-03-01,382.7544250488281,384.6452286653994,381.4357331904151,383.4040947317888,99706800
2023-03-02,385.7312316894531,386.5845168492611,380.4176111158105,380.7569899304116,85127800
2023-03-03,391.91748046875,392.1695954929354,386.9141512863153,387.5734971746838,90120000
2023-03-06,392.18902587890625,395.07855440341785,391.7430012043068,392.751402243317,72795900
2023-03-07,386.1772155761719,392.3829144136942,385.5566634469987,392.14050522757117,108310600
2023-03-08,386.8075256347656,387.5735174019799,384.5482553177289,386.2936193139277,74746600
2023-03-09,379.6709899902344,389.2898002423228,378.67226525159236,387.60261205758303,111945300
2023-03-10,374.1925354003906,381.22240209446096,372.65081646253805,379.1182772501416,189253000
2023-03-13,373.6592712402344,378.5365733806542,369.0922896086396,370.21707199263403,157790000
2023-03-14,379.8358154296875,381.5035918263972,375.2978929421976,378.64315157224377,149752400
2023-03-15,377.460205078125,377.6638205167476,372.0593211039184,374.1731517764956,172996900
2023-03-16,384.0827941894531,384.43187880252935,374.5609839088498,375.07489019649023,143254200
2023-03-17,379.5918273925781,383.8842487131921,378.190219218341,382.7357177577169,140553400
2023-03-20,383.2418518066406,383.66040945643573,379.66972024400764,380.3802375233419,93055800
2023-03-21,388.2740173339844,388.7606860233749,385.03278722846005,386.64853084170437,91524200
2023-03-22,381.6552734375,391.7585193374494,381.61636133240864,388.0987912977617,111746600
2023-03-23,382.68707275390625,388.64389279785183,379.9422541991001,384.5558638990384,119351300
2023-03-24,385.19830322265625,385.2859000303675,379.01760435587744,381.39255015572286,107682400
2023-03-27,385.9185485839844,388.2837811167207,385.0133519019217,387.50509334943473,74010400
2023-03-28,385.05224609375,385.91850085433646,383.19316826565193,385.2176968024037,62871700
2023-03-29,390.6489562988281,390.89229063940246,388.0501324717786,389.2668041746503,77497900
2023-03-30,392.9363098144531,393.5689731668523,391.0480329323453,393.3158959443329,69840000
2023-03-31,398.474609375,398.7763415903642,393.7636302558497,393.8707128150531,112062600
2023-04-03,399.9930114746094,400.4017965433798,397.54992512551536,397.9489970190578,67391100
2023-04-04,397.7738037109375,400.93715022422197,396.3819086701285,400.6451311852712,66601500
2023-04-05,396.7322998046875,397.80297680349037,395.05815841671335,397.03403199927317,65200200
2023-04-06,398.2799072265625,398.5621833713296,394.8634836691037,395.92441780176136,63743300
2023-04-10,398.6887512207031,398.7666348533464,395.14581823690406,395.7687387785369,63681000
2023-04-11,398.79583740234375,400.21690181997883,398.01717929227317,399.321447963788,59297900
2023-04-12,397.1703186035156,401.1804936873702,396.5765970407877,400.8884746417839,86420400
2023-04-13,402.4457702636719,402.8059003081508,397.11187122399525,398.27014497477154,85814800
2023-04-14,401.4627685546875,404.02265087888924,399.12676454421876,401.8034426133585,78161500
2023-04-17,402.9033203125,402.9227763687658,400.12930254363295,401.3751733344069,66436400
2023-04-18,403.1661071777344,404.63585627014226,401.774241717507,404.49957476577754,63560000
2023-04-19,403.0979309082031,404.01284065902394,401.1707123262414,401.22911018897685,55227300
2023-04-20,400.898193359375,402.66967446923786,399.33110477637365,400.2460442637138,75840400
2023-04-21,401.20965576171875,401.6768386654951,399.23378218743716,401.19991288325747,73457400
2023-04-24,401.6282043457031,402.05647516546554,399.6523306697582,401.0052541700854,64332100
2023-04-25,395.2528076171875,400.1973778592541,395.19440975403614,399.63282557692713,97766700
2023-04-26,393.57867431640625,396.96589896825884,393.0141517263801,395.8757658951748,80447000
2023-04-27,401.4140930175781,401.686626309786,395.89525672049297,396.14833395750776,92968400
2023-04-28,404.8402404785156,404.84998335831295,400.4602219315641,400.51861980254466,89335600
2023-05-01,404.43145751953125,406.4851853023075,404.19783633047234,404.3925157040378,62122300
2023-05-02,399.88592529296875,403.75981875546177,396.9464571012848,403.7111340641636,103998500
2023-05-03,397.1411437988281,402.83517393886245,396.89780943133866,400.3920873840193,91531800
2023-05-04,394.32818603515625,396.41111262734955,392.97523278984136,396.08018147546466,94901900
2023-05-05,401.6282043457031,402.68913851614656,397.7445977387526,398.007388135648,87844000
2023-05-08,401.73529052734375,402.2219592534578,400.3142261641833,401.9591688347608,50046800
2023-05-09,399.9735107421875,401.1025856344496,399.73991928306384,400.16819009405634,49220100
2023-05-10,401.8423767089844,403.4873193943634,397.96848292085406,402.8449131056442,96142900
2023-05-11,401.1415710449219,401.4335604005622,399.03915857260574,400.96637743153764,70157100
2023-05-12,400.615966796875,402.61132643811567,398.16316705924265,402.3971910059802,70439400
2023-05-15,401.9980773925781,402.4068624545101,399.2922006873979,401.22913255184045,54289400
2023-05-16,399.3116760253906,401.81316032040905,399.30193314595533,400.8787350116399,57705500
2023-05-17,404.1589050292969,404.77208264872,399.6912898643818,401.355688524903,87287000
2023-05-18,408.0522155761719,408.4804863735137,403.6137997708998,403.83764834412545,97177200
2023-05-19,407.45849609375,409.50251056679645,406.222368293831,408.9671868803819,103679700
2023-05-22,407.6239929199219,409.1813387574631,406.2223846365249,407.4779982453808,60745400
2023-05-23,403.04931640625,407.55587372344837,402.65024447213256,405.95958598697865,86383500
2023-05-24,400.1292419433594,401.8131262282598,398.95151208373903,401.42379723458924,89213700
2023-05-25,403.5943298339844,405.0640787508319,401.41406365579905,403.6819266317973,90961600
2023-05-26,408.8211364746094,409.5511394753617,404.17832808322765,404.25618200025934,93830000
2023-05-30,408.9768981933594,411.3129019931037,407.5752899727328,410.77757830912685,72216000
2023-05-31,406.70904541015625,408.0425129180875,405.1225006686962,407.1275733702995,110811800
2023-06-01,410.57318115234375,411.6438582121454,405.6772953144276,406.9426220280753,88865000
2023-06-02,416.5105285644531,417.30864261013363,412.64637812757286,413.18170178424987,91366700
2023-06-05,415.71240234375,418.1652018562358,415.00185536054477,416.8609333270958,65460200
2023-06-06,416.6176452636719,417.1529690023909,414.63202846408547,415.29392053321624,64022200
2023-06-07,415.1770935058594,418.1652467220997,414.7488226349499,417.0167156155255,85373300
2023-06-08,417.68829345703125,418.1457632344052,414.4665489603408,415.2452070178747,61952800
2023-06-09,418.4377746582031,420.4720464169539,417.43523824687804,418.4961725304044,85742800
2023-06-12,422.2337646484375,422.3116482769107,418.7005747338686,419.43057780532433,76104300
2023-06-13,425.01751708984375,425.6696365204742,423.04164333535215,423.71324852468234,95899700
2023-06-14,425.52362060546875,427.35349959785805,422.0293430418738,425.358169888184,100612100
2023-06-15,430.79913330078125,432.0644600219507,424.5989789000315,424.6962888755832,110303100
2023-06-16,429.33172607421875,433.3860747690242,428.85302867929283,432.8096761182953,114121300
2023-06-20,427.1042785644531,428.266854946588,425.00383570919894,427.36807493900125,76160400
2023-06-21,424.9159240722656,426.9186657205313,424.3199672614879,426.1078078795827,76982300
2023-06-22,426.4497375488281,426.5571880614366,423.6068009145938,423.94874040657675,70637200
2023-06-23,423.22576904296875,425.0331379202763,422.50283341774065,422.9522234160524,92074500
2023-06-26,421.49658203125,424.5935061786807,421.2523437943885,422.6493793538192,72823600
2023-06-27,426.1175842285156,426.74281861737984,421.9264476964196,422.3856167786235,72813700
2023-06-28,426.33251953125,427.3583082207874,424.39814192368516,425.0233763190897,75636000
2023-06-29,428.0128479003906,428.1789430222069,425.50210144669927,425.912404994794,67882300
2023-06-30,433.0637512207031,434.0602326087221,430.9437499623521,431.26616116810976,104921500
2023-07-03,433.5619812011719,433.8452761055619,432.42871214089325,432.7120368595228,32793400
2023-07-05,432.91717529296875,433.6596690923143,431.7155124041709,431.72529147444817,58418400
2023-07-06,429.527099609375,429.9569612545191,426.987016201042,429.2926404626547,80658300
2023-07-07,428.44268798828125,432.43845163821334,428.1984497600781,428.5208609172789,86076100
2023-07-10,429.527099609375,429.70294396941523,427.5048000262063,428.0811986380506,62443500
2023-07-11,432.2626037597656,432.76085931617644,429.3122165166555,430.2989485591981,64463800
2023-07-12,435.74053955078125,437.16691230938363,434.6561360982524,436.10203718252853,91924500
2023-07-13,439.1989440917969,440.000052626587,437.1375877800965,437.5771986973083,72425200
2023-07-14,438.92547607421875,440.957525350706,438.1536747974544,440.09783168919637,69761800
2023-07-17,440.44952392578125,441.51439920748754,438.73007696084676,438.7789425034936,52680200
2023-07-18,443.7222595214844,444.3768012972551,439.6776600270388,440.11730077703953,80744400
2023-07-19,444.7090148925781,445.91064799435,443.6441098923527,444.52339143853806,65891700
2023-07-20,441.758544921875,444.61126044198244,441.0356093331961,443.7027014214693,70591600
2023-07-21,441.758544921875,443.7027014214693,441.74879566678186,443.4975198509774,71245400
2023-07-24,443.7320251464844,444.5526620159479,441.87579075982524,442.92113753247287,54023400
2023-07-25,444.9434814453125,446.21350843314684,443.4096580635545,443.4585236026188,55191200
2023-07-26,445.0118713378906,446.45774269927045,442.9309566740242,443.99583186815164,71052900
2023-07-27,442.0614013671875,448.85123584323395,441.1430632702024,448.4409025132942,92194400
2023-07-28,446.38934326171875,447.22950846573076,442.0614191485181,445.3733038725234,80011800
2023-07-31,447.2393493652344,447.600817226897,445.53943076836714,446.8681024324215,62040400
2023-08-01,445.95947265625,446.7117156597197,444.9922690069472,445.75429108001924,55291500
2023-08-02,439.7558288574219,443.0676837995684,438.99380676163474,442.8039172405704,93933400
2023-08-03,438.49554443359375,440.4006145506753,437.05942245059424,437.71399402436066,64276100
2023-08-04,436.5123596191406,442.46199970340473,435.9847966607325,440.33224935749195,100052300
2023-08-07,440.32244873046875,440.4787647776866,437.66513555624056,438.36854286160207,58357500
2023-08-08,438.40765380859375,440.31272406281704,435.00784667378764,437.75308218770624,71361300
2023-08-09,435.4767761230469,438.847275715875,434.7049749469342,438.6811805966212,78789600
2023-08-10,435.6330871582031,441.2896530041849,434.45098245393154,437.8605386591447,93005500
2023-08-11,435.3791198730469,436.404938461979,433.13213978837064,433.7378459078447,68664600
2023-08-14,437.7823791503906,437.7823791503906,434.1383636694306,434.4509957738728,47867400
2023-08-15,432.6827087402344,436.3462823230885,432.10628026000245,435.9847846856202,75707500
2023-08-16,429.50762939453125,433.9429745293161,429.4001490615862,432.2626141839306,80107200
2023-08-17,426.23480224609375,431.25632480369626,425.7072393158226,430.9925582456794,95711300
2023-08-18,426.4399719238281,427.48531875841724,423.03041559493624,423.3821043537296,98758400
2023-08-21,429.2144775390625,429.9667205284757,425.28713766880645,427.4657235243968,68719000
2023-08-22,428.05194091796875,431.01210724576634,427.4853213095629,431.01210724576634,65062900
2023-08-23,432.8194885253906,433.4447527592997,428.9800703719316,429.12660735980415,68441000
2023-08-24,426.82098388671875,434.9589887513952,426.7916466768767,434.44120488622656,88517300
2023-08-25,429.8299865722656,431.12932086531316,424.9745292637403,428.56970893060037,102325100
2023-08-28,432.5556640625,433.1808983985004,429.8299571958669,432.0476294868743,61595400
2023-08-29,438.8082275390625,439.0915522663997,432.2626302973518,432.44825375861683,83081900
2023-08-30,440.6156005859375,441.26039317074145,438.4369845712623,439.1501710243578,69053900
2023-08-31,439.9707336425781,442.3935576937993,439.78511021101065,441.2407604556063,66084600
2023-09-01,440.7914123535156,443.2142664491309,439.31620383015326,442.725789964758,58875700
2023-09-05,438.8863525390625,440.6644141397317,438.8179884884516,440.3420327706711,55166200
2023-09-06,435.9359436035156,438.1731741919241,433.5814834321753,438.06569386474473,70758500
2023-09-07,434.5975036621094,435.28135280377876,432.54589660862825,432.89758534190344,70355400
2023-09-08,435.2520751953125,436.80542683538584,434.28490129838195,434.6463691259524,61659700
2023-09-11,438.1146240234375,438.4272263526194,436.1802461770234,437.9094424088042,60180100
2023-09-12,435.7112731933594,438.1927422425825,435.1251252255622,436.64916957031585,67565400
2023-09-13,436.2192687988281,437.3915944437112,434.82220342934176,435.9359440969303,60199300
2023-09-14,439.9804992675781,440.68390655699557,437.4013590825387,438.72025147697605,83430800
2023-09-15,434.6795349121094,438.70899068528865,434.23837327815903,438.3756585887244,111761400
2023-09-18,434.93438720703125,436.24811819832,433.88535315896445,434.36573906609357,55752200
2023-09-19,434.0324401855469,434.6010883699413,431.3167456810257,434.00302941183014,66514600
2023-09-20,430.042236328125,435.7285386212781,429.83633099394905,435.30697422741883,82562600
2023-09-21,422.934326171875,427.4245402914484,422.777458746294,427.1598433404442,103976100
2023-09-22,421.98333740234375,425.5911984276143,421.5617431069273,423.97354611264154,100829700
2023-09-25,423.75787353515625,423.797067953463,420.3166634466325,420.7578549675111,70874500
2023-09-26,417.5323181152344,421.3950924504434,416.68915944297646,420.6793904313852,96168400
2023-09-27,417.698974609375,419.28724609363877,414.01269477963615,418.71859792881037,104705800
2023-09-28,420.1205749511719,421.8166760173577,416.5421245318838,417.1401834888594,92258300
2023-09-29,419.10101318359375,423.38535241385364,417.5617794337687,423.2088877585555,115078500
2023-10-02,418.9342956542969,420.199018745829,416.1401525113599,418.25781794855203,83798600
2023-10-03,413.326416015625,418.9931211100854,411.9440498179188,416.7284017851677,103760600
2023-10-04,416.3363037109375,417.09120028015917,412.31666124023246,413.7970735205657,87453000
2023-10-05,416.1793518066406,417.0322941009776,412.91463648704035,416.04208159314203,70142700
2023-10-06,421.12060546875,422.6794363277748,412.3558357939285,413.69897767073206,113202700
2023-10-09,423.8166809082031,424.39511271261716,418.64017552152256,419.19898019803634,80374400
2023-10-10,426.0226135253906,428.6500758108276,424.05200185161056,424.45396905428936,78607300
2023-10-11,427.7677001953125,428.02258359091365,424.689232964394,427.10103605388923,62451700
2023-10-12,425.1598205566406,428.7676815824962,422.77745824223615,428.38534154261254,81154200
2023-10-13,423.0421447753906,427.8951315209917,421.45390327156525,426.67941648397607,95143100
2023-10-16,427.4931640625,428.5716088851418,425.07157747323214,425.3166772093143,75433200
2023-10-17,427.47357177734375,429.5520428410279,423.97356999956037,424.3264992869723,75324700
2023-10-18,421.7774658203125,426.6500502828491,420.6794236742881,425.67946480009624,93559800
2023-10-19,418.0715637207031,424.3363280716047,417.3853023307637,422.50298661762525,121323000
2023-10-20,412.93426513671875,418.1794058713674,412.826405686557,417.630384814372,123845800
2023-10-23,412.21856689453125,416.1303793610577,409.61070188998167,411.3852217369332,92035100
2023-10-24,415.3264465332031,416.49312377432966,412.49307897063755,414.36564471127423,78564200
2023-10-25,409.3656005859375,413.64996945398013,408.84599029988897,413.6205586800304,94223200
2023-10-26,404.4635925292969,409.1498985183066,403.5322314377385,408.2871725369038,115156800
2023-10-27,402.6302795410156,406.4734570280164,401.1890917233159,406.0714898223282,107367700
2023-10-30,407.44403076171875,408.5126621179571,404.140090805768,405.4538219203933,86562700
2023-10-31,410.0028381347656,410.32635661211157,406.09102611954376,408.0224131784647,79665200
2023-11-01,414.37542724609375,415.19895878061965,410.4440178496649,410.9832552282938,98068100
2023-11-02,422.3167419433594,422.47360939565095,418.1990535990749,418.21865081083365,94938900
2023-11-03,426.1696472167969,427.738291613609,424.52258406387557,424.6500407220308,100110800
2023-11-06,427.1500549316406,427.6010301071179,425.17944331101864,426.93436594868996,67831700
2023-11-07,428.36572265625,429.0127895786735,425.9931738600998,427.1500374853103,64256100
2023-11-08,428.6794738769531,429.50300546800065,426.3461194092833,428.97358161682587,61746000
2023-11-09,425.3362731933594,429.8755250796441,424.90489526554387,429.8363007445514,83174400
2023-11-10,431.9736022949219,432.28733716521367,425.3264980675604,427.4343799178175,89462200
2023-11-13,431.5617980957031,432.67943729374406,429.82650279796053,430.6206235206055,52236100
2023-11-14,439.9344482421875,441.23836573046316,437.34618055499016,437.5716830930029,97176900
2023-11-15,440.8658142089844,442.5325044732284,440.0030583037006,441.287378597438,77327600
2023-11-16,441.4050598144531,441.7285783252467,439.33640233227624,440.41484723392745,66665800
2023-11-17,441.9541015625,442.57175775870127,440.48350296941317,441.4148641267252,83133200
2023-11-20,445.3561096191406,446.2090520583797,441.6893965997752,441.69921016509267,69936200
2023-11-21,444.3854675292969,445.22862627210776,443.10114716472856,444.29723520494537,49244600
2023-11-22,446.10113525390625,447.4344934312076,444.9933095334768,446.0619408364875,59394900
2023-11-24,446.3756408691406,446.57173263169045,445.81683619273804,446.1501682535509,29737400
2023-11-27,445.5717468261719,446.56192946772256,445.17956329193873,445.7383979007583,50506000
2023-11-28,446.012939453125,447.3266706098767,444.61097597085313,445.1795942640064,62115000
2023-11-29,445.6991882324219,449.33649017214634,445.2972509595893,448.189410143627,63146000
2023-11-30,447.4541015625,447.80706076370257,444.4540829895932,446.5521512294108,79752700
2023-12-01,450.1011657714844,450.64037322843114,446.238391499119,446.83642049975447,89097900
2023-12-04,447.7384033203125,450.1207656118408,445.4344597810272,446.6697720445167,72430900
2023-12-05,447.65020751953125,448.6207929946436,445.954106409832,446.33647639663644,69793500
2023-12-06,445.8462219238281,449.84623634832,445.4050304425721,449.81682557752964,69124700
2023-12-07,449.2482604980469,449.90511109651214,447.34628397693746,447.9541265914232,66995400
2023-12-08,451.1796569824219,451.71886449479484,448.24824346340256,448.49334322710024,83080900
2023-12-11,452.93450927734375,453.1110038301833,450.4639146510127,450.67960362057033,65002200
2023-12-12,455.003173828125,455.10121971026973,451.5717773888773,452.5815871442226,68327600
2023-12-13,461.2777404785156,461.5326537987916,455.02278992254185,455.3855327740707,93278000
2023-12-14,462.7581787109375,464.444466323076,460.0522676795184,463.23856468529027,119026000
2023-12-15,461.9962158203125,463.3448333750126,460.12591131096633,462.15371925824917,141319300
2023-12-18,464.5950012207031,465.58922858066205,462.547516504341,463.6204805669363,70375300
2023-12-19,467.4201354980469,467.49890223898143,465.0674973148692,465.146234015094,55761800
2023-12-20,460.9429626464844,468.46356412089403,460.5098356984561,466.55387622478094,102921000
2023-12-21,465.3135681152344,465.5891916136435,461.5138691292639,463.96495059871324,86667500
2023-12-22,466.24871826171875,467.9516960202922,464.3292070719011,466.4554283810848,67126600
2023-12-26,468.2174377441406,469.13289825788524,466.58337347147733,466.66214020597357,55387000
2023-12-27,469.0640563964844,469.21170648583774,467.469375350048,468.0107690245804,68000300
2023-12-28,469.2412109375,470.08775809747596,468.81793735751205,469.42824438739393,77158100
2023-12-29,467.8828125,469.5759370140637,465.9042111090685,469.04436663248146,122234100
2024-01-02,465.26434326171875,466.26842392066214,463.1380919165969,464.78200963737714,123623700
2024-01-03,461.46466064453125,463.8271520560434,460.85435361763393,463.0790182601264,103585900
2024-01-04,459.9782409667969,463.6007297576686,459.75182415210196,460.9822915436243,84232200
2024-01-05,460.6082763671875,463.0888879305801,459.1415387397865,460.1849727336451,86060800
2024-01-08,467.18389892578125,467.3315490152744,460.9823248006786,461.1102982251427,74879100
2024-01-09,466.4751281738281,467.5087087960516,463.9846633036254,464.4965269385166,65931400
2024-01-10,469.1132507324219,469.98935797404295,466.46528238377533,466.75075924281816,67310600
2024-01-11,468.9065246582031,470.6488556888523,464.88043891433455,470.12713871081326,77940700
2024-01-12,469.2313537597656,471.12136490723475,467.8040295978058,470.3732311137583,57944000
2024-01-16,467.5086975097656,469.1624384816832,465.66792309023396,467.8335577253936,85014900
2024-01-17,464.9100036621094,465.40219066082915,462.5278053703932,464.4473466816844,68843900
2024-01-18,469.0443420410156,469.6054424121173,465.0379628252551,466.60311382829445,91856200
2024-01-19,474.8915100097656,475.17698686216823,469.0935631567449,470.18620380449687,110733300
2024-01-22,475.8956298828125,477.63796107585904,475.23608607441344,476.44687692832025,75844900
2024-01-23,477.2835388183594,477.52963230577734,475.3443509765863,476.44684499370544,49945300
2024-01-24,477.8053283691406,481.1324873809093,477.30328799710617,480.18749671653114,81765000
2024-01-25,480.4040222167969,480.67964572380765,477.80529058508233,479.96104191877174,72525000
2024-01-26,479.7937316894531,481.4770028066331,478.93733112177756,479.9709117984805,76641600
2024-01-29,483.5933837890625,483.74106391540835,479.5574745916845,480.1087216052008,61322800
2024-01-30,483.2193603515625,483.9379341352055,482.4515198034891,482.8945001134222,58618400
2024-01-31,475.33453369140625,481.4376346180364,475.3148269848638,480.98483097822805,126011100
2024-02-01,481.55572509765625,481.5852551131016,476.24008199182896,477.0571291536635,91891600
2024-02-02,486.6252746582031,488.29869237101855,481.65416812020857,481.9987050154295,99147700
2024-02-05,484.8533630371094,486.65478413631985,482.56963837008004,485.9854170794442,75757100
2024-02-06,486.26104736328125,486.59573089639076,484.3611828372563,485.8082137237433,55918600
2024-02-07,490.316650390625,490.7399239619924,487.61944545058077,488.53493601746663,70556500
2024-02-08,490.533203125,490.91709332018917,489.4897692068765,490.31663966799096,52343600
2024-02-09,493.36822509765625,493.8111753411615,490.70055012147776,491.04508700467625,63979400
2024-02-12,493.1516418457031,495.6322532319313,492.4231847399853,493.3386752879151,56502300
2024-02-13,486.35943603515625,489.3224110429601,483.0519542000601,486.8024162998277,113099200
2024-02-14,490.7793273925781,491.2715143675092,486.67447480374074,489.02714296345175,68387800
2024-02-15,494.16558837890625,494.3526218372526,491.00572629255566,491.4880899675745,61683000
2024-02-16,491.7046203613281,495.0121022724211,490.95648657827763,493.8604016229435,75461200
2024-02-20,488.99761962890625,490.62183066023255,486.7237181769076,489.94261022228915,71736700
2024-02-21,489.4405517578125,489.59805519099353,485.8475929329507,487.6785440580605,59603800
2024-02-22,499.56976318359375,500.5442837489943,495.15975721807683,496.1343078241853,76402500
2024-02-23,499.9143371582031,502.1587086552498,499.1760566652179,501.3121314021241,61321800
2024-02-26,498.0833740234375,500.8002557857889,497.9554006011949,500.3572754842892,50386700
2024-02-27,499.0086669921875,499.23508380977466,496.86273904372996,498.78228021530845,48854500
2024-02-28,498.34918212890625,498.9397824859988,497.06947792688254,497.43369149399297,56506600
2024-02-29,500.1407165527344,501.77478095792515,497.4533948240691,500.1308932406561,83924800
2024-03-01,504.8361511230469,505.26927805992636,500.6132085495344,501.026658822268,76805900
2024-03-04,504.2947692871094,506.1651038495938,503.99946911445886,504.02902917243324,49799300
2024-03-05,499.2547912597656,502.7198069182755,497.02027312508204,502.2669732551775,72855600
2024-03-06,501.7846374511719,504.0683922997588,500.47543327269375,502.57212462068674,68382400
2024-03-07,506.76556396484375,507.8287046812671,501.8436940869461,505.12167624842334,58652100
2024-03-08,503.7238464355469,510.1222471656115,503.1430694012387,507.40542549133613,86425500
2024-03-11,503.2907409667969,503.8813713789858,500.55418242967505,502.50325377768536,62557200
2024-03-12,508.70477294921875,509.2953732567319,502.87723620181947,505.4267910389835,73114400
2024-03-13,507.90740966796875,509.2067905212248,506.4505554149632,509.0296104159743,55104100
2024-03-14,506.90338134765625,509.0493093648836,503.8222860546738,508.8917758861152,110171800
2024-03-15,503.42266845703125,505.26919243547775,501.7341674193777,503.79789760629797,107585800
2024-03-18,506.4145812988281,509.00164944251645,505.9998765535288,507.54026873273324,88893300
2024-03-19,509.2288513183594,509.51518505530515,504.69650949147376,505.7135939252134,60755300
2024-03-20,513.9387817382812,514.0770367347149,508.60668308986254,509.28801383732645,69594600
2024-03-21,515.63720703125,517.5231763815539,515.3508130660615,516.8122539881692,60256100
2024-03-22,514.65966796875,516.0420371815087,514.4226335652195,515.5483209766468,79023000
2024-03-25,513.2377319335938,514.4028948746237,513.0797090074374,513.2673235646932,48512100
2024-03-26,512.289794921875,515.0250019230342,511.8849741606643,514.679364426303,65463700
2024-03-27,516.5950317382812,516.6345676089135,512.9612874577568,515.1534188944993,82999800
2024-03-28,516.4962768554688,518.0169010671898,516.2099431536778,516.6345318569229,96294900
2024-04-01,515.59765625,517.7897874357077,514.4226093270697,517.246711689566,62477500
2024-04-02,512.3195190429688,512.4577137930522,509.98913247450986,511.7270233656594,74230300
2024-04-03,512.8822631835938,514.4029477306854,511.1641403606512,511.21349992961393,59155800
2024-04-04,506.6219787597656,517.286237258894,506.31587710832724,516.940660005626,96858100
2024-04-05,511.91461181640625,513.8993607380618,507.5501771431546,507.9945338114215,74482100
2024-04-08,512.2009887695312,513.6426620041401,511.38146313748365,512.6256378064048,48401800
2024-04-09,512.79345703125,514.2054782848148,507.8858861295244,513.9586201579378,68124400
2024-04-10,507.65875244140625,509.67309288761504,505.65429596232127,507.02678122640623,82652800
2024-04-11,511.4900207519531,512.951401525454,505.6444373898546,509.19917018359536,70099000
2024-04-12,504.42987060546875,509.33741106297106,502.68209589185415,507.9056219639592,92469100
2024-04-15,498.11029052734375,508.82390805245916,497.2511990193402,508.65606141807774,92101400
2024-04-16,497.20184326171875,500.1345187428283,495.89842524032656,498.59412658447235,73484000
2024-04-17,494.25927734375,499.85803232859774,492.8472562394146,499.690155561082,75910300
2024-04-18,493.24224853515625,497.79432781744384,492.29432181692374,495.6713540683197,74548100
2024-04-19,488.9370422363281,494.17042202511874,487.6533620058756,493.16325180181735,102129100
2024-04-22,493.43975830078125,496.0663323040314,489.2036645395879,491.5734964560846,67961000
2024-04-23,499.29522705078125,499.72969975232706,493.25214509988666,495.47386817795365,64633600
2024-04-24,499.0582580566406,500.99361729822607,496.8069131862928,500.1937993925793,55928100
2024-04-25,497.1623229980469,497.93251905471595,491.23772867473235,492.90649181985617,69122400
2024-04-26,501.8724670410156,503.47210291721257,499.344642176449,499.9864672937559,64306100
2024-04-29,503.6498107910156,504.33114161625775,500.87512791942584,503.679432560198,46415400
2024-04-30,495.6713562011719,503.15608097513086,495.6713562011719,502.16864851695937,77483600
2024-05-01,494.0617980957031,501.80326435034846,493.587819704341,495.07885224325616,80242800
2024-05-02,498.6830139160156,499.53222150106063,493.2718731886126,497.8140685300337,62550200
2024-05-03,504.8643493652344,506.1084937698732,502.1686479094306,504.73597832437986,72756700
2024-05-06,510.0779113769531,510.1173869725149,506.84898846425494,507.29334505368536,47264700
2024-05-07,510.6407775878906,512.0527986097068,509.9594468588099,511.0554822979131,52561300
2024-05-08,510.6902160644531,511.2332918847477,508.6659914971205,508.7844785754358,42047200
2024-05-09,513.6326904296875,513.6722262969421,510.2162129252239,510.87777575274464,43643700
2024-05-10,514.2943725585938,516.0717390144458,513.0600819270163,515.2521531600112,52233200
2024-05-13,514.3634643554688,516.1013552905981,513.2081851442226,515.9927521741776,36716400
2024-05-14,516.7234497070312,517.2468178956722,514.0178941192296,514.5609699768809,57535900
2024-05-15,523.1220092773438,523.4182269683442,518.579783698985,519.2216389195659,59504900
2024-05-16,522.0455932617188,524.8400435894835,521.8974543071682,523.2206401278181,50244800
2024-05-17,522.7962036132812,522.8653311276505,520.69296734784,522.1642322831358,59187600
2024-05-20,523.3984375,524.8795861621629,522.5196081627743,522.9146052465884,37764200
2024-05-21,524.6820678710938,524.8400908059087,522.4208693618174,522.6282518632279,33437000
2024-05-22,523.17138671875,524.7018950646127,520.9693712262205,523.9810886138737,48390000
2024-05-23,519.3499755859375,526.370605604358,518.1255087640279,526.2620025028626,57211200
2024-05-24,522.7861938476562,523.6057795858457,520.2583694034415,521.2161498690128,41258400
2024-05-28,523.151611328125,523.8428261329518,520.4855315198485,523.6058519754333,36269600
2024-05-29,519.4881591796875,520.6829740747881,518.7673528167415,519.0734544486314,45190300
2024-05-30,516.0421142578125,518.5995910989438,514.7782319239992,517.9281441922149,46468500
2024-05-31,520.7422485351562,520.8706195756462,511.84547248017293,517.0097851977956,90785800
2024-06-03,521.1668701171875,522.6579028598898,516.0322089781413,522.3715691266408,46835700
2024-06-04,521.7494506835938,522.49990899419,518.3625645865347,519.8437132727871,34632700
2024-06-05,527.9505004882812,527.9702684234203,522.0851492209949,524.0995500261425,47610400
2024-06-06,527.9406127929688,528.6910711058155,525.985515807043,528.2565984124882,30808500
2024-06-07,527.298828125,530.1426384879702,525.8472710404382,526.9531905962492,43224500
2024-06-10,528.927978515625,529.2538480615274,525.876846347907,526.4791656084485,35729300
2024-06-11,530.2018432617188,530.2610867954452,525.3634003577233,527.3580331066662,36383400
2024-06-12,534.556396484375,537.2817195863698,533.5097205376181,534.823022521598,63251300
2024-06-13,535.6326904296875,536.5016357193268,532.8086483724034,536.323905128458,44760900
2024-06-14,535.9586181640625,535.9882097983759,533.0653880279153,534.0824723877374,40089900
2024-06-17,540.2243041992188,541.6363857298958,534.8033093412874,535.2674339621898,55839500
2024-06-18,541.5968017578125,541.725172794655,539.8589110449524,540.2834997560115,41376400
2024-06-20,540.1255493164062,543.206333734204,538.3284150280085,542.5348869014116,70328200
2024-06-21,539.4014892578125,540.5308084404068,537.9254779136916,539.2925357741935,64513900
2024-06-24,537.6480102539062,541.8185338516724,537.5291409294473,539.2231194967758,45528700
2024-06-25,539.7184448242188,540.0849686628054,537.3508531925171,538.886299065316,38273300
2024-06-26,540.3920288085938,541.1151605924962,537.935315544085,538.5890968132603,38550600
2024-06-27,541.2439575195312,541.8284487491936,539.5004601471773,540.2533395091051,35041500
2024-06-28,539.1140747070312,545.1172775612355,537.8560310180918,542.026493914631,76144500
2024-07-01,540.2236328125,540.758544752217,537.4300828689322,540.5108902585941,40297800
2024-07-02,543.8591918945312,543.8591918945312,538.5494939837195,538.599012790672,40434800
2024-07-03,546.2862548828125,546.6527787264998,543.5026205641852,543.5422235199119,32789900
2024-07-05,549.4364013671875,549.8425281579695,545.9494065364628,546.593332444134,41488400
2024-07-08,550.0703735351562,551.0312439407816,548.9905733480141,550.2288458063081,36110500
2024-07-09,550.6053466796875,551.9525727530728,550.3081733491656,551.0412210519627,27289700
2024-07-10,556.0536499023438,556.4003419842186,551.5463505253771,551.8435238044868,38701200
2024-07-11,551.2590942382812,557.0542459098444,550.6152288053468,556.1725813645302,53054200
2024-07-12,554.7361450195312,558.3816118783382,551.9228238555439,552.3983011311424,53084400
2024-07-15,556.26171875,559.5406617004013,554.3795204861657,556.7570277181121,40584300
2024-07-16,559.560546875,559.8577202238697,556.826431140333,557.5892264545427,36475300
2024-07-17,551.7147827148438,555.2512961750687,551.3878618504468,553.5573176550379,57119000
2024-07-18,547.4749145507812,554.2705999484662,545.2658557697873,553.2700660994436,56270400
2024-07-19,543.83935546875,548.8816275932654,542.7694711202483,547.2371678865376,65509100
2024-07-22,549.4462890625,550.0604673756361,545.8503409432385,547.8117452037362,43346700
2024-07-23,548.58447265625,551.5166632808257,548.0891636493933,549.337291558151,34439600
2024-07-24,536.1521606445312,544.0176699808688,535.2209773062864,543.7105808194543,74515300
2024-07-25,533.3585815429688,542.3237223216066,532.4076270111065,536.2710007218393,61158300
2024-07-26,539.33203125,542.0562305727658,536.4096962476198,537.1923231127183,53763800
2024-07-29,539.6490478515625,541.9175412062577,537.6281485235597,540.8972361512061,39515800
2024-07-30,536.9149780273438,542.2049049678778,533.4676465939222,541.1350205544782,46853600
2024-07-31,545.6422729492188,548.30703766459,542.4425963050728,543.8294251634775,65663400
2024-08-01,537.9154663085938,549.6641807633281,534.3690370943198,547.3857715555625,76428700
2024-08-02,527.900390625,531.9519846487756,523.6406845786929,530.7236279231074,82789100
2024-08-05,512.5259399414062,518.6677835651788,505.48263031997044,506.83980235904284,146267400
2024-08-06,517.251220703125,524.7798934319092,513.0113465770287,514.348656712232,84826300
2024-08-07,513.7939453125,526.6026902576085,513.1896827964204,523.511906231245,70698300
2024-08-08,525.6715087890625,526.3054584092854,516.9441659152586,518.9946921355962,63276600
2024-08-09,527.989501953125,529.4952607290277,523.6010712707529,524.8393438265869,45619600
2024-08-12,528.266845703125,530.7037271279393,525.9686048377366,529.1980289808038,42542100
2024-08-13,536.95458984375,537.1923889659508,531.2486806240174,531.4963351382646,52333100
2024-08-14,538.6485595703125,539.847229165935,535.052611245972,537.7569791487715,42446900
2024-08-15,547.8811645507812,548.1684220357494,543.730472257459,544.344650647757,60846800
2024-08-16,549.1094970703125,549.8128576628174,546.0881240652358,546.2465963520883,44430700
2024-08-19,554.3597412109375,554.3597412109375,548.6636875389138,549.5255203879397,39121800
2024-08-20,553.458251953125,555.5781888434063,552.101110220216,553.9040421160377,33732300
2024-08-21,555.3602905273438,556.8363017589311,549.5255356579909,554.5182893635274,41514600
2024-08-22,551.0015258789062,557.8962490623195,549.7731692085193,557.2820707271261,56121500
2024-08-23,556.8561401367188,557.8071552497642,552.0615220777588,554.2805573415312,50639400
2024-08-26,555.5286865234375,558.6194100693675,553.8050207531145,557.8962782252163,35788600
2024-08-27,556.2914428710938,556.7867518721707,553.0818502181188,554.240856351132,32693900
2024-08-28,553.06201171875,556.3806182627299,549.8325873973797,555.9447439286333,41066000
2024-08-29,553.1115112304688,558.3915218624276,551.9525051521193,555.0531441896234,38715200
2024-08-30,558.3915405273438,558.9066812293946,551.9129206487703,555.5088687841893,62700100
2024-09-03,546.9004516601562,555.548528231576,544.3545559151986,555.2116914777071,60600100
2024-09-04,545.781005859375,549.2283371934773,544.304994695349,545.0380423502995,47224900
2024-09-05,544.4535522460938,548.6042441438841,541.9670913565726,545.7215723262182,44264300
2024-09-06,535.290283203125,546.4248189179493,534.3789316488474,544.7804197789798,68493800
2024-09-09,541.2835083007812,542.5713599602232,537.588522826048,539.5400715589968,40445800
2024-09-10,543.6412353515625,543.9979037862945,538.2820185267881,543.2152768632277,36394600
2024-09-11,549.2184448242188,550.1496282139123,534.8941464527446,543.5521385747207,75248600
2024-09-12,553.8446655273438,554.151754700655,547.5542047078643,549.80292700237,51892700
2024-09-13,556.7373046875,557.7477545276969,554.2013246942389,554.4588950819387,39310500
2024-09-16,557.5594482421875,557.8268739812047,554.6470289741064,556.4697321910213,36656100
2024-09-17,557.7872924804688,561.2643713841238,555.5286543862046,559.7982156086712,49321000
2024-09-18,556.1329956054688,563.354579399442,555.5683360633434,558.4510079757443,59044900
2024-09-19,565.623046875,567.5052452619498,562.7502909495536,565.6527944370424,75315500
2024-09-20,564.6453247070312,565.6985982057745,561.584845604879,564.237952213736,77503100
2024-09-23,566.0562744140625,566.7121216588677,564.4962264504853,565.7284114396389,44116900
2024-09-24,567.6759643554688,567.7355813214435,563.999423059069,566.8611587218248,46805700
2024-09-25,566.4239501953125,568.2622511765038,565.301113457304,567.5170087741786,38428600
2024-09-26,568.6696166992188,571.064362885533,566.2848774298052,570.7364392510955,48336000
2024-09-27,567.8448486328125,570.5774039966909,566.8015214416548,569.7527127715928,42100900
2024-09-30,570.120361328125,570.7364235043248,564.4763997038558,566.8015219435828,63557400
2024-10-01,565.0130004882812,570.4184947172506,562.4096250967393,569.7627080586115,72668800
2024-10-02,565.2514038085938,566.2848453499787,561.6842110514825,564.1087352592257,38097800
2024-10-03,564.218017578125,566.1854379587239,561.9027810482431,563.7609137739149,40846500
2024-10-04,569.3453369140625,569.7229312723451,564.4962878742092,568.7193284068038,42939100
2024-10-07,564.1981201171875,568.3317649115912,563.0355590522512,567.6759176917978,49964700
2024-10-08,569.5340576171875,570.1402341517621,565.9171941862298,566.8015023453726,37398700
2024-10-09,573.4789428710938,574.0453343695604,568.9180327244846,569.5241486507804,37912200
2024-10-10,572.475341796875,573.9161558957669,570.8457305312595,572.117640001393,44138100
2024-10-11,575.9034423828125,576.6486847463361,572.2566794174254,572.3958058807981,42268000
2024-10-14,580.6133422851562,581.5573280392331,577.0460889559533,577.5329709112202,36217200
2024-10-15,576.1021728515625,581.1896890869497,574.8699878939491,580.8816580095407,54203600
2024-10-16,578.606201171875,579.1328682582629,575.2874222334457,576.1022278881695,30725400
2024-10-17,578.6558227539062,582.4019270642203,578.4670255981297,582.1932373716321,34393700
2024-10-18,580.8816528320312,581.6765658652295,578.8843936568359,580.3649320688628,37416800
2024-10-21,579.927734375,581.1399661656003,576.9169261394305,580.1463096888544,36439000
2024-10-22,579.6196899414062,580.7921972791999,576.6983375411487,577.3640703837991,34183800
2024-10-23,574.323486328125,578.0199198880117,570.776125496096,577.5727623524157,49314600
2024-10-24,575.5656127929688,576.3804184452299,572.9125667744971,576.3009089394529,34979900
2024-10-25,575.3668823242188,580.7525446363423,574.4130108253214,577.8212456055562,47268200
2024-10-28,577.1455078125,579.0135868388169,576.8374767309253,578.8844066451263,30174700
2024-10-29,578.07958984375,579.2123122169955,574.76075028541,576.1717256033711,42899700
2024-10-30,576.3306884765625,579.6196889070394,575.6152242941146,577.6025371982813,41435800
2024-10-31,565.0328369140625,571.9784860249016,564.8340934879141,571.9089227933508,60182500
2024-11-01,567.4176025390625,571.8990031889416,567.0002837782789,567.6958554782392,45667500
2024-11-04,566.1953735351562,568.8683117841309,564.2875701521782,567.5566780058409,38217000
2024-11-05,573.041748046875,573.0814724758461,566.9009578077806,567.1195331390961,39478300
2024-11-06,587.2907104492188,588.1750792814856,581.6765876653681,585.4624164691394,68182000
2024-11-07,591.831787109375,592.8652287778515,589.2383579645752,589.3178674732238,47233200
2024-11-08,594.3953857421875,595.8361998006164,592.3881801994943,592.3881801994943,46444900
2024-11-11,594.9617919921875,596.3628210105743,593.2129468004555,596.0051192162604,37586800
2024-11-12,593.1135864257812,595.4883793575724,590.5996063811249,594.8822634508298,43006100
2024-11-13,593.4017333984375,595.4287708447639,591.1858987893664,593.5805842924092,47388600
2024-11-14,589.5860595703125,594.0177893902365,588.8905485392219,593.5309074092812,38904100
2024-11-15,582.0343017578125,586.456085364698,580.1562763950889,585.979088998431,75988800
2024-11-18,584.4190673828125,585.75053306763,581.6268951744081,582.5012570573457,37084100
2024-11-19,586.555419921875,587.2907160283254,580.3252349064234,581.0009140487828,49412000
2024-11-20,586.7542114257812,587.0423500011664,580.9214521437177,586.6349774878298,50032600
2024-11-21,589.904052734375,591.344866826489,583.7235382544677,589.6358067130162,46750300
2024-11-22,591.7323608398438,592.3683155218499,589.3873461789195,589.8940600229174,38226400
2024-11-25,593.7395629882812,597.0483952740943,591.4243264966409,595.7169296044814,42441400
2024-11-26,596.8397827148438,597.5154618364036,594.2761320418831,595.0014818573266,45621300
2024-11-27,595.0313110351562,597.0384558306165,593.4911556618155,596.6509759062111,34000200
2024-11-29,598.7276611328125,599.5225741357542,595.5777872765691,595.8559795360102,30177400
2024-12-02,599.8008422851562,600.486467655311,598.6481668508209,599.1449950712815,31746000
2024-12-03,600.0791015625,600.3275157004707,598.5191141462687,599.5624413961492,26906600
2024-12-04,603.8052368164062,604.0536509227738,601.1124667180848,601.7881458096479,42787600
2024-12-05,602.8116455078125,604.6201076752798,602.4539437115175,603.8053020406198,28762200
2024-12-06,603.954345703125,605.2063625778626,603.1693789132718,603.5866976555247,31241500
2024-12-09,600.84423828125,604.0040588477694,600.2480686075606,603.8351542148879,34742700
2024-12-10,598.9761352539062,601.9571047996105,598.3104023701336,601.5298397758172,37234500
2024-12-11,603.6065673828125,604.5703850257809,601.6589789125985,601.9372318289047,28677700
2024-12-12,600.4964599609375,603.3084642377864,600.4964599609375,602.7321871244142,31543800
2024-12-13,600.377197265625,603.2786571751108,598.9860539491438,602.5533073597338,35904700
2024-12-16,602.9407958984375,603.9245667615821,601.370862320769,602.1558291096032,43695200
2024-12-17,600.4566650390625,601.3310876116105,599.0655823267214,600.3573236481737,55773500
2024-12-18,582.5609741210938,602.5632240884986,582.1734335224694,600.1486460207312,108248700
2024-12-19,582.382080078125,589.238334536819,582.1336659404619,587.6087232382334,85919500
2024-12-20,589.3770751953125,593.963254751842,579.1677354036608,580.0252023798975,125716700
2024-12-23,592.9064331054688,593.5145890145251,585.8974879778806,589.1178420766572,57635800
2024-12-24,599.49658203125,599.5365010094702,593.6840502010506,594.2723074608894,33160100
2024-12-26,599.5364990234375,600.673033709029,596.286266618511,597.7019907423149,41219100
2024-12-27,593.2254638671875,595.9871755936747,588.9882104091681,595.7478442826339,64969300
2024-12-30,586.455810546875,589.9652730101648,582.6572397439561,586.1268440800185,56578800
2024-12-31,584.322265625,588.8685869923663,582.6672101639617,588.1407350043717,57052700
2025-01-02,582.8865966796875,589.3571225168115,578.7589985198474,587.6223507588766,50204000
2025-01-03,590.1746215820312,590.8226355752365,584.6711578252952,585.7678951902626,37888500
2025-01-06,593.5744018554688,597.9014122494413,591.8196706515002,594.4817066914783,47679400
2025-01-07,586.8646240234375,595.9572670439192,585.0201967640594,595.6282397198856,60393100
2025-01-08,587.7219848632812,588.8087424972755,583.4448733889237,586.9343761474076,47304700
2025-01-10,578.7489624023438,584.1926084677874,576.8147784906305,584.1228111122192,73105000
2025-01-13,579.6463012695312,580.0052069477971,573.6243775799428,574.0431617233518,47910100
2025-01-14,580.4439086914062,583.2454785560273,576.6153987751911,582.6073834279746,48420600
2025-01-15,591.002197265625,592.1586914849061,587.4329171587094,588.5595329953718,56900200
2025-01-16,589.8656005859375,592.5674339582336,589.1577080719753,592.3879811065466,43319700
2025-01-17,595.7877807617188,597.562410619056,593.8236574580369,595.1696451072651,58070600
2025-01-21,601.2413330078125,601.2513127523598,596.8744645431257,598.8684661853716,42532900
2025-01-22,604.6211547851562,605.9970207281947,603.5443769053658,604.1026949074611,48196000
2025-01-23,607.9212646484375,607.9212646484375,603.7039705508554,603.9830991440912,41152100
2025-01-24,606.1465454101562,608.9481760680518,604.980071516125,607.981053651763,34604700
2025-01-27,597.5723876953125,597.8914352658803,592.8565932019453,593.0260663058995,70361100
2025-01-28,602.7069702148438,603.5543965921443,595.4587545999498,598.818642579001,44433300
2025-01-29,600.0050659179688,602.3181151413867,597.4228069982945,601.9093107246936,37177400
2025-01-30,603.225341796875,604.7806606099443,598.9182910409676,602.1486247469728,39281300
2025-01-31,600.0150146484375,608.1306155740967,599.2473045778189,605.6779717570167,66671500
2025-02-03,595.9771728515625,598.4895734255874,588.7189779992506,590.8924323868896,65857200
2025-02-04,599.9751586914062,600.4935577176606,595.4886551807033,596.0369934393696,33457800
2025-02-05,602.4077758789062,602.5573503352053,596.784737785208,598.8385569367734,30653100
2025-02-06,604.5015258789062,604.6311408496849,600.8225905322549,604.172498579845,35771500
2025-02-07,598.9682006835938,606.3061120968874,598.2503284518037,605.0698408193554,50788500
2025-02-10,603.035888671875,603.683963510289,600.9322316611732,602.2184015940107,26048700
2025-02-11,603.4945678710938,604.0429061552635,600.6232006225274,600.7428358535425,30056700
2025-02-12,601.5504150390625,602.7368484783108,596.714985283226,597.4029183001364,45076100
2025-02-13,607.9013061523438,608.1106982366895,601.3909222732692,602.6670517126223,40921300
2025-02-14,607.8713989257812,609.1575080488998,607.2432835546514,608.1106693810499,26910400
2025-02-18,609.656005859375,609.656005859375,606.5553479941693,609.0478499794664,26749000
2025-02-19,611.0916748046875,611.3907628653418,607.731787077126,608.2502469503253,31011100
2025-02-20,608.5493774414062,609.845466362675,605.1994692243143,609.705871640604,36554000
2025-02-21,598.1406860351562,608.4696001270332,597.6720639975363,608.3300054050101,76519800
2025-02-24,595.4188842773438,601.2214363779027,594.7010120406462,600.2144558088706,50737200
2025-02-25,592.457763671875,596.0968410433766,587.7918070882386,595.3590701652774,58266500
2025-02-26,592.7568359375,597.7817589335975,590.0848810857798,594.1426816591761,43321600
2025-02-27,583.2952880859375,596.226419710782,582.8965242893548,595.0598849968359,74196700
2025-02-28,592.39794921875,592.9363077632394,580.6931691446642,583.8038068836951,88744100
2025-03-03,582.0191650390625,595.5484729311629,578.1607768871335,594.3919179487391,74249200
2025-03-04,575.1298828125,583.63432908105,570.533723601707,577.9713716824587,109648200
2025-03-05,581.311279296875,583.1258280404028,571.3612308662864,574.9603891205771,71230500
2025-03-06,570.9923706054688,578.4299578955523,568.4101116656967,573.7540215413394,80094900
2025-03-07,574.1926879882812,575.6583108183255,563.9335715863721,569.187785314308,81158800
2025-03-10,558.8987426757812,567.8318311729231,553.9237182672504,565.8877282348667,99326600
2025-03-11,554.252685546875,562.3284287982106,550.3644188129149,557.7222898220398,88102100
2025-03-12,557.19384765625,561.4211214289652,552.0293906715008,560.483938216931,69588200
2025-03-13,549.7661743164062,557.4331130450024,548.0314026284964,556.8149774056806,74079400
2025-03-14,561.1220092773438,562.1389695505442,549.835953090791,554.442091848548,62660300
2025-03-17,565.4490356445312,568.0013552926785,560.6633830586674,561.1020658506349,49008700
2025-03-18,559.33740234375,563.3254055013634,557.3832588897637,563.1060336846033,66041400
2025-03-19,565.4290771484375,569.2376275644565,559.9455726652652,561.141985813832,66556000
2025-03-20,563.7940063476562,568.8587877529125,560.9126592589647,561.6405112658884,62958200
2025-03-21,563.97998046875,564.8900146484375,558.030029296875,559.280029296875,83763000
2025-03-24,574.0800170898438,575.1500244140625,570.2000122070312,570.7999877929688,58766800
2025-03-25,575.4600219726562,576.4099731445312,573.6900024414062,575.2999877929688,38355700
2025-03-26,568.5900268554688,576.3300170898438,567.1900024414062,575.1900024414062,51848300
2025-03-27,567.0800170898438,570.9000244140625,564.9400024414062,567.1799926757812,42164200
2025-03-28,555.6599731445312,566.27001953125,555.0700073242188,565.530029296875,71662700
2025-03-31,559.3900146484375,560.7100219726562,546.8699951171875,549.8300170898438,95328200
2025-04-01,560.969970703125,562.9400024414062,553.6799926757812,557.4500122070312,54609600
2025-04-02,564.52001953125,567.4199829101562,554.8099975585938,555.0499877929688,76014500
2025-04-03,536.7000122070312,547.969970703125,536.7000122070312,545.1099853515625,125986000
2025-04-04,505.2799987792969,525.8699951171875,505.05999755859375,523.6699829101562,217965100
2025-04-07,504.3800048828125,523.1699829101562,481.79998779296875,489.19000244140625,256611400
2025-04-08,496.4800109863281,524.97998046875,489.1600036621094,521.8599853515625,165816600
2025-04-09,548.6199951171875,548.6199951171875,493.04998779296875,493.44000244140625,241867300
2025-04-10,524.5800170898438,533.5,509.32000732421875,532.1699829101562,162331200
2025-04-11,533.9400024414062,536.4299926757812,520.0700073242188,523.010009765625,97866300
2025-04-14,539.1199951171875,544.280029296875,533.8599853515625,544.0499877929688,68034000
2025-04-15,537.6099853515625,543.22998046875,536.8099975585938,539.6699829101562,56892900
2025-04-16,525.6599731445312,537.8900146484375,520.2899780273438,531.6799926757812,83484800
2025-04-17,526.4099731445312,531.1699829101562,523.9099731445312,527.6400146484375,79741000
2025-04-21,513.8800048828125,521.7000122070312,508.4599914550781,521.1599731445312,69368100
2025-04-22,527.25,529.2999877929688,519.1900024414062,520.1400146484375,75948100
2025-04-23,535.4199829101562,545.4299926757812,533.8800048828125,540.4299926757812,90590700
2025-04-24,546.6900024414062,547.4299926757812,535.4500122070312,536.719970703125,64150400
2025-04-25,550.6400146484375,551.0499877929688,543.6900024414062,546.6500244140625,61119600
2025-04-28,550.8499755859375,553.5499877929688,545.02001953125,551.3900146484375,47613800
