Date,Close,High,Low,Open,Volume
2011-04-29,64.57388305664062,64.59451504810671,64.20249146865021,64.28502468171483,5900000
2011-05-02,64.67753601074219,64.70516480902653,64.35290421796924,64.4565108941219,5285100
2011-05-03,65.04359436035156,65.04359436035156,64.63608153012932,64.89854715283246,6486600
2011-05-04,65.33363342285156,65.4234282392771,65.112608541083,65.14023731001019,7406300
2011-05-05,65.95524597167969,66.05194399646466,65.48556759287534,65.56154536515598,9600000
2011-05-06,65.66519165039062,65.95528590036577,65.16788421063306,65.27839931709043,9451500
2011-05-09,65.59608459472656,65.75494338177677,65.50628980499208,65.54773558088772,3731200
2011-05-10,65.12640380859375,65.54082466478991,65.12640380859375,65.40958937362974,5458300
2011-05-11,65.4993896484375,65.6789686970601,65.05043148758594,65.14712951981272,6078700
2011-05-12,65.08499908447266,65.69281632306594,64.86397415501601,65.58230122351263,8015800
2011-05-13,65.672119140625,65.9553049608722,65.29222993945599,65.37511629325246,8380000
2011-05-16,66.03815460205078,66.1624814288025,65.45105774725337,65.63754535255649,6053600
2011-05-17,66.71507263183594,66.72198114483302,66.29374819273878,66.32828021842141,9826900
2011-05-18,65.83096313476562,66.57692434079684,65.81024286842876,66.49403800579871,7707600
2011-05-19,65.80332946777344,65.83786675553614,65.24386123963936,65.24386123963936,8052400
2011-05-20,65.83784484863281,65.90001089199048,65.42342388162618,65.63063173030524,5602300
2011-05-23,66.15554809570312,66.43873892190675,66.02431280847247,66.12101609934822,6300000
2011-05-24,66.40421295166016,66.40421295166016,65.93453451023353,66.05886131148316,5549100
2011-05-25,66.0934066772461,66.50091913312849,65.98980011857563,66.41112959275995,5664500
2011-05-26,66.65982818603516,66.68745697162541,66.23158991386427,66.28684748504477,8307900
2011-05-27,66.63216400146484,66.65979277237705,66.22464621757139,66.39732208353574,5390600
2011-05-31,66.78411102294922,66.83246004841901,66.36968478218128,66.4318508261559,7003900
2011-06-01,67.68669128417969,67.74215071960182,67.16677097712859,67.18756694318617,12746400
2011-06-02,66.39730072021484,67.18065084524774,66.39730072021484,66.88949140014412,15738700
2011-06-03,66.77860260009766,66.9657716874845,66.25174824874439,66.95190946538044,10644100
2011-06-06,66.27250671386719,66.54286484756398,66.00214858017038,66.18238909893586,8776900
2011-06-07,66.5774917602539,66.59135396690004,65.93972447653346,66.01597983533698,7399200
2011-06-08,67.09746551513672,67.13212370395999,66.66766272027586,66.73005592240438,7401800
2011-06-09,66.82708740234375,67.47178875809533,66.50126984883775,67.31234421252125,9963000
2011-06-10,67.340087890625,67.51339468574992,67.10439318792886,67.18064860089612,7710800
2011-06-13,67.00042724609375,67.44409234559406,66.99349349140947,67.06281517153667,5540000
2011-06-14,65.98831176757812,66.48050254118081,65.94671453098724,66.36958362881155,8672400
2011-06-15,67.1875228881836,67.2013903823976,66.11302479817041,66.11995325637803,12979100
2011-06-16,67.49262237548828,67.61046976814669,67.10441671077565,67.31238176448362,10961200
2011-06-17,67.17372131347656,67.34702812528177,66.99348074830598,67.14599158891923,9622900
2011-06-20,67.2568588256836,67.49255867745745,66.95877110334935,67.47176272060398,6613800
2011-06-21,66.95881652832031,67.26383820616644,66.73698402322425,67.03507194778184,7894900
2011-06-22,67.00042724609375,67.28464772128683,66.83405415600743,67.21532604115963,5503700
2011-06-23,67.51338195800781,67.75601036766122,67.34700894694585,67.40939684275558,8586800
2011-06-24,67.22915649414062,67.72134702732744,67.22915649414062,67.49258084898783,7960900
2011-06-27,66.30718994140625,67.15292806351201,66.23786827165588,67.1390605562193,9331300
2011-06-28,65.7734146118164,66.32799865415616,65.6625009766917,66.18935528802392,12634300
2011-06-29,65.3366470336914,65.99521059114906,65.1772024910014,65.82190383509153,11084900
2011-06-30,65.23269653320312,65.37827365086294,64.56719887151316,65.32281947906773,11555600
2011-07-01,65.12831115722656,65.54567082135465,64.94050355392778,65.47610733936759,6637200
2011-07-05,65.27440643310547,65.50395326265107,65.1700717896305,65.41352813598931,4615600
2011-07-06,65.60830688476562,65.69873203027049,65.27442003521823,65.51788173926077,5652700
2011-07-07,65.41354370117188,65.48310191569004,65.07270473516675,65.26746985859825,6823700
2011-07-08,66.33866882324219,66.50560956293366,65.96304817872354,65.97000028378747,12129300
2011-07-11,67.33333587646484,67.33333587646484,66.60296184829959,66.80468424947806,9760800
2011-07-12,67.56291961669922,67.68812651975145,67.16643197485902,67.68117441349118,9083900
2011-07-13,67.75071716308594,67.7715840910073,66.85340211381673,67.27075659309423,13112200
2011-07-14,66.78380584716797,68.09847462626506,66.78380584716797,67.20811749618312,11471500
2011-07-15,66.8951416015625,66.91600853124065,66.24824024678719,66.28302200088447,7086200
2011-07-18,66.24825286865234,66.89515434667774,66.22042852146343,66.81863871864613,8206500
2011-07-19,67.62553405761719,67.66031051405929,66.199566669691,66.3039066529213,15249400
2011-07-20,66.82557678222656,67.3611807164073,66.686460393516,67.27771300596099,9673300
2011-07-21,66.31085968017578,66.67952299717543,66.01175457841069,66.24825357159853,11099200
2011-07-22,66.81169128417969,66.83951032636239,66.44998005238105,66.5612774489197,4974500
2011-07-25,66.08128356933594,66.81165777367148,65.9630341250376,66.06041664468908,10869400
2011-07-26,66.533447265625,66.68647851897072,66.24825169221681,66.28999086573478,7682800
2011-07-27,66.5404052734375,66.66560687425532,66.15086972318194,66.31781049789059,11224200
2011-07-28,66.79082489013672,66.99254745881132,66.57519279915289,66.85343100790932,7081600
2011-07-29,68.11243438720703,68.5367463492747,67.31945915149556,67.39597477134062,19582400
2011-08-01,68.79987335205078,69.05112102844356,67.9414429036049,67.96935990371779,14348200
2011-08-02,70.8656997680664,70.88663619181953,69.01623935025451,69.24655066078806,20850600
2011-08-03,71.00530242919922,72.17779046001166,70.74009876822277,70.88665910649604,21179700
2011-08-04,73.53168487548828,73.66428927531861,71.37514352516395,71.45191393300018,34076600
2011-08-05,71.41001892089844,73.62936882940465,71.38210193357259,72.19167859215942,41677700
2011-08-08,73.66429138183594,73.83178803798542,71.84972386249623,72.0102452629139,38259500
2011-08-09,73.88761138916016,76.33029234838408,71.88461108573264,73.2874093560668,39881400
2011-08-10,76.08605194091797,76.12094952769469,74.63440497946681,75.11595866431576,46221000
2011-08-11,72.24751281738281,75.24154205020646,72.02418222616298,74.91352407959141,37790100
2011-08-12,73.67825317382812,73.7410677528511,72.63138967017917,72.88961791794358,15590800
2011-08-15,72.93148803710938,73.6154411768465,72.9105516197561,73.23856969061865,10051700
2011-08-16,74.13888549804688,74.42502545816687,73.02222668644778,73.04316843197994,15993200
2011-08-17,75.43695831298828,75.44393889175988,73.81781013837363,74.20166210148935,15906600
2011-08-18,76.9863510131836,78.26352594236906,76.2675054930939,76.83281015945107,27274600
2011-08-19,77.60748291015625,77.75404849383204,76.93051561585425,77.22363613395903,15708400
2011-08-22,77.41206359863281,77.64935542313479,77.04217268727852,77.0910261034079,13157700
2011-08-23,76.34426879882812,77.58654602733579,76.31635179851496,76.60249705825744,16017800
2011-08-24,74.17375946044922,76.35821779648931,74.08303321735275,76.27446680889236,14621600
2011-08-25,74.97634887695312,75.30436689236714,74.22958661138968,74.45989781258957,10565900
2011-08-26,75.71617889404297,76.2605472991796,74.90660687027257,75.85576394960712,11504800
2011-08-29,74.6692886352539,74.95543390489432,74.39710452856468,74.46689436945,6764300
2011-08-30,75.86968231201172,76.17676395792418,75.54864482974997,75.67426865538481,9508700
2011-08-31,74.69721221923828,76.04417703305828,74.69721221923828,75.93948960019293,12186000
2011-09-01,76.28058624267578,76.28758788355668,74.25754462375475,75.23056441940103,10686600
2011-09-02,78.75868225097656,78.80768308305947,77.46365568247937,77.97466359695976,16557100
2011-09-06,79.57766723632812,80.45268556653903,79.37466234283663,80.09567659242032,14016200
2011-09-07,78.05867767333984,78.66069102780374,77.91867146259774,78.59768689779708,11524300
2011-09-08,78.75868225097656,78.84268062558148,77.93966071374761,78.61167975472782,11480900
2011-09-09,79.59867858886719,79.92768638417401,78.54865643738864,78.77966259247924,11492700
2011-09-12,79.68269348144531,79.97669844341051,79.17168027934329,79.5006881208856,7602200
2011-09-13,78.54867553710938,79.5146942287166,78.47867511146076,79.38169502219128,9282400
2011-09-14,79.2136459350586,79.34664506267558,78.2756236976871,78.38062694420668,11948500
2011-09-15,78.00269317626953,78.74470757189134,78.00269317626953,78.3877036687292,8884000
2011-09-16,78.56966400146484,78.81466812687562,77.87665080653456,77.91864998783657,10053500
2011-09-19,80.0677261352539,80.63474200443852,79.88572605246068,79.9417232021786,13033500
2011-09-20,80.40371704101562,80.41071868586158,79.83670664436745,80.06071121322637,6360600
2011-09-21,83.06383514404297,83.15483522910817,79.94176156416252,80.24276841869387,18687100
2011-09-22,86.18584442138672,86.71085564518508,84.86281656467008,84.98881947200931,25041400
2011-09-23,84.58282470703125,86.35386203232633,84.58282470703125,86.18585990592015,15173800
2011-09-26,83.22479248046875,84.40081802915381,83.00778951456863,84.0858133792542,15110100
2011-09-27,81.9507827758789,82.11178862870989,81.3837721485077,81.72677811586996,13589600
2011-09-28,81.92274475097656,81.97874722601259,81.03372815771199,81.83174473456049,12642600
2011-09-29,82.48975372314453,83.1757706789624,81.96474254514888,82.3287532860122,12341800
2011-09-30,84.5617904663086,84.63879252200995,83.29476003929761,84.01577443296561,13546400
2011-10-03,86.88897705078125,86.88897705078125,84.9941383665145,85.53451654249268,15882000
2011-10-04,85.78712463378906,87.74512660083317,85.74501879178355,87.28194627601499,17301400
2011-10-05,85.16956329345703,85.46431494518102,84.67831054058374,85.38010324711898,14275000
2011-10-06,83.5975570678711,84.9239449808273,83.5975570678711,84.66427972722197,9681600
2011-10-07,82.97997283935547,83.54842860486086,82.00448135015027,82.63609589279308,11564600
2011-10-10,81.80801391601562,82.04662633224606,81.26763563467246,81.98346217485191,3567600
2011-10-11,81.53425598144531,82.36237137727647,81.33775493061285,82.31324611456836,7520200
2011-10-12,80.34822082519531,80.79035352141042,79.63941426408375,80.49559660584976,14033400
2011-10-13,81.14833068847656,81.79398438156953,80.6781306169926,80.72725591768113,11263300
2011-10-14,79.9692611694336,80.43244683544094,79.73065426579518,79.9201359037285,8411000
2011-10-17,81.351806640625,81.38689841652473,80.1587612195796,80.21490591931787,9664000
2011-10-18,80.84651184082031,81.98341787123063,80.2149027337343,81.50619865091367,12495600
2011-10-19,80.81846618652344,81.22550196530636,80.116673345116,80.38335269731921,6629300
2011-10-20,80.24297332763672,81.17635888713636,80.05349165786208,80.32719037767728,7832100
2011-10-21,79.39379119873047,80.14470903145421,79.39379119873047,79.90610212865059,9906300
2011-10-24,79.52715301513672,80.0605169962751,79.33767133136915,79.95524701451369,6344500
2011-10-25,81.54830169677734,81.653571662428,79.54819376642598,79.56924668870555,11791200
2011-10-26,80.12367248535156,81.55533025750688,80.05349428514123,80.97986044897662,12747000
2011-10-27,77.4076919555664,79.19725908776111,77.07082929950901,78.9656663463623,19471400
2011-10-28,78.22179412841797,78.57269039062382,77.7305415030306,77.82879202810807,10127900
2011-10-31,81.32373046875,81.32373046875,79.62539353838412,79.73066350688265,15242100
2011-11-01,84.04598999023438,84.07413495994474,82.44176429347222,83.52532147085284,24400600
2011-11-02,82.9976577758789,83.27910224868661,81.91410004483868,82.06185718523868,13181100
2011-11-03,81.85777282714844,82.5684185897834,81.61151103854357,81.85777282714844,8386700
2011-11-04,81.9562759399414,82.35733235244463,81.2878450070334,81.42153226723579,7583700
2011-11-07,82.4769515991211,83.27202690885272,81.84370316441677,82.0688575669667,9279700
2011-11-08,81.42160034179688,82.70216797237912,81.2668055675328,82.14631645029831,7539400
2011-11-09,83.1102066040039,83.820847055919,82.37141581042722,83.20871132740015,13004500
2011-11-10,81.87185668945312,82.75136700506852,81.062706125466,82.16737086715472,11644600
2011-11-11,81.37230682373047,81.73818080409043,81.26676449751515,81.49895654156771,2483900
2011-11-14,82.68099212646484,82.74431428091361,81.7662994183313,81.89294909533281,9252600
2011-11-15,82.56842041015625,83.34942593416783,82.12514918089475,82.81468220419042,7587500
2011-11-16,83.3212661743164,83.32830375806964,82.44879367254079,82.99760710701422,7470000
2011-11-17,83.98971557617188,84.54556671693895,83.05391535052205,83.05391535052205,9907900
2011-11-18,83.96858215332031,84.116344567827,83.2509043039182,83.85600765667643,6792600
2011-11-21,84.46818542480469,84.94663932240057,84.36968068425016,84.7003721029085,7345600
2011-11-22,85.4110336303711,85.42510880622167,84.32747591846517,84.67928016123567,7866300
2011-11-23,86.24829864501953,86.57899537402267,85.15770373466091,85.24917624070294,10129300
2011-11-25,84.99588012695312,85.74874075194987,84.95365998095642,85.69948838837458,4311900
2011-11-28,84.9536361694336,85.24211805244866,83.43384554215764,83.46902272450593,7661900
2011-11-29,84.25704956054688,85.08026954974582,83.78563353611013,84.45405892191731,8952800
2011-11-30,82.94135284423828,83.41980675126142,82.50511908978879,83.26501205073836,11806800
2011-12-01,82.52519226074219,82.69447319962893,81.67878218496449,82.02439900475025,9647200
2011-12-02,83.68196105957031,83.71017544824805,82.21484513639423,82.25716941008304,7764900
2011-12-05,83.51270294189453,83.81600097642387,82.44057740439024,82.52522059356559,7862800
2011-12-06,82.71562194824219,83.43507526282927,82.36295023204865,83.0965080474924,8506300
2011-12-07,83.01184844970703,83.39978400669696,82.4193573240131,82.75792445031563,6588300
2011-12-08,84.04873657226562,84.16864367935139,82.81438541012115,83.03304017967095,8800500
2011-12-09,82.32062530517578,84.02755499472852,82.26419654320472,83.98523611392167,9855100
2011-12-12,83.23758697509766,83.57614883761322,82.9554485021055,83.16705370218556,5734600
2011-12-13,84.0134506225586,84.38022681324195,82.63803318081737,82.72267094255965,8901800
2011-12-14,85.60047149658203,85.62163093658879,84.28147746228511,84.49308262503831,11247700
2011-12-15,85.28311157226562,85.5722996985014,84.90222531857944,85.10677564267084,5438700
2011-12-16,86.27764892578125,86.48925420734437,85.5511457104782,85.61462406613961,9321900
2011-12-19,87.37088775634766,87.47668495989406,86.23528446664352,86.27760334806209,7845100
2011-12-20,85.19136810302734,86.5244665907352,85.0714610262445,86.51741703187218,13945400
2011-12-21,84.00640869140625,85.22665529847608,83.98524924769387,85.08558337148732,11600100
2011-12-22,84.35906219482422,84.93744351704791,84.18272636022746,84.64120060644757,5247400
2011-12-23,83.42096710205078,83.7313199407352,83.04713593618642,83.6255173474252,5409700
2011-12-27,83.81724548339844,83.81724548339844,83.22992737835243,83.45636464020744,4270300
2011-12-28,85.36689758300781,85.65702308706142,83.81721493158278,84.02242446888427,8302300
2011-12-29,85.52259826660156,85.6853471670651,84.95650245936987,85.25370572744586,4305000
2011-12-30,85.798583984375,86.1594702616334,85.54384136497974,85.69951801002026,5948800
2012-01-03,84.51073455810547,85.055597504991,84.15692590725493,84.50365687345482,9076900
2012-01-04,83.5059585571289,84.40463057749858,83.2724434420625,84.3904806002343,8417100
2012-01-05,83.35726928710938,84.27716797714874,83.19451503189573,83.61908407335146,6465800
2012-01-06,84.01537322998047,84.17812212532418,83.29360082853148,83.3219061578716,7348500
2012-01-09,83.8667984008789,84.58857105620677,83.71112713278625,83.83142077577708,5582400
2012-01-10,83.7252426147461,84.11443412138948,83.27236816993701,83.30775117915522,8932500
2012-01-11,84.81497192382812,84.95649316080156,84.19227092298027,84.23472621433447,8634500
2012-01-12,84.69470977783203,85.04851840031615,84.37627877838163,84.87868637446616,7205400
2012-01-13,85.53675079345703,86.07454128656033,85.4872178137429,85.6924274150414,9819000
2012-01-17,85.93305206298828,86.06749568736302,85.50140505085085,85.58631567704712,5449900
2012-01-18,84.89275360107422,86.0532442460248,84.85029833803729,85.99663362951856,5804000
2012-01-19,83.7252426147461,84.60268617672754,83.4421947370681,84.43993729117794,8625700
2012-01-20,82.77706146240234,83.47052328701756,82.76998377885178,83.29361898908847,6548200
2012-01-23,82.25341796875,82.53646591524786,81.765165794699,82.17557964849583,7274800
2012-01-24,82.40203094482422,82.58601295115184,81.92792865802943,82.58601295115184,5776500
2012-01-25,82.20387268066406,83.87384937651882,82.00574076737446,82.1260343720589,12867600
2012-01-26,83.2935791015625,83.2935791015625,82.50104628283867,82.54350696511783,7638500
2012-01-27,83.55538177490234,83.73228595105246,82.79823211692738,83.37847759875224,5165300
2012-01-30,84.53898620605469,85.18999241447,84.44699256009747,84.80080098623903,8388400
2012-01-31,85.51555633544922,85.55801704789127,84.34091433259766,84.39044733153673,7998300
2012-02-01,84.53593444824219,85.0466407399032,84.27348665624156,84.94024269386891,7925200
2012-02-02,84.50048065185547,84.7487446043446,84.15291869465312,84.37989870509979,5596900
2012-02-03,82.68462371826172,82.84776810422534,82.25903696185688,82.60659884823076,12467400
2012-02-06,83.50743865966797,83.55709036318493,82.52148841275155,82.76975234196615,6180600
2012-02-07,82.47184753417969,82.90452904088953,82.11719091632771,82.72011149598049,8794800
2012-02-08,82.53565216064453,82.84065693402714,82.26611519806639,82.42215949537281,7613400
2012-02-09,81.9185791015625,82.30870352216098,81.30148008741787,82.18102693102242,11477700
2012-02-10,82.98255157470703,83.22372088204988,82.64917349752655,82.84778574365669,7193100
2012-02-13,83.08894348144531,83.25208789005359,82.58533178510754,82.70591372402716,6422900
2012-02-14,83.52877044677734,83.89761113498948,83.15283510735924,83.30179031288529,8271200
2012-02-15,83.3797607421875,83.89046165091301,83.33719827440476,83.45778561955454,6846100
2012-02-16,82.71300506591797,83.41522355397746,82.37253238016291,83.18114892074772,9036200
2012-02-17,82.69171142578125,82.7129899500717,82.11007497811764,82.18100519629539,6338000
2012-02-21,81.7767105102539,82.22357582906645,81.53554123465135,82.11717777840737,8338300
2012-02-22,82.80522155761719,82.8194108521481,82.14556006431651,82.20230641917964,7736800
2012-02-23,82.80522155761719,83.14569427516571,82.2306795966112,82.37963471940422,5163900
2012-02-24,83.34435272216797,83.40109911217513,82.95422805541077,83.15284042043582,5676900
2012-02-27,84.08199310302734,84.30187847827894,83.78408283753217,84.05361992369963,8180700
2012-02-28,83.80538177490234,84.50760054644735,83.65642660588564,84.31608830389214,6615700
2012-02-29,83.29466247558594,83.99688113947025,82.96128435296104,83.96141872083572,14235000
2012-03-01,82.510498046875,82.95127640709414,82.14081699479286,82.58870074665522,12265600
2012-03-02,83.2854232788086,83.52003140364161,82.85886650345272,82.89440973742023,6669600
2012-03-05,82.6242446899414,83.49157972971635,82.6242446899414,83.15033111158942,6921900
2012-03-06,83.6265869140625,83.96783526384499,83.49151407523816,83.49861946088888,6299700
2012-03-07,83.11479949951172,83.61244815386956,83.04370218549185,83.5058076068033,5567500
2012-03-08,82.28302001953125,82.87309310179714,82.21192811871998,82.69536063778676,7982100
2012-03-09,82.44651794433594,82.46073415175206,81.68582338443962,82.10526930275446,6975600
2012-03-12,82.43232727050781,82.83755713359106,82.3754569955225,82.69537331018,5280000
2012-03-13,80.98200988769531,82.04840450560673,80.96778825537027,81.9488693512219,14413600
2012-03-14,78.94160461425781,80.15729328954768,78.8776181450525,80.12174464843794,24515300
2012-03-15,79.0624771118164,79.43926891743112,78.82786905112575,78.84209067999547,14154000
2012-03-16,79.21892547607422,79.22603629436797,78.34447924075712,78.55776039784865,13427200
2012-03-19,78.2733383178711,79.25442451741438,77.98186003792165,79.16911102320488,14011400
2012-03-20,78.58612823486328,78.82073621385925,78.09558526495542,78.50792557519796,9443800
2012-03-21,79.47480773925781,79.54589960292994,78.77809445776336,78.81364310158018,10242000
2012-03-22,79.73075866699219,79.8871640525978,79.53169923948055,79.83028838074802,8009800
2012-03-23,80.48438262939453,80.61235024314185,80.09337439358603,80.11470142521637,8465300
2012-03-26,80.07201385498047,80.34217062478896,79.4819462989514,80.21420305592268,8118600
2012-03-27,80.64789581298828,80.83273369599242,80.12180374115005,80.17867943928906,6972300
2012-03-28,80.53414154052734,81.00335789746906,80.22844145390424,80.2782063320073,7886000
2012-03-29,81.13838958740234,81.18104904974727,80.74738157964859,81.06018690105917,7692900
2012-03-30,79.76630401611328,81.23792816461285,79.75919862491497,81.195274121572,9467500
2012-04-02,80.20818328857422,80.75702043856533,79.97296736714947,80.54318679399455,8944000
2012-04-03,78.818359375,80.856888513965,78.81123012961316,80.55039621858157,14774300
2012-04-04,79.9017333984375,79.91599188252992,79.40992445761586,79.66651735307765,10095600
2012-04-05,80.47911834716797,80.59315908079923,80.0657091319605,80.54326524020665,6364100
2012-04-09,82.36077117919922,82.51757638349282,82.13980825684577,82.35364193963518,14374600
2012-04-10,83.29454040527344,83.6010325976975,82.52474530271732,82.64591524348474,14421300
2012-04-11,82.29669189453125,82.72435420142082,82.21828650383235,82.47488497557035,8713000
2012-04-12,81.95454406738281,82.50337622926774,81.84049791331742,82.44635315223505,9008500
2012-04-13,83.2802505493164,83.32302055313832,82.76705944560669,82.78844172850913,8607700
2012-04-16,83.15911865234375,83.82199691529561,83.0878425307615,83.18050094501646,7735000
2012-04-17,83.10916900634766,83.27310887010044,82.85970002934634,83.0592752109474,5398600
2012-04-18,83.35157012939453,83.4798693233995,83.20188864272532,83.42997549450976,4074400
2012-04-19,83.42997741699219,83.72934039722885,83.4085896858156,83.57252966338498,5374300
2012-04-20,83.4441909790039,83.48695554508079,82.91674139132641,83.08067585329918,5043300
2012-04-23,84.05005645751953,84.39931858442296,83.95739807337125,84.18548485113587,5170100
2012-04-24,83.45845031738281,83.9360115726735,83.45132651451064,83.82909471139894,4336600
2012-04-25,83.03079986572266,83.62240186749348,82.46058558959724,82.97378224472287,8859500
2012-04-26,83.52977752685547,83.72222363197106,83.10210984789562,83.69371209083904,5133000
2012-04-27,83.60099792480469,83.65089172901696,83.24461205528367,83.40854650997393,3112900
2012-04-30,83.6224365234375,83.92892879515719,83.52977809264614,83.80062957820428,4198400
2012-05-01,83.188720703125,84.03897218877908,82.93150185790475,83.90321628403265,7214300
2012-05-02,83.77458190917969,83.82459636689968,83.45306117400361,83.75314792032356,3565700
2012-05-03,83.75316619873047,83.8603416175683,83.28159653631134,83.33875748651394,3522900
2012-05-04,84.41047668457031,84.4462036310437,83.88175167399763,83.93891260788837,6367300
2012-05-07,84.4248046875,84.63915010181287,84.3247702860846,84.5391211515664,3228200
2012-05-08,84.87488555908203,85.38932297585613,84.78200314539562,84.80343712923359,6051600
2012-05-09,84.93209838867188,85.43224315443436,84.62486504651231,85.3465017155169,5828900
2012-05-10,84.68196868896484,84.75342256988351,83.91031801600138,84.32472108903454,6300000
2012-05-11,85.38218688964844,85.45363532819309,84.99635878010754,85.37504041044403,5234300
2012-05-14,86.5754165649414,86.66830446669144,86.16815435674619,86.36107119025168,8789400
2012-05-15,86.92554473876953,86.9755592169956,86.32536554888733,86.51827697885383,6766400
2012-05-16,87.17558288574219,87.29704579212563,86.25388319091984,86.43965351614385,6462300
2012-05-17,88.71887969970703,88.79747461845218,87.18271372127874,87.1898602005737,14863400
2012-05-18,88.74037170410156,88.91185461229584,87.96157393794032,88.07589042556643,10137700
2012-05-21,88.55457305908203,88.91896183531014,88.32593471959521,88.52599258525018,9583500
2012-05-22,87.56854248046875,87.7971807590927,87.21129482942094,87.70429833224023,12475500
2012-05-23,88.1758804321289,88.96896531556628,88.14015348145877,88.27590935260451,11744900
2012-05-24,87.84007263183594,88.44739267593089,87.70431675155356,88.0472769670999,10256200
2012-05-25,88.16871643066406,88.26874533126168,87.98294613619721,88.1901504163398,4723600
2012-05-29,87.89725494384766,88.46170717740975,87.88296742895909,88.16162030422565,5874100
2012-05-30,90.12645721435547,90.25506661566745,89.52628364234475,89.54057115308262,17170800
2012-05-31,91.16960144042969,92.22705690904789,90.50512057697928,90.76233932742245,31174500
2012-06-01,93.33403778076172,93.348360268587,92.02380872860752,92.26723639735121,23526000
2012-06-04,92.59656524658203,93.20513426845164,92.31733688952315,92.58224276228671,11681200
2012-06-05,91.35790252685547,92.10251305510604,91.35074128706134,92.02375580464705,12482800
2012-06-06,89.53219604492188,91.35791923162333,89.53219604492188,91.32927972963557,20806700
2012-06-07,89.66824340820312,90.02622905551102,89.0596689002652,89.24582296634499,18898200
2012-06-08,89.64673614501953,90.89252426519202,89.18851510168193,90.74933223755866,11239600
2012-06-11,90.05487060546875,90.36273848763389,89.33173805202453,89.34606053720111,10693800
2012-06-12,89.23148345947266,89.94745461750801,89.13840917540158,89.47491649366643,10921700
2012-06-13,90.11213684082031,90.41284343774831,89.05249704757288,89.38900438993714,11100000
2012-06-14,89.99755096435547,90.41281544818243,89.63240969359308,90.17654371127138,7688200
2012-06-15,90.49878692626953,90.82097187440897,90.31263283099226,90.62766199801098,6421400
2012-06-18,90.9856185913086,91.17176716460071,90.39852244397416,91.03573635526055,6698400
2012-06-19,89.79708099365234,90.4772567172038,89.73264622598626,90.41281648711252,8227900
2012-06-20,90.24101257324219,90.57751991820274,88.84486542685862,89.18853401344704,13720300
2012-06-21,90.720703125,91.10732819878069,90.13360700461297,90.17656352533538,9776600
2012-06-22,89.51071166992188,90.36988033602009,89.50355589129688,90.14076978421251,7830400
2012-06-25,90.81379699707031,90.94267204946387,90.4056935748953,90.47013383230583,6113800
2012-06-26,90.45576477050781,90.89250747526661,90.16938076814277,90.29109451539038,5359700
2012-06-27,90.59902954101562,90.77802240668166,90.23388256557683,90.61334656680025,5860700
2012-06-28,90.8209457397461,91.27201109225662,90.77798921566958,91.1431360576003,5257800
2012-06-29,89.63956451416016,89.9474322540679,89.2314612740429,89.51785075853792,8881900
2012-07-02,90.56449127197266,91.27482760556097,89.95460631993463,90.0120031992564,7818500
2012-07-03,89.8685073852539,90.4066421600159,89.83980620703046,90.3707643186891,5773100
2012-07-05,90.32768249511719,90.63621320627006,89.86847475863685,89.94022494105164,5974700
2012-07-06,91.16722106933594,91.27484913901407,90.84434233449255,90.8873913726874,5818300
2012-07-09,91.97079467773438,92.02819702129968,91.20306159785075,91.39678766464768,5647000
2012-07-10,92.15731811523438,92.3725740802831,91.64070817846671,91.74115950237302,4288000
2012-07-11,92.27217102050781,92.89640379212615,92.0282082933791,92.26498888394647,5960900
2012-07-12,92.92510986328125,92.96098770495507,92.4874264709729,92.59505999599438,6421000
2012-07-13,92.68113708496094,92.73136824161375,92.27216043788896,92.72418610587613,4175300
2012-07-16,93.1117172241211,93.71442585406577,92.99691245221192,93.49199845123277,5283500
2012-07-17,92.37974548339844,93.14748920593593,92.30081866097285,92.74567296098628,5590900
2012-07-18,92.4300308227539,92.80312970358396,92.40849536003331,92.7457273492148,4011000
2012-07-19,92.1932373046875,92.63092061562128,91.92057889671555,92.1717127933611,5246300
2012-07-20,93.31976318359375,93.49197028958528,92.86055518266532,92.98971324925456,6365900
2012-07-23,93.843505859375,94.30989580587573,93.64260312648717,94.21661562690002,6141100
2012-07-24,94.58251953125,94.7403622363271,93.47754395709372,93.52777509608892,6748800
2012-07-25,94.82646942138672,94.86234724165836,94.33855515211434,94.44618861292926,5328000
2012-07-26,93.95832061767578,94.55385769268861,93.92244277973448,94.37447945136108,6606200
2012-07-27,92.18600463867188,93.28379790809672,91.09538802715178,93.19769990998405,14685100
2012-07-30,92.8748779296875,92.90357363037921,92.02103576809094,92.12148714308002,6025300
2012-07-31,93.06140899658203,93.19056699516211,92.25779815520049,93.14033584338748,7448600
2012-08-01,92.59619140625,93.28646137263566,92.143201397951,92.4164348596512,7972000
2012-08-02,93.12110137939453,93.9695582025304,92.84787881895394,93.17862480566406,7972000
2012-08-03,91.61833190917969,92.05693840099498,91.15096370642327,91.92032164545844,9084800
2012-08-06,91.6542739868164,92.13602024208517,91.5823724612999,91.7980770378494,3673600
2012-08-07,90.47508239746094,90.69078700019647,90.1874707747448,90.56855384340612,6613600
2012-08-08,89.99332427978516,90.87772345789642,89.90703915856723,90.71235049939712,7250700
2012-08-09,89.92864227294922,90.09402077824807,88.97952753203695,89.71293213312231,7553500
2012-08-10,90.38159942626953,90.82739768597702,90.30969789682898,90.74111255920734,4670500
2012-08-13,90.2306137084961,90.87054671108761,90.2306137084961,90.67641201336005,3543700
2012-08-14,89.00828552246094,89.45408389942469,88.97952380597265,89.13051870323379,7994000
2012-08-15,87.75715637207031,88.58403217442411,87.6493013369744,88.454607229456,11191000
2012-08-16,87.00939178466797,88.0807396534259,86.65706487632404,87.8722213257539,13240000
2012-08-17,87.43360137939453,87.80749814620746,87.2322748829886,87.28979830645761,6341100
2012-08-20,87.61332702636719,87.85779874691747,87.36166899472254,87.39762249312906,4427100
2012-08-21,88.00163269042969,88.04477251508872,86.7577202030522,87.34012977889162,9532700
2012-08-22,89.45403289794922,89.52593440530765,88.59119835244798,88.8140946709791,11384400
2012-08-23,89.82794189453125,89.97893673573701,89.62661543959025,89.69132516336366,7139100
2012-08-24,89.74171447753906,90.28098446531834,89.64105118534597,90.21627469993906,5001400
2012-08-27,90.26653289794922,90.45348121093654,90.07239278830336,90.12272439344608,3906100
2012-08-28,90.48226928710938,90.85616604474215,90.30251270748394,90.41755955159725,3412600
2012-08-29,90.08678436279297,90.33125061350631,89.84231262634559,90.31687250464896,3762700
2012-08-30,90.55419158935547,90.91370480927733,90.40319669527665,90.79146614534424,3886400
2012-08-31,91.83403015136719,91.83403015136719,90.40316950247968,90.43911752221706,9192600
2012-09-04,91.74178314208984,91.965155187827,91.33827093109589,91.45355777819064,6009300
2012-09-05,91.3094711303711,91.64813560700952,91.18697710614445,91.3815261153607,3466700
2012-09-06,89.78907012939453,90.45198466037706,89.7458382461606,90.45198466037706,6505100
2012-09-07,89.3711929321289,90.92040040664972,89.29193077082004,90.89157730276969,7335300
2012-09-10,89.58734130859375,89.58734130859375,88.99648156877824,89.1261827554423,4912100
2012-09-11,89.02527618408203,89.42158126839158,88.8379288638503,89.36393509332923,3523300
2012-09-12,87.91563415527344,88.20385960560543,87.67784774644132,88.06695127977301,7040900
2012-09-13,87.56979370117188,88.69386731058968,86.6618851334024,88.18947671596507,12280200
2012-09-14,85.24239349365234,86.35926007267216,85.06225319083181,86.29441220243073,16871600
2012-09-17,86.26555633544922,86.39525752412457,85.60264159219463,85.65308063793262,5573300
2012-09-18,86.69789123535156,87.11581789586208,86.43848885968598,86.97890955941534,5366200
2012-09-19,87.26712799072266,87.46167700805235,86.90684755330656,87.43285391336588,5903300
2012-09-20,87.48328399658203,88.13899142566105,87.17344265170404,88.0092902697251,4604200
2012-09-21,87.58416748046875,87.649015313727,86.95007045780507,87.00771664121861,4144300
2012-09-24,88.26869201660156,88.41280196785584,88.03811279612935,88.08855182881258,3627400
2012-09-25,89.14057159423828,89.16218753760133,88.00208426595056,88.48486415664222,5893500
2012-09-26,90.09891510009766,90.13493983843676,89.67378140713602,89.75304352790103,7193400
2012-09-27,89.4576187133789,89.92598430299245,89.18380210848119,89.7458441144828,5147700
2012-09-28,89.50808715820312,90.24305694995552,89.21265451319722,89.8899836037422,7173400
2012-10-01,89.84022521972656,89.87633103468966,89.08926944208038,89.5152949209544,4842600
2012-10-02,89.71748352050781,89.91244061809255,89.39976994476658,89.47198158214374,3540100
2012-10-03,89.7463607788086,89.75358304383464,89.26257369257168,89.43586949037798,3800900
2012-10-04,88.62712860107422,89.39252877826759,88.50437766541113,89.14702139796844,6214800
2012-10-05,87.47898864746094,87.86168577179714,87.31290973044356,87.78225744308925,8340700
2012-10-08,88.2155532836914,88.28775939692976,87.86896173655795,88.07836332123051,1568400
2012-10-09,88.05667877197266,88.22275775700595,87.64509794964134,87.71008729473166,4752700
2012-10-10,88.6777114868164,88.78602345081694,87.5585025494118,87.70291482876229,5429800
2012-10-11,89.29146575927734,89.29146575927734,88.01339466751134,88.06393950956581,5194100
2012-10-12,89.51526641845703,90.10014297360632,89.3780709760503,89.5874725164182,4934900
2012-10-15,89.31311798095703,89.63804828846887,89.12537765425235,89.37810183886978,3036100
2012-10-16,88.07837677001953,88.77156547910354,88.04949321851926,88.74268192760327,5398700
2012-10-17,87.26241302490234,87.55846523306495,87.06023371638788,87.49347587877217,6932500
2012-10-18,86.72813415527344,87.75347585097498,86.55483828631822,87.4574289710505,8558600
2012-10-19,87.90508270263672,87.95562754468253,86.85085777641353,86.89418035274578,7616700
2012-10-22,87.34184265136719,87.9772641313888,87.32740363296871,87.68121742794878,6910600
2012-10-23,88.59105682373047,88.61994037829864,88.10726417093221,88.16503128006853,5760600
2012-10-24,87.71732330322266,88.30219995582883,87.71732330322266,87.99170872478429,6824500
2012-10-25,87.2696762084961,87.76068569182128,86.8869786937968,87.05305227124434,5292500
2012-10-26,88.5549087524414,88.56213101488129,87.56566813911826,87.68842456470776,5889400
2012-10-31,89.0748519897461,89.32035396222356,88.5477367121103,88.58384253581592,5025600
2012-11-01,88.34555053710938,88.72824799951172,88.1505934274048,88.64881960063862,3659700
2012-11-02,88.28054809570312,88.31664840006586,87.54403137184053,87.57291492071491,3527800
2012-11-05,88.77879333496094,88.99541724380964,88.66326462348984,88.68492591257974,2935700
2012-11-06,87.94115447998047,88.71377134301288,87.93393221706265,88.48993077331276,4484600
2012-11-07,89.53694915771484,89.91964652671125,89.363653379277,89.50084334559412,10071000
2012-11-08,90.86553955078125,90.8799840760783,89.12534886260066,89.38529522822493,8579500
2012-11-09,90.96666717529297,90.96666717529297,90.38900715458091,90.71393747312254,5036900
2012-11-12,91.11832427978516,91.25551429925916,90.82949419782707,90.86559451496208,2072200
2012-11-13,91.42155456542969,91.5731890545479,90.97386785305216,91.55875003562042,2863800
2012-11-14,91.50823974609375,91.55156232820174,90.69229438989089,90.77894506308222,4694600
2012-11-15,91.32771301269531,91.717627232776,90.98111586165437,91.05332199467024,5549600
2012-11-16,91.2483139038086,91.84041319895854,91.18332450695075,91.24109163549626,4591100
2012-11-19,90.73558807373047,90.84389448793029,90.47564166170437,90.59117033984194,3621600
2012-11-20,89.8257827758789,90.74281204587008,89.81133824685459,90.60562207398124,4659300
2012-11-21,89.7752685546875,89.84025243053469,89.55142235027087,89.67417885294151,2422800
2012-11-23,89.68855285644531,89.86184857537926,89.61634676597048,89.75354219415277,987200
2012-11-26,90.11456298828125,90.63445005758066,90.07845719463502,90.37450927741628,2799000
2012-11-27,90.46839904785156,90.5406051440672,90.0423737149269,90.21567495661084,2544400
2012-11-28,90.33847045898438,91.12552666145064,90.32402592722873,90.95945310908378,3569700
2012-11-29,90.35289001464844,90.57673613683406,90.01352071715621,90.15793294974978,2761000
2012-11-30,90.10739135742188,90.64894551258061,90.04962425871791,90.6056229430395,3702300
2012-12-03,90.19058227539062,90.28463431803092,89.43814937483826,89.51049752454695,5427800
2012-12-04,90.71151733398438,90.73322675272554,90.32083059381625,90.45105950720563,2586300
2012-12-05,90.66812133789062,91.02263127944626,90.5595963093048,90.72600208911138,1978200
2012-12-06,90.86344146728516,91.21795684864541,90.80556624893804,91.05878757861608,2301200
2012-12-07,90.02417755126953,90.40762771676305,89.95906035195003,90.07482180860245,4020900
2012-12-10,90.42210388183594,90.4944520349175,90.10376538450471,90.40763093933347,2134300
2012-12-11,89.7348403930664,89.93741756002396,89.59014399375782,89.90124622010372,3777900
2012-12-12,88.69288635253906,89.95899741994734,88.67841894048341,89.5900204545631,7119700
2012-12-13,88.75804138183594,89.11978755546262,88.36011838292316,88.4758798079918,6381500
2012-12-14,89.4237060546875,89.50329070167254,89.04749223969519,89.12707688668023,3832800
2012-12-17,88.08524322509766,89.36582297714786,88.05630285242043,89.35135555071508,6870000
2012-12-18,87.1880874633789,88.10692055964505,86.74675657278674,87.83199538182124,12024200
2012-12-19,87.47749328613281,88.01287626685418,87.34002792521105,87.52090107597736,4880500
2012-12-20,87.49195861816406,88.00563769168473,87.26767768291415,87.7524163906267,4567900
2012-12-21,88.44696044921875,88.5771893234333,88.22991048559119,88.49036823402031,6087700
2012-12-24,88.28778076171875,88.32395759131124,88.17202484267936,88.26607687188694,1071100
2012-12-26,88.60540008544922,88.61265248565006,88.32261732918191,88.42412880415169,2247800
2012-12-27,88.90265655517578,89.39571448917397,88.3370912404046,88.37334216481182,4262700
2012-12-28,89.41024017333984,89.43199184080352,89.02594596292116,89.28697703640559,3928200
2012-12-31,87.86582946777344,89.16373270918947,87.67005888734103,89.09122529169456,6423000
2013-01-02,86.69120025634766,86.93773214508767,86.58244188245271,86.83622064147768,7472700
2013-01-03,85.51651000976562,86.64038822163417,85.48750595158108,86.56062844461634,10004300
2013-01-04,85.85010528564453,85.87910936305406,85.09601586888321,85.3135436834736,9574600
2013-01-07,85.88630676269531,86.0893351876171,85.56002076071346,85.82830417324803,4193100
2013-01-08,86.45188903808594,86.4953923688925,86.15460152568207,86.31412111458565,4380900
2013-01-09,86.37210845947266,86.6766427657562,86.19083724878602,86.4663674975247,3870300
2013-01-10,86.13282012939453,86.50261490948535,85.82103345832928,86.01680391134339,5602800
2013-01-11,86.90145111083984,86.90870351103761,85.81382342351529,85.93708656707489,4770700
2013-01-14,86.66219329833984,87.21325967959025,86.55343492806044,87.03924075518134,3064600
2013-01-15,87.06095886230469,87.51776043724091,86.98845146608684,87.45250544023277,5357800
2013-01-16,87.24224853515625,87.50327964221044,87.01747389984439,87.46702317046812,4286100
2013-01-17,86.37210845947266,86.683895163132,86.10382507615144,86.52437561261442,7019200
2013-01-18,87.03922271728516,87.1624858660315,86.61867199948628,86.69843180913644,4660000
2013-01-22,87.20600128173828,87.22775848626011,86.56067584662776,86.68394454440553,3874100
2013-01-23,87.075439453125,87.43073502272145,86.97392801379988,87.25671067077107,2848800
2013-01-24,86.77095794677734,86.98848575313055,86.47367584552067,86.91597832833345,4178900
2013-01-25,85.581787109375,85.99508536438957,85.39326344843295,85.86456983480814,8750700
2013-01-28,85.26998901367188,85.35700119917723,84.83493915006338,84.84943841500137,6059900
2013-01-29,84.79871368408203,85.61806351751245,84.74071107117072,85.2845249824375,5553900
2013-01-30,84.65364074707031,84.80590787387256,84.22584341919125,84.59563264201498,9586800
2013-01-31,85.06695556640625,85.08145482954666,84.50864265818603,84.85668029314037,6789200
2013-02-01,83.9624252319336,85.64109059252311,83.94062524713348,85.55389065332267,10928600
2013-02-04,85.03790283203125,85.22684520966887,84.60188665184535,84.72542355311948,9291900
2013-02-05,84.28215789794922,84.60916869935971,84.19495243025762,84.49289474243758,6676500
2013-02-06,84.9725341796875,85.00160267496668,84.33304391629117,84.67458626126229,5892000
2013-02-07,84.7835693359375,85.45212791800554,84.74723788462234,84.85623778281497,5951700
2013-02-08,85.11056518554688,85.13963366615336,84.46380673872827,84.87802288494069,5603400
2013-02-11,85.04513549804688,85.29947770061214,84.96519858520575,85.059672506333,3679900
2013-02-12,84.83440399169922,85.03787777955874,84.6309302038397,84.79807255486425,4513700
2013-02-13,84.1440658569336,84.49287656416001,83.96966050332038,84.1513343637393,6586400
2013-02-14,84.90705871582031,85.05240107245412,84.28936894679768,84.50737970962638,7096000
2013-02-15,84.66001892089844,84.83442427444095,84.34753965933471,84.77629285275759,5861800
2013-02-19,84.23856353759766,84.9507277573537,84.18042655144447,84.92165926427711,7383600
2013-02-20,84.49285888671875,84.56553285107859,83.98417440167033,84.07137983235509,9603900
2013-02-21,84.9870376586914,85.2486484857754,84.83443226693353,84.9507062097472,8297400
2013-02-22,85.04513549804688,85.2704092282841,84.93613011287769,85.00880406581994,5316900
2013-02-25,86.71659851074219,86.73112998515553,84.50744293528766,84.55104290277585,15948700
2013-02-26,86.21511840820312,86.96361357993467,86.17878143036893,86.28052385945581,9822100
2013-02-27,85.9608383178711,86.86920797773837,85.75009589147207,86.83287097364432,7459600
2013-02-28,86.12068176269531,86.22968719212132,85.7355340504037,86.06254479443525,6023400
2013-03-01,86.58968353271484,86.81544122951945,86.32751079493619,86.54598437231495,7786800
2013-03-04,86.13090515136719,86.64068810218531,86.12362658584124,86.50960169267857,4511400
2013-03-05,85.88326263427734,86.07988938359338,85.70119856573662,85.9852180681678,6539300
2013-03-06,85.1040267944336,85.57011035528065,85.09674267612696,85.2860908590193,6514900
2013-03-07,84.44863891601562,84.84918228862092,84.41222941787882,84.7763577361901,8526700
2013-03-08,83.5674057006836,84.01164246306192,83.47273438725131,83.65479845195868,15423600
2013-03-11,83.64754486083984,83.91700177516068,83.56015207767074,83.83689311296142,5815800
2013-03-12,84.25201416015625,84.32483871439473,83.91701676573335,83.93157945411811,9264200
2013-03-13,84.16456604003906,84.28836825648507,83.77130703825144,83.92424016847657,7371500
2013-03-14,83.90969848632812,84.2155648233151,83.73491851607201,83.81502160381663,9352100
2013-03-15,84.30301666259766,84.39040393088557,83.96801916978971,83.9898659868617,9673400
2013-03-18,84.94384765625,85.1186276809803,84.58700348521324,85.0822181854131,9152200
2013-03-19,85.5191421508789,85.85413940023646,84.98751257845294,85.04577441907728,11986200
2013-03-20,84.56512451171875,85.19870394393861,84.53599359265104,84.99479306661937,8543900
2013-03-21,85.38082885742188,85.38811298141763,84.86376717689603,85.10409326332821,6119400
2013-03-22,85.44637298583984,85.57017531025748,85.0385453934074,85.42452617049067,6323800
2013-03-25,85.36624908447266,85.77407104809474,84.96570568723129,85.0385302441413,5839800
2013-03-26,85.46815490722656,85.86869807170008,85.04576494399164,85.11131089643017,5093200
2013-03-27,86.19645690917969,86.49503924429797,86.06537049089044,86.15276328846903,7742900
2013-03-28,85.75948333740234,86.26197652278084,85.7012214864102,86.02165611071109,5826400
2013-04-01,86.40541076660156,86.42730498791254,85.74855628619741,85.77045050750839,6113800
2013-04-02,86.0550537109375,86.22291304493751,85.93827715840489,86.17182469525761,5438000
2013-04-03,86.82872009277344,87.06226774047096,86.30323649340026,86.34702493727632,9527400
2013-04-04,87.86504364013672,87.87964349296237,87.19359518367816,87.28117202778262,9365700
2013-04-05,89.63860321044922,90.08380434060147,89.49993236289548,89.68239165990161,18626200
2013-04-08,88.9524917602539,89.67503407612035,88.87950920654741,89.52906340049545,8020300
2013-04-09,88.73355102539062,89.21524037202214,88.58758033837172,89.06197532681155,7176100
2013-04-10,87.51471710205078,88.0620946003577,87.50741717630737,88.01100068836567,10765200
2013-04-11,87.68256378173828,87.93800546383036,87.50010464192806,87.70445798760173,7501800
2013-04-12,88.98906707763672,88.99636701013655,88.23733550844682,88.55116578733568,9253000
2013-04-15,89.76261901855469,89.79181315631581,88.94520543409313,89.13495897722174,12948400
2013-04-16,89.0254898071289,89.41959675472313,88.95250167707344,88.98169581545312,6553500
2013-04-17,89.61662292480469,90.15670036619356,89.25900460520225,89.25900460520225,9020900
2013-04-18,89.83560180664062,89.93048414665796,89.47798336253192,89.63124841000707,7009500
2013-04-19,89.64588165283203,89.75535831843675,89.49991090928758,89.72616416972785,5474300
2013-04-22,89.71154022216797,89.98158184905348,89.52908101789174,89.65315194042846,4519400
2013-04-23,89.39769744873047,90.34648740325986,89.31741496481433,89.95967483614336,8042900
2013-04-24,89.62394714355469,89.63854142724112,89.25902880106173,89.38309970113846,3673600
2013-04-25,89.23714447021484,89.31013260591733,89.11307354866138,89.22255018400213,4297800
2013-04-26,90.0545425415039,90.1421249428381,89.77720662292984,89.91587179811104,4898800
2013-04-29,89.7260971069336,90.30266858451232,89.59472632003958,90.19319200073224,4916000
2013-04-30,89.77725982666016,90.27354925857452,89.5291123265955,89.95971909474315,4477400
2013-05-01,90.69953155517578,90.88237876506362,90.27532468902305,90.29726546140094,10724600
2013-05-02,90.58248138427734,90.67025002935004,90.33381192665006,90.39231877664606,4171800
2013-05-03,88.44681549072266,89.36836660442361,88.37367775345628,89.34642584124887,11283600
2013-05-06,88.2273941040039,88.68085698980123,88.000665451131,88.60771925468592,5121900
2013-05-07,87.88365936279297,88.13232881546543,87.8032061680925,87.90560012861084,5049200
2013-05-08,88.02265167236328,88.37372079429613,87.89100144914525,87.96413922203206,5732900
2013-05-09,87.79591369628906,88.73209048320516,87.75203215316918,88.13966733087157,7527000
2013-05-10,86.85242462158203,87.61306968366384,86.1941735505445,87.59112891130492,11689000
2013-05-13,86.18683624267578,86.44282673542106,86.03324529506017,86.2160924584196,8050800
2013-05-14,85.2506332397461,86.6256470533232,85.23600792643289,86.55981919328664,9236100
2013-05-15,85.82113647460938,86.0990677165276,85.1482602953219,85.96010209556849,14608600
2013-05-16,86.71347045898438,86.99140182587519,86.25269743816425,86.28195366520826,8458400
2013-05-17,85.61634063720703,86.41355704678607,85.55783379489388,86.2672759908739,7435500
2013-05-20,85.51399993896484,86.06254168510436,85.41892137845386,86.03328545570363,5839800
2013-05-21,86.18683624267578,86.2087825895231,85.14826569400684,85.5212754696748,7781800
2013-05-22,84.90687561035156,86.70609596218111,84.69477788746207,86.31845542781095,18361500
2013-05-23,85.30915832519531,85.74799033043806,84.67284829055973,85.68216804067491,9207100
2013-05-24,85.42620086669922,85.87965828136865,85.36037298324707,85.55785105355066,5357600
2013-05-28,83.26129913330078,85.03857415800061,83.24667381238042,84.90692394950233,13567500
2013-05-29,84.19747161865234,84.24135315632053,83.71475238408986,83.8317772579425,11298600
2013-05-30,83.99266052246094,84.38030115098347,83.76593185185783,84.29253251395069,10011800
2013-05-31,83.70740509033203,84.1242962797446,82.77122877586531,84.08773020561601,18158800
2013-06-03,84.1509780883789,84.67151405314323,83.35917453909289,83.41782789685305,15564500
2013-06-04,83.37386322021484,83.9383865592047,83.32987598674626,83.54981774758272,7504300
2013-06-05,84.52489471435547,84.54688832734439,83.67443772216669,83.79174444943105,8056100
2013-06-06,84.47358703613281,85.6246329002393,83.87973702276699,84.22431300021194,8925200
2013-06-07,82.9632797241211,84.18763922169303,82.9632797241211,83.74041715001837,10459300
2013-06-10,82.5674057006836,82.93398092571923,82.39144556535078,82.62605348563383,7892600
2013-06-11,83.54981994628906,83.54981994628906,82.20082587847901,82.31079396504438,12841200
2013-06-12,82.35481262207031,83.45453858058048,82.31081978015298,82.84602220776594,10193200
2013-06-13,83.64507293701172,83.7037262739252,82.76529525726984,82.89726246858012,12506300
2013-06-14,83.44715881347656,84.06300791424917,83.44715881347656,83.65243998256999,6679100
2013-06-17,83.00727081298828,83.63778046493248,82.84597686572454,83.59378764709265,5982100
2013-06-18,83.0512466430664,83.34450781663064,82.64068435617146,82.73599186034589,5192700
2013-06-19,82.19349670410156,83.42518967345835,81.83425455280825,83.38852991386977,17138200
2013-06-20,80.84445190429688,81.53361472716496,80.1186349357706,81.1963663822589,27898500
2013-06-21,79.4734878540039,80.94712141591947,79.45149424156364,80.75650078561631,19781000
2013-06-24,79.80343627929688,80.19933824766754,79.004304864369,79.05562517914882,24588900
2013-06-25,79.09227752685547,79.92806868742359,79.07761697732562,79.84009420325516,11078000
2013-06-26,79.6054458618164,79.95002733260958,79.20954410346842,79.91336758714536,13582200
2013-06-27,80.41920471191406,80.62448576442739,79.87666982342692,80.30923112135645,12026000
2013-06-28,80.96912384033203,80.99845052460822,79.70810438392155,79.92071864980407,12017000
2013-07-01,81.13223266601562,81.19836438943425,80.41209990873814,80.63255019936776,5500400
2013-07-02,81.08078002929688,81.41880526417951,81.00729847634622,81.19835499904443,5333900
2013-07-03,80.83832550048828,81.30861436491759,80.83832550048828,81.05877025215393,3839000
2013-07-05,78.08268737792969,78.99387092394436,78.01655005909836,78.83220815155987,14511900
2013-07-08,78.83959197998047,79.037992809449,78.58974787686185,78.67792913789523,8044200
2013-07-09,78.92041778564453,79.08208061622707,78.67792353977073,78.98654952200019,4700400
2013-07-10,78.30316925048828,78.91307705214297,78.11211825255843,78.91307705214297,10792200
2013-07-11,79.22169494628906,79.26578837737758,78.58239906149757,78.95715678489778,10035500
2013-07-12,79.15552520751953,79.70664517811817,78.87628750106224,79.61111412852709,4730800
2013-07-15,79.57442474365234,79.59646865892965,79.14087385348463,79.2143610461232,4574800
2013-07-16,79.84629821777344,79.91977979072483,79.55971055257912,79.67728555432906,3650200
2013-07-17,79.99329376220703,80.36070738205686,79.84633055678188,80.23578809681679,5932000
2013-07-18,78.9939193725586,79.8536658006861,78.97922529618549,79.80957796528048,9066400
2013-07-19,80.24309539794922,80.25044523672352,79.54501208406698,79.58909990414416,8523800
2013-07-22,80.36072540283203,80.60321979182079,80.191712633034,80.36072540283203,3972600
2013-07-23,80.02265167236328,80.09613324215425,79.5964507187775,79.8536390161881,5015500
2013-07-24,79.00859069824219,79.28047868628752,78.47217016764948,79.10412178916106,8853100
2013-07-25,78.97920227050781,79.06737791561225,78.48686395810785,78.60443895995998,6443400
2013-07-26,79.46418762207031,79.56706294876524,79.09677413922135,79.39070604675749,6795500
2013-07-29,78.8836441040039,79.22901354554452,78.67789352766893,79.10409435366725,6397800
2013-07-30,78.85428619384766,79.1849617185967,78.66323520403027,79.14821812486282,3635400
2013-07-31,79.140869140625,79.3025319847457,77.78144025205098,77.93575325608839,10483100
2013-08-01,77.615966796875,78.44840632604895,77.35076372874634,78.44840632604895,13568600
2013-08-02,78.47047424316406,78.53677779385134,78.07267542053592,78.09477473064038,9568400
2013-08-05,77.86646270751953,78.27163577615919,77.74859775506506,78.22743712153604,6611800
2013-08-06,78.09476470947266,78.09476470947266,77.60118915885533,77.74115893205446,4589000
2013-08-07,78.67677307128906,78.77990696543466,78.21266492725819,78.21266492725819,7183400
2013-08-08,78.89038848876953,79.26609367163626,78.66938973795794,78.80935954773419,5510900
2013-08-09,79.01564025878906,79.02300295076168,78.44103554389321,78.52943281056916,3623400
2013-08-12,78.47784423828125,79.28818414162873,78.43364561712336,79.27345314136743,7562800
2013-08-13,77.34337615966797,77.61594747304333,77.20341196771822,77.5938481595973,11485600
2013-08-14,77.46126556396484,77.6159664162185,77.25499776095998,77.3065647117112,6431600
2013-08-15,76.41513061523438,77.07813214735734,76.38566300619331,76.68769616321372,11846300
2013-08-16,76.15000915527344,76.59201252262831,75.63433387637797,76.5846442073987,10175900
2013-08-19,75.48696899414062,75.88477354065785,75.29543222277115,75.8258382847941,9022000
2013-08-20,76.06895446777344,76.14262073948946,75.7669154472486,75.79638308001027,10050100
2013-08-21,75.23648834228516,76.02472903288398,75.22175734019555,75.70795909439802,13248800
2013-08-22,76.00260925292969,76.04681348804418,75.3175026225735,75.4795717037892,8751200
2013-08-23,76.82768249511719,76.9013487234452,75.6858362847277,75.88474128362357,17441200
2013-08-26,77.21080017089844,77.26973543981127,76.85719979817459,77.02663167082827,5879100
2013-08-27,78.18318176269531,78.27158463455861,77.38021008634176,77.56437852077602,11573300
2013-08-28,77.54965209960938,77.77065649815157,77.30655400566336,77.6527916072043,7497900
2013-08-29,78.16845703125,78.31578954246596,77.19604784424953,77.2623457881842,6672400
2013-08-30,78.0800552368164,78.58836196220935,77.89588678505085,78.10215455176825,8987600
2013-09-03,76.97875213623047,77.31112790993095,76.4543341463973,77.25203713031982,12084300
2013-09-04,76.80890655517578,77.29639728169204,76.77936115036785,77.14867025765237,4579600
2013-09-05,75.73794555664062,76.5208794035896,75.7305577934018,76.42486102233374,12290600
2013-09-06,76.11457824707031,76.68331156102492,75.93730589046507,76.26229957570054,9478400
2013-09-09,76.15148162841797,76.67589950463146,76.13671175431867,76.66851738518466,6874900
2013-09-10,75.61971282958984,76.32878547104342,75.60494294829658,75.87823365149357,8069000
2013-09-11,76.2918701171875,76.30664000083625,75.47939127148216,76.01857937040627,8962400
2013-09-12,76.18846130371094,76.81628558772262,76.12198274164359,76.70549174108311,6254400
2013-09-13,76.48385620117188,76.69066823150607,76.24749879004634,76.45431082038053,6106200
2013-09-16,75.97427368164062,77.11913422376446,75.96688592127833,77.0600434112862,8231600
2013-09-17,76.60206604003906,76.62422367665178,76.05549034116368,76.35093864481793,8795300
2013-09-18,77.54752349853516,77.96115352385596,76.06290496893925,76.54300229237124,19749200
2013-09-19,77.08956146240234,77.62136168036811,76.93445236109466,77.59182191982116,11627800
2013-09-20,77.49579620361328,77.6878384540275,77.14864485543646,77.32591722591478,8421000
2013-09-23,78.06456756591797,78.09411297324837,77.63616761244246,77.71002831316335,10242100
2013-09-24,78.90657806396484,78.9139601880905,78.17534204045862,78.28613588964525,11446600
2013-09-25,79.06906127929688,79.23894026814631,78.58157068129422,78.69236451131376,8130900
2013-09-26,78.51512145996094,78.7514790722372,78.43387300244002,78.64807296906696,5117100
2013-09-27,78.70714569091797,78.89918798150632,78.47817587516089,78.50772127642132,6460000
2013-09-30,78.58897399902344,78.95828308206846,78.42647710085012,78.78101630006549,8438800
2013-10-01,78.35050964355469,78.52083366953521,78.15055716961287,78.42456381354496,7592500
2013-10-02,78.46898651123047,78.8540771925638,78.3208781876225,78.44677082768631,5967200
2013-10-03,78.34309387207031,78.80223871521294,78.2764411714667,78.31347107735431,6648900
2013-10-04,78.28382873535156,78.33566720066806,78.01722929944708,78.2542059480323,5545300
2013-10-07,78.602294921875,78.76521748577474,78.48380937992945,78.6467262938582,5761100
2013-10-08,78.62451171875,78.8763026801447,78.37272640732637,78.48381048882489,5904000
2013-10-09,77.9950180053711,78.45416275967384,77.98020943586359,78.40232429144362,8439000
2013-10-10,78.12091827392578,78.15054106581198,77.3951796476084,77.60994065130595,9944100
2013-10-11,78.0987319946289,78.66896106566728,78.06170772830988,78.61712257284306,6500800
2013-10-14,77.46927642822266,78.23204537658825,77.26192242089682,78.04690706290833,4205600
2013-10-15,77.41735076904297,77.98017219099148,77.40994366284235,77.86908819784858,8291000
2013-10-16,78.38751220703125,78.3949193169714,77.21743743514345,77.36555138409918,14460200
2013-10-17,79.0984878540039,79.3280631948639,78.71340266445367,78.8837267415724,11303400
2013-10-18,79.26878356933594,79.59462865528036,79.22435220305998,79.32062204664798,9487800
2013-10-21,79.01697540283203,79.17989791025558,78.83924432653774,79.17249645080473,6161600
2013-10-22,79.89828491210938,80.06861463541073,79.65390099823149,79.68352380445663,9708500
2013-10-23,80.20928955078125,80.52032608897176,80.0093427369173,80.03155842179433,9163100
2013-10-24,79.89828491210938,80.47591550856797,79.8834763339831,80.43148412421657,7631400
2013-10-25,80.19450378417969,80.31298935387704,80.03898829584246,80.07601256451,4429500
2013-10-28,79.92045593261719,80.26110953883844,79.9130544726774,79.98710862186125,6466400
2013-10-29,80.0241470336914,80.0315541449115,79.61684631611374,79.69830758962335,5270500
2013-10-30,79.54276275634766,80.13520148568041,79.39464883653821,79.92784764791553,10199300
2013-10-31,79.71312713623047,79.98713378939183,79.34285062383626,79.91307961690723,11452100
2013-11-01,78.85025787353516,79.45171295314393,78.81312863881513,79.42943767836223,11349500
2013-11-04,78.92454528808594,79.20670833426531,78.87256773576004,79.05820266051371,4733200
2013-11-05,77.98149108886719,78.58295189983757,77.95921581163245,78.55324964181575,8753400
2013-11-06,78.01863098144531,78.07060852379962,77.73646798939725,77.92210287853796,5643000
2013-11-07,78.67950439453125,78.74633591209188,77.94439169213368,78.00379622660351,7893700
2013-11-08,76.7860336303711,77.30580915793523,76.77117966379592,77.2018540524224,16889900
2013-11-11,76.49649047851562,76.91231685132446,76.4519398784452,76.87518757451095,4927200
2013-11-12,76.8528823852539,76.91970825936995,76.61526983540229,76.6375451267743,4839500
2013-11-13,77.13502502441406,77.25383410033939,77.03106991554367,77.12760370601514,5782900
2013-11-14,77.61026763916016,78.05579611002302,77.33553150260853,77.45433494041009,8895500
2013-11-15,77.7662124633789,77.77363378408126,77.45434137484061,77.71423489281091,6344800
2013-11-18,78.23401641845703,78.27114568525212,77.70681368772483,77.70681368772483,5451300
2013-11-19,77.63995361328125,78.07062802328656,77.52857718408043,77.92954365946066,7251100
2013-11-20,76.31822967529297,77.84785964877541,76.22170155346633,77.53599433352471,14190900
2013-11-21,76.44446563720703,76.62267925759349,75.85786421510339,76.11775199675603,8903000
2013-11-22,77.15728759765625,77.32064154045308,76.8379953635667,76.84541668019801,7950700
2013-11-25,77.38008117675781,77.53601387368036,77.10533937829629,77.10533937829629,3755500
2013-11-26,77.66967010498047,77.91470962434909,77.58056894530438,77.58799026519092,6659200
2013-11-27,77.5360336303711,77.74394394591141,77.19446587410754,77.72909563700048,6063000
2013-11-29,77.5582504272461,77.66963248802632,77.18698066806324,77.28351443113202,5084400
2013-12-02,76.95500946044922,77.38696577134591,76.87308651590016,77.30504282679685,7527800
2013-12-03,77.238037109375,77.42422464623552,77.05184957251448,77.23058801694262,5076900
2013-12-04,76.50076293945312,76.74653193815921,76.2475448456968,76.52310454260919,8502700
2013-12-05,76.28475952148438,76.59755322666841,76.12836266889236,76.3219993024794,7445700
2013-12-06,76.64967346191406,76.70180573791647,76.23261525389486,76.38156299047546,7352000
2013-12-09,76.82846069335938,76.88059299862726,76.58269167624141,76.6348239815093,5678800
2013-12-10,77.37950897216797,77.4167430547138,77.04436813731355,77.33482011832652,7040400
2013-12-11,76.7837142944336,77.2826953685701,76.72413293818093,77.11885516186162,8190900
2013-12-12,76.49330139160156,76.82844243036699,76.43372000488854,76.73162125645989,6208600
2013-12-13,76.86565399169922,76.93268445259051,76.55286032618552,76.8135217141136,6471300
2013-12-16,76.58267211914062,77.22315781000954,76.50819822806153,77.14123482522443,6376400
2013-12-17,76.92523193359375,77.00715489214858,76.40390349897287,76.41880168161475,6014400
2013-12-18,76.53797149658203,77.24548755827188,76.30710076505846,76.58266036996834,12973200
2013-12-19,76.46343231201172,76.7166501049598,76.29958650751378,76.60493653989411,6708400
2013-12-20,77.64024353027344,77.67003423361135,76.93273279248409,77.2455266545386,12425700
2013-12-23,77.20079040527344,77.75935292464868,77.20079040527344,77.49124246078922,6378600
2013-12-24,76.58267211914062,76.96993976194818,76.56033052001627,76.88057336545072,4897000
2013-12-26,76.28751373291016,76.48178324157519,76.22026988408206,76.47430980262862,4645300
2013-12-27,76.07080078125,76.44439277911577,75.98114235012156,76.26507021629742,4755000
2013-12-30,76.59382629394531,76.64612894104575,76.2725369758824,76.32483962298282,4491700
2013-12-31,76.10816955566406,76.623728386311,75.59261072501712,76.42945893264428,7218600
2014-01-02,76.33980560302734,76.50418703321132,75.98116039222853,76.0035750053331,8580800
2014-01-03,76.33980560302734,76.54901625942047,76.03346305632681,76.07081884464681,4083800
2014-01-06,76.66107940673828,76.95995415522042,76.4892302742402,76.49669801004504,7796200
2014-01-07,76.85538482666016,76.95251674264851,76.63122723522321,76.82549676776426,4428100
2014-01-08,76.64617919921875,76.72836994149341,76.28752816924167,76.54904157622249,8513000
2014-01-09,77.09449005126953,77.11690467217682,76.59387784912427,76.93758200435377,6991100
2014-01-10,78.01351165771484,78.11064355972889,77.47553807611563,77.53530848474391,13197400
2014-01-13,78.40206146240234,78.55896950662219,78.05835731307819,78.08824537396265,9667400
2014-01-14,78.04342651367188,78.32736030029812,77.99859726339022,78.19286684888723,10343100
2014-01-15,77.96117401123047,78.08819962070403,77.65483154264453,77.73702223677863,7507500
2014-01-16,78.48423767089844,78.50665228726983,78.24513892866408,78.34227083312803,7137700
2014-01-17,78.81299591064453,78.84287826366051,78.29743696238715,78.34973963101012,7588600
2014-01-21,78.87281036376953,79.00730382970268,78.7532637832548,78.7906195956678,6436000
2014-01-22,78.67855072021484,79.01478155297951,78.63371576209721,78.73085342087973,4646700
2014-01-23,79.7918472290039,80.01599919740352,79.11190648022256,79.11190648022256,12960600
2014-01-24,80.307373046875,80.31484078565268,79.94124862646666,80.09068891047943,11122200
2014-01-27,79.74698638916016,80.39703311067073,79.72456607069077,80.11310511626321,9218200
2014-01-28,79.94125366210938,79.94125366210938,79.61249641770016,79.88148324530317,5661500
2014-01-29,80.59876251220703,80.8079731782091,79.94123676127128,80.22517040847103,11709400
2014-01-30,80.36709594726562,80.44928662974093,80.03086548300166,80.29985213463706,5956900
2014-01-31,80.90508270263672,81.00222027110982,80.58379335423808,80.84530661443196,14690900
2014-02-03,81.89094543457031,81.90592479800607,80.60999554332781,80.74483267478138,20780300
2014-02-04,81.02197265625,81.40400630629298,80.87964303262748,81.29164111475579,9573500
2014-02-05,80.27287292480469,80.73730729915316,80.16050774177081,80.6698916184112,10312200
2014-02-06,79.92829895019531,80.16800871592557,79.79346184977632,80.13055745838962,5708700
2014-02-07,79.99569702148438,80.31780746101136,79.7335154346903,79.74849479030856,7039200
2014-02-10,80.2204818725586,80.24295949555612,79.8309554676152,79.86091991647766,4370500
2014-02-11,79.75597381591797,79.92077527545301,79.52375669482534,79.86084643287136,5904900
2014-02-12,79.34398651123047,79.56122432399123,79.11926187795152,79.531259896528,6723300
2014-02-13,79.7934341430664,79.95074880154047,79.6286383798934,79.84587045751455,6874600
2014-02-14,79.83843994140625,79.8833837525915,79.60621691497057,79.83094740116415,4989100
2014-02-18,80.01817321777344,80.30282671087535,79.86835679301038,79.89832122098903,4855800
2014-02-19,79.68109130859375,80.28785531874247,79.62865498321214,80.28785531874247,5522500
2014-02-20,79.48631286621094,79.87583897706202,79.17169496339315,79.64362181761983,5103200
2014-02-21,79.90583801269531,79.91333055128284,79.3664895370412,79.3664895370412,5250700
2014-02-24,79.70360565185547,79.95829487788633,79.53131151090868,79.92833043097673,3816700
2014-02-25,80.41520690917969,80.42269944635659,80.07062449574985,80.08560957010364,6225400
2014-02-26,80.84215545654297,80.84215545654297,80.33277173420952,80.38520804172346,7203900
2014-02-27,81.28418731689453,81.32163858586846,80.97705604958823,81.11189319118773,5394700
2014-02-28,81.3290786743164,81.45642319393974,80.7372941409066,81.1118408798903,8462600
2014-03-03,81.87198638916016,81.98462440642703,81.57913098167077,81.75934837189327,11089400
2014-03-04,80.64051055908203,81.3613860293131,80.61798409579497,81.3613860293131,8068100
2014-03-05,80.81327819824219,80.93342132751572,80.4978903097468,80.60301769624097,4798500
2014-03-06,80.01725769042969,80.32513465586399,79.98722049411835,80.16744367198645,7418200
2014-03-07,79.51414489746094,79.7243995356369,79.29637952820462,79.32641672351679,8270300
2014-03-10,79.62677764892578,79.67934130497196,79.43153875689332,79.55168753014678,3744300
2014-03-11,79.83706665039062,79.85208238900857,79.4315729595707,79.58175899080658,3815700
2014-03-12,80.39273071289062,80.54291672557473,80.18247602414348,80.28760336851705,6430500
2014-03-13,81.47403717041016,81.49656363731799,80.08484966399777,80.12239186584087,11815500
2014-03-14,81.48904418945312,81.83446907512707,81.3388639401239,81.82695834395783,9232800
2014-03-17,80.88079071044922,81.32383209752508,80.85075352073152,81.23372052837199,7381900
2014-03-18,81.1736068725586,81.21115477378996,80.79815077626645,80.8582251266345,4819500
2014-03-19,80.54289245605469,81.08355048078292,80.20497832609512,81.03849182604965,11557600
2014-03-20,80.40020751953125,80.82071671958447,80.34013313980702,80.41522324995822,5224400
2014-03-21,81.27127075195312,81.33885013397783,80.62548547723384,80.65552266780314,8986200
2014-03-24,81.84951782226562,81.917097243019,81.06105687274008,81.13615275670374,7536400
2014-03-25,81.54163360595703,81.71434610334823,81.22625154534119,81.40647477627402,5032000
2014-03-26,82.17987060546875,82.20990779469393,81.45899525108844,81.5115588999805,7147200
2014-03-27,82.59288024902344,82.89324645293283,82.16486027038042,82.33006196898103,9772200
2014-03-28,82.12732696533203,82.51779906237442,81.86450292783161,82.4952725972194,6027000
2014-03-31,81.9245376586914,83.40383593046401,81.35384265868123,81.65420874968694,7488400
2014-04-01,81.22441864013672,81.5782565873768,81.18677410559008,81.50297326203305,9067300
2014-04-02,80.75765991210938,80.96846128279977,80.6823765801664,80.84800335669097,6887200
2014-04-03,81.11151885986328,81.26209130642627,80.88566880564609,80.94589204051975,4937400
2014-04-04,81.65354919433594,81.82670603168398,81.19431339066307,81.20937350369344,8977500
2014-04-07,82.14292907714844,82.27844142449707,81.75897646903528,81.77403658749193,7562500
2014-04-08,82.33865356445312,82.41393691007677,81.84930320227274,82.08268329683139,4213800
2014-04-09,81.93209838867188,82.32357514512395,81.78905604316543,81.96973718123948,5771500
2014-04-10,82.69247436523438,82.97855908007696,81.98480412226917,81.99985849180021,12706400
2014-04-11,83.36253356933594,83.40770243360687,82.91082195161931,83.21949117414222,10267000
2014-04-14,83.1441879272461,83.33992345475922,83.03879010666196,83.17430241080591,4142600
2014-04-15,83.66365814208984,83.94974290222397,83.07643999365843,83.27218129105263,7752000
2014-04-16,83.76901245117188,83.76901245117188,83.0989812459751,83.13662577182814,5523000
2014-04-17,82.85054779052734,83.90452560071036,82.58704759423331,83.84430239994867,8622500
2014-04-21,82.78285217285156,83.27973272986183,82.69250868691715,83.09152144197964,4316300
2014-04-22,83.06134796142578,83.18180011338102,82.51929891825573,82.55694344660033,5748700
2014-04-23,83.53563690185547,83.60339590323339,83.21191349110178,83.26461238384083,5748600
2014-04-24,83.69373321533203,83.72384768873003,83.15168418166502,83.15168418166502,6337800
2014-04-25,83.81419372558594,84.31106819279401,83.80666367106421,83.93464587918993,5976500
2014-04-28,83.4076919555664,83.77658436952474,83.2270107774288,83.6486021076669,7606000
2014-04-29,83.29474639892578,83.36250541620046,82.84304067751076,82.9409084316299,5235200
2014-04-30,83.64104461669922,83.76150252511623,83.0989955163211,83.35496569983265,7721400
2014-05-01,84.538330078125,84.58361430005473,83.64781714935664,83.67800471141355,11556500
2014-05-02,85.05908966064453,85.3534113119724,83.99500501915715,84.17612470666097,12702100
2014-05-05,84.54591369628906,85.13455700786814,84.44026006383596,85.09682685781553,8043000
2014-05-06,84.88548278808594,85.05150574017685,84.5534253685268,84.6062521618486,6522600
2014-05-07,84.58365631103516,84.9534440539431,84.47800267020432,84.75722768196086,8199200
2014-05-08,84.22137451171875,85.09679659233942,84.11572091684233,84.77983005002109,10878800
2014-05-09,83.94971466064453,84.37987748567217,83.75350407918675,84.16857023936956,6000600
2014-05-12,83.61009979248047,83.86668547264296,83.42143181905878,83.7761285303219,4563800
2014-05-13,84.33462524414062,84.33462524414062,84.01766427607595,84.10067868547752,5501000
2014-05-14,85.24775695800781,85.45152164270085,84.94588697626801,84.99871379124565,8851400
2014-05-15,85.92696380615234,86.34203575475877,85.73074745247558,85.86658865768395,12627900
2014-05-16,85.68550872802734,86.03265735626094,85.59494596330364,85.73833556802607,5019200
2014-05-19,85.05150604248047,86.00239408334137,84.99113667681858,85.97975485150708,7403300
2014-05-20,85.2402114868164,85.64019253672228,84.96852906989866,84.9760774030606,6549800
2014-05-21,84.71953582763672,84.82518951622987,84.42521401545662,84.6893482369395,8224600
2014-05-22,84.59871673583984,84.82512060328865,84.36477029511506,84.71946700052975,6495700
2014-05-23,85.05150604248047,85.20999218069784,84.86283810027649,84.91566489378606,3835000
2014-05-27,85.54962158203125,85.57980915408378,84.82513712584263,85.16473723547489,6658300
2014-05-28,86.60614013671875,86.66650950679666,86.10050563878146,86.1080539691746,10361000
2014-05-29,86.14581298828125,86.93067258687134,86.13071632344244,86.68917776866599,10692000
2014-05-30,86.10808563232422,86.33448956585782,85.88923003195937,86.00243199872618,6518900
2014-06-02,85.46794891357422,86.0127172213603,85.15773715487337,85.52848000834221,11728200
2014-06-03,84.41625213623047,85.15017584191571,84.37085669796157,85.05181713481197,12694100
2014-06-04,84.3935546875,84.60540776351817,84.18926366950863,84.56001232510381,7882000
2014-06-05,84.431396484375,84.71891636948719,84.00012242927106,84.08335126205992,6915600
2014-06-06,84.431396484375,85.05183170064264,84.35573548344813,84.83997281645732,7832800
2014-06-09,84.31037902832031,84.46926893551766,84.1363534503992,84.32550892647706,5162800
2014-06-10,84.00015258789062,84.18930804440255,83.85639836628671,84.01528825704877,5986000
2014-06-11,84.15145111083984,84.39356977995446,83.87149905457176,84.18171666604972,5569700
2014-06-12,84.90052795410156,85.00645453989056,83.98501630688756,84.2120051464731,9775900
2014-06-13,84.85513305664062,85.21074621381338,84.38602547892418,84.41629104257356,5412500
2014-06-16,85.06697845458984,85.21830048644009,84.81729190672802,84.90052075601528,5184600
2014-06-17,84.3935546875,84.80969300894616,84.34815924908564,84.79456312032917,6668800
2014-06-18,85.04425048828125,85.3166346668137,84.40868548085106,84.59027878158166,11256500
2014-06-19,83.95471954345703,85.1653127687015,83.78826189263019,85.12748515787239,14215500
2014-06-20,84.59028625488281,84.59028625488281,83.90932574839084,83.96228902264222,7319100
2014-06-23,84.32547760009766,84.87781392498502,84.2952178150255,84.80215291717487,5821700
2014-06-24,85.180419921875,85.23338317736045,84.60538616763166,84.85507256030387,9698300
2014-06-25,85.3998794555664,85.77062241189782,85.2636873408334,85.57389918560247,5699300
2014-06-26,85.80846405029297,86.103546031826,85.65713625683688,85.65713625683688,6628900
2014-06-27,85.6798324584961,86.11867439286428,85.62686917486992,86.01274782561195,7216500
2014-06-30,85.89171600341797,86.10357498549739,85.56636835379048,85.92198157228646,5593100
2014-07-01,85.17252349853516,85.52146617093904,85.11183630660861,85.33941038260856,8019200
2014-07-02,84.26226043701172,84.70981557079571,84.17881697351798,84.67947196702974,9382500
2014-07-03,83.95882415771484,84.09536747113117,83.70090643795056,83.73125003953756,6173900
2014-07-07,84.57328033447266,84.81602340036079,84.37605557231123,84.40639339152744,5928900
2014-07-08,85.52149963378906,85.61253045729742,85.14221321701474,85.14221321701474,6352100
2014-07-09,85.58979797363281,85.82495376537061,85.24843663124085,85.46084194509615,6395200
2014-07-10,85.6125259399414,86.21938648973982,85.58218233370637,86.12835567103473,7196900
2014-07-11,86.1586685180664,86.23452461284731,85.93109444627463,85.98419429136618,4676500
2014-07-14,85.78699493408203,86.02974378535619,85.66562629589609,85.93112561766327,4743300
2014-07-15,85.6125259399414,86.07525580698619,85.33943927127723,85.58976968212791,7720000
2014-07-16,86.06765747070312,86.15868827778674,85.67320221490822,85.71871472472483,4615800
2014-07-17,87.15247344970703,87.27384793824324,86.43183123324934,86.65181815313059,10901000
2014-07-18,86.87174987792969,87.20552374411882,86.56073805598598,87.14483653436609,6677900
2014-07-21,87.30416107177734,87.7137911735083,87.24347963213212,87.24347963213212,5724100
2014-07-22,87.48622131347656,87.58483371529832,86.97039146653884,87.30415963517918,5753200
2014-07-23,87.37246704101562,87.71382268804354,87.36487968803924,87.62279760214521,3489600
2014-07-24,86.72007751464844,86.91730814330546,86.66697762856234,86.87178982133628,6609000
2014-07-25,87.74413299560547,87.7517203457009,87.35726495252415,87.49380252952763,7041800
2014-07-28,87.6227798461914,87.91862289032026,87.32693680206253,87.68346129534221,5138300
2014-07-29,87.94133758544922,88.04753730557705,87.55446386929741,87.89582507323748,6579300
2014-07-30,86.72007751464844,87.52416315751036,86.60629039090578,87.3496945835647,12251200
2014-07-31,86.4621353149414,86.91727786390028,86.07526154397317,86.12077406263361,18254000
2014-08-01,87.13143157958984,87.36721367108913,85.98296801585208,86.38607165900598,14951200
2014-08-04,86.90327453613281,87.32158717651126,86.90327453613281,87.10862717010406,5183800
2014-08-05,87.1846694946289,87.3139715943896,86.4621259027426,86.75874955016742,8032000
2014-08-06,87.23792266845703,87.82356848330078,87.1618663529867,87.82356848330078,7289200
2014-08-07,88.0517578125,88.0517578125,87.13907021013158,87.34442288971029,9745500
2014-08-08,87.861572265625,88.5460905430061,87.75509228944611,88.17341062637998,9536700
2014-08-11,87.85399627685547,88.08977260665252,87.68666889336394,87.9604762840364,6668800
2014-08-12,87.28357696533203,87.80076812835416,87.26076064681614,87.77795180983827,8122400
2014-08-13,87.85399627685547,87.8615978468504,87.29877412279042,87.36722887182113,8210500
2014-08-14,88.56135559082031,88.60698823432593,87.7627495131112,88.17346071284216,9028200
2014-08-15,89.52728271484375,90.0216576262791,88.75149876664692,88.76670771347453,17606700
2014-08-18,88.63739013671875,89.21542862414444,88.52330275327974,89.14697387299088,7595300
2014-08-19,88.36359405517578,89.10135265281814,88.21148139292474,89.04811264075767,5936900
2014-08-20,88.21905517578125,88.31032622601784,87.89961520403963,88.25708623072757,7275600
2014-08-21,88.71340942382812,88.80468045302243,88.241851143742,88.27988218992036,6790700
2014-08-22,89.2077865600586,89.31426652913363,88.38636468200279,88.78946825103301,10149900
2014-08-25,89.5424575805664,89.58048283206168,89.14695550649121,89.32949180075136,5760700
2014-08-26,89.25347900390625,89.74024656103661,89.14699896345442,89.70222129100496,5487600
2014-08-27,90.01400756835938,90.05964599265474,89.29146398076745,89.51963289134827,7265800
2014-08-28,90.48554992675781,90.78978088976798,90.25737525381945,90.6072388303281,9463600
2014-08-29,90.54646301269531,90.83547944587067,90.31828817411194,90.44758454136982,8512900
2014-09-02,88.98445892333984,89.47995582661052,88.9615847353432,89.40372598118152,10506000
2014-09-03,89.47997283935547,89.47997283935547,88.66430112465706,88.73291206976317,6553900
2014-09-04,88.38983154296875,89.09877999034207,88.37458790382615,88.90058360167305,12528900
2014-09-05,88.22215270996094,88.88535879186793,88.00108207733705,88.76339219702025,6886000
2014-09-08,88.26028442382812,88.90824700697476,88.00872063235848,88.74054362862762,9326400
2014-09-09,88.1916732788086,88.34413299999382,88.00871463422767,88.03920774165782,5353100
2014-09-10,87.63516998291016,87.75714239277892,87.50557865939807,87.64279471251811,8729400
2014-09-11,87.3454818725586,88.07729878031284,87.33785714402967,87.86385290921334,9274800
2014-09-12,86.4306869506836,86.8423349592711,86.30872040145164,86.66700695425719,11114900
2014-09-15,86.56029510498047,86.95669371059662,86.41545435679225,86.78898459500252,5510700
2014-09-16,86.20963287353516,86.7966148152586,86.20201396122656,86.60603732019891,9304700
2014-09-17,85.98857879638672,86.77375724317375,85.93521732376908,86.54506189426142,12917000
2014-09-18,86.26299285888672,86.5069317992909,86.0266728301467,86.27823649817812,7031200
2014-09-19,87.36072540283203,87.42171159905847,86.29349023272448,86.58317175681817,13236900
2014-09-22,87.46746063232422,87.69615599233599,87.23877108827706,87.4064802434904,6617200
2014-09-23,88.00870513916016,88.02395459921277,87.49033400070456,87.59706277317815,6362400
2014-09-24,87.52082061767578,88.0849342785114,87.39122929665861,87.88673202427282,5223300
2014-09-25,88.55757904052734,88.56520377138527,87.90199176991939,87.90199176991939,8947800
2014-09-26,88.42794036865234,88.64901091748946,88.13826472670841,88.44318400624414,7799600
2014-09-29,89.13693237304688,89.31988519350926,88.93111117702234,89.19029385468029,6791800
2014-09-30,88.63378143310547,89.22076339197982,88.52705849803083,88.93108768477201,7277500
2014-10-01,90.35249328613281,90.37541863864956,89.28259880185654,89.32844950689001,17194900
2014-10-02,89.56536865234375,90.32957830238237,89.51951793908765,90.04682446336051,8251800
2014-10-03,89.94745635986328,90.00095079196741,89.28259782234838,89.41251203882189,8561500
2014-10-06,90.0009536743164,90.32192610767645,89.68763079923085,89.88632690931925,4485500
2014-10-07,91.21604919433594,91.26954362776443,90.31428172335865,90.4136268624527,8837700
2014-10-08,91.23896789550781,91.33831302735923,90.56646566279821,91.2848185978307,9391300
2014-10-09,90.84158325195312,91.45294733946582,90.77280136671526,91.14726238048165,10291700
2014-10-10,91.74335479736328,91.76628014998768,91.17783555716737,91.33831885599402,8774400
2014-10-13,92.30122375488281,92.59926499757223,91.74335407721529,91.82741758981547,6450700
2014-10-14,92.90494537353516,93.06542866316583,92.2247994091909,92.7062492780829,11285400
2014-10-15,93.63861083984375,97.5742918445828,93.11130429668644,95.20524301071158,37407500
2014-10-16,93.04252624511719,94.86134313969171,92.80562311590667,94.85370524100925,18096600
2014-10-17,92.52285766601562,93.01195135218097,92.07197679270494,92.61456491859286,8524300
2014-10-20,92.8591079711914,93.11893643053584,92.42350874252966,93.0654419929969,7742500
2014-10-21,92.11781311035156,92.65275742399214,92.11016938288364,92.34707246028792,9754700
2014-10-22,92.21711730957031,92.3546751906512,91.87322552209469,92.06427781079296,9260200
2014-10-23,91.39944458007812,91.84268743869151,90.98677079762308,91.73569858736485,10936300
2014-10-24,91.49114990234375,92.01845625179244,91.30009755317596,91.6516331759901,5704900
2014-10-27,91.6593017578125,91.91148649595334,91.44532400159285,91.62108894543475,3391900
2014-10-28,91.08611297607422,91.43764857234007,91.00204948235255,91.3077343840264,5141300
2014-10-29,91.29247283935547,91.56758874588944,90.49769420164137,90.91036806144231,9105100
2014-10-30,91.36888122558594,92.05667090608151,91.33067425083675,91.94968204805502,7024400
2014-10-31,91.13199615478516,91.48353187635637,90.81102951732318,91.20077222118846,6664200
2014-11-03,91.13199615478516,91.28521418219273,90.55744170251458,91.08603366889795,9726600
2014-11-04,91.4154281616211,91.85975159166222,91.22391004639671,91.48437187766072,3664800
2014-11-05,91.28520965576172,91.44608419306,91.02474194441936,91.09369151450139,4799600
2014-11-06,90.6953353881836,91.10901529692731,90.63404817696153,90.8562099341389,5901900
2014-11-07,91.73715209960938,91.73715209960938,90.91745502444758,90.94809861586182,8550500
2014-11-10,90.89448547363281,91.60693299274082,90.82553592292265,91.60693299274082,4787300
2014-11-11,90.955810546875,91.01709191843511,90.65703682891778,90.7642923796569,2416500
2014-11-12,90.87918090820312,91.5686473448691,90.74128762086994,91.31584201064666,4040800
2014-11-13,91.09369659423828,91.30053362667874,90.73364153344365,90.93281620329884,4475900
2014-11-14,91.53803253173828,91.61463863886749,90.91751546591897,91.04008406839144,5191200
2014-11-17,91.30816650390625,91.76780875120019,91.07068009781423,91.76014639108928,4726200
2014-11-18,91.5610122680664,91.60698060732221,91.28523145588767,91.40780005633697,4471200
2014-11-19,90.97880554199219,91.60698499162145,90.97880554199219,91.07073053556088,5792500
2014-11-20,91.45372772216797,91.89038878843952,91.20858476995708,91.85208867242879,5683600
2014-11-21,92.00533294677734,92.05130128457533,91.56100936431348,91.59931533836662,3640100
2014-11-24,92.0819091796875,92.13553401916387,91.58396674655086,91.67589170298511,4033900
2014-11-25,92.84798431396484,92.901609154977,92.16618025909507,92.21214858329785,6770000
2014-11-26,93.10081481933594,93.36128257802933,93.05485232737217,93.18508328438342,4339100
2014-11-28,93.83621215820312,93.97410543209966,93.56042561041004,93.56042561041004,4562200
2014-12-01,93.28874969482422,94.29457713798868,93.25803664629586,94.19476412370784,7728600
2014-12-02,92.38274383544922,92.78968151484642,92.35971051139514,92.7820017875232,5757200
2014-12-03,92.74363708496094,92.75131681412395,92.23688040270687,92.3674123668104,4868600
2014-12-04,93.51913452148438,93.51913452148438,92.61311970612978,92.71293276298704,4250500
2014-12-05,92.97393035888672,93.36551434212892,92.53627973923275,93.34248102392304,8030700
2014-12-08,94.11032104492188,94.31762683608852,93.01235426553457,93.22733978464547,6021800
2014-12-09,94.5941162109375,95.18533273233635,94.40984359423176,94.90124114406099,6639700
2014-12-10,95.28510284423828,95.51544790460738,94.50194018323609,94.57871991738638,6439200
2014-12-11,95.67665100097656,95.67665100097656,94.66314366204311,95.00865526430287,7863500
2014-12-12,96.97425079345703,97.0126377175238,95.99145063910703,96.32160864724493,9317400
2014-12-15,96.77460479736328,97.28135546992645,96.30624104328423,96.46748015991412,9387400
2014-12-16,97.9724349975586,98.06457419371556,97.0203534022762,97.78816246316289,7426400
2014-12-17,97.08938598632812,97.65756851453504,96.51352959054228,97.44258306404126,11558800
2014-12-18,95.36182403564453,96.05285293461014,95.36182403564453,95.92232688089292,12758200
2014-12-19,96.64408874511719,96.70550899263957,95.54612200655123,95.6536147621102,7894500
2014-12-22,96.77460479736328,96.88977726864613,96.22178162153783,96.32159463909484,4118800
2014-12-23,94.8551025390625,96.43678683728619,94.81670975480961,96.3216143424439,7406100
2014-12-24,95.37137603759766,95.4560142774726,94.58655566004174,94.68658000247684,4871400
2014-12-26,95.72537231445312,95.86386492273107,95.42528738555517,95.8330927011054,2921300
2014-12-29,96.44091033935547,96.68713499680416,96.03311102351421,96.11005916412638,4070700
2014-12-30,96.7025375366211,97.11033692176485,96.58712117640759,96.9333702570481,4372600
2014-12-31,96.88720703125,97.07956568841352,96.67946226445434,96.71793047369484,4993300
2015-01-02,97.96440124511719,98.2260120301933,97.06416428035641,97.1718846417644,9432000
2015-01-05,99.50325012207031,99.74177287851164,98.45681312560265,98.4952813187253,9789500
2015-01-06,101.29606628417969,101.94240030865106,100.17269827761362,100.56510571980189,18331300
2015-01-07,101.09598541259766,101.54225877376645,100.15727450473177,100.56507379774793,9762900
2015-01-08,99.75716400146484,100.31115770170584,99.5801973790825,100.30346758443254,8055300
2015-01-09,100.84976959228516,100.8805418015348,99.28780700305867,99.41091932133098,9398800
2015-01-12,101.4268569946289,101.80387236915003,100.73435893049775,100.79591509668529,6658100
2015-01-13,101.4268569946289,102.03470505719375,100.90363545235392,101.09599406895066,8260800
2015-01-14,102.19628143310547,103.19653674874881,102.10394132256584,102.88876768864887,12324500
2015-01-15,103.80441284179688,103.89674122624143,102.08856542660952,102.21937962542452,11454200
2015-01-16,102.48094940185547,103.62739891772975,102.35783710438437,103.35810397522597,9390500
2015-01-20,103.84288787841797,103.9582983600438,103.15809162594692,103.20425581859726,7758700
2015-01-21,102.64254760742188,104.32761087681634,102.30400632252883,104.02753192066648,9803900
2015-01-22,102.27323913574219,103.24272244361558,101.78080149260404,103.10422985990775,10200000
2015-01-23,103.69660949707031,103.96590431641147,103.21955249771166,103.33497462654032,7334600
2015-01-26,103.38117980957031,104.01981160585453,103.14265708554586,103.75050493900707,5966500
2015-01-27,103.54277038574219,104.74308591089948,103.21959767607554,104.43530517327284,8079600
2015-01-28,105.23555755615234,105.72799515578187,103.64282254039902,103.68129661268726,12230300
2015-01-29,104.5430908203125,105.15864093955928,104.22763151050225,104.73544949878699,8881400
2015-01-30,106.39737701416016,106.56665350410347,105.55099456444356,105.95880555613319,14871200
2015-02-02,105.99569702148438,106.33493448815145,105.36349136809203,105.39432579034666,13689900
2015-02-03,103.75212860107422,104.69272556564934,103.59792119157551,104.58478743762443,14008700
2015-02-04,103.92941284179688,104.07590276558625,102.63414404167368,102.91941822750476,11360400
2015-02-05,102.78841400146484,103.4900061076635,102.62650089118746,103.31268166450351,8334600
2015-02-06,100.96884155273438,102.04051703331412,100.68356729258203,101.80921771256459,13685600
2015-02-09,100.80695343017578,101.75526793897383,100.80695343017578,101.7475622733129,8025500
2015-02-10,100.00514221191406,100.59109051815432,99.79697156764878,100.33666234502488,8290700
2015-02-11,100.19014739990234,100.43686984496169,99.42687483479409,99.99739990133988,6506400
2015-02-12,99.85861206054688,100.64501326393177,99.80463712231378,99.96655017264119,12548300
2015-02-13,98.83320617675781,99.86632991352799,98.75610247397715,99.8509068200972,8325200
2015-02-17,97.34520721435547,98.63275921065728,97.08306753362456,98.53253261983548,14968800
2015-02-18,97.92347717285156,98.48629678358803,97.50714171552086,97.77698713725677,14009200
2015-02-19,97.27579498291016,98.26266112097993,97.27579498291016,97.74609929592562,8584800
2015-02-20,97.56109619140625,98.69444679299306,97.14476079641616,97.9543028225949,12502500
2015-02-23,98.67901611328125,98.81779455934188,98.03909883406754,98.06222759471308,7500500
2015-02-24,99.97427368164062,100.06678871870058,98.05451019421572,98.41687644186585,11958300
2015-02-25,100.40603637695312,100.52939761511065,99.51940247699311,99.81238247652345,8019800
2015-02-26,99.03363800048828,100.45997384406236,98.99508615740261,99.99737525577596,11020500
2015-02-27,99.8663558959961,99.93574218792708,98.89491251583303,99.47315514401075,9225100
2015-03-02,98.00617980957031,99.70566778584492,97.92892580191663,99.65158762302602,11324000
2015-03-03,97.65084075927734,98.39243331533382,97.62766101913024,98.02163409047871,8599000
2015-03-04,97.68168640136719,98.13746009768053,97.4576687349522,98.06021201681493,6478900
2015-03-05,97.5581283569336,98.0138963357505,97.25685659956068,97.74352500139699,6045000
2015-03-06,95.40288543701172,96.4303025408103,94.99346509026665,96.30670083193806,20022900
2015-03-09,96.28350067138672,96.46117660591962,95.88952769909358,96.31440109015992,8889100
2015-03-10,97.55043029785156,97.67403202606572,97.14873646846516,97.31095931650513,9277900
2015-03-11,98.26105499267578,98.46190471609796,97.42676747548127,97.53491596648149,6663100
2015-03-12,98.19155883789062,99.03357314857546,97.89028712180594,99.03357314857546,10295900
2015-03-13,97.89031219482422,98.5623773211584,97.71263621471692,97.92121262152348,7247200
2015-03-16,98.83277893066406,98.99499589690626,98.31520402300441,98.83277893066406,6374600
2015-03-17,99.6515884399414,99.7365631341344,99.09539258473394,99.30396897726342,6314000
2015-03-18,101.57511138916016,101.60600592352817,99.3503277208059,100.35457100373291,13981900
2015-03-19,101.0575180053711,101.67550284152581,100.63264459003584,101.35105726635302,9543800
2015-03-20,101.59050750732422,101.73728300163152,101.30468898933808,101.36648981785181,5953800
2015-03-23,101.46699523925781,101.77598783084039,101.18889719190878,101.73736081006462,5555500
2015-03-24,102.44801330566406,102.46346646541902,101.56737179654658,101.83774904937597,6713000
2015-03-25,101.58282470703125,102.55616159767564,101.55193017490436,102.52526706554875,5635800
2015-03-26,99.99919128417969,101.30470601104743,99.79061492631261,101.23518448752665,9536300
2015-03-27,101.24286651611328,101.29694664973957,100.40857319049542,100.4472001734713,7907900
2015-03-30,100.74080657958984,101.19657458272636,100.49360318224387,101.11932057422905,7010600
2015-03-31,100.95709991455078,101.1656762999129,100.35455638999919,100.60948046381814,6844300
2015-04-01,102.28313446044922,102.5540658106966,101.6406218913815,101.66384424106047,9273900
2015-04-02,101.19938659667969,102.15928715038469,101.10649718605598,102.12831613885679,6663400
2015-04-06,100.63433074951172,101.78001059222734,100.41758082824079,101.74130271800364,5923800
2015-04-07,101.47809600830078,101.57873410692113,100.5182069887838,100.81236081154704,4764900
2015-04-08,101.50904083251953,101.68708281245335,100.64977832138798,101.42388826611982,5378900
2015-04-09,100.19306945800781,101.34649781555522,99.96084586627228,101.30778994627154,6484200
2015-04-10,100.34014129638672,100.98265405785529,100.28595973490393,100.88202778310668,4843000
2015-04-13,100.47947692871094,100.6188110541985,100.16208900468155,100.2704639284988,4010600
2015-04-14,101.19165802001953,102.07414292900886,101.00586737160775,101.64838007555328,6075500
2015-04-15,101.10649871826172,101.61741410839471,100.88201203519245,101.44710897835039,4425200
2015-04-16,100.60332489013672,101.30001905518478,100.17756209506098,101.27679670381512,7085500
2015-04-17,101.7567367553711,101.95026421660685,100.40204452672072,100.45623788561657,7268800
2015-04-20,100.85880279541016,101.41616302929913,100.58012267846567,101.36198146288433,4949400
2015-04-21,100.40201568603516,100.98259790296902,100.29364081135319,100.81229284104371,4563800
2015-04-22,98.86929321289062,100.28591540115713,98.72995322870067,100.24720755322,9707600
2015-04-23,99.29509735107422,99.74408258815306,98.78418189384844,98.93126469019965,6843400
2015-04-24,99.91437530517578,100.19304354318116,99.54279403054146,99.5815018898134,4773000
2015-04-27,99.91437530517578,100.24723690855794,99.37248889932911,99.91437530517578,4334900
2015-04-28,98.53643798828125,99.65890075141566,98.51321563904212,99.21765249191553,7464300
2015-04-29,97.3288345336914,97.87845182126544,96.98048155582765,97.39075883345407,11554800
2015-04-30,97.4991455078125,97.66945064119051,96.38443119968495,96.79470852682824,12876000
2015-05-01,96.18666076660156,96.99338830901111,95.94619600848115,96.7529235508907,12378500
2015-05-04,95.27911376953125,96.59779976012669,95.19378640233948,96.41939229644495,9144700
2015-05-05,95.1472396850586,95.4342445199379,94.394810727896,95.30237711374397,13935500
2015-05-06,93.5182113647461,94.68175914085602,93.37083267075366,94.62746048136195,14355000
2015-05-07,94.77487182617188,95.07739385984263,94.13104045477546,94.19309777401861,11933700
2015-05-08,95.03089141845703,95.83761913338004,94.87574805898296,95.70574579829858,11716400
2015-05-11,92.7192611694336,94.36374448197172,92.69599115620849,94.3404744687466,13738600
2015-05-12,92.95973205566406,93.57253475655943,92.16852196275161,92.41674531720568,15861700
2015-05-13,92.21509552001953,93.64238476565028,92.0289294160203,93.58808607206242,15760000
2015-05-14,92.46330261230469,92.95199668628203,92.067700451034,92.24610787636486,9128400
2015-05-15,94.31719970703125,94.56542896614052,93.30879497340058,93.37860501394161,12630600
2015-05-18,92.73480987548828,93.41742280650877,92.67275254045555,93.33209545036705,10208300
2015-05-19,91.91252899169922,92.95972095834998,91.6332770115109,91.74187434623848,8435300
2015-05-20,92.06767272949219,92.65719943007613,91.67206476922621,92.12972412242513,7789700
2015-05-21,93.35538482666016,93.55706824827456,92.65725445808293,92.75809912794735,11760700
2015-05-22,93.39417266845703,93.66566616938307,92.92875439285318,93.58809744313484,5417900
2015-05-26,94.99208068847656,95.0618966625624,93.65787771638111,93.73544641794449,10469700
2015-05-27,95.2093505859375,95.30243665217066,94.33281232184832,94.77496077975061,6490300
2015-05-28,94.97660064697266,95.43426027985146,94.80594589636885,95.02314069964113,6237600
2015-05-29,95.18600463867188,95.8531061193738,95.0308672367883,95.58937135254922,7912000
2015-06-01,94.16297149658203,95.13468549839513,93.82093220093651,94.924797883587,13108100
2015-06-02,92.84922790527344,93.48667211986427,92.5926939585684,93.41670562036643,10076200
2015-06-03,91.35667419433594,92.19623663670578,91.1079156111381,92.0329893725015,14810900
2015-06-04,92.54605865478516,92.73262611222387,91.83864790190151,91.93193459605715,10859300
2015-06-05,91.41885375976562,92.172904787766,91.24783114341028,91.60542119084796,11200200
2015-06-08,91.31784057617188,91.85422886498378,91.24010460424067,91.6987509902469,5334000
2015-06-09,90.59481811523438,91.05346416380098,90.26054834407545,90.99904843039698,12393900
2015-06-10,89.80194854736328,90.27614561294932,89.59983623777225,90.11289831787646,12183600
2015-06-11,91.69095611572266,91.70650686532673,90.36165170648974,90.61041032229578,13849300
2015-06-12,91.69095611572266,92.56161423648044,91.38001229412002,91.4111019315817,7863100
2015-06-15,91.83865356445312,92.55383380445829,91.52770382896782,92.42168209441074,8194200
2015-06-16,92.56159210205078,92.56936747499347,91.6831647474242,92.20400204802036,7046400
2015-06-17,91.8464126586914,92.21954753043583,91.14677736058081,92.11849140493669,13626100
2015-06-18,91.39557647705078,91.52772822231853,90.75813201831131,91.24010453330925,10123300
2015-06-19,92.56939697265625,92.65490830965904,92.11074471683459,92.12629546767529,10439200
2015-06-22,90.68038177490234,91.83866358684416,90.63373545442163,91.60544977706124,9769000
2015-06-23,90.13619232177734,90.92133892973553,89.93408007091432,89.96517563201752,8945100
2015-06-24,90.91358947753906,91.0846121469318,90.29947124599028,90.57155006962711,8600400
2015-06-25,90.59481811523438,91.01459917186676,90.32273944821435,90.6336831071686,8287800
2015-06-26,89.57647705078125,90.0739940946867,89.30439241322306,89.91851631167188,11673000
2015-06-29,91.94747161865234,92.25064593536757,90.53265616369059,90.92134179341494,17132900
2015-06-30,91.31005096435547,92.27398991394682,91.20899480968716,91.26341057464295,13469000
2015-07-01,90.0775375366211,90.65405702950521,89.92950993204359,90.23335168801825,12451500
2015-07-02,90.37352752685547,90.8877245882819,90.28003553098021,90.62283357193117,6682100
2015-07-06,92.04862976074219,92.43817114276486,91.19942645708929,91.9707226731236,10605800
2015-07-07,92.91339874267578,93.87166707604442,92.6718790786819,93.22503299226445,16160100
2015-07-08,93.71583557128906,93.9339777224324,93.10035967689016,93.50547996559526,9951800
2015-07-09,91.86942291259766,92.80432564115786,91.81488736589297,92.47710641700094,11108900
2015-07-10,90.41255187988281,90.93453587485244,90.18661717819533,90.40475938839582,13636600
2015-07-13,90.13207244873047,90.73196346570309,89.89834527935324,89.89834527935324,8006700
2015-07-14,90.4281234741211,90.58393762745652,90.10870267660479,90.38916696382276,4227800
2015-07-15,91.38642883300781,91.58119956287874,90.40478269015772,90.45931825676433,8720400
2015-07-16,92.01744842529297,92.0564049337381,91.05138764392602,91.06696668094688,7306500
2015-07-17,92.49266815185547,92.62511074000412,92.21219799817166,92.2199904868649,7404900
2015-07-20,92.1031494140625,92.43815518251755,91.85384321037006,92.15768496037245,5941000
2015-07-21,92.60173034667969,92.65626587445334,91.66683388658086,91.6824129185476,5627500
2015-07-22,93.17826843261719,93.41199556676378,92.67186360458484,92.71861259777093,6228900
2015-07-23,94.3391342163086,94.42483380056554,93.06143888875249,93.17830249855106,9087700
2015-07-24,94.57280731201172,94.69746334283774,94.20663765136868,94.65850684722294,7307900
2015-07-27,95.07920837402344,95.27397895674376,94.64292417078639,95.19607191244093,8172000
2015-07-28,94.3858413696289,94.71305457681271,94.19107075431556,94.39363385854112,9128200
2015-07-29,94.03524017333984,94.4014098401836,93.817098059627,94.28454629528693,6706400
2015-07-30,94.7597885131836,95.00130809482557,94.38583229632974,94.43257533745475,6146600
2015-07-31,95.46102142333984,95.74928421996145,95.09485152988093,95.3909068193654,9178400
2015-08-03,96.4658432006836,96.62199758168886,95.50547648246858,95.50547648246858,11753700
2015-08-04,95.7007064819336,96.28629455438328,95.61481975475485,96.1613721965205,6448800
2015-08-05,94.98235321044922,95.18535867225894,94.623193366883,95.07604345674,7574400
2015-08-06,95.82560729980469,95.93491656540982,95.25563245179939,95.25563245179939,6118100
2015-08-07,97.08271789550781,97.20764624397422,96.22385634899155,96.27070745812222,8317000
2015-08-10,95.88025665283203,96.48145758055439,95.66163217675238,96.35653526541677,7461700
2015-08-11,97.4028091430664,97.69950493424524,96.94214941805905,97.05145870727806,11145700
2015-08-12,96.87188720703125,98.15237270944438,96.81723255596155,97.54336203840768,8455200
2015-08-13,96.55955505371094,97.14514304887975,96.2082046393733,96.68448335199666,7691400
2015-08-14,96.7859878540039,97.10611216631511,96.19259032198156,96.4034053464083,4324700
2015-08-17,97.22321319580078,97.67606930883316,97.12171342849712,97.37156405001349,7880300
2015-08-18,96.45806884765625,97.0436569251989,96.33314053179703,96.66107438247249,5024300
2015-08-19,97.41061401367188,97.54334586470279,96.0286229906277,96.08327763263509,10736000
2015-08-20,98.39439392089844,98.4568580685645,97.73853824113185,97.88688910261148,9078300
2015-08-21,98.69110870361328,98.95657243095924,98.0586695493948,98.50372219272734,10718300
2015-08-24,98.65983581542969,100.6586403231757,98.23821187265689,100.18236175579759,16663400
2015-08-25,97.07489013671875,97.43405011363932,96.47368303422454,97.24666359457424,15354800
2015-08-26,95.20098876953125,96.43462885972725,94.75594214925913,96.03642737098623,16429900
2015-08-27,95.25565338134766,95.93493764421027,94.98238015729127,95.11511201513159,9127000
2015-08-28,95.53675079345703,96.40342169213936,95.43525099661431,96.15357099790998,9946200
2015-08-31,94.80279541015625,96.4034050530223,94.74033125815254,96.31751833324455,8617600
2015-09-01,95.48590850830078,95.53285533652263,94.6643091652143,95.18074218517712,15298200
2015-09-02,94.66429901123047,95.44677790348126,94.57039939501792,95.0085856643295,9515200
2015-09-03,95.1259765625,95.20422327245647,94.45304411116003,94.9773036346938,7042500
2015-09-04,95.99452209472656,96.19014184092792,95.32158969020661,95.81454930149133,7951300
2015-09-08,94.57819366455078,95.11809985694826,94.49212053811212,94.97725346548845,7049500
2015-09-09,95.03204345703125,95.23548960713453,93.55315907132494,93.6079323459867,7441900
2015-09-10,94.39041137695312,94.82860354532725,94.24956496030414,94.69557761805268,6789700
2015-09-11,94.98511505126953,95.52502741317879,94.93816822670016,95.04771479725561,5890900
2015-09-14,95.1337661743164,95.5797788151304,94.89902016553474,95.42327948599629,4221700
2015-09-15,93.31060791015625,94.71907230428336,93.20888780329604,94.59387281598754,11895000
2015-09-16,92.95850372314453,93.45928978473685,92.76288398127751,93.08369725362223,6949800
2015-09-17,94.09310150146484,94.18700113235546,92.90373602605584,93.02110310236772,19843600
2015-09-18,95.54064178466797,95.61888845554768,94.78163654047438,94.84423626511347,14963300
2015-09-21,93.98351287841797,94.76599154298238,93.72529348635048,94.68774487049362,10085600
2015-09-22,95.290283203125,95.7675958283273,94.78949716518167,95.02424323227281,9968200
2015-09-23,95.282470703125,95.51721680461132,94.67213800307019,95.16510362222319,6769900
2015-09-24,95.93190002441406,96.7769785641564,95.8458268785233,96.37791270319372,9605800
2015-09-25,95.10249328613281,95.40765960221187,94.89122062432997,95.18856644911313,8383700
2015-09-28,96.73004913330078,96.8474161989396,95.61892449658188,95.61892449658188,9833400
2015-09-29,97.00386047363281,97.25425335451268,96.4404749991938,96.66739448027825,9006100
2015-09-30,96.66744995117188,96.87089614920487,96.33881022577745,96.56572983707568,9832600
2015-10-01,97.07984924316406,97.6365619920741,96.96223850780154,97.29156053128612,9069400
2015-10-02,97.66796112060547,98.96173350369077,97.37000384940927,98.47558702540942,13000400
2015-10-05,96.34282684326172,97.09556570138477,96.27225439724945,97.00931381305682,11362700
2015-10-06,96.75837707519531,96.91519538874978,95.98211625330092,96.09189026923607,5687800
2015-10-07,96.43690490722656,96.70350325530913,96.06053851047427,96.29576601288545,6712800
2015-10-08,95.6292953491211,96.73488453950644,95.39406780678,96.67215480198733,12882300
2015-10-09,95.88018035888672,96.16245811317519,95.58222316590901,95.63711017467426,9038100
2015-10-12,96.60941314697266,96.78191691275205,96.37418563364864,96.46827424608372,4241000
2015-10-13,96.77412414550781,96.91526311923771,96.28798344440214,96.86037607291159,6147200
2015-10-14,97.62094116210938,97.66014875225858,96.6800188209121,96.99365561315228,9738100
2015-10-15,97.1426010131836,97.58953985574341,97.05634913284432,97.47192311144111,6924300
2015-10-16,97.17393493652344,97.59735149185225,97.12689064667607,97.42484778609968,8048300
2015-10-19,96.90736389160156,97.20532709696178,96.37417917092725,97.06418820553745,6238400
2015-10-20,96.31147003173828,96.42124408383944,96.09192192753596,96.28794787517906,6431300
2015-10-21,97.26803588867188,97.40133204015268,96.81325444948897,96.92302845450075,6603800
2015-10-22,97.4327392578125,97.84047059909545,96.84466141146541,97.30727977911793,6934100
2015-10-23,96.6015853881836,96.80545405041033,96.32715025570751,96.5231762049386,7058200
2015-10-26,97.24454498291016,97.38568389798351,97.07988391236405,97.12693420554645,5859800
2015-10-27,97.48763275146484,97.93457170504885,97.35433653318695,97.62877168324071,7156800
2015-10-28,97.09554290771484,97.49543140637405,96.67996898818551,97.44054439779914,8468700
2015-10-29,95.55086517333984,96.61724654790487,95.42540572586833,96.585881686037,12108000
2015-10-30,96.27226257324219,96.2957847298317,95.67634201661369,95.84884580791962,11861400
2015-11-02,95.829833984375,96.01057350108158,95.61766724285081,95.69624729544223,8751000
2015-11-03,95.0440444946289,95.6648372524684,94.91831757907701,95.59411698658455,8921600
2015-11-04,95.15408325195312,95.50770266180693,94.84761669391257,95.16194305980147,5980800
2015-11-05,94.90254974365234,95.13043603227152,94.53322299513725,95.12258222579204,7268400
2015-11-06,93.5116958618164,93.92817556481424,93.30738291487013,93.89674234257066,10604700
2015-11-09,92.9852066040039,93.43311954719073,92.7258870065604,92.80446706768058,9159500
2015-11-10,93.26022338867188,93.67670303499686,93.02447725156138,93.11877690546024,6712500
2015-11-11,93.06377410888672,93.18164718230064,92.93804123183892,93.00090767036282,2857900
2015-11-12,93.5116958618164,93.85745531122177,93.27594969262654,93.31524271924957,6805700
2015-11-13,94.04602813720703,94.21890782420324,93.68455515315712,93.7631351939901,7906600
2015-11-16,93.9596176147461,94.29751729151835,93.61385813285595,94.13249735569116,5485300
2015-11-17,94.11676788330078,94.39966088515398,93.24452145540648,93.51169484867114,5122900
2015-11-18,94.31317901611328,94.44677164851676,93.79454607390052,93.96742571972857,5233900
2015-11-19,94.9419174194336,95.20123712371594,94.83190408948535,94.98906427647516,6643000
2015-11-20,94.65115356445312,95.11478625458214,94.51756682138802,95.02834636312208,5971000
2015-11-23,94.9419174194336,95.17766369519515,94.54901095668221,94.71403095160457,5436300
2015-11-24,94.93399047851562,95.24045682312055,94.7532569908115,95.00471670934047,3371500
2015-11-25,95.15408325195312,95.41340295345724,95.04406992318353,95.21694972418626,3280900
2015-11-27,95.05975341796875,95.33478663538533,95.051893613107,95.279779991902,2570600
2015-11-30,95.43687438964844,95.4997407946971,95.13040815912412,95.16184136164846,5179800
2015-12-01,96.72604370117188,96.74179063711819,95.48970195380898,95.48970195380898,12766600
2015-12-02,96.75750732421875,96.89137725755599,96.22202158288432,96.59213752280473,7345800
2015-12-03,94.12733459472656,95.59992202899559,93.7020953461999,95.56842215784701,16612200
2015-12-04,94.9542007446289,95.22981713928259,94.08009874445099,94.1273455526811,11843800
2015-12-07,95.87555694580078,96.4346662489205,95.12745438720094,95.13532485052163,9016700
2015-12-08,95.92280578613281,96.41104488176738,95.63931289292401,96.29292184159915,7257500
2015-12-09,95.82039642333984,96.19051232713896,94.89904790195796,95.56052704305728,8993900
2015-12-10,95.94645690917969,96.09607987048106,95.67084040782647,95.90708655640873,5606900
2015-12-11,97.45838165283203,97.72612157111544,96.75752597498817,96.88351946359606,12300000
2015-12-14,96.1984634399414,96.9780661777317,95.87559407912536,96.92294287320087,10661100
2015-12-15,95.63143157958984,95.75742506895062,95.15106900992923,95.300685903046,8795500
2015-12-16,95.42669677734375,96.20629923417027,94.89121086574866,95.34007361458664,10988600
2015-12-17,96.50552368164062,96.68664043054288,95.78891513184739,95.8991616767408,9923000
2015-12-18,97.04100799560547,97.26937154369996,96.71813882763392,96.92288498273817,10171700
2015-12-21,97.01737976074219,97.47411887843063,96.79688667164737,97.19850251706211,7494900
2015-12-22,96.31656646728516,96.70243555071035,96.06457339647112,96.58431248451873,5445800
2015-12-23,95.59205627441406,95.7653025811579,95.18256991955418,95.46606278368286,7287100
2015-12-24,96.1397476196289,96.17131355466589,95.80042134371462,95.8556602248827,3364600
2015-12-28,96.42383575439453,96.80261493657216,96.15552831481438,96.2660060779984,7586600
2015-12-29,94.82188415527344,96.06870524873074,94.70351342560869,96.02925235256609,7787500
2015-12-30,94.72718811035156,95.12175320277026,94.43520777455095,94.6324903207603,5508900
2015-12-31,95.15325927734375,95.37421462681459,94.89284503521809,95.14536629469643,7897700
2016-01-04,95.83982849121094,96.62895842862916,95.73724376675666,96.21861351022848,10591900
2016-01-05,95.45317077636719,95.87930172874286,95.21643537210373,95.39003892699645,6242600
2016-01-06,96.73944854736328,96.76312750581347,96.31332362461035,96.51060613427109,8916900
2016-01-07,96.91307067871094,97.00776846303094,96.10816058403904,96.81048592780314,10202200
2016-01-08,97.34709930419922,97.43390410548355,96.45538436987941,96.61320799734975,9577200
2016-01-11,96.28173065185547,96.89725094578337,96.1633599751964,96.30540358307074,10040300
2016-01-12,97.67063903808594,98.10466304224747,96.39225200871095,96.54218264785139,12897700
2016-01-13,98.63333892822266,99.03579684018905,97.27603461381284,97.48121006195416,15577600
2016-01-14,97.71009063720703,98.61759147393374,97.33130553279949,98.22302641627734,12873800
2016-01-15,99.2331314086914,99.3988480428479,98.70441557296549,98.95693701843057,13976300
2016-01-19,98.92534637451172,99.48562800354071,98.60180015489213,98.74384380877164,8926600
2016-01-20,99.96700286865234,100.94552252215685,99.76182735368714,100.20374431058026,17283300
2016-01-21,99.28836059570312,100.44838294216082,99.16998986269172,100.17218857885793,11001600
2016-01-22,98.90955352783203,99.05949015778077,98.26246715414668,98.57023339998467,10164300
2016-01-25,99.4461441040039,99.64342657256655,99.1541699037044,99.39090525362968,5738200
2016-01-26,99.49354553222656,99.79341286634767,99.23313109911327,99.4225206774747,5692600
2016-01-27,99.46986389160156,99.65925345340608,98.79121143950096,99.23312242390669,7957800
2016-01-28,99.61190032958984,99.75394399576773,99.00426674960131,99.06739860581042,10575400
2016-01-29,100.456298828125,100.89820991014,100.15642543339744,100.54310365074751,13170700
2016-02-01,100.14873504638672,100.4649870982733,99.84829891469788,100.24361247155454,9948400
2016-02-02,102.00667572021484,102.02247957053318,101.20023298568793,101.27930049331115,10400000
2016-02-03,101.16071319580078,102.73406512822382,101.13699535304146,101.42162153016297,13309000
2016-02-04,101.65091705322266,101.66672090680424,100.8128483489994,101.37419278341011,9953500
2016-02-05,101.76952362060547,101.99089824858217,100.87611111654864,101.11330166481295,9200800
2016-02-08,103.95957946777344,104.0702667981071,102.52853403872614,102.56016588397245,14452200
2016-02-09,104.07019805908203,104.41016175483931,103.54047960922377,104.39434584266267,15232100
2016-02-10,104.98735046386719,105.02688422532952,103.65910293960592,104.12556995843504,12797100
2016-02-11,105.72262573242188,106.93228387509336,105.16127534809308,106.29187804238595,21620200
2016-02-12,103.96745300292969,105.25617890443809,103.51678981135525,104.86876732206765,13888400
2016-02-16,102.86845397949219,103.37445465163204,102.63126352542497,103.35073681262607,11766000
2016-02-17,102.23595428466797,102.64708361751833,101.76158542123272,102.496862588361,13157300
2016-02-18,103.49303436279297,103.57210186157235,102.27547450403354,102.31500825342323,10196700
2016-02-19,103.58004760742188,104.22046566486065,103.35867299399055,103.52470998606985,8188700
2016-02-22,103.52470397949219,103.65910912527637,103.33494915155578,103.65120719811645,5054300
2016-02-23,103.9437026977539,104.15717530415245,102.60754152260404,102.68660902542042,8320700
2016-02-24,103.73816680908203,105.46172775924599,103.53259608232172,104.67900274029432,9091200
2016-02-25,104.10975646972656,104.80551208286178,103.82514233418269,103.9516334841987,6097200
2016-02-26,103.10567474365234,103.42192073270408,102.81313453656776,103.02660721438383,9245000
2016-02-29,103.55631256103516,103.70653360891605,103.11356340770809,103.15309716725722,8016100
2016-03-01,101.73284149169922,103.6497990288144,101.64571914509003,103.6260361912126,13729100
2016-03-02,102.15265655517578,102.16057347027423,101.55856157667309,101.64569599032922,7047700
2016-03-03,102.52495574951172,102.92894811303988,102.00216129942544,102.23980173322532,6394800
2016-03-04,101.86744689941406,102.28727287098766,101.20205766557656,101.98626100952428,8687000
2016-03-07,101.8358154296875,101.92294985770279,101.43183512901405,101.74868100167221,5493300
2016-03-08,102.96064758300781,103.7607034604668,102.93688474376614,103.25374274514981,7175400
2016-03-09,102.33488464355469,102.73094812644675,102.03387252874927,102.2477501938425,7194700
2016-03-10,101.91506958007812,102.84977370127538,101.3288912093428,102.58045340400496,10091600
2016-03-11,100.88526153564453,102.0892975581605,100.76644131660781,102.04177188792477,8927000
2016-03-14,101.20209503173828,101.70113260878962,101.12288358127007,101.24962069332994,5177000
2016-03-15,101.29714965820312,101.91501349627463,101.08327813062003,101.7882703366354,6413200
2016-03-16,101.59819030761719,101.80415103411947,100.89320390419373,101.19420994600415,9728900
2016-03-17,102.0179672241211,102.45363921909306,101.78033894221934,101.79617276975196,7805500
2016-03-18,102.23184204101562,102.58829654126266,101.94667602343979,102.21599612701392,8198600
2016-03-21,101.4476318359375,101.88329167777778,101.19414559126226,101.59020878340026,5514800
2016-03-22,101.42386627197266,102.2001589026688,101.32881496490396,102.04965294188301,4997900
2016-03-23,102.57245635986328,102.8338595336883,101.62189496890315,101.71695836013328,10628200
2016-03-24,102.61209869384766,103.48344299451054,102.18435554700122,103.43591732118266,6343300
2016-03-28,102.74675750732422,103.10321209777126,102.40613674799464,102.48535425115799,5058700
2016-03-29,103.82405090332031,103.83988473453269,102.99231546269674,103.27748155414213,9396700
2016-03-30,102.73089599609375,103.03190795815195,102.16848081754695,103.00021612693942,8478700
2016-03-31,103.45967864990234,103.61810158765141,102.81012889216723,102.9606349134422,7832300
2016-04-01,103.72953796386719,104.08674305209568,103.11040024177089,103.9676706520423,9341400
2016-04-04,103.79306030273438,103.95975684932421,103.40412188058129,103.81687236482807,5145100
2016-04-05,104.92813110351562,105.06307012938,104.60268351129092,104.78524665076256,6482800
2016-04-06,104.16610717773438,104.51536682082045,103.7771688486048,104.40423985365042,6393700
2016-04-07,105.45201873779297,105.56314570491544,104.78524482312707,104.92812927338798,5963300
2016-04-08,104.78524780273438,105.09481665651622,104.49155769097328,104.91225351503753,5584800
2016-04-11,104.65028381347656,104.92016180379906,104.0708370432127,104.23753351484042,4805500
2016-04-12,103.9280014038086,104.42014562460932,103.61049916168838,104.04707382855429,4276000
2016-04-13,104.29312896728516,104.44394675568407,103.60255500138793,103.7374940457625,5207900
2016-04-14,103.79306030273438,104.22963496100878,103.57875174389105,103.91213272513681,6967000
2016-04-15,104.68209075927734,104.90434475185862,104.18201322000239,104.2137585995422,5831100
2016-04-18,104.22960662841797,104.33280027739563,103.71366260739087,104.24548536947545,4486600
2016-04-19,103.9041519165039,104.22959947021293,103.41995329891459,104.04703635234705,5212200
2016-04-20,102.76116943359375,104.49951048302472,102.6103516361152,104.11057207051016,10920700
2016-04-21,102.14991760253906,102.4515530577527,101.83240340970153,101.9514757739886,11154200
2016-04-22,101.8879623413086,102.32453674111102,101.79271414932505,102.27691264511925,5826400
2016-04-25,101.46732330322266,102.01502493663664,101.46732330322266,101.64988647704948,5539500
2016-04-26,101.00692749023438,101.41175066346891,100.90373988198354,101.41175066346891,7840000
2016-04-27,102.01500701904297,102.25313970199811,101.30061502614323,101.53874165313269,8380100
2016-04-28,102.43572235107422,102.50715853598527,101.6340092361823,101.76896040137032,7974600
2016-04-29,102.69767761230469,102.95962242895408,101.76102534865524,101.95946729048644,7416300
2016-05-02,101.66363525390625,102.52262552816735,101.64773061119104,102.33174554295181,11035200
2016-05-03,102.94422149658203,103.41349668727368,102.8806028928733,103.03967367479058,10736700
2016-05-04,103.50890350341797,103.53276350623051,102.75330842961037,103.14302989976102,7211200
2016-05-05,104.200927734375,104.24865990374714,103.15899989177737,103.44533222638118,7870400
2016-05-06,103.75545501708984,104.08155787271284,103.62819359006853,104.07360858464313,7232500
2016-05-09,104.08161163330078,104.10547164615183,103.65211926565809,103.76347003773759,4950800
2016-05-10,104.08955383300781,104.2883953507671,103.91457232647379,104.0736552497397,4331900
2016-05-11,104.67811584472656,104.98830808771467,103.92252060014748,104.05773135875035,9256000
2016-05-12,104.200927734375,104.32818924671577,103.86687536672487,103.92255682949612,6087400
2016-05-13,105.21099090576172,105.2428123352656,104.3758543579165,104.57469581519777,8707300
2016-05-16,104.30428314208984,104.71787680628306,104.17702168598109,104.70196609018936,5137000
2016-05-17,104.47927856445312,104.85310155650026,104.35997851861768,104.35997851861768,4449100
2016-05-18,102.99192810058594,104.07362614009584,102.53061445205617,104.04180470981395,12681000
2016-05-19,103.43736267089844,103.66006420570741,103.11920895236887,103.14306896421816,6209400
2016-05-20,103.51685333251953,103.71569478120767,103.03964113745931,103.11917043514325,5348900
2016-05-23,103.74756622314453,103.9782170748328,103.33397241232186,103.68393547253145,6979700
2016-05-24,103.28622436523438,103.54869658919135,102.79310135215722,103.37371510655336,5968200
2016-05-25,102.89646911621094,103.59639490011786,102.84874911027526,103.26234272224926,6367400
2016-05-26,103.4294204711914,103.75552354218841,103.23854034091076,103.24648963423056,5419300
2016-05-27,103.27828979492188,103.6043806623872,103.15897760176055,103.45327130249994,5267600
2016-05-31,103.52487182617188,103.74757340056213,102.58633336010529,102.61815480577565,8344300
2016-06-01,103.94483184814453,104.62228732077362,103.69776357216111,104.11220734934358,9874900
2016-06-02,104.69402313232422,104.95703484954117,104.30348837137781,104.32739742191873,5835400
2016-06-03,106.18445587158203,106.18445587158203,105.68235343536733,105.88956934862483,11077200
2016-06-06,105.39539337158203,105.91343904281152,105.28381374264333,105.82576846569772,7573700
2016-06-07,105.65040588378906,105.98514470271448,105.63446246538356,105.71416739614604,4680200
2016-06-08,106.21629333496094,106.3438042123713,105.76997486085891,105.89748573826927,5313200
2016-06-09,106.90171813964844,107.22847921574446,106.74230825519176,107.05315023312224,6820300
2016-06-10,107.41979217529297,107.85814515088802,107.00534825643312,107.42775780711472,6984600
2016-06-13,107.89796447753906,107.90593010691312,107.41179353786474,107.66682745176298,7283300
2016-06-14,107.81822967529297,108.56741211199761,107.77041158976081,108.54350306923153,9012500
2016-06-15,108.23272705078125,108.57543160796693,107.84219222306997,108.00956776673735,7953200
2016-06-16,108.75875091552734,109.63544463093825,108.5355794695161,108.98191020026968,10372700
2016-06-17,108.08123016357422,108.60725337271946,107.80227514504706,108.55145750450939,8489900
2016-06-20,106.92565155029297,107.23648143777123,106.8060941097124,106.9894130863487,7365900
2016-06-21,106.43151092529297,107.26039879691416,106.36776154557177,107.02926169066058,6005800
2016-06-22,106.60682678222656,106.79014572947905,106.20036073645106,106.39961094421176,5773700
2016-06-23,105.38742065429688,106.25616083707689,105.26787538941652,105.69028487368448,9029100
2016-06-24,108.21674346923828,108.8782554447704,107.83418657587833,108.8782554447704,17155000
2016-06-27,110.9186019897461,111.2533408727711,110.30490795689988,110.33679479981693,16577100
2016-06-28,111.14981842041016,111.50048881407754,110.68755615810078,111.13387498756472,14006400
2016-06-29,110.29692840576172,111.68371402720528,110.19331442125987,111.32505397662682,12999800
2016-06-30,110.70340728759766,111.53229493763507,110.05783857938165,110.63168013363304,14698500
2016-07-01,112.240478515625,112.44009520600609,111.13859048595789,112.43210274086388,15430200
2016-07-05,113.64576721191406,114.10887936133119,113.14272929065088,113.262506606189,8840800
2016-07-06,113.82938385009766,114.18071106429198,113.35031125371343,114.01302773619666,14352800
2016-07-07,113.82145690917969,114.33247522830467,113.20663399622629,113.45415678122839,9676400
2016-07-08,114.65986633300781,114.67582690082348,113.66976286465632,114.11690243628617,10355300
2016-07-11,113.65377044677734,114.55604190145716,113.57393107059558,114.22068728076387,8099000
2016-07-12,111.78535461425781,112.4720365656623,111.49790607218996,112.12070921606417,15810600
2016-07-13,113.102783203125,113.19860747507042,112.54385904858009,112.87921354130704,8181700
2016-07-14,111.45789337158203,111.6575099205749,111.05866027359632,111.21037080021125,10817000
2016-07-15,110.4997787475586,111.07467560380945,110.33209542130545,110.89901199864214,9958600
2016-07-18,110.39600372314453,111.19447043881974,109.97281733852749,111.042771997095,5955900
2016-07-19,111.01882934570312,111.23441881416106,110.5078110311775,110.93898996809335,8073900
2016-07-20,110.4119873046875,110.59563125589773,110.1165584896576,110.3720615282584,6942500
2016-07-21,110.63554382324219,110.68344987578293,109.38195744176483,109.42187102979216,10398400
2016-07-22,110.82720184326172,111.17852920862983,110.08462133307236,110.13252739496123,5811400
2016-07-25,110.74734497070312,111.19448443839524,110.65951313357527,110.9389813927012,4243800
2016-07-26,110.92302703857422,111.40211208119447,110.55573906505228,111.40211208119447,5243400
2016-07-27,112.30432891845703,112.30432891845705,111.30624561067255,111.42602291778717,8508100
2016-07-28,112.09674835205078,112.45605595861534,111.55379680144404,111.62565588602978,7336100
2016-07-29,113.03092193603516,113.1267340224822,111.96097969193477,112.14462358550243,8766700
2016-08-01,111.80546569824219,112.38940724349771,111.67747483175634,111.81346055019223,9809300
2016-08-02,110.653564453125,111.39748842571467,109.98962561199788,110.25360217817227,10051200
2016-08-03,110.71751403808594,111.0134820931207,110.31755192874168,110.86950159257674,4930600
2016-08-04,111.54953002929688,112.11748210518633,111.40554939945459,111.55753709043427,5646000
2016-08-05,110.38957214355469,111.33347711900412,110.24559160392813,111.22949524234434,7778600
2016-08-08,110.5975570678711,110.82153495158704,109.84563829018424,110.06961617390019,5185200
2016-08-09,111.68550109863281,111.76549846415837,110.88557626691447,110.95757877824117,5503200
2016-08-10,112.11742401123047,112.39739027059825,111.56547413772427,111.90943582360231,5843500
2016-08-11,111.11749267578125,112.05340268615527,110.8215123708455,112.03740078175629,7624600
2016-08-12,112.05343627929688,112.67737647326749,111.88544674743692,112.31741285457373,7989600
2016-08-15,110.99758911132812,111.69353216450028,110.98959425541098,111.46154707814726,5108600
2016-08-16,110.7015380859375,111.30947624053435,110.57354725153466,111.1734905561855,6182700
2016-08-17,111.3655014038086,111.54148578851071,110.78955472767085,110.89354882932587,5002000
2016-08-18,111.54149627685547,111.79746582038547,111.02153792556871,111.34950996479675,3805200
2016-08-19,110.95750427246094,111.22947560320956,110.4695499645291,110.90150371301948,5516300
2016-08-22,111.89344024658203,112.10141621741116,111.48547094973404,111.70944882782047,5549700
2016-08-23,112.01342010498047,112.46137584543142,111.7254468138508,112.20540636769309,6841400
2016-08-24,111.74948120117188,112.14144870899578,111.5015064903398,112.06945841344117,6027800
2016-08-25,111.32548522949219,111.81343963655654,111.1575079287938,111.39747550122007,5855500
2016-08-26,110.6776351928711,112.54146210468522,110.56564616926325,111.77352865288275,12962500
2016-08-29,112.15742492675781,112.2694138739257,111.3575003881645,111.49348609501978,7310400
2016-08-30,111.72541046142578,112.19736280542048,111.72541046142578,112.12537255753136,5161800
2016-08-31,111.88545989990234,112.12543974253532,111.46150080046623,111.71748255417654,7349700
2016-09-01,112.00888061523438,112.27333746983503,111.04722710728791,111.08728632288285,9149100
2016-09-02,111.09529876708984,111.43187685565049,110.72665863499765,111.35975559983466,8397000
2016-09-06,111.9046859741211,112.25729507787811,110.9991227965712,111.15940855506915,8542600
2016-09-07,111.82455444335938,112.5297727224423,111.82455444335939,112.48970127875117,5421800
2016-09-08,110.42214965820312,111.60820091439805,109.99741921783902,111.27963216525936,14301500
2016-09-09,108.60297393798828,109.08379439267087,108.51482168708401,109.04373519250963,13347700
2016-09-12,108.65908813476562,108.85142369593456,108.31450067760112,108.44272438504707,9096600
2016-09-13,107.42498779296875,108.98767629421677,106.87203365527608,108.88349298477091,15645400
2016-09-14,107.5851821899414,108.11409551756945,107.42490875892413,107.42490875892413,7037700
2016-09-15,107.1204833984375,107.4250117690386,106.60760059053025,107.07240254583536,9874500
2016-09-16,107.98591613769531,108.03399696389769,107.56118586879562,107.8496830540939,7507900
2016-09-19,107.6333236694336,108.08209442048597,107.5852428358331,107.80161881512116,7105900
2016-09-20,108.00994873046875,108.65105489894465,107.92179647945228,108.30645528930458,6054800
2016-09-21,108.88351440429688,108.89954543077016,107.52918002742844,107.86577044291546,10698100
2016-09-22,109.74897766113281,110.02144389934767,109.38835914254405,109.52459226165148,12426200
2016-09-23,109.64481353759766,110.06152231843076,109.55666125163528,109.8130964838335,5928800
2016-09-26,110.34197998046875,110.45417265659597,109.80505701413955,109.84512844734597,8661300
2016-09-27,111.1513671875,111.23151005251394,110.5503323841486,111.06321492721843,9450400
2016-09-28,110.91094970703125,111.51198450434843,110.76670722515556,110.99109257124057,7958700
2016-09-29,111.19144439697266,111.4478917958735,110.14964823808671,110.23780050294826,8319800
2016-09-30,110.19779968261719,111.10336332665007,109.68491678424743,111.03124203502608,11747100
2016-10-03,109.8341064453125,110.60482116997248,109.79396288411549,110.53255785977986,7588800
2016-10-04,108.54954528808594,109.85813654410497,108.5094017464706,109.68151476106871,12048700
2016-10-05,108.04380798339844,108.44521906421798,107.6745043990031,108.39705169453467,8917700
2016-10-06,107.44166564941406,108.13209303319555,107.32123500393305,107.55406023514169,7839900
2016-10-07,107.51390075683594,107.81094092151416,106.84755715086135,107.52192456530939,9953200
2016-10-10,106.87962341308594,106.90370707654651,106.38186578470673,106.65483438739848,6089100
2016-10-11,106.63880157470703,107.21683414453085,106.43007235508198,106.66288524427584,9670400
2016-10-12,106.7431869506836,106.79135429642794,106.1651543015756,106.51036177946868,7582400
2016-10-13,107.14459228515625,107.52190722398277,107.07232902019285,107.28909431490845,7080600
2016-10-14,105.64329528808594,106.73513319423213,105.59512795032867,106.18922036620198,11415100
2016-10-17,106.31770324707031,106.5665883376403,106.04474672848586,106.05278278791461,10595900
2016-10-18,106.66291046142578,106.68699413668843,105.83600494383721,105.86008861909987,7151000
2016-10-19,106.751220703125,106.99206970437193,106.22939140883088,106.26952270063114,6941300
2016-10-20,106.86363983154297,107.37744543558621,106.6950418168934,107.28913452316822,6082300
2016-10-21,107.02418518066406,107.35334509861438,106.67094158579933,107.19278316915495,9222700
2016-10-24,106.55855560302734,107.13658839576571,106.20531197967712,107.10448090732068,6507500
2016-10-25,106.83953857421875,107.2248896513323,106.36587659921565,106.39798408477101,5134700
2016-10-26,106.11700439453125,106.61476235668776,105.96447850703068,106.34180582104501,5842500
2016-10-27,104.96092987060547,105.22586254301777,104.4150046592468,105.22586254301777,10044700
2016-10-28,104.72811126708984,105.11346233751864,104.63177656200506,104.67994391454745,7541000
2016-10-31,105.37039184570312,105.40249933698702,104.93687333786416,105.08137542377979,7047500
2016-11-01,105.37846374511719,105.85304216093924,104.46955163443621,104.69476988075309,12622400
2016-11-02,105.83690643310547,106.26321309394687,105.39450925483551,105.61168828298052,8666200
2016-11-03,105.02448272705078,105.41056911878091,104.91991280437726,105.16926052140016,6085400
2016-11-04,105.9655990600586,106.00580694078393,105.47494263522447,105.5875517028847,7622600
2016-11-07,105.06472778320312,105.37038626629497,104.919949937614,105.169297742886,5386700
2016-11-08,104.63839721679688,105.53928194204484,104.33275107692344,105.3864527353748,7576500
2016-11-09,100.19842529296875,102.45062002114533,99.91690248613091,102.32996563628998,31233500
2016-11-10,98.71837615966797,100.51208227100425,98.71033090080876,99.71577347250582,22961200
2016-11-11,98.16337585449219,98.97577522001872,97.84967824402118,98.90338015936051,10040200
2016-11-14,97.576171875,98.66205457420057,97.1096512662566,97.55204223932591,21174400
2016-11-15,98.05880737304688,98.78272112484106,97.95423741669941,98.30815517036557,11963700
2016-11-16,98.94361114501953,99.04817498103885,98.26795043080143,98.37252040355624,9149500
2016-11-17,97.48766326904297,98.21962806127972,97.31874973315715,98.0909285272344,11221600
2016-11-18,97.20622253417969,98.10710162063214,96.79600009501316,97.8336179489422,13577700
2016-11-21,97.4474868774414,97.71292516630815,97.23835312226755,97.49574615296848,6488100
2016-11-22,97.41529846191406,97.9381297089216,97.2302943701792,97.85769554862807,9989900
2016-11-23,97.03729248046875,97.25447155615115,95.91924060709844,96.51446101081876,13563500
2016-11-25,97.18206787109375,97.56011530235712,96.84424060190591,97.47968111494122,3126300
2016-11-28,97.8979721069336,97.91406263131229,97.39927017572263,97.65666947188596,8555000
2016-11-29,98.30813598632812,98.45291993578046,97.49573681791601,97.6807409176125,8363000
2016-11-30,96.71549987792969,97.33485574488152,96.10419540405239,96.49832705055559,21163500
2016-12-01,95.69432830810547,95.90387938190327,94.81580397092551,95.51701113092273,21715700
2016-12-02,96.39556121826172,96.8872113179985,96.02480979289926,96.04898829794172,12487500
2016-12-05,96.29077911376953,97.04034346504118,95.46867310313012,95.85554760504778,12100100
2016-12-06,96.21825408935547,96.66960877782002,96.00870292420113,96.18601402952496,11526600
2016-12-07,97.04036712646484,97.21768439353077,96.57289544950252,96.57289544950252,10392200
2016-12-08,95.89582061767578,96.16179022495797,95.73462039445654,96.03283619554233,12041100
2016-12-09,94.70299530029297,95.79913258889314,94.52567806990739,95.62181535850755,14646400
2016-12-12,94.88029479980469,94.9447748986518,94.20326606023139,94.5175988556602,9496300
2016-12-13,95.21881103515625,95.50090379579706,94.65462551387463,95.42836829270128,12189200
2016-12-14,94.15493774414062,96.081236702613,94.1388207890993,95.976461121938,16618400
2016-12-15,94.63043212890625,95.33969469398414,94.32415476624531,94.75132461505132,12400500
2016-12-16,94.41285705566406,95.04152287124418,94.1388257613498,94.79167008535026,14924600
2016-12-19,95.42839050292969,95.57346769204786,94.8964387597756,95.08987911137478,10868300
2016-12-20,94.95284271240234,95.02538437037894,94.60626982224221,94.80776554561062,7030600
2016-12-21,95.3719711303711,95.42838969515267,94.88838255379147,95.04151514439155,4624700
2016-12-22,95.2014389038086,95.35497855402474,94.95093203472803,94.97517383944412,5177800
2016-12-23,95.39543151855469,95.67018032439405,95.31461724364797,95.54896507729757,4461600
2016-12-27,95.0882797241211,95.11252152204369,94.73272307915826,94.88625652108765,5276600
2016-12-28,95.78328704833984,96.06611843835482,95.11256820540298,95.24186607813091,7578600
2016-12-29,96.12267303466797,96.38126258343581,95.88833145803622,96.00146400029332,8581400
2016-12-30,96.26812744140625,96.68833930009417,95.93681248096097,95.9852960934015,10613900
2017-01-03,96.68025970458984,96.96309106155125,95.50044449750708,95.68630862651669,13217300
2017-01-04,97.05197143554688,97.1651039662528,96.52670973426339,96.77722276533552,6699600
2017-01-05,98.57121276855469,98.61161373002051,97.10855986162443,97.33482497467125,13265800
2017-01-06,97.66613006591797,98.21563360650022,97.57723933396636,97.88431248463316,8369300
2017-01-09,98.44996643066406,98.58734075369124,98.1509698170814,98.49036737935795,8839100
2017-01-10,98.38531494140625,98.51461277046916,98.00551027510873,98.22369882033743,8417900
2017-01-11,98.71663665771484,99.14492493011534,98.11056695180626,98.53885522420676,9402500
2017-01-12,98.49845886230469,99.50857514907477,98.44997525342309,99.23382647839837,9977600
2017-01-13,98.0297622680664,98.38532516969444,97.47218227673027,98.04592758100975,9820000
2017-01-17,99.05603790283203,99.3469518657244,98.57925984382393,99.24189583368766,7853300
2017-01-18,97.78736877441406,98.55505491830608,97.70656068009845,98.40151522342272,9064700
2017-01-19,97.11665344238281,97.43989199677257,96.60755688077121,97.36716039353513,11795600
2017-01-20,96.92269897460938,97.22168950850367,96.39743716917816,96.84188472357246,16953200
2017-01-23,97.89241027832031,98.48232103019045,96.98734366998563,97.24593324875813,13118400
2017-01-24,97.22169494628906,97.88433115112669,96.80957183620639,97.59341709385534,8395000
2017-01-25,96.00145721435547,96.6479279579482,95.807510442543,96.38933842745897,11115100
2017-01-26,96.32472229003906,96.37321208212725,95.62168504001998,96.09038065020792,7827900
2017-01-27,96.67214965820312,96.83377193443427,96.36507658125312,96.48629174711162,7197800
2017-01-30,96.3812255859375,96.87416268737634,96.32465933652281,96.51860604759497,6569500
2017-01-31,97.05197143554688,97.29440181006558,96.36509359475794,96.42974251666433,13298500
2017-02-01,96.451904296875,96.8001356051353,96.03079038340476,96.451904296875,10975500
2017-02-02,96.4113998413086,97.29412197540418,96.37090539281864,97.12405641320005,6978600
2017-02-03,96.37090301513672,97.07546562281537,95.94168905750848,96.72723438158364,10275600
2017-02-06,96.9540023803711,97.2860334188481,96.46809983363694,96.98639670729818,8433800
2017-02-07,97.66669464111328,97.9987319792196,96.75157774151769,97.00262614348897,8418400
2017-02-08,98.9947738647461,99.0190680599736,98.32261180864097,98.3307057546603,15734200
2017-02-09,97.85287475585938,98.46834811649492,97.7152035708685,98.32258298785725,16890600
2017-02-10,97.79622650146484,97.95009181564924,97.26982955440748,97.26982955440748,7978500
2017-02-13,97.48849487304688,97.51279525256685,97.08357504792087,97.38321794280515,11536800
2017-02-14,96.7839584350586,97.42373263307843,96.23326711135716,97.37513804253089,13210500
2017-02-15,96.3385238647461,96.54908390340529,96.08747555080495,96.1765584064459,8481000
2017-02-16,96.86492156982422,97.35082412681095,96.46810186912012,96.54908459885354,10005800
2017-02-17,97.43993377685547,97.74767070589759,97.28606222304045,97.67478808267232,7886400
2017-02-21,97.26980590820312,97.67472558772154,96.8567861050908,96.92157473667392,8703800
2017-02-22,97.43179321289062,97.84481310885678,96.8487077547232,97.8286190366123,8101500
2017-02-23,97.72331237792969,97.78000088499414,97.44796996606921,97.64232967906389,5330800
2017-02-24,98.80850219726562,98.91377908993911,98.20112267632106,98.27400525311408,11336000
2017-02-27,98.22543334960938,98.71943593715193,98.17684495692815,98.64654716954506,11039800
2017-02-28,98.58985900878906,98.86520765167785,98.24972790161914,98.39549925877554,8410500
2017-03-01,96.93785858154297,97.00277200002296,96.51592755190738,96.91351759723405,10717100
2017-03-02,96.58895874023438,96.7268951145614,96.24817257172603,96.56461775541013,8201200
2017-03-03,96.84049987792969,96.84049987792969,96.19138418800772,96.74313592920817,9515200
2017-03-06,96.37797546386719,96.65385435217661,96.16700998345215,96.65385435217661,4489200
2017-03-07,96.08586883544922,96.29683431041178,95.94793249010118,96.13455698535329,7080100
2017-03-08,95.56658935546875,95.70452572302824,95.12032354445552,95.18523077064084,11336300
2017-03-09,94.80386352539062,95.32316462082352,94.7470658386144,95.2095630567875,10575400
2017-03-10,95.13656616210938,95.19336386443749,94.67406881729892,95.04731174552444,9218500
2017-03-13,94.53611755371094,95.00672436019357,94.51988610389316,94.79576503643678,6993100
2017-03-14,94.990478515625,95.21766923996542,94.69837438704931,94.74705634498427,9869200
2017-03-15,96.15082550048828,96.4185887787379,95.28262842080373,95.38810811049937,14600500
2017-03-16,95.66397857666016,95.86682840138145,95.44489729928935,95.73700154212685,8018200
2017-03-17,96.264404296875,96.35365870754815,95.76945027059112,95.8343636948052,7266800
2017-03-20,96.67821502685547,96.74312844797336,96.15080431362055,96.19137674944038,5497800
2017-03-21,97.48150634765625,97.61133320035147,96.57273695024492,96.59708412798906,12540700
2017-03-22,97.87096405029297,98.31722985185355,97.71679623658957,97.95210272416908,11661400
2017-03-23,97.7330093383789,98.1955065314761,97.4165642162852,98.04134492743252,6746500
2017-03-24,98.08197021484375,98.26047909692947,97.69250191800849,97.79798162538326,5819600
2017-03-27,98.52815246582031,98.96630854259743,98.33341849519091,98.8527132105235,6878500
2017-03-28,97.87096405029297,98.84464051777424,97.76547820281843,98.82029953465981,6811200
2017-03-29,98.4552001953125,98.48765691416119,98.08195721428174,98.13064538779786,6291000
2017-03-30,97.6600112915039,98.2523292595389,97.6275545796207,98.23610399883971,7042400
2017-03-31,97.94402313232422,98.02516183613334,97.53832342279235,97.59512113450737,5144800
2017-04-03,98.93190002441406,99.0945270744425,97.89924462198096,97.93989673179733,12996500
2017-04-04,98.39525604248047,98.86685902544099,98.3464648208314,98.68797855802191,6976700
2017-04-05,98.69612884521484,98.80996471695362,97.86675232203376,98.02937322349209,8555200
2017-04-06,98.54979705810547,98.72055712042865,97.99687714257824,98.58232248885314,6497000
2017-04-07,98.1513900756836,99.403591481725,98.13513045900973,99.07021040577955,10270000
2017-04-10,98.60668182373047,98.89127769609047,98.38714299456166,98.50097886206986,5314500
2017-04-11,99.54177856445312,99.72879819823362,98.97259916353893,99.03765001038347,11297400
2017-04-12,100.08653259277344,100.16784922642996,99.43604294863827,99.6149296169416,11532500
2017-04-13,100.3955307006836,100.61506950363218,99.9401872850339,100.3792648909311,8396700
2017-04-17,100.08653259277344,100.46057173754664,99.89951922397499,100.3873880079734,8015000
2017-04-18,101.39567565917969,101.62335360379062,100.46059618049803,100.7126604361159,11529700
2017-04-19,100.84273529052734,100.96470404215468,100.5825381820636,100.90778611854037,7344000
2017-04-20,100.45246887207031,100.76145108016128,100.12722085094875,100.43620305903973,7932900
2017-04-21,100.45246887207031,101.02164825634054,100.41181054308386,100.6801406257784,9798500
2017-04-24,99.95646667480469,100.14348630244118,99.5743007166358,99.6474844678292,8066400
2017-04-25,98.75298309326172,99.57423238424221,98.69606519409986,99.37095328672328,8122300
2017-04-26,99.2978515625,99.31411117313134,98.7367988400668,98.8099763932935,5766200
2017-04-27,99.26533508300781,99.48487396606225,98.85877654109207,98.99700495648158,4978300
2017-04-28,99.48484802246094,99.5580317667883,98.83435824718474,98.87501036862045,8166300
2017-05-01,98.6578140258789,99.52151604456193,98.35633020023205,99.1548517353407,8795900
2017-05-02,99.16300201416016,99.22818871862151,98.5437469714162,98.56819043145263,6727800
2017-05-03,99.2281723022461,99.72520996257764,99.04076832860682,99.58669290092335,8932900
2017-05-04,98.73931121826172,98.77190457390887,98.32375370444409,98.60079411917148,9707200
2017-05-05,98.82891845703125,98.97558541513315,98.50299119274418,98.90224882780946,5605400
2017-05-08,98.29114532470703,98.70670277500548,98.20966505631709,98.6822593161431,8057800
2017-05-09,98.28305053710938,98.29119421641698,97.89193635112646,98.08749033584338,5536700
2017-05-10,98.1689224243164,98.64151044060858,97.90818185043098,98.51929315327608,6517000
2017-05-11,98.1689224243164,98.2422527967159,97.70447808281595,97.77780845521545,7479800
2017-05-12,98.91040802001953,98.99188828961692,98.57633704970637,98.60078050893098,7463900
2017-05-15,98.6415023803711,98.76372587426206,98.38891171846286,98.6415023803711,5173200
2017-05-16,99.00821685791016,99.31784445901609,98.6822894682183,98.6822894682183,6722700
2017-05-17,100.45045471191406,100.66230848437537,99.72526940798198,99.92082338903528,11236400
2017-05-18,100.56449890136719,100.98820632206429,100.37709487096232,100.83338943182336,8350500
2017-05-19,100.80075073242188,100.85778752687293,100.2303827879113,100.51556676016658,11277400
2017-05-22,100.52374267578125,100.6785533199184,100.43411251607482,100.55633602626959,4062900
2017-05-23,99.84748077392578,100.72748290593469,99.79859383877469,100.63785271379221,7901300
2017-05-24,100.40966796875,100.43411142721476,99.84744355787701,100.05929722548139,7355200
2017-05-25,100.44224548339844,100.45039537428816,100.0266942962014,100.23854172697213,6464800
2017-05-26,100.61338806152344,100.825235546938,100.42597782199081,100.67042487937304,2963800
2017-05-30,101.11042785644531,101.15117110817042,100.8252437440119,101.06154092761314,4819400
2017-05-31,101.36299896240234,101.56670273595358,101.06151513959003,101.07781492273979,8000200
2017-06-01,101.37364196777344,101.40630437968817,100.9735383238247,101.00619450602133,9037300
2017-06-02,102.57396697998047,102.69644324688699,102.10853847658005,102.24734906555314,13245000
2017-06-05,101.9370346069336,102.19833385909848,101.8880441120112,101.98603133157305,6775500
2017-06-06,102.49227142333984,102.77806589052231,102.39429044461795,102.63108819272311,12841500
2017-06-07,102.00233459472656,102.49225811386442,101.8961864716566,102.26362755358112,12852400
2017-06-08,101.7328872680664,101.96968501519024,101.4960957506589,101.96968501519024,8758600
2017-06-09,101.57777404785156,101.7737422832127,101.23482807854012,101.31648099079743,5130500
2017-06-12,101.54508209228516,102.05950089658128,101.36544199975494,101.42259964467672,4335800
2017-06-13,101.5614242553711,101.67573956105974,101.24297358527886,101.25930790307262,4742600
2017-06-14,103.12918853759766,103.46396729560124,102.66376015617624,102.81889879683875,20212300
2017-06-15,102.9658432006836,103.15365041616518,102.74537981962818,102.95767604443269,5863700
2017-06-16,103.17002868652344,103.2435206691024,102.89240753609127,102.94956519822247,6672500
2017-06-19,103.02301025390625,103.27614228310796,102.9086949748018,103.14549269000831,5641300
2017-06-20,103.94575500488281,104.02740792430676,103.52931701718673,103.52931701718673,8405700
2017-06-21,104.15801239013672,104.22333719312913,103.62726549754262,103.79057127530757,5914800
2017-06-22,104.38663482666016,104.41113629815777,103.95386894260294,104.28048670236622,6608100
2017-06-23,104.33765411376953,104.43564131978918,104.02737063928157,104.08452828536399,4329900
2017-06-26,104.72960662841797,104.98274495529151,104.64795995538542,104.73778001732524,5541600
2017-06-27,103.61090087890625,104.10082429862948,103.3904375204308,104.05183382557144,8354200
2017-06-28,103.26798248291016,103.46395065680491,102.86787897754124,103.43128825620313,7357900
2017-06-29,102.40249633789062,102.65562226829232,101.98605833165017,102.07587841593181,9115800
2017-06-30,102.1656494140625,102.38611282337337,101.94517977503592,102.22280705571463,10189800
2017-07-03,101.83673858642578,102.31131270890089,101.47671597729443,102.27858281328992,11021100
2017-07-05,101.86129760742188,101.99221720677986,101.5585569584392,101.6240105155281,11394500
2017-07-06,101.0185317993164,101.16581324016467,100.58487151309392,101.06762353206895,10853100
2017-07-07,100.41299438476562,100.66664320159039,100.30662069312618,100.51117780155583,9401800
2017-07-10,100.56031799316406,100.72396125161156,100.38030666331773,100.53577212865596,3859200
2017-07-11,100.7321548461914,100.91216619311975,100.40486205564812,100.5275976324257,4425600
2017-07-12,101.42764282226562,101.49310262547047,101.04307428167522,101.370367055109,7839900
2017-07-13,100.7894058227539,101.17397428884642,100.4866589735219,101.13306035912156,7449300
2017-07-14,100.9121322631836,101.59126348276155,100.7403050105052,101.5421655230044,6566800
2017-07-17,101.1903305053711,101.45216341036269,100.86303781348438,100.91213577495016,4737300
2017-07-18,102.07402801513672,102.09038984202705,101.64855184750436,101.8121950867654,9163000
2017-07-19,102.11495208740234,102.28677937846763,101.943118553747,102.09858401629705,5140900
2017-07-20,102.40949249267578,102.87588253550062,102.2540270642046,102.67950318082482,12239100
2017-07-21,102.84317779541016,103.12137258535596,102.744988094058,102.87590769586087,6201500
2017-07-24,102.44219970703125,102.81859028847862,102.40947606242405,102.64675682005854,5378500
2017-07-25,101.10852813720703,101.61583221831695,101.02670650930932,101.57491828307306,9743300
2017-07-26,101.27218627929688,101.53401927261119,100.70761259400128,100.86307183708132,8459500
2017-07-27,100.77304077148438,100.9530458257813,100.49483979195458,100.73212684306884,6390800
2017-07-28,101.37035369873047,101.45217532066064,100.85487186223978,100.86304965462007,5491800
2017-07-31,101.49307250976562,101.50125654338542,100.96940672469336,101.01849844123495,5464600
2017-08-01,102.20571899414062,102.26311926029847,100.99211157932906,101.00850897416282,9676800
2017-08-02,102.26309967041016,102.64030224092626,102.23850045479193,102.31229810164659,5745600
2017-08-03,103.32086181640625,103.337259200494,102.71405850666841,102.73865771087789,10324500
2017-08-04,102.44352722167969,102.64852907666135,102.04172533764047,102.62392985504917,8485500
2017-08-07,102.55825805664062,102.58285726153404,102.18105565057779,102.36965372553128,4684600
2017-08-08,102.18927764892578,102.48448067824852,101.80387334641237,102.39427940505783,6197400
2017-08-09,102.74688720703125,103.27988679155442,102.66488149603626,103.26348940304985,9221800
2017-08-10,103.6242446899414,103.68164490634587,102.9272340185459,103.00923969011316,10378200
2017-08-11,103.6734848022461,103.69808401115232,102.95188089765044,103.13227718168169,5717800
2017-08-14,103.14048767089844,103.55049120354226,103.0994910713285,103.31268840386996,5111000
2017-08-15,102.70590209960938,102.94370493904209,102.26309745957863,102.2795011070752,7473200
2017-08-16,103.08309173583984,103.33729193473518,102.34508409499793,102.36148774043757,5283800
2017-08-17,103.8539047241211,103.8785039371444,102.91909709228769,103.07489419348795,9364700
2017-08-18,103.82925415039062,104.26385671524089,103.5340512278216,104.12445707295964,8382500
2017-08-21,104.08353424072266,104.15733190001406,103.73093082640233,103.95233006043618,7669800
2017-08-22,103.68169403076172,103.98509263715519,103.54228807673941,103.96869524876527,6140700
2017-08-23,104.38690185546875,104.39509742168372,103.94409728972104,104.17369826688858,7446400
2017-08-24,104.0014877319336,104.39508758250784,103.91128646281099,104.04248432761679,5569400
2017-08-25,104.40327453613281,104.50987317711672,104.0342739467489,104.15726997243958,7303300
2017-08-28,104.33768463134766,104.46068692751345,103.9194855830033,104.07528265240042,4448500
2017-08-29,104.67390441894531,105.38731282671165,104.39509876012632,105.33811440416139,7659400
2017-08-30,104.64112091064453,104.74771959607591,104.41971545977204,104.51811857751076,4735200
2017-08-31,104.95267486572266,104.9854758904257,104.60827349057432,104.6656737197657,7978400
2017-09-01,104.14991760253906,104.63471499880816,103.88697526053686,104.61006513378295,14128600
2017-09-05,105.80154418945312,105.83441904200123,104.92233622407136,104.92233622407136,15215700
2017-09-06,105.15233612060547,105.99868117656625,104.96334346555784,105.7686075227948,9066400
2017-09-07,106.2287826538086,106.46708134639171,105.4481745141931,105.4481745141931,13618900
2017-09-08,105.99873352050781,106.13020782703677,105.64541042705116,106.08912053898648,9808500
2017-09-11,104.73329162597656,105.21809515657448,104.56895505877894,105.07018973848133,17856700
2017-09-12,104.18278503417969,104.42928995076325,103.96914242457537,104.396427643784,7557400
2017-09-13,103.77191162109375,104.28957746026775,103.76369291185782,104.28136502007014,6740000
2017-09-14,104.19916534423828,104.21560275874722,103.804755162539,103.83762372252008,6674500
2017-09-15,104.24031829833984,104.36357390867899,103.97737592183533,104.35535519624551,9769200
2017-09-18,103.64044952392578,104.00199754431736,103.40215708039852,103.94447911098588,6863000
2017-09-19,103.3857192993164,103.78834830681771,103.31176971936334,103.76369844683336,5554900
2017-09-20,103.45965576171875,103.57469259944888,102.98307099452965,103.50895547244953,8037000
2017-09-21,103.40215301513672,103.99377474559455,103.38572186441903,103.66510157893026,6147800
2017-09-22,103.69795989990234,104.13346374018938,103.5829230421778,103.944471034477,5660700
2017-09-25,104.34709167480469,104.57716537181717,103.69795159021201,103.79655728994797,9679000
2017-09-26,104.15811157226562,104.26492971834806,103.88695058331972,104.16632401262997,7251900
2017-09-27,102.58865356445312,102.95842019866868,102.39144845429396,102.60509098057156,12145700
2017-09-28,102.28463745117188,102.42432415272245,101.86557107748229,102.06277620137945,8883700
2017-09-29,102.51473236083984,102.73658738751782,102.11209705203146,102.51473236083984,11285500
2017-10-02,102.32698822021484,102.91980731542795,102.29405312806672,102.76336719815602,7860700
2017-10-03,102.42581176757812,102.51638171670987,102.030596873028,102.030596873028,6219800
2017-10-04,102.4340591430664,102.58225767898456,101.99767375430338,102.53285816701184,7447000
2017-10-05,102.04705810546875,102.34346767847903,101.84121847319645,102.31876164595562,8180300
2017-10-06,101.7588882446289,102.17880289729474,101.29780943023674,101.51188442908783,10375000
2017-10-09,102.07999420166016,102.14585811052073,101.80004903252599,101.9153187251909,3590900
2017-10-10,102.24465942382812,102.81277880255107,102.11291904777131,102.21172432981392,6666800
2017-10-11,102.44226837158203,102.63987894466676,102.3105342712527,102.5657734093282,4385900
2017-10-12,102.878662109375,102.90336814583979,102.29407821426946,102.54932367058116,7141600
2017-10-13,103.61968994140625,103.69379549004876,103.05980578060615,103.39738585893528,7746900
2017-10-16,103.54559326171875,103.6608629787288,103.23271293120996,103.35621799421456,5737300
2017-10-17,103.67732238769531,103.81729185420859,103.24094329696086,103.24094329696086,4969600
2017-10-18,102.99391174316406,103.06801727465727,102.65633802468368,102.9609829310858,5943800
2017-10-19,103.17508697509766,103.75144189160673,103.14215187000609,103.52913150267085,8966500
2017-10-20,102.07999420166016,102.32699799377335,101.80004903252599,102.09645860844351,12326900
2017-10-23,102.2611083984375,102.49988308271342,102.11290363860161,102.22817959111923,6871100
2017-10-24,101.62715148925781,101.84122648254059,101.3966120880583,101.57775198378008,6842800
2017-10-25,101.14136505126953,101.25664103177196,100.79555595494462,100.88612590137173,9961400
2017-10-26,100.80379486083984,101.32250852365239,100.80379486083984,101.32250852365239,8179400
2017-10-27,101.47069549560547,101.54480102397365,101.06725160652802,101.22369172507352,10480900
2017-10-30,102.44226837158203,102.47520346709615,101.73417952234631,101.98118959783865,9051600
2017-10-31,102.4751968383789,102.63987230529732,102.42579733916676,102.53283168136866,4424300
2017-11-01,102.9314956665039,103.25328500907334,102.56020220816377,102.60145353962936,8940400
2017-11-02,103.3852767944336,103.56679393550696,103.07173402479313,103.13774369156252,7222700
2017-11-03,103.66584014892578,103.71534426663288,103.25328904795265,103.52557428540217,10984100
2017-11-06,104.05361938476562,104.14438111330591,103.73183009086058,103.90510076488414,6246700
2017-11-07,104.4909439086914,104.60645771508362,104.07014001681674,104.15265527426573,6422700
2017-11-08,104.2599105834961,104.62295755228328,104.1361439991341,104.44968055715852,3356200
2017-11-09,103.96288299560547,104.16090577203616,103.59158950291909,103.85562196983687,6280400
2017-11-10,102.3951644897461,103.00573825215062,102.2796507048325,102.89847725045348,11981000
2017-11-13,102.60969543457031,102.98098885350726,102.56843781245318,102.97274236510728,5880800
2017-11-14,103.30276489257812,103.33576972702647,102.94797079104413,102.94797079104413,6195900
2017-11-15,104.42491912841797,104.51568086246999,103.66582671182773,104.01236808091944,9568200
2017-11-16,103.5173110961914,104.23515220594493,103.50905831239297,103.97111977966138,5894900
2017-11-17,104.2846450805664,104.32590270008289,103.92985095582283,104.02061268273599,6938800
2017-11-20,104.24337005615234,104.27637488724915,103.8885822856745,103.8885822856745,4232300
2017-11-21,104.57344818115234,105.02725689664794,104.21865399313671,104.86223268418135,5818400
2017-11-22,104.9117660522461,104.95301739311685,104.3837010468618,104.47446280982142,4140700
2017-11-24,104.62294006347656,104.81271000541696,104.53217833645152,104.73020106131118,3141400
2017-11-27,104.47438049316406,104.82917447926926,104.30935637461138,104.67240314040083,6079900
2017-11-28,104.61471557617188,104.93650495174049,104.35068310660196,104.59821000586903,5983000
2017-11-29,103.58332824707031,103.698842048461,103.22028127411096,103.59982752082753,14547100
2017-11-30,103.23676300048828,103.56679875965172,102.6756933968704,103.39352809758233,9630000
2017-12-01,104.6299057006836,105.57244245106968,103.43106067053658,104.0676902436213,24583100
2017-12-04,104.6795425415039,104.72914776192033,104.01811016581392,104.10905727516847,9609200
2017-12-05,105.20037841796875,105.41534480888468,104.5472159167166,104.563755189494,10958900
2017-12-06,105.5641860961914,106.01891525486651,105.54765312826443,105.72127767698244,11834200
2017-12-07,104.73741149902344,105.91145421510672,104.42323460761313,105.77089558537001,13056800
2017-12-08,104.74564361572266,104.78697917963746,104.37358569318549,104.66295987212506,4786100
2017-12-11,104.53069305419922,105.07636925878815,104.51416008770833,104.88621175866055,3863800
2017-12-12,104.48934936523438,104.51415827636819,103.90233129276442,104.31572483460677,7502400
2017-12-13,105.27481842041016,105.32442363517333,104.66299133486343,104.84488553284295,8532900
2017-12-14,105.72126770019531,105.81221478492486,104.8283361271514,105.043302537229,6885000
2017-12-15,106.11814880371094,106.31656967002787,105.46497981002496,105.67167662295329,7239400
2017-12-18,105.15080261230469,105.82876790437666,104.9275728304763,105.80396529616085,7239700
2017-12-19,103.78661346435547,104.48938143963444,103.40629204606199,104.43977621790953,11045800
2017-12-20,102.63733673095703,103.10860506430531,102.48024518387955,102.77788900577153,10005800
2017-12-21,103.23551940917969,103.45094040364161,102.73839938607254,102.76325443904429,7026900
2017-12-22,103.37641143798828,103.43440869251562,103.17756461121267,103.31841418346096,3974300
2017-12-26,103.68296813964844,104.00609659169113,103.54211857259935,103.55040570043353,3168400
2017-12-27,105.03348541259766,105.20748350127492,104.1469523186966,104.15523944702095,9059700
2017-12-28,104.9423599243164,105.08320950994823,104.70208375523593,104.83464621194022,5297100
2017-12-29,105.1080551147461,105.32347619888121,104.79321377733837,104.80978171247492,7580500
2018-01-02,103.97293853759766,104.81804845339985,103.62495507637344,104.80147420026034,16238200
2018-01-03,104.47004699707031,104.56118641547698,103.97292691926788,104.39548182995108,8605100
2018-01-04,104.45350646972656,104.52807797763391,103.87353394700905,104.10552295609605,9217900
2018-01-05,104.15524291992188,104.54465578820214,103.86525663116859,104.28781169262452,10915400
2018-01-08,104.08893585205078,104.42035139036322,103.70781019542045,104.38720920440942,8850600
2018-01-09,102.69702911376953,103.42614479989732,102.58103458574514,103.40957054090659,16226400
2018-01-10,102.57272338867188,102.68043075529087,101.6281931853182,101.75246848479172,14302600
2018-01-11,102.99529266357422,103.22728169732456,102.16675678805039,102.3324677558914,12511000
2018-01-12,103.16926574707031,103.39297393281831,102.66386477009632,102.82128225949113,9987100
2018-01-16,103.60009765625,103.79894444081306,103.20239776589857,103.70780501429972,9125900
2018-01-17,103.45927429199219,104.09724411778448,103.23556607168216,103.63326606266281,8327000
2018-01-18,102.4981689453125,102.96214699716352,102.35731936831871,102.68044784317594,10843900
2018-01-19,101.95958709716797,102.37385488978929,101.89330905447946,102.2412924831874,11374300
2018-01-22,102.05902862548828,102.49815153873494,101.90160481839011,102.28273048500469,8984700
2018-01-23,102.4981689453125,102.90414974068214,102.1087560855546,102.58102126582492,12325700
2018-01-24,101.94306945800781,102.01763466327671,101.52880146101717,101.7856455963584,9038900
2018-01-25,102.77987670898438,102.86272903134154,101.7442068764522,102.04248029391962,12173300
2018-01-26,102.39874267578125,102.66388021618098,101.99276187919119,102.63901883084834,6462900
2018-01-29,101.68619537353516,101.88504218358148,101.3299247482047,101.88504218358148,12223000
2018-01-30,101.08966064453125,101.38793405568676,100.83281023306427,101.31336254228445,12064400
2018-01-31,101.68619537353516,101.85189999503606,101.03165137252216,101.80218987283102,18045100
2018-02-01,100.21244049072266,101.73181873620116,100.1543225087069,101.69030951155274,18632800
2018-02-02,99.28260040283203,99.84717807082666,99.00030840164071,99.75584886465194,23944400
2018-02-05,100.22077941894531,101.1423694046025,98.50213983327947,98.94217703943545,28606200
2018-02-06,99.59809875488281,100.35363922918918,99.39883790860816,99.98001801623761,10935400
2018-02-07,98.65159606933594,99.90529175347868,98.43572647005593,99.739235779268,16271100
2018-02-08,98.54366302490234,98.95048907071074,97.84624061198603,97.97908538945109,15155100
2018-02-09,97.92098236083984,98.8757774237674,97.79644194651362,98.06212520769486,15661600
2018-02-12,98.35272216796875,99.05014473637073,98.12855447400432,98.43574700520043,10944600
2018-02-13,98.7927474975586,98.80935626361948,98.29459220033243,98.47725062067262,8157600
2018-02-14,97.6967544555664,98.41908339268815,97.53070488432203,98.35266103043637,12043300
2018-02-15,98.02890014648438,98.63499336549349,97.96247775698436,98.12853373073439,8222400
2018-02-16,98.56028747558594,98.97541799633277,98.25308860985322,98.83427513953222,8454100
2018-02-20,98.1285171508789,98.39420032960125,97.788107212998,98.20323757565083,8268800
2018-02-21,96.92462921142578,98.211535788583,96.73367280385457,98.17002022117036,12054300
2018-02-22,97.21522521972656,97.6884799138416,97.14050479500521,97.33976559531543,9317900
2018-02-23,98.07870483398438,98.22815202954716,97.73830120399462,97.87113963650202,9072900
2018-02-26,98.1119155883789,98.72631313094678,98.00398396654855,98.53535036298388,8771600
2018-02-27,97.97081756591797,98.51879297586166,97.35642607684565,98.40255058500905,12525700
2018-02-28,98.59347534179688,98.65989772964858,98.1783449193051,98.3610033187035,9311600
2018-03-01,99.26648712158203,99.51607016843016,98.2931246637633,98.52606545566925,12287700
2018-03-02,98.45956420898438,98.94208831766481,98.26822260023584,98.87553195498529,10064300
2018-03-05,98.19331359863281,98.83390727634203,97.86053823917523,98.79230797622407,5658200
2018-03-06,98.2848129272461,98.73405864620109,98.26817701787493,98.46783966613455,5452000
2018-03-07,98.17667388916016,98.73406894507198,98.13507459065136,98.64255556608207,4461800
2018-03-08,98.74238586425781,98.99196260318432,98.38465349268442,98.42624644225806,7086700
2018-03-09,98.09347534179688,98.39296615261836,97.82725000389085,98.16002532911199,6570400
2018-03-12,98.65921020507812,98.71745177291083,98.32644114248738,98.42626932239939,5801300
2018-03-13,99.1583480834961,99.30809665762277,98.32641297105039,98.42624112236071,7455300
2018-03-14,100.03189849853516,100.16501119291206,99.30811885113927,99.3330758945443,10175000
2018-03-15,100.03189849853516,100.2398823231271,99.77400058713319,99.97366328153592,6757900
2018-03-16,99.6741714477539,99.84056232470846,99.45787282845741,99.6658566642784,6084300
2018-03-19,99.35803985595703,99.80728571001481,99.1666919312579,99.17501306202648,8491200
2018-03-20,98.95864868164062,99.18327464739521,98.85882056100236,98.92537687286737,5446000
2018-03-21,99.06683349609375,99.3496883842124,98.25985543139117,98.71742227647854,9742400
2018-03-22,100.04853057861328,100.51441226720205,99.557685501997,100.09012353100186,12136600
2018-03-23,99.9736557006836,100.09012612585029,99.51609512957502,99.56600921260014,7250400
2018-03-26,99.59097290039062,100.20660323837947,99.55769472709899,99.83223489638306,8237900
2018-03-27,100.65585327148438,100.76400892600124,99.67416933334746,99.69081159427137,9168500
2018-03-28,100.92205810546875,101.19659824757473,100.62256092265531,101.03852852687821,7412500
2018-03-29,101.41291046142578,101.7373647082457,101.08845621460584,101.11341325710548,9694300
2018-04-02,101.61298370361328,102.01316892173696,101.01271541752014,101.17111663323871,12036500
2018-04-03,100.82929992675781,101.27950592289884,100.73759094454047,101.1794580257358,9855000
2018-04-04,100.62089538574219,101.2628520524261,100.54585785493347,101.17114304850983,6654300
2018-04-05,99.87054443359375,100.27072336563107,99.85386660100002,100.12899359223158,7603700
2018-04-06,100.96270751953125,101.00439574045048,100.22904190075079,100.59587789050575,8831200
2018-04-09,101.12942504882812,101.12942504882812,100.33739360354313,100.5791712219526,6307500
2018-04-10,100.94602966308594,101.19613989059427,100.69591307484855,101.04607120979765,6046000
2018-04-11,101.30451202392578,101.62132081045498,101.10441623805963,101.58797151281061,5901300
2018-04-12,100.5625228881836,100.9376914122823,100.38744381955559,100.91268102543961,6622800
2018-04-13,100.79595947265625,100.98771000813453,100.46247281357742,100.47914428420331,4964000
2018-04-16,100.82929992675781,100.85431031086647,100.19567596618211,100.23736418018214,4491300
2018-04-17,101.10442352294922,101.36287900813349,100.72925502869236,100.81262509844628,5590400
2018-04-18,100.29571533203125,101.16277159077734,100.27903750355851,101.12108974105124,8138400
2018-04-19,99.4786605834961,99.6537395954013,99.0534650627394,99.5620306328709,9875800
2018-04-20,98.76170349121094,99.3202900268553,98.73669310315663,99.12020056169139,7579400
2018-04-23,98.7867431640625,98.89513002540112,98.44492382477404,98.65335226798668,7073200
2018-04-24,98.33649444580078,98.75335115199024,98.17809322274421,98.5532617140233,8190800
2018-04-25,97.67787170410156,98.08638951714806,97.4944537257908,97.88630006841309,6603800
2018-04-26,98.36154174804688,98.48659371016934,98.03638756433688,98.15311333020206,6528600
2018-04-27,99.12020111083984,99.1702218872256,98.7450325664878,98.77004295468068,5401800
2018-04-30,99.29528045654297,99.6787879182361,99.16188959891163,99.2786089846126,8321100
2018-05-01,98.93769836425781,99.29697954270185,98.78729877513378,99.2384911677511,7979200
2018-05-02,98.82903289794922,99.32201161028034,98.81232467241782,99.1298319555321,4644000
2018-05-03,99.2718734741211,99.68964923169217,99.16325407206338,99.29693899961501,6345300
2018-05-04,99.42227172851562,99.62280867940298,99.00449597629508,99.62280867940298,4283500
2018-05-07,99.26354217529297,99.44735819017674,99.21340473963973,99.40558443101138,3647800
2018-05-08,99.17161560058594,99.43063454140328,98.84575100576657,99.0546388934586,6091200
2018-05-09,98.57839965820312,98.94603809854802,98.57839965820312,98.69537639487024,7832500
2018-05-10,99.37211608886719,99.41389620365173,98.88749480626879,99.05460889065644,7101500
2018-05-11,99.622802734375,99.73142212855969,99.28022357811669,99.69799930540631,4273400
2018-05-14,99.09637451171875,99.42223898113842,99.08801721449646,99.26348858241472,4996200
2018-05-15,97.96839904785156,98.24413253246809,97.50884324015735,98.22741793505132,12901000
2018-05-16,97.5924072265625,98.20235618593088,97.5840499275331,98.11044502086145,6518000
2018-05-17,97.0994644165039,97.60915147463582,96.99919591539881,97.45039460824118,7330300
2018-05-18,97.93497467041016,98.00182030951198,97.35009126514662,97.35009126514662,9606500
2018-05-21,97.9851303100586,98.07704149320878,97.71775406128145,97.86815359964064,4448500
2018-05-22,97.83470916748047,98.0519543137492,97.63417861886767,98.00182327028381,4700700
2018-05-23,98.54497528076172,98.68701754809857,98.31102181108834,98.38621840858882,9634000
2018-05-24,99.33036041259766,99.48075993817449,99.12982983674593,99.17160996180974,8204100
2018-05-25,99.94866943359375,100.13248540274896,99.8233354377706,99.89853201041339,8482800
2018-05-29,102.13780975341797,102.37176314470389,100.6254636349255,100.92626267365078,21668100
2018-05-30,101.45263671875,101.50277413128516,100.88446158310515,101.10170670475625,11616300
2018-05-31,101.28556060791016,101.92058157521043,101.05995811799642,101.56964507698379,10769900
2018-06-01,100.75037384033203,101.09374252296872,100.3734982935604,100.6414957005801,8718800
2018-06-04,100.02178955078125,100.61640881584788,99.97154201528858,100.59128504810154,7156500
2018-06-05,100.25627136230469,100.6331469900289,100.18090007049798,100.46564458118584,5635900
2018-06-06,99.44390106201172,99.74539900476171,99.1759036006299,99.72865195885937,7813300
2018-06-07,100.40704345703125,100.90953802014684,99.39367761103806,99.40205433080008,13238300
2018-06-08,100.10550689697266,100.37350432008317,100.03013561683028,100.1306306570201,6790600
2018-06-11,99.9212875366211,99.98828850994981,99.6114192167137,99.72029100619947,6844200
2018-06-12,99.94638061523438,100.04688204436802,99.56951143771767,99.60301191409555,6048200
2018-06-13,99.89615631103516,100.19765427894082,99.3517846251186,100.03852857655615,8834700
2018-06-14,100.7252426147461,100.75037276257846,100.06362901508913,100.31487298735375,10078800
2018-06-15,100.8173828125,101.4120019446563,100.75038824333936,101.19425841314876,7992800
2018-06-18,100.7252426147461,100.96811626062869,100.53262287496611,100.90112170176207,4893700
2018-06-19,101.31153106689453,101.52928103991565,101.08540437464367,101.31153106689453,6133300
2018-06-20,100.42376708984375,101.16075847102968,100.41539037256801,101.14400503647822,6879100
2018-06-21,100.95136260986328,101.12723529580424,100.68336522325397,100.80061368054794,7235800
2018-06-22,100.94302368164062,101.01840136929616,100.54940097499222,100.5745247410227,4082500
2018-06-25,101.16915130615234,101.42877207699348,101.03514936664456,101.0519028038651,8363700
2018-06-26,101.31153106689453,101.36177860314379,101.05191027685393,101.14402863012268,5450000
2018-06-27,102.26628112792969,102.32490538830133,101.79728704495653,101.96478310614262,8173400
2018-06-28,102.29138946533203,102.38351420195495,102.03176869279334,102.28301274666698,7109500
2018-06-29,101.93960571289062,102.59284895328369,101.88098148335693,102.31647484709838,11164700
2018-07-02,101.85990142822266,102.1956584657957,101.8095401139982,102.18726277874734,9662000
2018-07-03,102.40550231933594,102.43068297558892,102.0109882939523,102.0109882939523,3808800
2018-07-05,102.69925689697266,102.8503471937714,102.41386767192542,102.45583328523963,3860400
2018-07-06,103.03504943847656,103.17774410032365,102.80841711695665,103.03504943847656,4679900
2018-07-09,102.37191772460938,102.58176504851289,102.3215564161628,102.4642510594495,5952700
2018-07-10,102.363525390625,102.51461572494458,102.24601139771336,102.29637911184143,5759700
2018-07-11,102.75804138183594,102.8671660945275,102.48104136289459,102.78322203737017,6869100
2018-07-12,102.7496109008789,102.7999721917545,102.52297228387899,102.54815292931677,4824700
2018-07-13,103.0098876953125,103.13579740995733,102.8000403055825,102.91755433150857,4079000
2018-07-16,102.58179473876953,102.64894743882236,102.10334295795245,102.58179473876953,5517100
2018-07-17,102.38871002197266,102.73285630618747,102.32155734074902,102.64891865667401,3764300
2018-07-18,101.9773941040039,102.43906073462155,101.89345646317292,102.42226936403645,6330000
2018-07-19,102.62377166748047,102.78325133266296,102.21246616308298,102.23765322982847,6166700
2018-07-20,101.36463165283203,102.06131975350263,101.314263951026,102.05293047322725,10469500
2018-07-23,100.11397552490234,101.04569831407896,100.03843354936363,101.04569831407896,11571800
2018-07-24,100.45809936523438,100.57561334050604,100.00482843031597,100.12234240558763,9053500
2018-07-25,100.29866790771484,100.94500152719596,100.1056118736614,100.74354339944259,7357900
2018-07-26,100.1055679321289,100.62598519029987,100.021630284427,100.48329054880345,6821100
2018-07-27,100.27342224121094,100.61757485000231,100.22306094393636,100.600783481557,4542000
2018-07-30,99.92927551269531,100.23145610282027,99.8621228473274,99.87890781165405,7111200
2018-07-31,100.47490692138672,100.60921229705411,100.35739291969414,100.55045529620783,6797400
2018-08-01,99.65634155273438,99.97602023219069,99.32824841850729,99.51332791337352,13312600
2018-08-02,99.79936981201172,99.89190957300127,99.52175694739242,99.79096177435765,4451100
2018-08-03,100.29571533203125,100.35460368460241,99.95079325386513,99.96762216508493,6162400
2018-08-06,100.35458374023438,100.81727601323877,100.33775483235914,100.56490016024031,4200200
2018-08-07,99.83299255371094,100.19473703780196,99.74886727287878,100.1358486993847,5346900
2018-08-08,99.93397521972656,100.13587723492888,99.78254710373747,99.82461296531474,5640900
2018-08-09,100.77523803710938,100.80888944167705,100.21159145188642,100.30413120986023,7144100
2018-08-10,101.50712585449219,101.83521897505166,101.1874407700048,101.26315802309061,8457900
2018-08-13,101.29681396484375,101.54077538883708,101.12855696063473,101.16220836147653,7923200
2018-08-14,101.06968688964844,101.42301703485556,100.9771471251871,101.40619454056696,4251200
2018-08-15,101.6585464477539,101.90251427657272,101.4314075275974,101.50712477988162,7649800
2018-08-16,101.65015411376953,101.73427941503175,101.18745532930377,101.63332520250765,5400400
2018-08-17,101.7763442993164,102.1212599566902,101.58285033175379,101.86887763697356,3537600
2018-08-20,102.45777130126953,102.55872551649574,102.2474548333102,102.33158013682409,5603700
2018-08-21,102.11284637451172,102.23903753544936,101.85205601536327,102.10443833723853,4695000
2018-08-22,102.51663208007812,102.67647460660365,102.28107872625998,102.6344087569872,5309600
2018-08-23,102.67649841308594,102.74379480238903,102.44935304184735,102.63443255371612,5328700
2018-08-24,102.87840270996094,102.91205411453679,102.20538745514227,102.31475612460108,6092200
2018-08-27,102.28952026367188,102.52508011298879,102.23063190593005,102.44936284254952,6407400
2018-08-28,101.67538452148438,101.8688720601054,101.52395642161422,101.79316121934465,4929300
2018-08-29,101.80997467041016,101.91934332181748,101.47347351689004,101.74267829071499,5613300
2018-08-30,102.0287094116211,102.18013750376845,101.86045882850105,102.05394635725426,5302900
2018-08-31,101.79317474365234,102.567137837663,101.70063498041742,102.54190088738976,9677500
2018-09-04,101.20463562011719,101.26365664552961,100.96855151846755,101.14561459470478,18343600
2018-09-05,100.9348373413086,101.09504004504647,100.79993487985313,100.97699797896914,9422600
2018-09-06,101.30582427978516,101.51661458980018,100.91797088129468,100.9769919107865,9566000
2018-09-07,100.44578552246094,100.67344263542189,100.3277434760401,100.61442161221147,11212600
2018-09-10,100.8167495727539,100.84204337075992,100.47948392279004,100.47948392279004,6386400
2018-09-11,100.04951477050781,100.4795223667477,99.99892072233101,100.40364094369703,5440000
2018-09-12,100.28559875488281,100.47952223540975,100.25187153374559,100.37834700480776,3347200
2018-09-13,100.43738555908203,100.81680560566448,100.31934348090923,100.62287565848871,4833000
2018-09-14,99.95675659179688,100.26029511946861,99.74596630495867,99.83871454579221,5579500
2018-09-17,99.95675659179688,100.18440727114614,99.59419704112281,99.64478465146509,5433000
2018-09-18,98.91122436523438,99.55202858805606,98.78475534931634,99.54359517605869,10182300
2018-09-19,98.32100677490234,98.74258728369352,97.9668806913917,98.74258728369352,13379600
2018-09-20,98.7763671875,98.90284269416593,98.2030171323844,98.29576540841866,8657300
2018-09-21,98.7341537475586,98.88592298784394,98.51493008207797,98.54023031613222,6173800
2018-09-24,98.48123168945312,98.87751205374138,98.41377724892382,98.4306376426514,5505500
2018-09-25,98.38003540039062,98.4306230068609,98.14395132645126,98.21140575695067,6650900
2018-09-26,99.0714340209961,99.1388884561186,98.36318175063687,98.59083242816405,9512700
2018-09-27,99.13887023925781,99.19789125094259,98.73415013569954,98.85219215906908,5758500
2018-09-28,98.87749481201172,99.417123809339,98.83534061863867,99.3665297713596,12807700
2018-10-01,98.1516342163086,98.72626306128299,98.12628398665899,98.58260746182917,22442400
2018-10-02,98.75161743164062,98.97977595521297,98.53190468686621,98.59105737424862,8266900
2018-10-03,97.03614807128906,98.32906094884153,96.5375700740827,98.25300383696117,20829200
2018-10-04,96.35166931152344,96.66433711833481,96.08970839999573,96.44462443119282,16207400
2018-10-05,95.52354431152344,96.09817310449247,95.16862823423158,95.81930770926664,18096500
2018-10-08,95.20243072509766,95.58269702989932,95.18552627541487,95.48128967327823,5855900
2018-10-09,96.16577911376953,96.20802734412767,95.54889563668159,95.60804831690987,11530800
2018-10-10,95.90379333496094,95.97985045048053,95.31226664606359,95.60802999051226,15290100
2018-10-11,97.06995391845703,97.3065645909886,96.15730722684332,96.33476523124199,16086800
2018-10-12,96.73196411132812,97.18828759017708,96.57140405937409,96.66435920027808,6794100
2018-10-15,96.68968200683594,97.02770001905766,96.57982889290574,96.89249668246337,7146300
2018-10-16,96.90939331054688,96.94319575600647,96.46997441388673,96.6643304163328,4762300
2018-10-17,96.33477020263672,97.00235403296303,96.31787220250843,96.89250091423501,5880700
2018-10-18,96.30099487304688,96.66436322612529,95.9545309720146,96.01368365985715,5728800
2018-10-19,96.0896987915039,96.29250701088563,95.83619012906603,96.20800412340633,10892400
2018-10-22,95.96295166015625,96.40237703823004,95.93760143587464,96.29251747013271,3244200
2018-10-23,96.26720428466797,97.19674939986359,96.1995993624675,96.97704307345242,10330700
2018-10-24,96.99392700195312,97.02772945814701,96.53760351407473,96.63901088265636,16008000
2018-10-25,96.58829498291016,96.96010904729206,96.52914230581588,96.7911032404965,12613200
2018-10-26,97.17133331298828,97.45019859270853,97.00232756918223,97.12063287927764,18582500
2018-10-29,96.9516372680664,97.1966936880497,96.55446663674171,97.04458592386486,7679900
2018-10-30,96.4699935913086,96.79110721627349,96.35168178510202,96.5544964981774,9939500
2018-10-31,95.97985076904297,96.30096433734484,95.6671829769267,96.11505410674367,8706400
2018-11-01,96.06880187988281,96.1958606353651,95.58595275782827,95.59442549579558,6100200
2018-11-02,94.87440490722656,95.94174377201853,94.78969690969201,95.86550205027326,11314800
2018-11-05,95.24712371826172,95.47583594796006,95.17088199982516,95.28100820836623,4760200
2018-11-06,95.18785858154297,95.49281262933003,95.15397408036577,95.38268638480217,3159900
2018-11-07,95.31484985351562,96.0602954256632,95.22167561980038,95.88240676761977,9313100
2018-11-08,95.30644226074219,95.6961042939115,95.22173424706315,95.68763155370144,6905100
2018-11-09,96.01795959472656,96.14502479671046,95.48429350175978,95.50970524959563,6465300
2018-11-12,96.6447982788086,96.8311596976746,96.49232780461361,96.52620582367643,6840000
2018-11-13,96.58552551269531,96.58552551269531,96.12810105338986,96.32292879294484,6525800
2018-11-14,96.6447982788086,97.00904838037283,95.9756007660503,96.12807770304939,8690800
2018-11-15,96.60247039794922,97.02601682737053,96.29751645174143,96.94130883404739,7879600
2018-11-16,97.16154479980469,97.25472552792189,96.50081342792292,96.7379983857466,9236700
2018-11-19,97.43258666992188,97.43258666992188,96.9158661367995,96.9158661367995,7027200
2018-11-20,97.46653747558594,97.80537603407377,97.35641769077077,97.61901450376507,6332600
2018-11-21,97.43258666992188,97.49188289259517,97.02598584667744,97.32246696004391,4951100
2018-11-23,97.53424072265625,98.05944045736527,97.49188350784934,97.98319876327356,3027900
2018-11-26,97.31404876708984,97.46652577696761,97.22934075333713,97.29710974946218,6599000
2018-11-27,97.42414855957031,97.62744902996042,97.21237535126237,97.2547261152407,5967200
2018-11-28,96.94979095458984,97.43263370453224,96.87355568698105,97.28862944606674,7814000
2018-11-29,97.33097839355469,97.6274596247998,97.06837519204663,97.34791740842321,7295600
2018-11-30,97.69522857666016,97.77146383775178,97.39874734551589,97.67828309899127,9127800
2018-12-03,98.38890838623047,98.38890838623047,97.35306233400328,97.37004065579588,9763800
2018-12-04,100.03607177734375,100.75777020365554,99.0256900938259,99.17852088227563,18100500
2018-12-06,100.35025024414062,101.20779487069599,100.2993023170217,100.64741949481841,15319400
2018-12-07,100.5370101928711,100.6388930570436,99.7813422427156,100.02756996080193,8608400
2018-12-10,100.95306396484375,101.27570388526814,100.5624978050239,100.92759324452113,8777700
2018-12-11,100.93608856201172,101.3606178810478,100.70684557996569,101.01250720789594,8071900
2018-12-12,100.48607635498047,100.80023034504346,100.39267939787533,100.68136266832829,6182200
2018-12-13,100.24835205078125,100.68137376528647,100.17193988352912,100.57948439781369,5564200
2018-12-14,100.59646606445312,100.842687358687,100.37570901404017,100.6558999075101,8169200
2018-12-17,101.1822738647461,101.29265558714773,100.6813325879407,100.68981850674037,9726800
2018-12-18,101.78826904296875,101.94997489473651,101.22656457304933,101.33720165979325,10018800
2018-12-19,103.13297271728516,103.5414904016404,102.06061947737493,102.22232534101926,23046300
2018-12-20,102.75849914550781,103.8563835278273,102.69892432599444,103.83936493360991,18543700
2018-12-21,102.741455078125,103.15847871132407,102.46059964440927,103.09890390658134,9945100
2018-12-24,103.25212097167969,103.3372269276054,102.90318460443382,103.0904151102031,8377500
2018-12-26,102.1457290649414,103.31170084701675,102.10317933147995,102.97127051348241,11700400
2018-12-27,102.16276550292969,103.30319977982576,102.1117032198356,103.20107521363762,12146500
2018-12-28,103.0223159790039,103.0223159790039,102.37549914092439,102.46911762379776,9879100
2018-12-31,103.41381072998047,103.45636045473354,102.52018209899218,102.6818879352886,17409000
2019-01-02,103.95848846435547,103.96700100591048,103.2691154480669,103.54146483249369,19841500
2019-01-03,105.14148712158203,105.41383003515605,104.02658433369581,104.07764660087618,21187000
2019-01-04,103.92444610595703,104.3074260696102,103.53295360064118,104.12018911203157,12970200
2019-01-07,103.61810302734375,104.38406976930094,103.50746591196031,104.35853862676394,8498100
2019-01-08,103.34571075439453,103.77975945012487,103.31166708285035,103.56699137284853,7737100
2019-01-09,103.18401336669922,103.34571919645185,102.8095459354567,103.20103845044527,9349200
2019-01-10,102.52020263671875,103.32872548700392,102.41807158915061,103.21808189551298,8222900
2019-01-11,102.920166015625,103.20952745986631,102.7073979560949,102.83506009044613,5786900
2019-01-14,102.53722381591797,102.98829122910459,102.33296172856805,102.89467272902793,6730500
2019-01-15,102.16276550292969,102.6138329853787,102.0861655851193,102.60532044047328,8997400
2019-01-16,102.26487731933594,102.46062036314355,101.71167888162361,101.77975974854866,6048400
2019-01-17,102.2904281616211,102.5797897580082,102.03510375866952,102.3159593032824,8153400
2019-01-18,101.75423431396484,102.23083936815674,101.60955353553535,101.99253359447658,14106400
2019-01-22,102.443603515625,102.74147760464885,102.18827915750849,102.39253474810081,8881100
2019-01-23,102.40103912353516,102.65636346128574,101.98401543216565,102.026565159679,5776800
2019-01-24,103.07341766357422,103.201079870239,102.732987276858,102.90320571680088,7121900
2019-01-25,102.57976531982422,102.76700230495956,102.40104087760442,102.63082759098195,6460800
2019-01-28,102.47765350341797,102.92872093643982,102.47765350341797,102.58829060238813,6435800
2019-01-29,102.99676513671875,103.01379021860225,102.46059193438057,102.57974153490017,5750100
2019-01-30,102.920166015625,102.96272222479736,102.40952397138594,102.8435661377479,10571300
2019-01-31,103.80533599853516,103.9840604824648,103.40533079933435,103.44788703067586,11843400
2019-02-01,103.1783676147461,103.69869555535826,103.0760057794672,103.62192905978004,12024600
2019-02-04,102.71771240234375,102.82860597788508,102.376512914547,102.734775956045,8966200
2019-02-05,103.1868896484375,103.40867035000684,102.92246306707756,102.98217250505692,6983300
2019-02-06,103.23807525634766,103.56221780848561,102.98218043437895,103.51956541757026,5184000
2019-02-07,103.92046356201172,103.98870477718089,103.40866746392392,103.60485282273468,8781000
2019-02-08,104.36402893066406,104.46639076370238,104.12519116141577,104.28726243676616,5885400
2019-02-11,103.95459747314453,104.21902408096435,103.85223563729106,103.94606569319642,4352800
2019-02-12,103.69012451171875,103.85219572924612,103.38304563000312,103.77542926273661,7939600
2019-02-13,103.29779815673828,103.54516773902456,103.13573336739637,103.34045055321046,4757700
2019-02-14,103.8863525390625,104.23607741034954,103.70722421359727,104.1848997481712,5868900
2019-02-15,104.04844665527344,104.08256076565416,103.67312636266053,103.69018341785089,5527200
2019-02-19,104.3128662109375,104.5261151794345,104.0228442297037,104.4237533317328,5872800
2019-02-20,104.01429748535156,104.13371636243136,103.71574378481137,104.02282275668533,4455800
2019-02-21,103.08453369140625,103.34896679566096,102.95658302906894,103.27219379512216,7382500
2019-02-22,103.69869995117188,104.02283601486668,103.57074927860971,103.61340167207761,6374600
2019-02-25,103.39163970947266,103.46841273008364,103.1442700997037,103.35751909007251,6293500
2019-02-26,103.90340423583984,103.91193601504357,103.51955877360172,103.83516952573224,6028900
2019-02-27,102.72628021240234,103.32337464460973,102.59832954611755,103.31484937260764,7737300
2019-02-28,102.37657165527344,102.8883744345457,102.11214499173407,102.83719025191287,9533400
2019-03-01,101.4302978515625,102.17396767410027,101.41319824553354,102.00301074334395,13541100
2019-03-04,102.22523498535156,102.37909880387731,101.77219333124452,101.96879963553376,9808500
2019-03-05,102.43892669677734,102.46457609926652,101.95169239487824,101.96024219570796,5595200
2019-03-06,102.81505584716797,103.02020544824123,102.48168529982833,102.50732818476395,7766700
2019-03-07,103.4817886352539,103.65275205708174,103.09713234891977,103.12277523179702,8187200
2019-03-08,103.91775512695312,104.02033319773686,103.30229974542844,103.53309877429461,7517600
2019-03-11,103.60999298095703,103.78949965394246,103.41339322931967,103.7724065752905,5157800
2019-03-12,104.33660125732422,104.4819218172751,103.65276703595505,103.68695972526181,6422300
2019-03-13,104.13996887207031,104.25109018636837,103.96046220054886,103.99465487916055,4386300
2019-03-14,103.38774871826172,104.08013908576257,103.3621058382778,104.02030352527109,8188400
2019-03-15,104.07161712646484,104.24257405315004,103.77243924397139,104.06306732365397,4302000
2019-03-18,104.01177215576172,104.17418578655577,103.87500140949554,103.91774389810075,3893300
2019-03-19,103.78099822998047,103.96050497536042,103.33649974672498,103.50745668853752,5220200
2019-03-20,104.86658477783203,105.01189882536572,104.05452955070697,104.06307283238138,10123700
2019-03-21,105.09736633300781,105.2170374798601,104.91785961272942,105.10591613537966,7182600
2019-03-22,106.73003387451172,107.08904731820579,106.04619315373291,106.1744141040775,13077000
2019-03-25,106.90096282958984,107.65318872998874,106.43082816342728,106.68726347544684,9736300
2019-03-26,106.82402801513672,107.09756291175857,106.52485024095444,106.59322907392013,7502000
2019-03-27,107.80707550048828,107.9951254940764,107.11468501083135,107.20871326841947,14207200
2019-03-28,108.18316650390625,108.29429434963107,107.71303180493578,107.91818137318495,9143200
2019-03-29,108.08061981201172,108.1062626987359,107.39677906528638,107.43097175478151,10841400
2019-04-01,106.54542541503906,107.39353783142481,106.3912225633364,107.33357041887142,16501500
2019-04-02,106.74243927001953,106.86237407363426,106.44260226098274,106.63964174461069,9725000
2019-04-03,105.81724548339844,106.11708909401175,105.6887485485162,105.89435018028581,10407000
2019-04-04,106.11707305908203,106.13420380249177,105.74869998418094,105.88576553932991,7503400
2019-04-05,106.25415802001953,106.37409285366314,105.86865413130198,105.90292216033706,6321800
2019-04-08,105.87725067138672,106.18565649704786,105.81728323506151,106.08285891246771,4446400
2019-04-09,106.21131896972656,106.51971813323692,106.03141019840545,106.41692059071936,7020300
2019-04-10,106.46836853027344,106.67397024621543,106.31416560932676,106.4597998857873,7519900
2019-04-11,105.84298706054688,106.24562181873927,105.72305219028355,106.16852363183867,8679300
2019-04-12,105.08909606933594,105.4232012616202,105.05482803218374,105.27756700569317,7005500
2019-04-15,105.3546371459961,105.36319925050422,105.13189824558931,105.18329701646871,3070000
2019-04-16,104.69501495361328,105.05481951058596,104.63504752745118,104.95202194342762,8927300
2019-04-17,104.73784637451172,105.00341545762271,104.60934288605324,104.6264736344002,6118500
2019-04-18,105.28612518310547,105.45745881587547,105.183321081868,105.20902047318758,27589400
2019-04-22,104.7806167602539,105.00335557749705,104.72064937129866,104.91768881269743,6241200
2019-04-23,105.00340270996094,105.1147689005934,104.84919984972314,105.03767073845357,6239700
2019-04-24,105.8600845336914,105.87721528007506,105.44887472494383,105.46601200728567,7302000
2019-04-25,105.70592498779297,105.90296459971636,105.45748657969864,105.79159182673149,5380900
2019-04-26,106.06571960449219,106.24562191004175,105.92008533847019,106.21136040647441,5950700
2019-04-29,105.38892364501953,105.67163002385847,105.24328940233009,105.56883245770554,10246000
2019-04-30,105.92867279052734,106.00577099118338,105.31186104143345,105.32899179625876,7957400
2019-05-01,106.36561584472656,106.83777565982739,106.10806936399588,106.18533592808672,14371900
2019-05-02,105.85908508300781,106.28832475204887,105.62729854358378,106.17672479598212,6612800
2019-05-03,106.15957641601562,106.34843640126496,105.91061657903583,106.15957641601562,6191700
2019-05-06,106.4514389038086,106.77765869740406,106.39134561157582,106.71756540517129,4482500
2019-05-07,107.26698303222656,107.43009619073946,106.78623673304381,106.90642330783949,8984900
2019-05-08,106.80343627929688,107.56748249988131,106.70900301161308,107.43870926670533,6907600
2019-05-09,107.24122619628906,107.56745250265097,106.71755333050729,107.40433934947002,9411900
2019-05-10,107.09530639648438,107.69623936360742,106.95794654704018,107.21549298990898,6037800
2019-05-13,107.93661499023438,108.10830824582395,107.52454200727041,107.65331522380151,10501600
2019-05-14,107.61897277832031,107.86793257795235,107.48161293727738,107.74774599187863,5690400
2019-05-15,108.27999877929688,108.4001853651237,107.97094568726284,108.34867869967727,9566300
2019-05-16,107.91944885253906,108.02246874249406,107.76492229244575,108.00529548599575,7666400
2019-05-17,108.15982818603516,108.42596127944029,107.90228827104528,108.4087880219671,4747100
2019-05-20,107.93661499023438,108.49462134573939,107.86793506812741,108.27142142340854,6043100
2019-05-21,107.764892578125,107.92800572149183,107.56744603058497,107.8249858599428,4021800
2019-05-22,108.38298797607422,108.45166787701096,107.92799509430101,107.97091512012959,5675300
2019-05-23,109.60208892822266,109.96264878819477,108.92388925845822,108.932475888366,9743700
2019-05-24,109.69649505615234,109.69649505615234,109.36168861909512,109.50762854300663,4981900
2019-05-28,110.48631286621094,110.6580061523006,109.96263982905471,110.11717295608605,8098600
2019-05-29,110.82111358642578,111.51647987345152,110.74385357661345,111.31903325970087,13260600
2019-05-30,111.77403259277344,111.79978593081849,110.6494265002793,111.02715959075083,13024800
2019-05-31,113.17332458496094,113.23341132264754,112.29767205517332,112.37493204620789,18933600
2019-06-03,113.93035125732422,114.05078450516801,113.16473708326598,113.4744244528985,17822400
2019-06-04,112.63138580322266,113.3453876490976,112.30450303885416,113.0271025721829,14250000
2019-06-05,111.99479675292969,112.64857529759745,111.93457357219333,112.27867790589072,8815200
2019-06-06,112.35614013671875,113.19917311108686,112.10667588326814,112.6658275943173,9621100
2019-06-07,113.32818603515625,113.61206722038703,113.0701110371065,113.37118759629816,11378500
2019-06-10,112.26148223876953,112.43352786216339,112.10664511558696,112.41631936195209,8288700
2019-06-11,112.33028411865234,112.48512121565241,112.1066261586842,112.1926423927162,5115100
2019-06-12,112.41630554199219,112.4765287222083,112.08942283560127,112.16684138767506,5278700
2019-06-13,112.80340576171875,112.90663048061984,112.51091384777254,112.51952465850488,5560400
2019-06-14,113.08732604980469,113.30238637285781,112.76902784584256,112.77763865955856,5838800
2019-06-17,113.2851791381836,113.3453892036666,112.80344610935731,113.02710412238649,6046400
2019-06-18,113.85289764404297,114.29161581335232,113.5087933802592,114.18839109733496,10320700
2019-06-19,114.0163803100586,114.1712305753856,113.19055598245131,113.43142250519018,11962500
2019-06-20,114.31745910644531,114.85080448067066,114.05938410638024,114.33466760678026,10721500
2019-06-21,113.0615005493164,114.007771169476,113.01849898805072,113.99056266922591,14495000
2019-06-24,113.904541015625,114.00776575974808,113.62065984304743,113.68948071454251,6378800
2019-06-25,114.25726318359375,114.48951889877742,114.17123379751294,114.23144386677639,9604600
2019-06-26,113.52604675292969,114.1540192340047,113.44862818531236,114.13681073245397,12766800
2019-06-27,114.32608795166016,114.48953593378843,113.54327817731192,113.81854862649375,9724200
2019-06-28,114.2486572265625,114.48092607786255,113.93896980024309,114.05080538165458,8149200
2019-07-01,113.9814682006836,114.42104714993317,113.42120659463139,114.26590628031201,14131200
2019-07-02,114.86062622070312,114.97268117243004,114.1710937078934,114.26590640120318,10494300
2019-07-03,115.67942810058594,115.74837080584294,115.07606763771491,115.08469533986077,5380300
2019-07-05,114.14517974853516,114.24862010717862,113.49011885305455,114.23999240530067,12180100
2019-07-08,114.30036926269531,114.82614631339092,114.30036926269531,114.67962000772017,6490000
2019-07-09,114.25726318359375,114.38656037618347,113.91249697399688,114.36069041607523,6215700
2019-07-10,113.6280746459961,114.15385173713167,113.35225111858544,114.07628130204355,9470000
2019-07-11,112.11106872558594,113.26604999005856,111.84385978948752,113.17985186202839,14126800
2019-07-12,112.2403564453125,112.4385963638956,111.77490758187086,111.9817752047325,6992000
2019-07-15,112.88674926757812,112.95570510906123,112.43854287392888,112.43854287392888,6055500
2019-07-16,112.55064392089844,112.5678861763363,112.01625237021099,112.19725002035277,6172700
2019-07-17,113.76593780517578,113.79179460582495,112.95572297954433,112.96433752909937,9662200
2019-07-18,113.77454376220703,114.05036715094607,113.1194829419264,113.31772278259318,5724900
2019-07-19,113.50739288330078,113.71424735453127,113.35223887788968,113.42119475229592,5804800
2019-07-22,113.72283935546875,114.19690262318659,113.55045629956703,114.17966037200118,5204100
2019-07-23,113.10221862792969,113.55042497120212,112.88673657950763,113.42975555016498,8108900
2019-07-24,113.59357452392578,113.6883872044494,113.31776418639481,113.42981912301032,6389700
2019-07-25,113.05056762695312,113.26604979466903,112.49030609969908,113.12813805085378,8893100
2019-07-26,113.31775665283203,113.58495242054734,113.12813130439143,113.51599655275194,6188400
2019-07-29,113.35221099853516,113.73146163849742,113.25739833854459,113.61941987813404,6231800
2019-07-30,113.6280746459961,113.86079910325012,113.28329523673278,113.77460096293687,5678500
2019-07-31,114.54169464111328,114.92094534106344,113.48152611315236,113.51599747133551,15798700
2019-08-01,116.8165054321289,116.92878339099354,115.08921709594277,115.20149505480741,26664800
2019-08-02,117.89610290527344,117.89610290527344,116.93745700791116,117.16201300613858,15143100
2019-08-05,119.93428039550781,119.95155697149107,118.88927816642983,119.30382374286437,18543000
2019-08-06,120.89295959472656,120.89295959472656,119.26067193348416,119.35567336046313,12747400
2019-08-07,120.93601989746094,123.5528591166048,120.72010898381437,122.98285114182033,32582000
2019-08-08,121.19517517089844,121.28153167188894,119.16560631426047,120.16743660852273,14746000
2019-08-09,120.95340728759766,122.24887395648696,120.79794443468336,121.48886262705801,10626000
2019-08-12,123.4752197265625,123.8724887025936,122.21429332061867,122.3956644118784,14094300
2019-08-13,123.05207061767578,124.28708916501681,122.5943400648055,124.20071943957454,15974900
2019-08-14,125.82429504394531,125.85883500516314,124.977927623413,125.36656478338058,15068900
2019-08-15,127.22342681884766,128.3375352326047,125.72932602129697,126.04887016286898,23588700
2019-08-16,126.20439910888672,126.53257512041802,125.09029011130096,126.14393765681648,17150500
2019-08-19,124.39933013916016,124.93479861351365,123.94159967406542,123.99342940629371,13614700
2019-08-20,125.6861572265625,125.76388205284447,125.09024053540098,125.47024614589044,7451500
2019-08-21,124.84844970703125,125.91072877678069,124.61526199673567,124.98663599299674,9372000
2019-08-22,124.01931762695312,124.96931838016023,123.91567135742555,124.36477005027112,13878800
2019-08-23,126.05753326416016,126.32526090020258,123.87250096699111,123.95023897275082,16191800
2019-08-26,125.5479507446289,126.34250181210871,125.47885762856573,125.97977283640039,12174500
2019-08-27,127.48249053955078,127.57749190606053,126.50656860887445,126.63612311493038,11332300
2019-08-28,127.64662170410156,128.59662246415309,127.52571203725263,128.4929893720441,10095900
2019-08-29,127.16299438476562,127.24935090984116,126.20434866271167,127.17162608382323,8884900
2019-08-30,127.19751739501953,127.37024360030085,126.40296630819363,126.61887735933647,13550800
2019-09-03,127.36197662353516,128.62512035759968,126.8082670685732,127.25814700596426,15660800
2019-09-04,127.5522689819336,127.71665373210293,126.73035843256064,126.77361966178525,7962200
2019-09-05,125.24223327636719,126.14201911316735,124.48953822558815,126.02089561992165,19382900
2019-09-06,126.13338470458984,126.34103067889936,125.5191201496517,125.67484472927883,9466400
2019-09-09,123.89256286621094,124.58470274397148,123.88391590327186,124.43762516518626,15862700
2019-09-10,121.72098541259766,123.9704234834773,121.69503132265646,123.58109893288947,13851400
2019-09-11,121.50475311279297,122.119017816309,121.46149187416366,121.4701388412989,10941700
2019-09-12,120.70875549316406,122.68134585115607,120.31077071500299,122.4217917090051,19163300
2019-09-13,118.13052368164062,120.00795765863855,118.13052368164062,119.63592700831032,18922200
2019-09-16,119.63590240478516,119.88680950836566,118.74477690200234,119.28983911880921,10971600
2019-09-17,120.28484344482422,120.77799774503316,119.41102461290616,119.70517987892114,9081200
2019-09-18,120.79524993896484,121.69503576131109,120.71738766630135,121.06345101245272,10984600
2019-09-19,121.15863037109375,121.98055398833176,121.09807522120182,121.78155500654175,13176200
2019-09-20,122.75924682617188,122.83710913291718,121.50475014541817,121.79025847162715,11519800
2019-09-23,122.73323822021484,123.85796389025516,122.59480760204704,123.0620076379958,15246700
2019-09-24,124.2126693725586,124.45491631846131,123.20906733869396,123.21771430052317,12421600
2019-09-25,122.39582824707031,124.19538677305204,122.11032003270354,123.94447961430349,14147100
2019-09-26,123.18318176269531,123.7109371601062,122.76788973748704,123.08801232376956,9636500
2019-09-27,123.48597717285156,123.70227014011364,122.97552893846708,123.13126673966279,10386900
2019-09-30,123.78876495361328,123.79741191784103,122.71594732312622,122.75056158298148,8006900
2019-10-01,124.16148376464844,124.72483783608466,122.32411290455637,122.42811103638516,16613700
2019-10-02,124.46475982666016,125.03677568168438,124.1440902827422,124.33476223441694,12891500
2019-10-03,125.60005187988281,126.2500659573057,124.73336644331897,124.78536545358156,13470500
2019-10-04,126.52745056152344,126.56211217083613,125.84276145028517,125.97277224050002,11516200
2019-10-07,125.47879028320312,126.12880474311388,125.41812914372538,125.80813517475622,11013900
2019-10-08,125.8167953491211,126.47547189757536,125.34011544089466,126.38014914050791,14529700
2019-10-09,125.10616302490234,125.33149668463541,124.62948295183007,125.32283458315497,8608800
2019-10-10,123.24276733398438,124.09211605430365,122.83542378733938,124.04011700146916,15054200
2019-10-11,121.7173843383789,122.28940027407515,121.08470725927306,122.18538896103472,26294000
2019-10-14,122.60139465332031,122.64471836916042,122.27204977563966,122.61871884982536,5936900
2019-10-15,121.11941528320312,122.15943624000256,120.94608066116722,121.9167651242355,11832300
2019-10-16,121.2667007446289,121.38803625285576,120.77269661276911,121.02402972817522,7729500
2019-10-17,120.97203063964844,121.66538206835952,120.72935962328633,120.92003159679635,6219300
2019-10-18,120.97203063964844,121.53537123665076,120.85935723041655,121.1713647121076,6456100
2019-10-21,120.06204223632812,120.46072372045423,119.80203372273131,120.09671709125162,8038000
2019-10-22,120.76396179199219,120.92863416300854,120.15728454975199,120.79863661987565,6683300
2019-10-23,120.88534545898438,121.60469634192124,120.78134738299549,121.36202534822897,5995400
2019-10-24,120.64266967773438,121.54403038245971,120.49533466773784,121.05867518975857,6161700
2019-10-25,120.05331420898438,120.94599947661241,119.87130438204052,120.9286620586713,5669800
2019-10-28,118.96129608154297,119.23864190383756,118.72730042163069,119.23864190383756,11402100
2019-10-29,119.039306640625,119.37731359272537,118.88329631103745,119.27330229814149,5296600
2019-10-30,120.78135681152344,120.8593553746039,119.40332929878878,119.40332929878878,10914100
2019-10-31,122.41072082519531,122.79205151114338,121.7086941401406,121.75203107989616,15834100
2019-11-01,122.03392028808594,122.6503467552816,121.36540405559374,122.18151237230994,11425500
2019-11-04,120.42779541015625,120.80111433078515,120.27151282297885,120.65352220535128,11124300
2019-11-05,119.07337188720703,119.32515677132459,118.70873025112707,119.13415211704663,13493000
2019-11-06,119.79399871826172,120.16733087913869,119.23835233155921,119.82873406923646,9351900
2019-11-07,117.62349700927734,118.38751572027444,116.72925385783947,118.37883850679644,19209800
2019-11-08,117.12861633300781,118.03153658572268,117.01574633354876,117.33697541182143,10222900
2019-11-11,117.20674896240234,117.54534570727652,116.89419710192983,117.53666849502672,4577000
2019-11-12,117.74500274658203,118.03150966224986,117.02439685220224,117.44981862049377,5772900
2019-11-13,118.509033203125,118.90841013299567,118.22252625841033,118.77817247758854,6672400
2019-11-14,119.73320007324219,120.19334399460416,119.52482776544284,119.63769775479057,10213300
2019-11-15,119.60295867919922,119.95024584802307,119.31645173278862,119.35986428484797,4657600
2019-11-18,119.82003021240234,120.34095443754828,119.75057276587266,119.99368045255322,5943900
2019-11-19,120.81844329833984,120.88790073175953,120.13255942310224,120.13255942310224,7893100
2019-11-20,122.06864929199219,122.06864929199219,121.34804333161881,121.46959052688356,7905500
2019-11-21,121.30464935302734,121.61720122408403,120.78372515204865,121.23519190972,5980900
2019-11-22,121.46089935302734,121.79081884436842,121.26989472621415,121.63454955751251,4664800
2019-11-25,121.81687927246094,122.0078839236512,121.70400927467061,121.8082020601895,4157300
2019-11-26,122.52881622314453,122.68508554029383,122.36385644549593,122.41594621787902,4281100
2019-11-27,122.17281341552734,122.33777314137338,121.91235138775198,122.06863390347681,4095700
2019-11-29,121.91236114501953,122.13808785507808,121.35671495686378,122.08599809488382,6251100
2019-12-02,120.28689575195312,120.59998487531641,119.97380662858984,120.13904995347941,17702200
2019-12-03,122.80899810791016,123.29602265180901,121.69578208845395,121.79144857175005,13062400
2019-12-04,121.58272552490234,122.19150617560726,121.06961135290983,122.0523525210396,8586300
2019-12-05,120.99139404296875,121.26970150142267,120.53916432862616,120.59134365947875,7273800
2019-12-06,120.3217544555664,120.99140696694535,119.89560109069954,120.04344696738443,7931100
2019-12-09,120.58258819580078,120.98265168362872,120.51302463049763,120.87829306524948,4016900
2019-12-10,120.59130096435547,121.19138959756022,120.37387831582767,121.04353051858703,4947600
2019-12-11,121.53929901123047,121.8784779195144,121.0870560433754,121.14794077404586,6256700
2019-12-12,119.53898620605469,121.13052180806619,118.80844918984758,121.05225282856411,14857000
2019-12-13,120.92179107666016,121.41752115361363,119.34765300705362,120.12167721195954,11335100
2019-12-16,119.83464813232422,120.41735244518205,119.52155902156916,120.3651598680363,9156600
2019-12-17,119.66941833496094,120.31298081310929,119.33023957013509,120.19993007178329,6179700
2019-12-18,118.68668365478516,119.53897677310474,118.52144030859107,119.40852848422843,6244700
2019-12-19,118.87659454345703,119.21631608592595,118.25812030375198,118.46718482667907,6591100
2019-12-20,119.03338623046875,119.06823696440885,118.4062059361521,118.5804330225316,5455700
2019-12-23,118.85916137695312,119.31212783440628,118.46717705239105,119.17275149493466,5175000
2019-12-24,119.19888305664062,119.39052220075575,118.37135763886677,118.39748904109526,4667400
2019-12-26,119.48633575439453,119.52989251980121,118.91141835100723,119.25985918260196,5290200
2019-12-27,119.61701965332031,119.88705302122744,119.59087495777625,119.72154526885593,7300500
2019-12-30,119.18147277832031,119.25114765753968,118.17101423806582,118.3713594220554,7979700
2019-12-31,118.01420593261719,118.867876009411,117.92710569263292,118.65010547196216,10707400
2020-01-02,119.34693145751953,119.79989778662859,119.0507667888025,119.15529236796016,11034100
2020-01-03,121.18498992919922,121.21984067160585,120.10485616454187,120.44457779885569,12366000
2020-01-06,120.49681091308594,121.69890868813319,120.34000919424216,121.681483321226,11369800
2020-01-07,119.90444946289062,120.61874318701479,119.89574342661781,120.40097265526842,8381200
2020-01-08,119.11178588867188,120.47937804335936,118.74593295636708,120.14836255103897,10621700
2020-01-09,119.52989196777344,119.72153110135082,118.38877649434541,118.46717069672017,7411500
2020-01-10,120.59257507324219,120.61870646576361,119.88700089185483,119.92183831799859,8776000
2020-01-13,120.22675323486328,120.287722069223,119.67796726733691,120.10480227448606,5966900
2020-01-14,120.84524536132812,120.92365287103125,120.33130998750525,120.36614743163679,13920300
2020-01-15,121.64663696289062,121.74245654683598,121.0978641563499,121.53340530307227,6290500
2020-01-16,121.26334381103516,121.54208316866452,120.85393416468068,121.30688728228563,6798600
2020-01-17,120.22675323486328,120.33127883185581,119.65183586808877,119.84347499034695,9693100
2020-01-21,121.4898452758789,121.646633704502,120.8800903451325,120.91492778760632,6794900
2020-01-22,121.9166488647461,122.07343725284835,121.59433946977393,121.70758438895257,6317000
2020-01-23,122.77033233642578,123.15361064651906,122.6309559888173,122.69193812526855,9747400
2020-01-24,123.76335144042969,124.1727611075585,123.08390843788797,123.1884340408456,8585000
2020-01-27,125.68852233886719,125.68852233886719,125.00037282461253,125.39235739813317,10935200
2020-01-28,124.70415496826172,125.51425519034399,124.4079901531991,125.3748788214926,10612900
2020-01-29,125.92365264892578,126.04560363682619,124.93932541623337,124.9480447457225,9566800
2020-01-30,125.9410400390625,126.89051625080805,125.68841880994981,126.21977937378428,14711800
2020-01-31,127.09093475341797,127.169342282131,126.38536003665202,126.45504823347223,14538100
2020-02-03,126.98797607421875,127.17993368751905,125.74898540621078,126.47318670843505,15309000
2020-02-04,125.2778091430664,125.76642361842099,124.82408999577461,125.63554949600312,11388300
2020-02-05,123.9078598022461,124.50990704596215,123.8118810631937,124.16090071144706,10782600
2020-02-06,124.46634674072266,124.66703814207854,123.89920780514103,124.05625674838065,6683100
2020-02-07,126.01941680908203,126.28991211082744,125.53080246769026,125.83619308793126,11374800
2020-02-10,126.36843872070312,126.73489948300488,126.23755131818946,126.60402539423372,6699300
2020-02-11,125.73149108886719,126.27245505312825,125.59188319043145,126.15902197143146,7784100
2020-02-12,125.0945816040039,125.25164387663682,124.76302936399567,125.0945816040039,5595500
2020-02-13,125.57443237304688,125.81873954524455,125.00729357624704,125.15562197981403,7883400
2020-02-14,126.12406921386719,126.5865085173058,126.03681098864877,126.30729284759559,7137400
2020-02-18,126.98797607421875,127.43297477493654,126.44701188059844,126.81347278405875,6909200
2020-02-19,126.97920989990234,127.05773435516993,126.49931603925128,126.62146962980403,5707700
2020-02-20,127.97388458251953,128.20947124667768,127.38929148636129,127.45909543550971,9332900
2020-02-21,129.16928100585938,129.90221601599532,128.82899498155345,128.95988241474535,13860300
2020-02-24,131.0975341796875,131.71703587312518,130.87940184328204,131.60360279779715,15929300
2020-02-25,131.79559326171875,132.4150817962586,131.0015881634405,131.06267162349786,20802900
2020-02-26,131.0975341796875,132.38015338285098,130.5129411157698,130.83577271325268,22589500
2020-02-27,132.51980590820312,133.5668388128583,131.60364712397524,133.2352732894483,30687900
2020-02-28,135.5124969482422,136.09708986725423,134.50909377499158,134.7621213644567,44935200
2020-03-02,134.51556396484375,136.75253622599422,134.35826976935945,135.70395714525574,28152400
2020-03-03,136.60397338867188,139.5487358649478,133.13491476426267,134.40194823327903,38608000
2020-03-04,135.15333557128906,137.49517313515233,134.73390695290885,136.673782646336,23463700
2020-03-05,138.51760864257812,138.77975666298533,137.02337425963856,137.3030023703135,17786200
2020-03-06,145.7266082763672,147.96357986509582,143.4022495682591,146.18973067559293,76288300
2020-03-09,149.67626953125,157.02508162902353,148.8461451524053,156.50079886347075,41552800
2020-03-10,142.00413513183594,151.10931560117717,141.5847062938558,148.23446071853064,37728300
2020-03-11,136.7787322998047,145.9538214223244,135.9923014226649,144.55570727029283,29519300
2020-03-12,137.6262969970703,145.36832287259074,136.01847552105724,142.87793692690246,24361800
2020-03-13,134.51556396484375,138.2380243681576,132.9863822498566,135.44180904171952,19812900
2020-03-16,143.2274932861328,145.18483682275013,137.89719883358853,140.14291720678594,30496700
2020-03-17,133.67665100097656,144.73045480693546,133.44072978145326,142.86921851917128,18570900
2020-03-18,126.1356201171875,134.6902915538061,121.46942236381062,133.55432560885063,47061000
2020-03-19,129.56971740722656,134.0873543593497,126.92205023154708,128.4075379978691,21175300
2020-03-20,139.3127899169922,139.3127899169922,132.9164494311774,133.95629492911624,20863100
2020-03-23,145.0537567138672,145.65669313716668,136.81366115117848,137.62630531586797,19971800
2020-03-24,142.35365295410156,144.57314417398908,140.16910857754263,140.90311228805027,11948600
2020-03-25,142.0303955078125,145.6480020969721,141.22648441393335,142.9479072273008,10750600
2020-03-26,142.72940063476562,144.77413114953666,141.7944224934241,143.3061236004914,10576200
2020-03-27,146.53927612304688,147.01987869035003,143.8217016061922,144.63435928061472,12550000
2020-03-30,145.3333740234375,148.64513741655784,145.00131901302095,147.06352942845916,13473200
2020-03-31,144.15374755859375,145.85768988590735,143.79547900086524,144.79163092555655,11464800
2020-04-01,146.1734619140625,147.85362846658785,145.61341084744427,147.43358015212118,11334700
2020-04-02,147.10098266601562,148.0810681885466,146.36590517145362,147.73978745461787,5771200
2020-04-03,147.4510040283203,149.05240229160032,147.1359746428773,147.49476070598305,6570800
2020-04-06,147.06597900390625,147.2497517244878,145.72710734128097,146.13839611112422,9434800
2020-04-07,145.52586364746094,145.63086901572154,143.2594087647272,144.35325919299635,13811400
2020-04-08,144.46701049804688,145.42960421559263,143.62694084697634,144.48451584363852,10147100
2020-04-09,144.72950744628906,145.0795341699927,143.32062785148696,143.75816793244832,14259100
2020-04-13,143.4081573486328,145.00955582750058,143.4081573486328,144.16947290233557,8750300
2020-04-14,143.3731689453125,144.16074931369354,143.05813946849352,143.3731689453125,9019100
2020-04-15,147.1710205078125,147.5385660392588,145.91091590314355,145.96341859258797,10027800
2020-04-16,148.84242248535156,149.04370059188588,147.9060933978826,148.1161041488161,8265400
2020-04-17,146.84716796875,149.49865921576676,146.3746306590283,148.60608725821902,8612100
2020-04-20,148.02857971191406,148.142331065691,146.9784860723931,147.39852085766847,6462600
2020-04-21,149.89251708984375,150.64508677422143,149.44623088908517,150.45256801640383,7850700
2020-04-22,148.36114501953125,149.10496880026207,147.63483994056182,148.737436585337,6230200
2020-04-23,149.1487274169922,149.5775083302576,148.42240897600215,148.64992510645587,5968600
2020-04-24,149.49868774414062,149.49868774414062,148.38734558151316,148.4223429119018,6211800
2020-04-27,146.7160186767578,148.54493395199717,146.52349987381996,148.46617990152362,9039500
2020-04-28,148.4048614501953,148.63239086865462,147.40727046530606,147.4947838343543,9905400
2020-04-29,147.63482666015625,148.9911906577489,146.97851633125615,148.35238567636642,8619600
2020-04-30,145.91091918945312,148.08986096647803,145.88466784413967,147.66108009124625,11606100
2020-05-01,147.1603546142578,147.30055226881836,145.83727434555118,146.76606040954246,10209400
2020-05-04,146.46810913085938,146.92373132476223,145.87227595193804,146.81858979847394,8300900
2020-05-05,145.5306396484375,145.68836540216995,144.81214983917857,145.07501718207368,7831800
2020-05-06,143.1824188232422,143.38394470201365,141.990764869217,143.0246930359492,14721500
2020-05-07,145.57443237304688,145.77595818024398,143.12102647200027,143.3137949380102,9164800
2020-05-08,143.6818084716797,144.92603282987236,143.41894115769824,144.12868691644422,8129800
2020-05-11,142.5602569580078,143.89210824088298,142.03453568817963,143.4014297077151,8713500
2020-05-12,144.02352905273438,144.51420756490495,142.9370304529243,142.96331584679152,10057300
2020-05-13,145.03118896484375,145.70586525326914,144.4265981487327,144.654409358722,13305600
2020-05-14,146.4506378173828,147.33561053641068,146.3717816421199,146.60836353789423,10080000
2020-05-15,146.07388305664062,147.6335454827495,145.7409169083747,147.46706240861653,7225600
2020-05-18,142.86691284179688,144.62810084943808,142.3148929031397,144.51418857765552,10073100
2020-05-19,143.4014434814453,143.43648622147148,142.36750215582796,142.40255826584269,8639100
2020-05-20,143.83074951171875,144.31267064549561,142.71796560370797,142.97206218152542,10927300
2020-05-21,144.1900177001953,144.89099276038328,143.9534357762596,144.45288501901422,8920000
2020-05-22,145.0574951171875,145.17139405348755,144.23385031476607,144.33023456547474,4956700
2020-05-26,143.11231994628906,143.5153717037965,142.80563908601886,143.44528620944058,8098900
2020-05-27,142.84939575195312,143.62046958320988,142.46385883632476,142.63909924252332,8047400
2020-05-28,142.3236083984375,142.44629134427768,141.64893241620263,141.91179961303828,10272600
2020-05-29,143.34010314941406,143.778210938271,142.25360438984163,142.56904253261817,14632700
2020-06-01,142.37498474121094,142.51536260122276,141.8398058636892,142.2170696890748,13341400
2020-06-02,141.85740661621094,142.20833800319107,141.47137405822818,141.83985603070963,11517100
2020-06-03,139.97109985351562,140.66420734743454,139.44470282472926,140.5325980498582,12255700
2020-06-04,137.94439697265625,139.5060637340525,137.90930920385605,139.42710621387562,14038600
2020-06-05,136.96177673339844,137.0056464841131,134.3736220872536,135.6457645349687,17778500
2020-06-08,137.4882354736328,137.61106278666645,136.03184491396735,136.04939549787875,10346700
2020-06-09,139.04994201660156,140.05887998797726,138.8832448903169,139.54125140743415,9095300
2020-06-10,141.1116485595703,141.16428692437682,139.5412126650921,139.70790974509487,13135500
2020-06-11,143.7787322998047,144.0857937989016,142.68205540195328,143.22600285939345,17086400
2020-06-12,142.39256286621094,143.58574813279293,142.1732274377008,142.48907099024228,9716100
2020-06-15,142.47152709960938,144.07706411817816,142.2521916607968,143.78753973248482,7759800
2020-06-16,140.2869873046875,141.4538538282045,139.23417953064407,139.85709827146036,13698900
2020-06-17,140.8660125732422,141.05026026161977,139.79565438995797,140.61158931395164,7113900
2020-06-18,142.357421875,142.5504380690646,141.78715527527999,142.1644056809354,7691400
2020-06-19,142.47152709960938,142.5680352281738,141.17306505024732,141.25202259529837,8565500
2020-06-22,142.48910522460938,143.37521574930483,142.19081218308915,143.17343085500298,9319700
2020-06-23,141.5152587890625,142.18203384968442,141.35733027720357,141.6731739137457,9088600
2020-06-24,143.03302001953125,143.08565838095993,141.7082388372776,141.71700743512494,11436500
2020-06-25,143.4453582763672,144.19110402594455,143.35761875741537,144.06827673171463,10968000
2020-06-26,144.9807891845703,145.0422095604489,144.04202666536605,144.10344704124464,12119300
2020-06-29,144.52450561523438,144.99827766651228,144.217444028906,144.62979573061443,7274400
2020-06-30,143.82266235351562,145.0158479651933,143.42786114544657,144.9632095890742,14841700
2020-07-01,143.5432891845703,143.6662605044769,142.42775502357347,143.00748270436256,13181000
2020-07-02,143.6925506591797,143.8243142060102,142.50675915488358,142.9108018649591,7599800
2020-07-06,143.10409545898438,143.19193785491382,142.07640376037557,142.58586017045707,7972700
2020-07-07,145.1156005859375,145.2297796404349,143.35006724976708,143.5433098378342,12791900
2020-07-08,144.53587341308594,144.86086622031456,143.90344555916434,144.33385194396033,7253900
2020-07-09,146.83712768554688,147.08307024077655,144.57972350300352,144.6324235644293,13373100
2020-07-10,146.09934997558594,147.75069061351138,145.95002861620077,147.5223057320893,8478000
2020-07-13,146.58250427246094,146.65277553563962,145.13318459978768,145.3703484376566,8054000
2020-07-14,146.79322814941406,147.68916953437966,146.67025685366318,147.50470588932032,11344600
2020-07-15,146.10813903808594,146.6439455545747,145.66017492870793,145.7392250533859,7840300
2020-07-16,146.80206298828125,147.36421956080997,146.72299945869713,147.0392133684239,9107400
2020-07-17,146.49464416503906,147.03922963536658,146.22235142987532,146.92505057399327,8549900
2020-07-20,146.85476684570312,147.232459729399,146.51220288493724,147.13583843775373,6907200
2020-07-21,146.94261169433594,147.32031802161742,146.75816137404752,146.9514039781689,8454400
2020-07-22,147.38172912597656,147.97024895116493,147.2939001481934,147.79456418986754,6592100
2020-07-23,149.10337829589844,149.21757073903424,147.98784411342922,148.37432924139455,10471800
2020-07-24,149.0946044921875,149.25270473926318,148.33041308938027,148.45338441584005,7520700
2020-07-27,148.5411834716797,149.58644614297467,148.43578333772237,149.54252495287062,6146400
2020-07-28,149.56895446777344,149.6216545627571,148.82233404784472,148.91895535627228,8520700
2020-07-29,149.31419372558594,149.6655365352732,148.42703101639168,149.36689380675213,6733700
2020-07-30,150.29798889160156,150.42973911606072,149.98177495002838,150.2452888018179,9376100
2020-07-31,150.20138549804688,150.60544190600743,149.27031472655372,149.45476506278465,8886000
2020-08-03,149.445068359375,149.48024976471876,148.58331177729883,148.82073930115774,9066200
2020-08-04,150.86964416503906,150.87843280889038,150.1221934865928,150.21892224006496,9878900
2020-08-05,149.5507049560547,149.9815768430222,149.21654845776624,149.54190288960444,6954100
2020-08-06,150.38600158691406,151.46759517136337,150.03425456342612,150.70256719916472,9481800
2020-08-07,149.38360595703125,150.80814507454062,149.11979893806742,150.61468748848597,8176900
2020-08-10,148.7152099609375,149.70887669613282,148.67125333048892,149.68249735075372,6408500
2020-08-11,146.94776916503906,147.28192552670004,145.8661754388453,147.00052787103212,19234200
2020-08-12,145.61117553710938,146.03327207395176,145.08357499272705,145.70790431624656,11744800
2020-08-13,144.0547332763672,145.6023802542381,143.48314927378078,145.364952640309,12744700
2020-08-14,143.491943359375,144.34491165491968,143.4743660671434,144.04593667361834,6398100
2020-08-17,143.8524169921875,144.6174582428396,143.71171820841533,144.18657324920278,6901500
2020-08-18,144.88131713867188,144.97804591898955,144.29215581047538,144.52958343812432,8140600
2020-08-19,143.97555541992188,145.6287329332562,143.59744245383393,145.41768471311437,12497700
2020-08-20,145.2770233154297,145.66392498960172,145.0307936423681,145.4352994433483,10319900
2020-08-21,146.1475830078125,146.26190250089996,145.10115711263586,145.76946994264765,6836000
2020-08-24,145.91014099121094,146.82467001019378,145.84859363638722,146.25309943666417,6490600
2020-08-25,144.7933349609375,145.1714478733051,144.0634750649745,144.52073943476074,10518300
2020-08-26,144.23934936523438,144.5031562622359,143.57983883161862,144.2569400697748,8276600
2020-08-27,141.78594970703125,144.9340143453106,141.71560031973314,144.88124224150678,19860100
2020-08-28,141.68048095703125,142.4982812019229,141.25839786619207,142.25206494745174,8415400
2020-08-31,142.62139892578125,143.55350529725237,142.06740560705464,142.10258702736323,11388100
2020-09-01,144.25262451171875,144.43750196520088,141.8933045017469,142.40390370862838,10587000
2020-09-02,145.62594604492188,145.74919319634816,143.92689506933567,143.94449221030226,15167700
2020-09-03,146.03976440429688,147.2282300985953,145.64361365050982,145.91651720460897,16416600
2020-09-04,143.2666778564453,144.99213843723567,143.0113714819922,144.7368454957182,13780300
2020-09-08,144.14697265625,145.4850806777543,144.14697265625,144.70157809207075,13790400
2020-09-09,143.75962829589844,144.59594921206062,143.28423683084148,144.32304576464335,9558900
2020-09-10,144.4903564453125,144.68403251825538,142.57120629513383,143.02018875192692,8847700
2020-09-11,144.7985076904297,144.8777486024713,144.44637660579517,144.64885130781303,5458200
2020-09-14,144.78970336914062,145.32671198330897,144.57841666698053,145.07140553908147,4274900
2020-09-15,144.4375457763672,144.78967678236856,144.19103795264203,144.52557181139912,6928500
2020-09-16,144.00613403320312,145.15937820666178,143.4779242374064,145.0625401918635,8815200
2020-09-17,144.4463653564453,145.22106980183577,144.19987092980995,145.16823805360923,7813900
2020-09-18,143.99734497070312,144.58717166962919,143.79485692361456,144.52554136844554,7246300
2020-09-21,144.72805786132812,145.60839887856963,144.49917403270297,145.1594297956341,11086900
2020-09-22,144.61355590820312,145.15056421814876,144.26141160409767,144.76321220009856,10524100
2020-09-23,144.8072967529297,144.84250448263822,143.91814374077117,144.6400298127043,6224800
2020-09-24,145.36184692382812,145.36184692382812,144.9216765894581,145.22100262585846,8278100
2020-09-25,145.36184692382812,145.62595181103669,145.00091745867343,145.35304835299647,5140300
2020-09-28,144.94810485839844,145.16819005462008,144.70161051326494,145.14178090570823,4470100
2020-09-29,145.1154022216797,145.46754666932256,144.86890782479827,145.08019449338397,10297600
2020-09-30,143.7244873046875,144.3759445733768,143.09945262806596,144.3759445733768,12971000
2020-10-01,143.9614715576172,144.29635195627276,142.85109776549612,143.2124012280514,11523900
2020-10-02,143.4239501953125,144.23470147987527,142.92162944520672,144.1818284423601,8828800
2020-10-05,140.6215362548828,141.83765615235004,140.5774709190874,141.83765615235004,14726000
2020-10-06,141.3794403076172,142.24307810022367,139.83724725249226,140.41006988393815,22419400
2020-10-07,140.34837341308594,141.37063030587572,139.99587752784757,140.61275205044277,9429200
2020-10-08,141.1062774658203,141.22084470055339,140.70090846837152,140.97409484640409,8431500
2020-10-09,141.07981872558594,141.2384512907635,139.95181572800303,140.57751140404588,8441500
2020-10-12,141.52920532226562,141.59969371316836,141.09738660859537,141.37938051275813,3962000
2020-10-13,142.54269409179688,142.613195955975,142.04037335209858,142.06682331716408,7914300
2020-10-14,142.86874389648438,143.42393763548623,142.7365613142719,143.05381295843657,6954800
2020-10-15,142.62200927734375,143.8117064311801,142.44576133336776,143.67951038805597,9458800
2020-10-16,142.2253875732422,143.04495966222342,141.969830180158,142.46332959221746,8416300
2020-10-19,141.68785095214844,141.8640988561699,141.0445400513862,141.44110119714776,9286600
2020-10-20,140.33953857421875,141.00928600535406,140.07515998800494,140.8771034356739,11189000
2020-10-21,139.8549346923828,140.44537295302388,139.56411940934552,139.934244284067,10453700
2020-10-22,138.40081787109375,139.79319954194114,138.33031600140893,139.49356323406653,12664900
2020-10-23,139.2467498779297,139.42301119514534,138.13637619246413,138.18924920888858,8783800
2020-10-26,140.54222106933594,141.0181052073654,140.1280310942135,140.3042924471745,7227300
2020-10-27,141.48513793945312,141.61732047904067,140.9123155585895,141.2031305925325,6062300
2020-10-28,141.61732482910156,142.2870855751859,141.17669842114117,142.21658373629015,11765800
2020-10-29,140.24261474609375,141.73193460420046,139.65217679555735,141.6438039173751,11932400
2020-10-30,138.85903930664062,140.42766854425676,138.85903930664062,140.14566113455552,13095400
2020-11-02,139.89915466308594,140.43729672858464,139.67860485691912,140.0050142624326,10810500
2020-11-03,139.08753967285156,139.36983643843348,138.54056697360542,139.2551596873967,16228700
2020-11-04,142.1046905517578,143.06628473190287,141.62829530530186,142.59872009527103,21570800
2020-11-05,142.3516845703125,142.68692462366334,141.66357016912445,142.59869930605728,18537500
2020-11-06,140.63137817382812,141.08129492127043,140.21674347153578,140.81663246812548,12408400
2020-11-09,137.6759796142578,137.7553742969095,136.41444145227317,137.59658493160612,23245000
2020-11-10,136.882080078125,137.45550437877546,136.54683995456523,136.70564286725534,12561000
2020-11-11,137.37608337402344,137.57016830724191,136.71443386385877,136.75854652346183,5888200
2020-11-12,139.71388244628906,139.74034734528152,138.24944201063656,138.45234405667605,15999700
2020-11-13,139.5286102294922,139.82855468707038,139.30806045869238,139.70504735387408,7344600
2020-11-16,139.19338989257812,139.63448949636023,139.0434176426472,139.1492772399416,6310400
2020-11-17,140.10202026367188,140.41079529648468,139.90793540783898,140.06673822683334,7444600
2020-11-18,140.50791931152344,140.77258185600036,139.69629738007814,140.65789161242458,10333300
2020-11-19,141.23126220703125,141.78705199297394,141.01071241404333,141.1254026140102,10637200
2020-11-20,142.48399353027344,142.51045843040734,141.495934695162,141.6194420495509,7246800
2020-11-23,141.83120727539062,142.02529222846124,141.39892470513422,141.8753199395058,11300000
2020-11-24,140.41970825195312,141.1695832939906,140.27855308570884,141.143118382982,10891700
2020-11-25,139.9873809814453,141.07249583210134,139.9344511762998,140.4902410529142,9145800
2020-11-27,141.34596252441406,141.3900751784274,140.78135555240257,140.8078204525522,4708200
2020-11-30,141.1694793701172,141.61939598734878,140.94009902850735,141.17829651353,13071600
2020-12-01,139.08802795410156,140.1830750569361,138.3638806421428,140.0152841687986,13662800
2020-12-02,137.9841766357422,138.58467730445267,137.30418684027643,138.54053314794302,12114300
2020-12-03,139.0968475341797,139.37061940324838,138.27557235201698,138.5934883685026,9626500
2020-12-04,137.05691528320312,137.5779402812039,136.6771893109365,137.48963849638264,12734500
2020-12-07,138.2933349609375,138.54060164972907,137.92242145272624,138.0725601691576,9316100
2020-12-08,138.9468231201172,139.5914952299045,138.82318977269654,139.1499456355416,7397200
2020-12-09,138.48757934570312,138.92912880647884,137.77225790022953,138.24913886387858,7750100
2020-12-10,139.71505737304688,139.7856934141247,138.49637680168493,138.85845051854136,10025100
2020-12-11,140.2095947265625,140.75711164899158,139.81220297721825,140.10361371172434,8135900
2020-12-14,139.82106018066406,140.13897634578072,138.74367836971433,139.07926028706547,7535900
2020-12-15,139.3529815673828,139.87400658138063,138.9202583409174,139.33531581986946,6847500
2020-12-16,138.9821014404297,139.43247700329684,138.10782872719673,138.27561966483913,9954200
2020-12-17,138.61439514160156,140.0818721765362,138.287298435837,139.79014383905545,9422700
2020-12-18,138.19886779785156,139.12709162717152,138.0662566856192,138.89723776159943,6505000
2020-12-21,138.74696350097656,139.09173082899886,138.3049534143286,138.96796854430053,8988200
2020-12-22,139.46304321289062,139.52493111110755,138.8619158597655,139.28624184368206,7370800
2020-12-23,138.49942016601562,138.51710434402713,137.42976345514083,138.45521646552461,9266600
2020-12-24,139.04747009277344,139.17123232671122,138.65851270687747,138.70270290615596,3117100
2020-12-28,139.1094207763672,139.18897935788345,137.99556016790567,138.24308474756378,7791100
2020-12-29,138.93252563476562,139.04743901190398,138.22530724645867,138.25182675572665,9030900
2020-12-30,139.2331085205078,139.2596280334813,138.5082058617106,138.6319815743478,9097300
2020-12-31,139.43641662597656,139.745828901342,139.18889220131197,139.19774103088037,7742100
2021-01-04,139.2685089111328,139.83428118800785,138.38448888544838,138.4994158052914,13152900
2021-01-05,138.23419189453125,138.74692507171852,137.60654529921612,138.74692507171852,10458100
2021-01-06,135.39654541015625,136.0065215439848,134.62743861620442,135.98000201547734,22827300
2021-01-07,134.20309448242188,134.52134227045767,133.71688071055098,134.18541030278746,14651900
2021-01-08,133.76983642578125,134.33560836288166,133.18638032184634,133.9112692932561,13622500
2021-01-11,133.54891967773438,133.67268194910943,133.03618641373035,133.4870317975089,8370700
2021-01-12,133.4428253173828,133.62847546511793,132.5411210795241,133.30137887044896,12186300
2021-01-13,134.94564819335938,135.3169484653657,133.99091845957807,134.07047702254738,12533300
2021-01-14,133.68150329589844,134.93681005670834,133.3013676877878,134.8837710158265,14835500
2021-01-15,134.2119140625,134.6892788959637,133.9025016871859,134.53899712452005,11624700
2021-01-19,134.6450653076172,134.68926899928175,133.93784670820264,134.03508943423554,9575600
2021-01-20,134.7776641845703,134.79533486837857,134.18535905020275,134.36217380085841,5368900
2021-01-21,133.83175659179688,134.1500042584308,133.57539678573667,133.87596027948217,8162700
2021-01-22,134.26498413085938,134.3798975773012,133.85832892838476,134.23846460559767,9507200
2021-01-25,135.84735107421875,135.8650352510676,134.93681155808412,135.04288964102807,8712600
2021-01-26,135.59100341796875,135.7854889135919,135.18434824828148,135.34347887609852,7690300
2021-01-27,135.93577575683594,136.58110665860514,135.72360607489102,136.200984486998,7895200
2021-01-28,135.184326171875,135.66170448829158,134.51247588066954,135.60865196163246,10667800
2021-01-29,134.37109375,134.80426857934185,133.75228220028313,133.8583603262117,14965900
2021-02-01,134.52682495117188,134.84544165571845,134.0754569133615,134.22591292596496,8165500
2021-02-02,133.65945434570312,133.72140045224,133.2169319958012,133.41164291013487,9177500
2021-02-03,132.47348022460938,133.27887411848732,132.38498386010048,133.13726372962108,9633100
2021-02-04,132.11944580078125,132.30531109336874,131.69462820949119,132.01324477913568,8262600
2021-02-05,131.0131378173828,132.37611392627684,131.00429223397194,131.96014192593844,10258900
2021-02-08,131.5884552001953,132.10178280795355,131.0220270648607,131.25214735730765,11574800
2021-02-09,131.68580627441406,132.46464999877483,131.57075963674188,132.0663825505309,5218300
2021-02-10,132.56198120117188,132.56198120117188,131.99555318841465,132.11945889418314,8079800
2021-02-11,131.83628845214844,132.57086380271758,131.6504230892429,132.47350832780762,11962700
2021-02-12,130.19886779785156,131.0573618511049,130.12806263313226,130.7210406948642,14088400
2021-02-16,128.21646118164062,128.91565427439392,128.03060929956717,128.5262323247158,17789100
2021-02-17,129.0306396484375,129.55282619913004,128.31375572010163,129.17225001827643,11199100
2021-02-18,128.5084991455078,128.8625251597575,127.72966892358168,127.98632596729007,10755300
2021-02-19,126.80036926269531,127.729668981544,126.42865207609816,127.49954869599938,12741700
2021-02-22,125.83567810058594,127.216359496235,125.42856500695802,126.58797167166125,13203900
2021-02-23,125.47279357910156,126.11887244257612,124.91521108469013,125.25153239937775,12658500
2021-02-24,124.64971160888672,124.95062361235247,123.16284276490595,123.3310034446993,17363100
2021-02-25,122.61412811279297,123.83549453185998,120.90599774847108,123.48148193445371,52621700
2021-02-26,126.66767120361328,126.82698637024338,123.62311339859876,124.58782297969745,45423300
2021-03-01,124.99462127685547,125.30476505333858,124.13509386073233,124.64018283598317,22048000
2021-03-02,125.00347900390625,125.05664341282787,124.31230112504973,124.40977371505886,12482200
2021-03-03,123.64774322509766,124.1882706900893,122.95657873162786,123.50597594715191,19763700
2021-03-04,122.85025024414062,124.0021955768706,122.24770212850534,123.72750372880387,22366600
2021-03-05,123.08953094482422,123.47055171637618,122.27431144946641,122.43380474333536,20598000
2021-03-08,122.13252258300781,123.08065309420749,122.13252258300781,123.01863243543829,15236600
2021-03-09,123.82501220703125,123.89590262722245,123.1427037435354,123.40853943901114,14463400
2021-03-10,124.07307434082031,124.18825939861829,123.41734834621671,123.87812914028844,12387600
2021-03-11,123.17808532714844,123.5059550592901,122.69073588489043,123.31986610207679,14150700
2021-03-12,120.5640640258789,120.91851596085382,120.20075586288918,120.86533802988848,20402700
2021-03-15,121.27299499511719,121.47679647539157,120.87424826554962,120.94513867628926,11366500
2021-03-16,120.78559875488281,121.5033453755053,120.28937953672207,121.41474252709638,15567900
2021-03-17,119.88174438476562,120.09441552535458,118.87158012864373,119.75768959966145,27107500
2021-03-18,118.66779327392578,119.15515624688287,118.02093706670593,118.12726588954777,21615100
2021-03-19,119.40328216552734,119.47417256409642,118.56148065408132,118.80959028859255,18685000
2021-03-22,120.74126434326172,120.87418886844121,119.9526275026409,120.23618900625843,17047500
2021-03-23,121.83122253417969,121.87551720059798,120.6438253088477,121.03371572424383,16768400
2021-03-24,122.4869384765625,122.5312466651873,121.35271915676421,121.45019176335441,13863000
2021-03-25,121.52108764648438,122.86797821990449,121.4767794558595,122.62872480729926,20782000
2021-03-26,121.09574890136719,121.60969412464837,120.7058584891566,120.88307771626313,8433300
2021-03-29,120.06787872314453,121.26413236973065,119.59824160760185,121.24640638773961,13968100
2021-03-30,120.69701385498047,120.9628359606965,119.63367134826983,119.8906507450775,15020800
2021-03-31,120.02359008789062,121.0337548905956,119.60711732948934,120.81222740297639,19271300
2021-04-01,122.01558685302734,122.11319276941454,120.94193531222123,121.16376570951456,14885900
2021-04-05,121.48326110839844,121.53649826332907,120.62255766512803,121.1638246393552,8243000
2021-04-06,122.30838775634766,122.43261222014407,121.57190931403643,121.70501565775115,9282400
2021-04-07,121.45659637451172,122.53912991157735,121.45659637451172,121.96236269360878,11052700
2021-04-08,122.45926666259766,122.5125173393571,121.88251295586015,121.90913152451233,7847900
2021-04-09,122.01558685302734,122.61897257418079,121.64291341030889,122.00671851133868,8717800
2021-04-12,121.96235656738281,122.03334392323418,121.65180211741847,121.9712384490228,7659000
2021-04-13,122.87628173828125,122.90290030103698,121.74051126252971,121.8292488313502,13232800
2021-04-14,122.4858627319336,122.66333787628801,122.06883405316789,122.4769943904969,7293200
2021-04-15,124.53561401367188,125.09461751376531,123.74589819150145,123.77251676105564,23896700
2021-04-16,123.5683822631836,123.9854244346247,123.27556455518553,123.42642111885661,15238400
2021-04-19,123.21349334716797,123.61278540927927,122.93842578303473,123.10701907445957,13886800
2021-04-20,123.78134155273438,124.01204025418595,122.83190110783798,122.84965132778063,11476500
2021-04-21,124.02983093261719,124.14518709069749,123.39984008338286,123.81686884218936,11902200
2021-04-22,124.57109832763672,124.57109832763672,123.5151832924987,124.22504339119659,14156400
2021-04-23,124.27831268310547,124.64211793948876,123.77254620181786,124.56226221183157,12302200
2021-04-26,124.100830078125,124.6775838443727,124.09196173414425,124.35814744813152,9103500
2021-04-27,123.01820373535156,124.06524973321199,122.92059786724124,123.86115612024278,14137300
2021-04-28,123.09815216064453,123.24012690115619,122.41492410841308,123.02716479038871,15263700
2021-04-29,122.73432922363281,122.76981612998797,121.67841436181435,121.96235023101467,17178200
2021-04-30,123.01820373535156,123.09805938941103,122.43256852668962,122.90284765319039,15692000
2021-05-03,123.09199523925781,124.09612946630503,122.8787209531566,123.25194078435604,16447700
2021-05-04,123.92733001708984,124.54936320681821,123.66074049026153,123.95398761384202,18639700
2021-05-05,124.1316909790039,124.27387384673492,123.44744779243996,123.54519681909196,11127900
2021-05-06,124.33611297607422,124.57604495266122,123.69630341138166,123.74073726768432,21907600
2021-05-07,123.72296142578125,124.94038400784875,123.43860915125279,124.49607256195925,18346900
2021-05-10,122.46998596191406,123.74070990344293,122.35446067293644,123.47412038389025,15146200
2021-05-11,121.77686309814453,122.16785930140689,121.5369447037582,121.94570360039945,15158600
2021-05-12,120.49729919433594,121.5636442149567,120.28402476648674,121.44811887162432,20859400
2021-05-13,120.683837890625,121.1814643967393,120.52389232479055,120.79046826784797,13073900
2021-05-14,121.8124008178711,121.8124008178711,121.04818475679409,121.32365562311726,17566700
2021-05-17,121.5547103881836,121.89239140100261,121.35922584105012,121.59026289443204,6113800
2021-05-18,121.24371337890625,121.35923869748974,120.91492723747282,121.20816086889147,11423100
2021-05-19,120.950439453125,122.00790266371169,120.515009437205,121.33254071581071,14296000
2021-05-20,121.94571685791016,122.17676749003398,121.44809020304253,121.52806300986566,13310500
2021-05-21,122.33672332763672,122.36338093213894,121.7946627705741,122.3278419792395,10171600
2021-05-24,122.78987121582031,123.14532841125106,122.5321766135254,122.62104430220947,6868700
2021-05-25,123.92733001708984,123.96286895965721,123.18087663010922,123.18977153523102,12346900
2021-05-26,123.71403503417969,124.32718677574934,123.41190661521341,124.04282104544862,9793700
2021-05-27,123.21643829345703,123.24309589219126,122.62106265621306,123.07425539400269,10695200
2021-05-28,123.02095031738281,123.7851665156869,122.93208260808588,123.14535697481331,10258000
2021-06-01,122.99339294433594,123.0378771926853,122.13908083050822,122.64633161846257,11778500
2021-06-02,123.27812194824219,123.50949157793993,123.0912501339397,123.29592379016565,7347900
2021-06-03,122.81537628173828,123.2603273040197,122.67300227451719,123.2603273040197,10994000
2021-06-04,124.49735260009766,124.49735260009766,123.26929640065532,123.26929640065532,15773700
2021-06-07,124.11463165283203,124.32821301884618,123.9811517858399,124.22141554642573,7799800
2021-06-08,124.98672485351562,125.17361023574303,124.77315707819974,125.17361023574303,11230900
2021-06-09,126.0902328491211,126.49958021788404,125.6986737459018,126.15251893618125,12768300
2021-06-10,126.84667205810547,126.86447390676642,125.19145318226667,125.32494667897596,19698300
2021-06-11,126.64197540283203,126.72206333906291,126.22372029740924,126.64197540283203,8646700
2021-06-14,125.67196655273438,126.45508468928091,125.4850811505758,126.45508468928091,9401300
2021-06-15,125.52070617675781,125.55629628954837,125.0134554123916,125.29823063003504,18207300
2021-06-16,125.41392517089844,126.07245776416437,124.77320800461489,125.83218034003833,19676300
2021-06-17,127.2916030883789,128.9735176817553,126.04574545581484,126.24152502362202,35225800
2021-06-18,129.6853790283203,129.96124639991652,128.25263665879717,128.39502419859625,26616900
2021-06-21,127.51406860351562,128.58196200893215,127.27380480824274,128.49296636553785,16485000
2021-06-22,127.8255386352539,127.86112874499662,126.47288362494479,126.51738144624463,14530200
2021-06-23,127.49627685546875,127.7009505350907,126.99793385526142,127.35388926145856,12040900
2021-06-24,127.7009506225586,128.05690602899955,127.54966889587978,127.62975682550474,8788400
2021-06-25,126.37498474121094,127.61194804275277,125.80544797457644,127.48736229938984,15562200
2021-06-28,127.67422485351562,127.96789410577507,126.98899659824355,127.00679843806007,11460700
2021-06-29,127.88780212402344,127.896696254236,127.29155592916285,127.34496144691249,11217900
2021-06-30,128.4573974609375,128.97352882557425,128.20822591289527,128.36840180285202,15708900
2021-07-01,128.4644775390625,128.58922574378883,127.89419808938005,128.29517349053364,10810000
2021-07-02,129.2397003173828,129.2397003173828,128.41101871038484,128.51794186056912,9650200
2021-07-06,130.7545166015625,130.97728222734077,129.84562904135745,129.84562904135745,20037200
2021-07-07,131.91285705566406,132.37621325920625,131.18219303905107,131.49407028300928,20964400
2021-07-08,132.4296875,133.16036518309622,132.02871214547466,132.66137242221734,17487800
2021-07-09,130.56739807128906,130.9772928384038,130.53176155075275,130.87035608372315,14483600
2021-07-12,130.39808654785156,131.19113165064732,130.24660755029902,131.06638344110198,10610400
2021-07-13,129.40011596679688,131.39610114890118,128.88329801080906,130.82582161066233,23340200
2021-07-14,130.87033081054688,130.91488665001472,129.92580683857528,130.10401659991334,16038600
2021-07-15,132.31390380859375,132.41192124841137,131.0129462979725,131.83272234165725,18462400
2021-07-16,132.0643768310547,132.18020570841452,131.27133176358595,131.28914322377392,12787900
2021-07-19,134.96034240722656,135.3969543633608,134.21183951743004,134.505891796183,40203900
2021-07-20,133.65939331054688,136.07417899883353,133.44553338649683,135.91378065666183,25674800
2021-07-21,131.9663848876953,132.32280451173835,130.6921582184941,132.0376579352742,19988900
2021-07-22,133.2138214111328,133.49004856436622,131.93068945085798,131.97524528769327,18136900
2021-07-23,132.32276916503906,132.46534241518626,131.77922054581964,131.82377638605732,12639300
2021-07-26,131.93072509765625,132.82178768899155,131.77034035755324,132.7683261089572,10737700
2021-07-27,133.33859252929688,133.38314837379534,132.75940734042112,133.06236532855505,13036500
2021-07-28,133.34754943847656,133.36537450242417,132.117891956891,132.47431165660333,14346700
2021-07-29,132.60794067382812,132.96436026987973,132.34952490963508,132.57229055630134,11532000
2021-07-30,133.231689453125,133.40989926143413,132.82179465713085,132.8841755681343,14342100
2021-08-02,134.41998291015625,134.91958378073895,133.09067704063222,133.33156089362845,21232700
2021-08-03,134.49142456054688,134.91965215046199,134.17025046483312,134.49142456054688,13361900
2021-08-04,134.76797485351562,135.44601654977905,133.57249891225197,135.16052244332954,18267900
2021-08-05,134.0810089111328,134.64306689290154,133.82229180341352,134.50031984783212,15345400
2021-08-06,131.8416748046875,132.71597632781277,131.76138472475924,132.32344251046257,21144300
2021-08-09,131.36886596679688,132.5375783178443,131.35101918521667,132.17179416753163,12942400
2021-08-10,130.76217651367188,131.6543247703368,130.7532463187199,131.58295127623137,13716900
2021-08-11,130.68191528320312,131.35102669309632,129.9949707038161,130.6194719637618,17227600
2021-08-12,130.46780395507812,130.64623093575884,129.74515222169632,130.3339735097381,14709400
2021-08-13,132.52865600585938,132.53757258971126,130.9763127900097,130.99415957081857,18653800
2021-08-16,132.849853515625,133.84013902271604,132.7606332088895,133.0996540387554,19170900
2021-08-17,132.79629516601562,133.3494228194083,132.63570137474093,132.82305852904403,14126900
2021-08-18,133.24240112304688,133.3494546006746,132.4394592015163,132.6714265538531,13144000
2021-08-19,134.22378540039062,134.23271560085863,133.6528107079677,134.0988851118328,15474300
2021-08-20,134.31289672851562,134.54485032957024,133.9203493935775,134.34857666210118,12388400
2021-08-23,134.22378540039062,134.26839556339922,133.75094762134245,134.00074819845807,10615000
2021-08-24,133.17991638183594,133.8847212640304,133.17991638183594,133.6081438160537,13835900
2021-08-25,132.07362365722656,133.26018248770845,131.6632430771214,133.11744911072964,16743800
2021-08-26,132.4394073486328,132.546474397449,131.6007858006006,132.0111799926746,16657400
2021-08-27,133.3405303955078,133.36729376338536,132.33239816176456,132.54651871789164,15384700
2021-08-30,133.68846130371094,133.7330578392716,132.86767268493975,132.9212130312035,10596300
2021-08-31,132.77847290039062,133.9025751944326,132.48406223961865,133.52787442975193,15262400
2021-09-01,133.0008544921875,133.4474958214823,132.64354688091635,133.34030626418328,10807100
2021-09-02,133.5814971923828,133.5904387433977,132.87580981327727,133.31352327019914,9765900
2021-09-03,132.3666534423828,132.6614384347275,132.15227427007054,132.44705926241525,12928000
2021-09-07,131.25003051757812,131.77707770964335,131.008853984193,131.54481546657325,15547800
2021-09-08,132.14334106445312,132.37560335634936,131.66097426586646,131.9021644803679,14533700
2021-09-09,133.7423095703125,133.89416601936472,132.07187500032344,132.35771842488805,20324600
2021-09-10,132.5631866455078,133.25101834555005,132.348807457226,133.00982812831668,14894600
2021-09-13,133.36712646484375,133.53685237987185,133.05447202869578,133.13486421042046,15036100
2021-09-14,134.98399353027344,135.39490970417143,133.61727164229941,133.75125863899618,19918400
2021-09-15,134.5105438232422,135.10904174441052,133.92990174658706,135.07331642496845,11940300
2021-09-16,133.89414978027344,134.39438593540225,133.54577005577923,133.69762648641384,13328900
2021-09-17,133.25096130371094,133.42068717538896,132.83111739916333,133.25988922259538,13782900
2021-09-20,134.90354919433594,135.21618994260368,134.19784827002965,134.50157472918517,14660400
2021-09-21,134.78749084472656,134.85002720638317,134.17112330459742,134.62670642404183,10035800
2021-09-22,135.59136962890625,135.59136962890625,134.38544621023988,134.69808696452594,22277800
2021-09-23,132.52743530273438,134.39439306300164,132.5095658304141,134.36759566972802,23853300
2021-09-24,131.23220825195312,132.07189644930483,131.08035177823882,132.06295489587546,20203900
2021-09-27,130.7498016357422,131.19644304449218,130.3121017786322,130.47288614318344,13464300
2021-09-28,128.71310424804688,129.5885311302274,128.3111297488972,128.92749700845258,26613500
2021-09-29,128.93641662597656,129.91009145976315,128.35578834575088,129.3473326493571,23569400
2021-09-30,128.9185791015625,129.08829138251807,128.3200676360771,128.7220557968627,22567600
2021-10-01,130.00350952148438,130.04821945093937,128.97492183734687,129.55630104517752,26151800
2021-10-04,129.67257690429688,130.10190690411642,128.88549920006926,129.3953098092389,28027600
2021-10-05,128.42037963867188,129.4221221954934,128.31305397836064,129.3326886944736,22659200
2021-10-06,129.1448516845703,129.44001089024485,128.82286106453614,129.0017417095066,18696500
2021-10-07,127.7942886352539,128.20571275879183,127.5349000964109,128.07155568540307,14856000
2021-10-08,126.8998794555664,127.32025650799503,126.58682806836403,127.23974861135596,17257800
2021-10-11,126.5779037475586,126.91777294345057,126.51528800364211,126.64945874872559,7213400
2021-10-12,128.74240112304688,128.8050032239927,127.43654613617105,127.57071689143557,17968700
2021-10-13,129.9945526123047,130.16449401170055,129.3148006624404,129.34163207837457,23584600
2021-10-14,130.47755432128906,130.5491093179154,129.64573942726292,130.02139292376114,12946400
2021-10-15,129.71725463867188,129.81564102289227,129.2163834636284,129.6904232291314,11811500
2021-10-18,130.3254852294922,130.58486011101814,129.2611269942675,129.69044326094266,12115900
2021-10-19,128.52767944335938,129.44892756962204,128.48295587798705,129.3863254962736,12156300
2021-10-20,127.66011047363281,128.5098037335816,127.46333767898558,128.12521104713696,12782500
2021-10-21,127.50806427001953,128.03576693738185,127.21290507105805,127.90160986863484,13660000
2021-10-22,128.9123077392578,129.1537904676112,128.08944585722944,128.30409717132133,13740000
2021-10-25,128.7155303955078,129.0643524163201,128.46509477275632,128.5008654412703,8137900
2021-10-26,129.77987670898438,129.77987670898438,128.56346937534408,129.3505468398996,13671000
2021-10-27,132.14112854003906,132.53466042505633,130.52222284443877,130.9425997864295,22092300
2021-10-28,131.6938934326172,132.66880416481473,131.33611863567793,132.18581160087498,17497600
2021-10-29,132.096435546875,132.37370260518327,130.87108874813762,131.00524582547422,19087300
2021-11-01,131.14537048339844,131.43194162019773,130.48265337780714,130.57221454468439,18035500
2021-11-02,131.7274169921875,132.15729399899377,131.19904187790272,131.19904187790272,9836700
2021-11-03,130.3662109375,132.52449245660736,130.33038101276165,132.38121375299121,20639400
2021-11-04,131.7363739013672,131.969213684805,130.61692821445928,130.6348295065717,15922400
2021-11-05,133.70664978027344,133.95740462258496,132.65884983237592,133.0081164816751,21513000
2021-11-08,133.45591735839844,133.6887572753434,132.99917451058064,133.40218612103547,12083800
2021-11-09,135.19329833984375,135.91869736424277,134.90671352446253,135.05000593215314,23430200
2021-11-10,132.72154235839844,135.16640909963976,131.67374232643786,135.07686160026657,28170600
2021-11-11,132.5244598388672,133.13344542352013,132.4438630257115,132.99910373648493,5552500
2021-11-12,131.94241333007812,132.9991640218546,131.43193928515493,132.54243487517218,12712000
2021-11-15,130.28561401367188,131.6110480648377,130.052774139063,131.54835252256964,15232700
2021-11-16,129.95425415039062,131.09161516824798,129.72141429044333,130.47367875960805,12998700
2021-11-17,130.98414611816406,131.0110117317178,129.3721546444866,129.47066644922145,14239900
2021-11-18,131.4767303466797,131.5573272027917,130.70655072522683,130.74238066024304,11054600
2021-11-19,132.86483764648438,133.079776246864,132.1663042766449,132.1663042766449,14022100
2021-11-22,131.3065948486328,132.22006703665775,130.86778055776176,132.00512838502874,15266000
2021-11-23,129.407958984375,130.84980599440402,129.407958984375,130.68859866282105,15318500
2021-11-24,131.4856414794922,131.4856414794922,129.66764880346216,129.8019905077598,13769700
2021-11-26,134.8081512451172,134.94247928635204,133.14241520824976,133.28570756230764,20064800
2021-11-29,133.7245330810547,134.0111041193638,132.69463467638903,132.82001206785753,23234200
2021-11-30,135.75750732421875,136.18738460218168,134.55746400308738,135.0768887984542,31481100
2021-12-01,136.59498596191406,136.65775772047235,134.30853696998204,134.93619982866113,30826500
2021-12-02,136.7653045654297,137.17776741750916,135.17823857616483,137.12395720762996,17754200
2021-12-03,138.39718627929688,139.08759320345786,135.70725079228797,136.00313165594588,34427100
2021-12-06,136.49632263183594,138.3972201447023,136.22732628096853,138.12822379383488,30924200
2021-12-07,135.3934783935547,136.7653449939977,135.26794856350517,136.03906428573086,22115900
2021-12-08,133.0531768798828,134.92716201073702,133.0262786191888,134.9182004844122,33633900
2021-12-09,133.7974090576172,134.35332475008101,133.13388662856082,133.9050021124886,17544900
2021-12-10,133.47463989257812,134.71201497002113,133.42980488451997,134.4250818638277,14298700
2021-12-13,135.4472198486328,135.67138114553092,134.7747359579385,134.84646921475226,17860500
2021-12-14,135.1244354248047,135.33065999987556,133.8780990839249,134.82854085271833,14015500
2021-12-15,133.82431030273438,135.20513803732442,133.71671724546596,134.1471031562611,25383900
2021-12-16,133.87637329101562,134.5406434535855,133.5083311591672,133.52628810873375,18677900
2021-12-17,135.39344787597656,135.52809078891718,134.7920200362706,134.95359153179933,18093500
2021-12-20,134.37908935546875,135.56400175217635,134.28933198117244,135.32163081700574,17147300
2021-12-21,133.86740112304688,133.93022990056664,132.51193222761242,132.97871703447893,16598200
2021-12-22,134.48675537109375,134.52265556483084,133.76862822212726,134.40595596519714,12253900
2021-12-23,133.31983947753906,134.28930935775477,132.87998321701875,134.28032403383918,11642500
2021-12-27,133.6429901123047,133.75967604371462,133.14030509261406,133.2659763475367,7821800
2021-12-28,133.11334228515625,134.45085405397538,132.86199981408302,134.2892826213443,9174600
2021-12-29,131.6591033935547,132.23360224720898,131.42571794264714,131.87454560009996,11771200
2021-12-30,132.76324462890625,132.8260870893162,131.4616468770809,132.17977402547507,10355000
2021-12-31,133.02359008789062,133.77761753026869,132.34136304247798,132.6824765651843,13402300
2022-01-03,129.5316925048828,131.90150249740486,129.51373555953012,131.4257461740788,33860400
2022-01-04,128.9931182861328,129.37911735047504,128.13137650500272,128.91233256236535,21996400
2022-01-05,128.29295349121094,129.40605151179227,128.10445346094895,129.38809456224473,20911700
2022-01-06,128.6251220703125,128.759778688449,127.72746607131009,127.99676561043952,18996400
2022-01-07,127.70049285888672,128.58020529241426,127.072136618609,128.48146261914644,18756800
2022-01-10,128.0146484375,128.19417679391412,126.89257908849208,127.15289315072225,13775800
2022-01-11,128.86741638183594,128.9302588390197,128.09543213394284,128.25701724017577,24388700
2022-01-12,128.3737335205078,129.27138919809315,128.36476189470187,129.1726465256732,14440600
2022-01-13,129.51377868652344,129.63944995156768,128.39170892822105,128.71486556649776,15166000
2022-01-14,127.55686950683594,128.7776817019984,127.27858475811088,128.7417678066813,22997500
2022-01-18,125.76155090332031,126.84770647320627,125.68973681402535,126.53353524181992,21171700
2022-01-19,126.63227844238281,127.20677746205503,125.95005143974032,126.14753676185924,17930500
2022-01-20,127.41329193115234,127.4581774695593,126.65027886966388,126.90162144817093,13959000
2022-01-21,128.93031311035156,129.3522124523236,128.06855747434832,128.72384240452445,28916600
2022-01-24,127.87103271484375,129.59452975895286,127.85307576831451,129.53170099180593,25001600
2022-01-25,127.66462707519531,129.0021393378312,127.28761322938989,128.4635403025992,15599000
2022-01-26,126.12064361572266,127.97879775109439,126.11167198842892,127.70051293929764,23655500
2022-01-27,128.4365692138672,128.69688331988692,127.76332749121093,127.83514158528415,21501800
2022-01-28,128.48143005371094,128.7776579984313,127.3324321635361,127.54786070723432,12826500
2022-01-31,127.81719207763672,128.3198770682723,127.43120670880536,127.62867835757902,13998400
2022-02-01,127.39290618896484,127.96820523994008,126.79962518496221,127.89629114404175,20806100
2022-02-02,127.8243179321289,129.05582739505024,127.58160968524588,127.59959162995702,18404600
2022-02-03,126.82661437988281,127.17718708867272,126.00860682063511,126.24233110397091,17234100
2022-02-04,124.95686340332031,125.97263112770321,124.75011895439486,125.71195453698947,23609800
2022-02-07,125.03779602050781,125.22655854799878,124.54339511196169,124.86700173244522,12962400
2022-02-08,124.20176696777344,124.57032150184078,123.88715828344509,124.23773086759944,16269200
2022-02-09,124.43555450439453,125.28052836281138,124.21982583669146,124.69624493282565,14349100
2022-02-10,122.45792388916016,123.8961785451933,122.10735120273135,123.74336621687438,30896200
2022-02-11,124.27374267578125,124.50745327570637,121.67590513160523,123.03324812462058,43210300
2022-02-14,122.72755432128906,123.81523590067086,122.22416948713843,123.26690305285504,23157400
2022-02-15,121.33427429199219,122.10733365819861,121.29832410305255,121.89160509213885,18198500
2022-02-16,122.05345916748047,122.31414959621863,120.91184467340985,122.2062715460226,16473700
2022-02-17,122.9613037109375,123.6624627703963,122.16127819281209,122.65567906720698,24508200
2022-02-18,124.25570678710938,124.38155301186669,123.29388500850914,123.61749154591506,17522600
2022-02-22,124.57930755615234,124.65122164071381,123.57253780471002,123.77029810820179,19534000
2022-02-23,122.8624038696289,123.91413543236159,122.76353742678772,123.76130941874663,17757800
2022-02-24,122.94337463378906,125.28052195032242,122.47593968399569,125.03782721157881,28150400
2022-02-25,123.03324890136719,123.42876970082652,122.41300162187105,123.0242647800034,15025400
2022-02-28,125.72994232177734,125.88275465267357,124.336649388249,124.43551585275847,25817700
2022-03-01,127.18358612060547,128.1106840372477,126.0134584028465,126.33749355954318,35664400
2022-03-02,122.83613586425781,126.39151329122066,122.78213228696592,125.86945582010118,30397400
2022-03-03,124.08724975585938,124.84332718885204,123.33117232286672,123.75421859155045,20649100
2022-03-04,126.22948455810547,126.75154195477577,125.39238802632102,126.33749169728662,25853100
2022-03-07,125.26637268066406,126.58951504738373,124.90633973415086,125.22136512875578,23710900
2022-03-08,124.0062255859375,124.43826780575031,123.53817183608847,123.77219184382572,28331300
2022-03-09,122.7911148071289,123.61920161479335,122.53009296745162,123.37618554369365,18819200
2022-03-10,121.02690887451172,121.66596931512495,120.36083291946294,121.35993998484892,26868900
2022-03-11,121.43196868896484,121.91801454200746,120.8019041630294,120.90991130051074,15583800
2022-03-14,118.59661865234375,119.61373130982224,118.5606208631673,119.44271090889697,24385000
2022-03-15,118.3896255493164,119.84777667145978,118.08359620616594,119.58675487509613,17518800
2022-03-16,119.55078125,119.82980886836934,117.30054079943723,118.65968108720115,25857700
2022-03-17,118.65968322753906,120.01882353981864,117.97561506260502,119.55078340641124,19330600
2022-03-18,120.10884094238281,120.19884232311742,119.32576163153817,119.32576163153817,55891700
2022-03-21,117.3275375366211,118.51565730150821,116.78747435797786,118.16462035570325,26122000
2022-03-22,115.8243637084961,116.4184304520473,115.51833431977347,116.07640326115963,21830900
2022-03-23,118.36264038085938,118.45265548706706,115.98638716137157,116.44543124052622,21266100
2022-03-24,117.43557739257812,118.07463813980578,116.65249792634275,116.69749175844929,17141600
2022-03-25,115.80638122558594,116.58046451255805,114.8972821341998,116.56245874280201,25684500
2022-03-28,116.7964859008789,117.51656565666504,116.14841549410929,116.46345467925916,17657800
2022-03-29,117.67857360839844,118.40764928008778,116.77847747359637,117.516549162258,19319700
2022-03-30,118.59661865234375,118.82164260421973,117.00345896180968,117.07546827453464,16310200
2022-03-31,118.88471221923828,119.41576570097772,118.50667344913334,118.79469710209868,19901000
2022-04-01,119.33726501464844,119.86012216579317,116.93032841302104,117.20075990894344,23489700
2022-04-04,118.50790405273438,118.9766611270804,117.83179783411073,118.93158462808891,13609900
2022-04-05,115.83050537109375,117.89487667072208,115.65019940152126,117.87684332268199,25196900
2022-04-06,114.8929672241211,115.65922635107253,113.9464227554221,113.97346590056961,22952000
2022-04-07,114.0275650024414,114.18983076926509,113.05397727920739,113.68500699590611,23458800
2022-04-08,112.79252624511719,113.4325725095949,112.01725738894267,113.0900076936021,26859200
2022-04-11,111.00762176513672,111.95417318790349,110.4847646577473,111.71077110652558,30020700
2022-04-12,110.85438537597656,111.92714286096057,110.58394011629211,111.82798005759018,23124200
2022-04-13,111.07971954345703,112.05331392189807,110.78223122598229,110.92647048695423,17189500
2022-04-14,108.85308837890625,110.81830383137284,108.5195402076919,110.7552008668412,34274500
2022-04-18,108.31220245361328,109.15057432258429,107.89752485616732,108.96126543316595,18784300
2022-04-19,107.50086975097656,107.92456400682232,106.97801271705171,107.41072364664291,26012300
2022-04-20,109.66441345214844,109.95288512002836,108.10485898417738,108.37530418181166,31423200
2022-04-21,108.85308837890625,108.99732765652563,107.42875646209772,108.92520801771595,23323200
2022-04-22,108.16796112060547,109.47510372891338,108.00569537880543,108.2400807564515,19773400
2022-04-25,109.24974060058594,110.15121546154575,109.19564743208733,109.42101614732728,25418900
2022-04-26,110.34956359863281,110.90847372499613,109.7636034436346,110.37660674955893,26931300
2022-04-27,108.93419647216797,110.26838201792769,108.87109351999929,110.15119278610186,14560500
2022-04-28,109.09648895263672,109.1415654485466,108.18600425908453,108.52856224379359,16892500
2022-04-29,107.68114471435547,109.05139004052509,107.37464663316578,107.55493881295904,26153400
2022-05-02,105.81464385986328,106.79892081840633,105.58889150539946,106.42869053958151,29233900
2022-05-03,106.52802276611328,107.73805208638312,106.4557803587916,107.49424257344143,21256700
2022-05-04,107.11499786376953,107.43104983594742,105.96817184976025,106.52804026434414,25575700
2022-05-05,104.18022918701172,105.17353845641532,102.96116060835305,105.06517481470294,48384500
2022-05-06,102.64505004882812,103.88217508406336,102.31996619853878,103.06946545833996,32790500
2022-05-09,103.54810333251953,103.58422454121022,101.69693789068077,101.91365825340876,26773000
2022-05-10,104.48722839355469,105.61599026828769,104.27954006667663,104.64977037909287,33640800
2022-05-11,106.50094604492188,106.50094604492188,103.34041269371718,103.61131141874229,34173600
2022-05-12,106.30227661132812,107.35879604473175,106.24809824738401,106.57317532046426,26405700
2022-05-13,104.73103332519531,105.78755267056144,104.65879091967925,105.63404272590105,20782700
2022-05-16,104.6226806640625,105.5979325723293,104.61364864007419,104.93873260949645,11050600
2022-05-17,103.35846710205078,104.1621450102424,103.26816752944575,103.58421947827125,15040800
2022-05-18,105.56179809570312,105.65209765598766,103.49390578493734,103.5932373680748,21337300
2022-05-19,105.81464385986328,107.2052791900903,105.5166490985114,107.13303678320224,21937500
2022-05-20,107.01566314697266,107.47619305471515,105.70629517258376,105.73338435663732,22780900
2022-05-23,105.2547836303711,106.78087186845289,105.23672647196878,106.2932459186028,15925200
2022-05-24,107.33171081542969,108.03605713030417,106.42870130622326,106.46482251332141,23388200
2022-05-25,107.75611877441406,108.01799234031324,107.08788682443051,108.00896031682284,14410800
2022-05-26,107.26849365234375,107.53939235435143,106.37451622371226,107.47618196827477,14912900
2022-05-27,107.53036499023438,108.12634763382404,107.22333820036103,107.78320652929757,11190400
2022-05-31,105.2547836303711,105.85980522279094,104.68589013358715,105.8146519926617,28393700
2022-06-01,105.13446807861328,106.14763353773716,104.65502272361043,105.8672047983971,15544800
2022-06-02,105.18875122070312,105.57773639098862,104.44696634965551,105.50536545194187,9832000
2022-06-03,104.96259307861328,104.98973045426888,103.91324211045333,104.1122518324852,15330400
2022-06-06,103.0267333984375,104.49221405495959,102.95436244959537,104.16655168684358,20815400
2022-06-07,104.139404296875,104.73644731325267,103.65091079165352,103.67804816944256,14278700
2022-06-08,103.2166748046875,104.14842809542942,103.19858552307336,103.74135369322993,11476100
2022-06-09,103.5604248046875,103.76848258376482,102.83672936919056,102.98146431528725,15527300
2022-06-10,102.91817474365234,103.67805588667146,102.1944859759431,103.45190185269857,21917100
2022-06-13,99.68867492675781,101.018461477491,98.82024444298087,100.85563033042833,36968300
2022-06-14,98.43128204345703,100.3943043535835,98.23226538422705,99.98722294106574,21865900
2022-06-15,100.26763153076172,100.40332530758239,98.63027882169621,99.58916954833053,25202800
2022-06-16,101.06371307373047,101.06371307373047,97.8070964529009,98.10561452440264,26067300
2022-06-17,101.38937377929688,102.06783585185372,100.376201266343,101.32605092859183,21614300
2022-06-21,99.67058563232422,100.43045971740926,99.33587524627181,99.58916660796683,17663800
2022-06-22,102.41157531738281,102.50203553597565,101.66074238988497,101.94117803969672,23703800
2022-06-23,103.25287628173828,104.18462971697377,102.6648744638532,103.03577036034186,20669200
2022-06-24,101.82357788085938,103.28001023775442,101.76930312772647,102.6377336862157,18161300
2022-06-27,100.95514678955078,101.51601120843004,100.55712043255595,100.61139518540239,12053000
2022-06-28,101.4255599975586,101.47983475522705,100.2947898683114,100.6747269753369,13706600
2022-06-29,103.00861358642578,103.03575095878128,101.47076243678933,101.66073094494936,12925400
2022-06-30,103.9132308959961,104.72737968448953,103.80467450341689,103.90418280452994,25802100
2022-07-01,104.9800796508789,106.58441732192453,104.43623672418572,105.05259388519481,21858800
2022-07-05,105.80491638183594,106.72944869080365,105.29732364316945,105.94993793907051,16689700
2022-07-06,104.02835083007812,106.53910263529559,104.02835083007812,106.40314017284378,20205400
2022-07-07,103.11288452148438,104.39091507147478,102.8862827225542,104.32746684438786,13088000
2022-07-08,101.97081756591797,102.87722483317057,101.56293706178975,102.87722483317057,15320000
2022-07-11,103.72921752929688,104.04645859083581,103.05847138165859,103.1400516062466,13639900
2022-07-12,104.3455810546875,105.35169342347504,104.20961861546328,104.69907924746832,18547300
2022-07-13,105.54203796386719,105.73238261245085,102.83187593488157,103.1219259111048,20594800
2022-07-14,104.68096160888672,105.2882596654377,103.75642934281137,104.30933826700178,15665000
2022-07-15,105.2701187133789,105.8864758102205,104.78065805571023,104.99819382067277,16022600
2022-07-18,104.17337036132812,104.52686858416516,103.49356502274345,104.46342036251075,15838300
2022-07-19,103.61140441894531,104.37279005998067,103.02224527349114,104.15525426911547,9276800
2022-07-20,103.8833236694336,104.73534860050967,103.37573788002881,104.67190037683406,9117300
2022-07-21,105.67803192138672,105.79586930527324,104.24591353281805,104.40906713598909,14754900
2022-07-22,107.45455169677734,108.10715892231103,106.92883398159448,107.21888394249942,17715300
2022-07-25,106.40315246582031,106.53911494398017,105.56925940893701,105.78679522478942,24868100
2022-07-26,106.4847183227539,108.07998997711888,106.41220408882695,107.73555773897284,13536000
2022-07-27,105.8864517211914,107.40014955505931,105.78674641090446,106.96507812411242,15725600
2022-07-28,106.72945404052734,107.78994886685389,106.33969864512461,107.00137898256219,16637900
2022-07-29,106.43941497802734,108.14345829995592,106.34877562644355,106.68414191883748,16655900
2022-08-01,109.0028305053711,109.05731154219424,107.22304504747362,107.37741260374187,17974600
2022-08-02,106.69636535644531,109.59306038603027,106.505674811412,109.10271030112882,17896300
2022-08-03,108.37625885009766,108.50338587385447,105.63393843032523,106.39670057286608,16731200
2022-08-04,108.33995819091797,108.55789621478068,107.64075941609617,108.04030553193985,11003000
2022-08-05,105.76107788085938,106.34223203714764,105.23440476175313,106.30590903639163,19492300
2022-08-08,107.46822357177734,107.63167362069179,106.750859853092,106.8235058588105,17476300
2022-08-09,107.05050659179688,107.47729316432654,106.66004301777012,106.90522152568884,8223200
2022-08-10,106.35131072998047,107.97672858440204,105.99717014510745,106.9052243479416,14665300
2022-08-11,103.872314453125,106.29681738934106,103.59989543489478,106.1242918105051,20663800
2022-08-12,104.9256591796875,104.94381721430203,103.90863604369034,104.51703065787551,12178400
2022-08-15,104.8348388671875,106.01531192098048,104.8348388671875,105.63393087698067,9031800
2022-08-16,105.27071380615234,105.35243535109106,103.73610013520738,104.65323673097062,11066000
2022-08-17,104.1719970703125,104.51705523234676,103.79969145809493,104.48073222667395,14131300
2022-08-18,104.32633209228516,105.00737264833779,104.05391309870298,104.39897808096077,10738200
2022-08-19,102.64643859863281,102.91885067800368,102.3740195913588,102.81897109843322,16330900
2022-08-22,102.30139923095703,102.5738113601337,101.82012463972656,102.48300731707481,10457200
2022-08-23,101.73837280273438,103.04597280294406,101.46595382672324,101.87458229073994,17813200
2022-08-24,100.99378967285156,101.58402629100607,100.6668896051938,101.23896125964299,13971600
2022-08-25,102.40126037597656,102.69183741814537,100.78492514591866,101.084584669128,21429700
2022-08-26,103.17314147949219,103.50911716730704,101.71117336878585,101.97450997117635,18764400
2022-08-29,102.31954193115234,102.61920146344296,101.82010937733462,102.5556379500392,14278300
2022-08-30,102.57381439208984,103.07324703553294,101.89277365716086,102.26507925098292,14346600
2022-08-31,101.5931167602539,102.91887526132648,101.32070461581435,102.32864548442171,13623500
2022-09-01,99.73312377929688,100.32460811816317,99.13254470136799,99.97882058496467,22490400
2022-09-02,100.29727935791016,100.60666701264081,99.61479923919008,99.80589283932609,13024400
2022-09-06,97.8130874633789,99.15985181982917,97.74938957140454,99.0961539278548,24648500
2022-09-07,99.36002349853516,99.62391668598019,98.46824628087442,98.56834393620007,17050100
2022-09-08,98.34086608886719,99.66032529233733,98.32266966799578,99.04154284447466,14671400
2022-09-09,98.55924987792969,99.0051419925167,97.94046748013089,98.5774532398773,12529800
2022-09-12,97.7493667602539,99.08702912210332,97.29437994017168,98.85043403174714,14806900
2022-09-13,97.97686767578125,98.0405655577704,96.67560499296137,96.96679630241869,22158900
2022-09-14,98.3135757446289,98.46826963316488,97.47640146749943,97.67658988307858,13077800
2022-09-15,98.2498779296875,98.450073287973,97.89498868274485,98.14067856810917,10260200
2022-09-16,97.43087005615234,98.32264721124844,97.15787520758994,97.39447028017419,18903800
2022-09-19,97.65838623046875,98.11337312251203,97.18520291746529,97.33079511279367,11084400
2022-09-20,96.68470764160156,97.22158880337635,95.91123136897845,96.17512458058842,20133800
2022-09-21,98.30445861816406,98.31356029916259,96.42991500027496,97.09419191965092,23132900
2022-09-22,95.7929458618164,96.4208300512523,95.30156608340097,96.26613616017522,29030600
2022-09-23,96.1842269897461,96.8485109122987,95.14685742278377,95.8566358693844,23042200
2022-09-26,94.3460693359375,95.92032682228238,93.92748228549014,95.87482536226824,25104600
2022-09-27,91.86183166503906,93.7090838951681,91.81633715080433,93.46338713661976,34609500
2022-09-28,94.93759155273438,95.04678399233882,93.25414099750769,93.84561855883402,39283100
2022-09-29,94.44618225097656,94.84657294762712,93.545310126062,93.6363061182419,19127100
2022-09-30,93.22681427001953,95.41985448954287,93.02662586310448,94.88296633029327,26485700
2022-10-03,94.7081298828125,95.48345266493322,94.08787026529146,94.72636974253855,27192200
2022-10-04,94.44361877441406,95.45610161733906,94.22470563406152,95.00002851544936,13788700
2022-10-05,93.54059600830078,93.8051122834449,92.65581307691895,93.70478260339353,20522100
2022-10-06,93.02068328857422,93.80512270883986,92.61021327566156,93.57708613248528,13965700
2022-10-07,92.11763000488281,92.69228648496787,91.64331710872463,91.95344343330454,14814800
2022-10-10,90.68555450439453,91.67979727250716,90.12002843290314,91.67067386386711,15652600
2022-10-11,91.08692169189453,92.03555459168562,90.29335197864303,90.97746164068363,33246700
2022-10-12,91.53386688232422,91.70717688176066,90.4757809425429,90.55787075756668,21447600
2022-10-13,90.65819549560547,91.56121813797402,89.70043935794766,89.71868617608477,30292500
2022-10-14,89.91024780273438,91.38792710513117,89.61836130636102,91.38792710513117,18728200
2022-10-17,89.472412109375,90.90448823917066,89.33559575479066,90.56699165990939,18969900
2022-10-18,89.68220520019531,89.80990509878485,88.35959612517964,89.34470863442435,16931500
2022-10-19,88.04947662353516,88.86128623137509,87.8579267456416,88.65149649044943,25431600
2022-10-20,86.54444885253906,87.86706532216283,86.41674891190294,87.50220536643472,25434900
2022-10-21,84.98465728759766,85.67789032779017,84.15460788872237,84.84783396979185,46280300
2022-10-24,84.28230285644531,85.33127228597886,83.78061970693543,84.66540255654961,31332600
2022-10-25,86.73597717285156,86.86368404082324,86.14308772139307,86.27078763024166,31213100
2022-10-26,87.98563385009766,88.19543056728122,87.35625065767114,87.35625065767114,24843900
2022-10-27,88.9068832397461,89.2991063488723,87.76670059218421,88.45993359045616,20270000
2022-10-28,88.2957534790039,89.0528295235119,87.9400170236347,88.35048002317667,22244100
2022-10-31,87.66636657714844,88.13156305978266,86.68124707008401,87.89440311346209,23956700
2022-11-01,88.48565673828125,89.08001257060008,87.97359976336192,89.04343607578397,17585100
2022-11-02,88.10161590576172,89.27203586008841,87.74500379393572,88.61367986796957,25010500
2022-11-03,87.62614440917969,88.12905557878769,86.94948963542838,87.02264263414537,29097500
2022-11-04,86.1539535522461,87.47067932007356,86.1539535522461,86.95861542355603,23561400
2022-11-07,85.29444122314453,86.73918152197551,85.25786472461357,86.68432026230596,14522800
2022-11-08,86.22711944580078,86.83061419558804,85.74248610083482,85.7699237053167,20360600
2022-11-09,86.51058197021484,86.88547886448418,85.66934344898517,85.7882118347284,15637500
2022-11-10,89.83895874023438,90.00354947804523,88.36678796766311,88.44908682469506,45380900
2022-11-11,89.50975799560547,89.94866886069991,89.18972245660512,89.21715307762636,15943100
2022-11-14,89.29033660888672,89.60122638852484,88.77827259499169,89.52808036618605,13741100
2022-11-15,90.73507690429688,90.79908403397827,89.71095585314059,89.83897011250339,26608200
2022-11-16,92.71929931640625,92.76501470556596,91.2014060807324,91.45743458403798,28507700
2022-11-17,91.74088287353516,91.96033483713678,91.23796485668547,91.62200753705133,24528900
2022-11-18,91.1099853515625,92.25297493794426,91.02769344994532,91.98780051675311,14941300
2022-11-21,91.4939956665039,92.18893504143328,91.25625893991811,92.07006667814039,15534000
2022-11-22,92.79244995117188,92.92046419956971,91.9237738641828,92.03350335263237,18103100
2022-11-23,94.41090393066406,94.41090393066406,93.34106775897061,93.39592900585167,23234600
2022-11-25,94.09089660644531,94.11832723811962,93.66113144020322,93.82572220650329,9486100
2022-11-28,94.3560562133789,94.92297444911188,93.89886048714101,94.74009894911798,14563200
2022-11-29,93.24964904785156,94.1457488189171,93.18564192134689,93.40509392989813,16576400
2022-11-30,93.93543243408203,93.93543243408203,92.6918595608279,92.92045741287825,21581700
2022-12-01,96.93629455566406,96.98211878874605,94.49821878693214,94.5440500128774,53156800
2022-12-02,98.15530395507812,98.16447159683248,95.88221830031875,96.51465271699651,24479500
2022-12-05,96.78046417236328,97.14709296947332,96.1480366650327,97.00960629644922,20159700
2022-12-06,98.02701568603516,98.43030813537013,97.3304285371925,97.61456258493453,21754500
2022-12-07,100.33674621582031,100.52922474518296,99.1727004045664,99.32852235078938,30546700
2022-12-08,100.06177520751953,100.31841325260794,99.4201800947985,99.63098692060872,13377300
2022-12-09,97.4587173461914,99.14519980574627,97.40371848834556,98.9343929947328,25872200
2022-12-12,97.7703628540039,99.09022376732236,97.39457339515585,98.86108163614139,16897100
2022-12-13,98.71442413330078,99.97929313207565,98.49444965246012,99.9426295531251,23854700
2022-12-14,99.13601684570312,99.28266411694412,97.97197135119553,98.67773275967718,19517500
2022-12-15,99.52286529541016,100.25789664862585,99.37586323063411,99.58718001308314,20246200
2022-12-16,98.41110229492188,99.07262888795071,97.676071189384,97.94251978989708,20838300
2022-12-19,96.75730895996094,97.24426420472102,96.45411504043528,97.23508139579266,26126800
2022-12-20,95.03921508789062,95.37916138230193,94.72682423894557,94.98408316761792,28869000
2022-12-21,95.278076171875,95.92123038047175,94.59817670315613,95.8201633906891,15894100
2022-12-22,95.25968933105469,95.66395722987696,94.9840508528072,95.25049951250573,11322500
2022-12-23,93.86312866210938,94.46033362049101,93.73449224500926,94.24901688407883,15408900
2022-12-27,92.00717163085938,92.86164235401283,91.88773204947664,92.32874512671789,26475700
2022-12-28,91.46511840820312,92.59522088346324,91.28135706400494,92.47578126706833,17302900
2022-12-29,92.50335693359375,92.78817829557448,91.68563811196302,91.74995283917737,16593000
2022-12-30,91.47429656982422,92.38389940538222,91.29973206392958,91.75912488641328,20810200
2023-01-03,93.21997833251953,94.02850706932743,92.65032878467792,93.89987765687566,25313200
2023-01-04,94.49710083007812,95.0759402643787,93.90907858649965,94.83705403736928,21678200
2023-01-05,94.89216613769531,94.90135595551224,93.5139878757967,93.59668221659473,14771100
2023-01-06,96.63784790039062,96.74810467105212,94.3041321613776,94.35925704182021,27473700
2023-01-09,97.15238189697266,97.32695339424694,95.801766019651,95.93040244538503,21472200
2023-01-10,95.54454040527344,96.30713435769898,95.0943372929053,96.04068561493175,20545200
2023-01-11,97.09725952148438,97.13401178553471,96.19684657669518,96.44492260659054,18794000
2023-01-12,99.00833129882812,99.05426636975092,96.06821337845273,97.22588511627829,32029600
2023-01-13,98.08036041259766,99.04508807302608,97.74040722535253,98.40193396281457,17750800
2023-01-17,97.4463882446289,97.99766515447448,97.06968983333,97.08806245909554,13911700
2023-01-18,99.80767822265625,99.93630764718623,98.42031699954329,99.65148635140956,35497200
2023-01-19,99.18289947509766,99.56879474191895,98.7143238814493,99.32071871254972,17194700
2023-01-20,97.57501220703125,98.53054991836811,97.49232488103682,98.27329111334986,22754100
2023-01-23,97.11565399169922,97.57504688098783,96.9227098193715,96.99621436400469,12961500
2023-01-24,98.51222229003906,98.72353911506362,96.83084246239895,97.5015592330758,16417200
2023-01-25,98.7510757446289,99.14615381850662,97.97929222389631,98.65000877155943,11906500
2023-01-26,98.29170227050781,98.90728703847641,97.84149220756454,98.4387043449011,15549400
2023-01-27,98.04360961914062,98.27330601699536,97.49233966624483,97.565844195905,11845500
2023-01-30,97.68526458740234,98.4570479774912,97.56582500752819,97.8138939841211,11459700
2023-01-31,98.46623229980469,98.56729925732131,97.27181545335374,98.29166783572947,13705300
2023-02-01,99.64993286132812,100.02760042481667,98.02870810428983,99.06961132473336,25305800
2023-02-02,99.7789077758789,100.72769058143906,99.56704031092067,100.3315960382835,19548400
2023-02-03,98.28662872314453,98.66430331419836,97.71552064783006,98.35110889383525,20619500
2023-02-06,97.5589370727539,97.92739121331935,97.34706961689776,97.41154979427793,15182400
2023-02-07,96.77593231201172,97.85368221279245,96.72066560913447,97.0246465305806,18290300
2023-02-08,97.23650360107422,97.25493051994663,96.15876076478102,96.75750912754738,13530700
2023-02-09,96.31538391113281,98.21295655050507,96.15879019184756,98.07478272791879,20469900
2023-02-10,95.23761749267578,96.20482698682213,94.9889102949926,96.1679801746078,16598300
2023-02-13,96.03903198242188,96.18641222209311,95.41265015124273,95.53239703521385,13134300
2023-02-14,95.81795501708984,96.56409079070067,95.00734609607153,95.98376218591315,15440300
2023-02-15,94.92442321777344,95.75345183488456,94.41778837148524,95.38499779519532,15246900
2023-02-16,93.57954406738281,94.15987256250088,93.34005033486206,94.02169877662465,19267300
2023-02-17,94.3072738647461,94.3072738647461,93.00845685387725,93.12820374690956,19560900
2023-02-21,92.47418212890625,93.22031084902548,92.37285513878984,93.04529725248858,22728000
2023-02-22,93.32164001464844,93.6716812715059,92.99002568068448,93.02687249865959,15165400
2023-02-23,94.23359680175781,94.50072397268107,93.46904102894169,93.53352121292541,15829100
2023-02-24,93.0084228515625,93.77297826739898,92.63074835898917,93.44136403951352,21403600
2023-02-27,93.26637268066406,93.68088708145338,92.9531852716787,93.30321949839386,14209200
2023-02-28,93.6900863647461,93.69929982473724,92.3728426984448,92.63997681570152,14955700
2023-03-01,92.68355560302734,93.29300840089515,92.30495048023478,93.09909128134053,19000000
2023-03-02,91.86173248291016,92.01871203449106,91.3076754030013,91.47389111794827,23763600
2023-03-03,94.08716583251953,94.09640199559571,92.86825297620618,93.20068439566694,30877300
2023-03-06,93.35769653320312,94.50273457489259,93.25611983928955,94.39192875980918,16631900
2023-03-07,93.9301986694336,94.53042253621048,93.15452290671891,93.690107713697,23096500
2023-03-08,94.02251434326172,95.08444751244065,93.65314536548723,94.55809900877837,20252400
2023-03-09,94.25337982177734,94.66891556595411,93.57005171430494,93.77320502750356,21550400
2023-03-10,97.50383758544922,97.59618514878787,96.03560432407998,96.06330577502959,43921500
2023-03-13,97.72545623779297,100.7450339408139,96.99595421981674,99.91395524659227,51502500
2023-03-14,96.11868286132812,97.52228372358844,95.80472377471582,97.08827565493068,38417800
2023-03-15,97.97474670410156,99.46145173955091,97.28218250914544,98.60267185600021,45164100
2023-03-16,97.20832061767578,99.75695917680727,96.99593818073964,99.15673538328085,43089300
2023-03-17,98.66732788085938,99.4799411850163,98.30719500110929,98.4826468818029,38129000
2023-03-20,97.79932403564453,98.76890990097283,97.62387214543463,98.69503467929194,24242800
2023-03-21,96.9590072631836,97.34684160140542,96.53423531487462,97.03288248335787,18934900
2023-03-22,98.25179290771484,98.29795963528933,96.441892330786,96.64504565847379,26388500
2023-03-23,98.25179290771484,98.39030718069547,96.79278904989218,97.29143620554531,25475100
2023-03-24,98.66732788085938,99.20291264130307,98.12251400205282,98.88894648875285,23652700
2023-03-27,96.34952545166016,97.66078565494392,96.34029633507434,97.00515907586562,22224500
2023-03-28,96.52496337890625,96.66347760411745,96.05401783123864,96.25717108886491,17794300
2023-03-29,96.33106231689453,96.45110424132575,95.6661995613089,95.75854004511194,16804400
2023-03-30,96.77430725097656,97.00516198483373,96.28488929729237,96.46034114946457,14315800
2023-03-31,98.22408294677734,98.39952776855625,97.03287157461963,97.28219160826754,25396700
2023-04-03,98.68604278564453,99.14892291790646,97.85285713497501,98.01949426510892,18234800
2023-04-04,99.17668151855469,99.79694618187162,97.8991350646426,97.92690673883797,18052400
2023-04-05,100.21355438232422,100.32464816311523,99.43591910575928,99.76918632215089,23047700
2023-04-06,100.47274017333984,100.78750227273336,100.34313432740984,100.37090599968215,16447300
2023-04-10,98.85266876220703,99.75991682679111,98.64900039691328,99.64882306490648,19134400
2023-04-11,99.05633544921875,99.13965047197851,98.60271495610701,99.10262628163376,13971200
2023-04-12,98.95449829101562,99.21370999356618,98.01947859568182,99.10262329989547,20563000
2023-04-13,98.17687225341797,99.41738753394021,98.01948765119589,99.1026324554757,22079400
2023-04-14,97.27888488769531,97.71399331793083,96.9918944188011,97.56586829359964,19801900
2023-04-17,96.12167358398438,96.82524617979894,96.01057982849251,96.6678686567606,19528800
2023-04-18,96.46421813964844,96.8252640830189,96.09391967885134,96.10317219627798,15922600
2023-04-19,96.37163543701172,96.50124130001235,95.79766863314885,96.19574580179075,16093900
2023-04-20,97.19557189941406,97.46404323391782,96.97339140509702,97.04745392419956,16450100
2023-04-21,96.64937591552734,97.63067956507444,96.52902255723085,97.48256159108173,15244700
2023-04-24,97.58439636230469,97.65845181824142,97.05670621219065,97.16779999058159,17034300
2023-04-25,99.01930236816406,99.1766798946872,98.38978519908231,98.43607603064288,21899900
2023-04-26,97.96395874023438,99.27853672582258,97.82509327685739,98.86194739868252,19610400
2023-04-27,96.99188995361328,97.45477003885395,96.84377199909085,97.38996710943984,20247600
2023-04-28,98.55643463134766,98.83416552946943,98.00097989809424,98.32499457057622,26949000
2023-05-01,95.71458435058594,97.83992607103185,95.44543553035683,97.7007101873528,32487300
2023-05-02,98.09981536865234,98.09981536865234,96.41996265869717,96.52205385905181,30057800
2023-05-03,98.64738464355469,98.9350923125523,97.7100051312267,98.37823579027972,23656200
2023-05-04,97.67288970947266,98.79588580910435,97.58936440955364,97.65433089198471,25110500
2023-05-05,97.34806060791016,97.35734355737759,96.62414632739791,96.84688754890573,15090900
2023-05-08,95.98373413085938,96.40138178607393,95.89092590108305,96.0765423606357,20587000
2023-05-09,95.64036560058594,96.18793924238898,95.59395793431095,96.0580062737979,19182500
2023-05-10,96.56845092773438,96.74478446105634,96.18792793529481,96.21576969946065,22886800
2023-05-11,97.58935546875,97.93274666693297,97.19027366157435,97.72857137000939,19147200
2023-05-12,96.77264404296875,97.68218196446782,96.75408522371278,97.4965654486433,14195900
2023-05-15,95.77027893066406,96.03014481455851,95.70531245969045,95.9558953960703,20085300
2023-05-16,95.4825668334961,95.50113272903653,94.76793563310778,95.0370844719283,29251700
2023-05-17,95.20416259765625,95.74246039103718,94.99069723793072,95.66821095453996,21340900
2023-05-18,94.49878692626953,94.90715165895574,94.43382045341622,94.85146105307113,25536600
2023-05-19,93.83058166503906,94.53593719011783,93.67280691415009,93.97908054645202,29032300
2023-05-22,93.49645233154297,94.39670719372444,93.43148585080903,93.96978359449912,20131100
2023-05-23,93.7656021118164,93.96978450490568,93.0695296340023,93.20874554572819,21749500
2023-05-24,93.30156707763672,94.07188909549254,93.30156707763672,93.9976396545583,18473400
2023-05-25,93.06954193115234,93.55215621146058,92.83751774122393,93.45934087083614,22492800
2023-05-26,93.82128143310547,93.8955308601354,92.80965954287933,92.92103368342421,17030300
2023-05-30,94.75865936279297,94.88859231747423,93.969778686281,94.10899458938664,23125200
2023-05-31,95.58467102050781,95.76101164806013,94.545207314891,94.65657438002684,23787000
2023-06-01,95.95968627929688,96.43426843190221,95.50370516848649,96.10857270963356,21040400
2023-06-02,94.90814208984375,95.91315208480367,94.86161818800159,95.84801294251741,19122100
2023-06-05,94.73135375976562,95.32691374767639,94.18231768050207,94.31259598413035,14433200
2023-06-06,95.28968048095703,95.35481962601729,94.34980958825824,94.76856022084067,14332100
2023-06-07,93.87521362304688,95.31758943154948,93.78215872241563,95.0756410102012,25251100
2023-06-08,94.97328186035156,95.04772862335231,93.80077729144324,93.86591643416037,23845100
2023-06-09,94.8429946899414,95.1686903730156,94.30326635819937,94.5452147654688,22147400
2023-06-12,95.12217712402344,95.19662388838415,94.09855896278329,95.1407852652965,19010300
2023-06-13,94.18231201171875,95.22454547764865,93.95897880460329,95.01982041294504,25910800
2023-06-14,94.93606567382812,95.18732174308921,94.41495249259717,94.57314655123733,29094200
2023-06-15,95.84800720214844,96.43425944761387,95.47578051153376,95.87592296150866,25732000
2023-06-16,95.47579193115234,95.68982461123662,94.94537114096507,95.32690549687871,16758200
2023-06-20,96.13650512695312,96.46220800528307,95.95039528188072,95.95039528188072,17162900
2023-06-21,96.369140625,96.4528950203707,95.23385217412793,95.67121809532964,19720100
2023-06-22,95.2059326171875,96.08066442475362,95.10357008227508,95.66191376348273,23630700
2023-06-23,96.15510559082031,96.73205028164138,95.82940986218998,96.62038723161635,22896800
2023-06-26,96.2574691772461,96.59247253027033,95.99691259147936,96.42497085375821,12894900
2023-06-27,96.00621032714844,96.73204853776339,95.62468308038373,96.39704519445891,18105700
2023-06-28,96.41565704345703,96.62968261103966,95.6898188583785,96.22954723689526,23826800
2023-06-29,94.6755142211914,95.23385081704437,94.40564999494156,95.0756567498191,41091600
2023-06-30,95.79219818115234,95.90386124481837,94.79649563219704,94.97329784954667,32018800
2023-07-03,95.24913024902344,96.35016865758058,95.2304645993468,95.95826832182603,16011800
2023-07-05,94.34402465820312,95.17446797593546,93.99878137824646,95.07182827429585,28170300
2023-07-06,93.00972747802734,93.66288282706556,92.81378087331588,93.49492757747582,41375700
2023-07-07,92.44988250732422,92.93508262508021,92.36590131993088,92.5431894008704,28979600
2023-07-10,92.5711898803711,92.86977624046179,92.23527933541152,92.24461216134384,24665200
2023-07-11,93.04706573486328,93.28033655464829,92.64583964007863,92.90710181922017,20491100
2023-07-12,94.0827865600586,94.35338155899052,93.09371346630664,93.40163264980093,31928000
2023-07-13,95.0718765258789,95.14652491384079,94.2694241524438,94.53068639144833,32441500
2023-07-14,94.5119857788086,95.1184912029847,94.46532877738777,94.91321178690735,18566200
2023-07-17,94.55865478515625,94.69861869886647,94.16676152185593,94.45602217521981,18822000
2023-07-18,94.98787689208984,95.23980623515509,94.77326461411116,94.98787689208984,15412800
2023-07-19,96.06090545654297,96.08890393030538,94.92255001694834,95.17447932993535,27192500
2023-07-20,94.8945541381836,95.46373543297547,94.5026609211051,95.37976136596988,56951200
2023-07-21,94.92254638671875,95.50105334954938,94.82923238213144,95.32377240232341,20655700
2023-07-24,94.57732391357422,95.31446057527447,94.52134119357643,95.16516383013285,17546700
2023-07-25,94.4000244140625,94.70794357460481,94.05478819059972,94.08277954721997,17160600
2023-07-26,94.49332427978516,94.88522459989477,94.17607943654225,94.87589177542903,19310700
2023-07-27,92.6551513671875,94.17607420305913,92.2912495406976,93.97079478937584,44794400
2023-07-28,93.13101959228516,93.17767659365616,92.51518846356969,92.74845923270685,27434000
2023-07-31,93.35498046875,93.61624263541891,92.95375439311984,92.98174575114007,28663800
2023-08-01,91.82515716552734,92.55496673291368,91.60060202290369,92.4801126392127,34943400
2023-08-02,90.84274291992188,90.98309260132046,90.20650435608006,90.79596445177656,38121300
2023-08-03,88.74687957763672,89.18663859087975,88.456828798043,89.06500600490078,59394800
2023-08-04,90.31877136230469,90.45912103278205,89.008853001984,89.02757009857072,42053300
2023-08-07,89.4299087524414,90.01001029768977,89.35505463741538,89.92580477214649,35862900
2023-08-08,90.46847534179688,91.10472096479694,90.23456161478921,90.62753496292679,24010500
2023-08-09,90.93630981445312,91.02987388478155,90.60882486058212,90.6462519164097,20151100
2023-08-10,89.43925476074219,91.09536804787582,89.43925476074219,90.79595874433767,37253200
2023-08-11,89.23340606689453,89.7012334942671,89.07433931634304,89.16791051260158,26747800
2023-08-14,89.03691864013672,89.75736973117824,88.7936463812157,89.08369709938462,19072000
2023-08-15,88.49424743652344,89.07434894051613,88.4755303398574,88.70009266896503,24125000
2023-08-16,87.80186462402344,88.69074118596957,87.68959058900639,88.21355512170297,23076700
2023-08-17,87.42761993408203,87.58667959713546,87.03463934388574,87.48375695904622,32244900
2023-08-18,87.7363510131836,88.12933147036527,87.2965992356725,87.4182317947526,24176000
2023-08-21,86.5667953491211,86.79135768335412,86.29546168759789,86.69779361333084,29254100
2023-08-22,87.23110961914062,87.27788808113348,86.51065134734274,86.67906951517391,21323100
2023-08-23,89.3924789428711,89.40183749158156,88.16677318560045,88.23226874961153,38294700
2023-08-24,88.80300903320312,89.40182759170335,88.78429193785483,89.00884711267233,22300800
2023-08-25,89.09305572509766,89.3643964875024,88.42874163996049,88.56909129478778,23865200
2023-08-28,89.1866455078125,89.50477195974909,88.78431352177866,89.49541340979982,16037300
2023-08-29,90.1129150390625,90.3000502894921,88.83107248139927,88.85914098434374,28478100
2023-08-30,90.01937103271484,90.19714777559844,89.71060315459539,89.97259256354859,17550100
2023-08-31,90.42168426513672,90.80530618066804,90.22519760296701,90.3281202076959,26959700
2023-09-01,89.01306915283203,89.9233779259032,88.7972270238954,89.90461184682329,32466900
2023-09-05,87.7649154663086,88.48753482374033,87.73676276716841,88.4781482040626,29435900
2023-09-06,87.98075866699219,88.31860535306484,87.70860399432853,88.29983211500942,23636300
2023-09-07,88.2247543334961,88.28105972385097,87.91506036676037,88.21536771513964,18091500
2023-09-08,88.56259155273438,89.05997487421592,88.37489500507735,88.57197101019884,17052100
2023-09-11,87.92443084716797,88.19658545041761,87.79304685385995,87.93381030391093,17061500
2023-09-12,88.43121337890625,88.44059283698903,87.82121208861783,88.11213280680037,20034300
2023-09-13,88.41244506835938,88.71275242124631,88.04644570577506,88.14029041107246,23332300
2023-09-14,87.77429962158203,88.41245370378307,87.65230220876889,88.1590722587426,27800600
2023-09-15,87.23936462402344,87.7273685265412,87.23936462402344,87.7085952903488,25636800
2023-09-18,87.73676300048828,87.774302319406,87.10799551837567,87.13614821759072,17963400
2023-09-19,87.08921813964844,87.68044622613564,87.08921813964844,87.3519861780872,24941800
2023-09-20,87.36136627197266,87.83998357969064,87.31444749899143,87.54906284357388,29451200
2023-09-21,85.11844635009766,85.74722093134476,85.1090668911943,85.67214230076416,59920500
2023-09-22,85.80352020263672,85.97244352944497,85.09028758279162,85.22167159698785,29524500
2023-09-25,83.69197845458984,84.49905573992486,83.66382576136282,84.14244302589671,45587900
2023-09-26,83.40107727050781,84.10492340553324,83.25091999162035,83.92661342682767,38104100
2023-09-27,82.96937561035156,84.10491304242181,82.66906108958032,84.02983441222901,47111200
2023-09-28,83.22274780273438,83.2696737313709,81.73997724047437,82.22798112268495,60238000
2023-09-29,83.23213958740234,83.98290437295316,82.70659636163568,83.77644172996182,48989800
2023-10-02,81.83881378173828,82.78024727413947,81.63169726419922,82.67668901536994,44704300
2023-10-03,80.07835388183594,81.5752373055402,79.91831186534412,81.25514608998692,71362600
2023-10-04,81.20804595947266,81.25511331927434,80.37017081979519,80.74673842847565,56281600
2023-10-05,80.80325317382812,81.14216986776259,80.6243784790936,81.06685345076185,35758800
2023-10-06,79.82415008544922,80.67144170124321,79.1369004463697,79.268700566319,62772200
2023-10-09,81.69759368896484,81.71642638021336,79.97476875065388,80.49256002147976,29424900
2023-10-10,81.5846176147461,82.06474345212848,80.51137698704679,80.82205171657641,54743900
2023-10-11,83.28861999511719,83.28861999511719,82.46957029290218,82.70492865970986,58517700
2023-10-12,81.02918243408203,83.0250240737083,80.89738231644864,82.89322395607492,66986700
2023-10-13,82.47899627685547,82.68611281305981,82.06476320444678,82.46957992996394,44183800
2023-10-16,81.15156555175781,81.31161470693863,80.86913980877596,81.14215638812244,38309800
2023-10-17,80.2572021484375,80.61494427610221,79.55112705622251,79.91828552956892,52949100
2023-10-18,79.55113983154297,79.75825637439817,78.93920655017126,79.43816521292148,63724600
2023-10-19,77.92244720458984,79.6170303682639,77.89420534895653,78.96743895842759,87696900
2023-10-20,78.36492919921875,78.64736214628617,77.92245426734495,78.1295708041853,52162600
2023-10-23,79.30635070800781,79.89004202457075,77.59294214026764,77.96010060602859,70890400
2023-10-24,80.35135650634766,80.35135650634766,79.16514815652897,79.49465566333355,46267700
2023-10-25,78.5626220703125,79.20279713246805,78.26136364003739,79.09923887369527,60737200
2023-10-26,79.76766204833984,79.85238761404301,78.51555379412056,78.59087019645725,49704100
2023-10-27,79.42875671386719,79.99361544657106,78.83564893934492,79.25929837579919,32362300
2023-10-30,79.07100677490234,79.55113992640572,78.36493156845495,78.90154843805223,45026900
2023-10-31,78.68502807617188,79.80532926236843,78.65678621520618,79.42876153940057,37269200
2023-11-01,80.39107513427734,80.40997249032021,79.37083412485033,79.3897314808932,72308500
2023-11-02,82.22372436523438,82.47878099811028,81.4490985819438,81.88364404991371,69739400
2023-11-03,82.78109741210938,84.12252890820069,82.73386842593418,83.89580382852736,77668500
2023-11-06,81.9781265258789,82.37488457518474,81.80808633228631,82.25208057151313,41341900
2023-11-07,83.18728637695312,83.60294172688049,82.7432921999361,82.762189556149,37834200
2023-11-08,84.60428619384766,84.6609710557957,83.55570633818064,83.58405237276953,53893400
2023-11-09,82.65827941894531,84.10361732305694,81.94033120253921,84.01860083798213,88975100
2023-11-10,83.12117004394531,83.53682544387503,82.91334234398046,83.34789510239636,36516400
2023-11-13,82.93223571777344,83.0739370706893,82.09148348629756,82.39377634247731,25661500
2023-11-14,84.8121109008789,85.16163990960486,84.34922658668577,85.01993857054138,65666800
2023-11-15,83.62184143066406,84.20753701728178,83.42346241113964,84.0847330167849,56205300
2023-11-16,84.66099548339844,84.98217856244747,84.3114663615817,84.3587025589627,49473900
2023-11-17,85.05773162841797,85.42615080970035,84.67986376865322,85.17109414851637,44091400
2023-11-20,85.57727813720703,85.64341166738141,84.65150961596682,84.66095829273868,40477800
2023-11-21,85.53952026367188,85.77568679426486,84.91603716343572,85.49228407466106,27721000
2023-11-22,85.841796875,86.26689366665634,85.37890537350935,86.07796336086001,31197500
2023-11-24,84.83100891113281,85.26555440231193,84.82156023319448,85.11440438421683,20199600
2023-11-27,86.24800109863281,86.28578139294852,85.21831150141966,85.30333518170247,39804400
2023-11-28,86.41805267333984,86.46528165109095,85.76623079819713,85.87959331781367,44989300
2023-11-29,87.50442504882812,87.57055139267793,86.70146024287156,87.01320180983393,61647800
2023-11-30,86.49360656738281,87.18321583814624,86.11574597723006,86.88092304168677,60520900
2023-12-01,88.12267303466797,88.18900877357785,86.36002942357315,86.5306080707776,64141700
2023-12-04,87.77203369140625,87.97104088392308,87.26976918070864,87.6488335983822,33766300
2023-12-05,89.65785217285156,89.66733076967832,88.67228777434781,88.72914489520636,73588600
2023-12-06,90.8519058227539,91.02248442195479,89.9042485449826,90.10325570570842,61606100
2023-12-07,90.3306884765625,91.05091000855107,90.08429556797806,90.19801704041342,47970200
2023-12-08,89.59151458740234,89.76209317647283,88.99449314068107,89.47779311800508,44800500
2023-12-11,89.40198516845703,89.4967566813924,88.63438507802964,89.08926375794486,33909700
2023-12-12,89.6673355102539,89.74314259872278,88.98502110367446,89.22193542651169,36996900
2023-12-13,91.77112579345703,91.90380446180113,90.04638986559728,90.18853990092579,70828500
2023-12-14,94.15835571289062,94.15835571289062,92.61820230559582,92.8463780163136,87798600
2023-12-15,94.26294708251953,94.45308628028745,93.72104239020096,93.82562112497695,59919700
2023-12-18,93.51187133789062,93.64497020766443,93.18862604462254,93.64497020766443,34746000
2023-12-19,94.0157699584961,94.36753548909948,93.79711058398696,93.9872498012424,30018400
2023-12-20,94.65274047851562,94.7763374927336,93.72104819704266,94.22492363035806,51229400
2023-12-21,94.05377960205078,94.91892228915967,93.88265144093604,94.82385270039474,65231200
2023-12-22,93.62598419189453,94.48161793938378,93.39780842277415,94.48161793938378,29237200
2023-12-26,93.89217376708984,93.99675250542732,93.62597597981103,93.68301629041486,24019700
2023-12-27,95.55591583251953,95.57492685133532,94.59569618204641,94.861893965541,45082800
2023-12-28,94.86189270019531,95.61295486694851,94.65273522928359,95.15661063465518,36213000
2023-12-29,94.00626373291016,94.89993403904845,93.93021239566046,94.2439413885132,41601700
2024-01-02,93.46434020996094,93.78758552844583,93.16962229723396,93.38828888797477,47797400
2024-01-03,93.85413360595703,93.97772334906715,92.36151854014155,92.5801778743629,58159500
2024-01-04,92.4280776977539,92.82737437441271,92.28546966941987,92.61821689996887,52604500
2024-01-05,91.54390716552734,92.865394068386,91.46784859116335,91.74355548322417,45883000
2024-01-08,92.44709014892578,92.5801890432075,91.3537715858868,91.48687773351426,39485800
2024-01-09,91.8576431274414,92.38052950493076,91.82911572211374,91.87665414431498,34374000
2024-01-10,91.42982482910156,92.26645469097342,91.3822936572604,92.14285768682672,48227800
2024-01-11,91.94317626953125,92.05726409691486,90.99246613469585,91.429791926319,78858900
2024-01-12,91.7625732421875,92.47560610921242,91.52489561984586,92.00976000035952,38867100
2024-01-16,90.14637756347656,91.06856799334334,89.85165960259606,90.90694893436668,61716700
2024-01-17,90.00377655029297,90.31751280927577,89.51891933551596,89.93722709414632,55506800
2024-01-18,89.1671371459961,89.91819929859948,88.90093937106738,89.80411142933916,77339100
2024-01-19,89.45235443115234,89.52841301787973,88.66327016723037,89.09108702421634,47020300
2024-01-22,89.98474884033203,90.39355463894503,89.73756208333815,90.14636788195115,35756400
2024-01-23,89.27172088623047,89.35728135296529,88.82488577324878,89.26221174992246,35786700
2024-01-24,88.74880981445312,89.88015745320403,88.51113222670507,89.85163730320937,54574900
2024-01-25,89.3287582397461,89.57594500214982,88.95798172281324,89.36678753037324,57019400
2024-01-26,89.1576156616211,89.43332253413828,88.88190878910392,89.30022366510852,29276900
2024-01-29,90.18438720703125,90.4791051036955,89.48086355692404,89.66149359680959,38243600
2024-01-30,91.00200653076172,91.11608714399509,90.07030708706645,90.77383805094979,40151400
2024-01-31,91.89567565917969,92.13335327188808,91.26820328002387,91.47736073974248,80646700
2024-02-01,93.69829559326172,94.10841669032672,92.69684217718373,92.91620504498454,84291200
2024-02-02,91.62862396240234,92.15320003159958,91.266194217937,91.81937492755613,63803000
2024-02-05,89.7782974243164,90.46501245272685,89.67338222404915,90.25518205219232,53827400
2024-02-06,90.65577697753906,90.7511524544139,89.85460696308904,89.88321887848325,33411500
2024-02-07,90.21703338623047,90.82745242460496,90.15026982719169,90.19796120222604,40120200
2024-02-08,89.69248962402344,89.94047174523826,89.33005981354349,89.6734101580231,50087700
2024-02-09,89.5112533569336,89.66385994798281,89.33004212591612,89.42541760698049,27951300
2024-02-12,89.61617279052734,89.78785157520335,89.17743973561825,89.55894895452971,27890300
2024-02-13,88.0805892944336,88.75776459267017,88.0615171110627,88.56701365223353,49768500
2024-02-14,88.52887725830078,88.74824742660414,87.96615679340427,88.0329203617256,44191600
2024-02-15,88.98668670654297,89.38726810262851,88.70055297980589,89.23466150791995,49598500
2024-02-16,88.47164154052734,88.55747728397769,88.07105290771237,88.20458730310551,33100500
2024-02-20,88.54793548583984,88.88176055150394,88.43348783057858,88.500251388375,24469300
2024-02-21,87.91846466064453,88.60517980133058,87.7563256070612,88.53841623357961,36404200
2024-02-22,88.34764862060547,88.47164328805924,88.00429108665747,88.06152219343704,45190700
2024-02-23,89.53032684326172,89.65431423270132,88.46210260726647,88.46210260726647,38406700
2024-02-26,89.2632827758789,89.68294367860534,88.88178080250982,89.65433175827104,27855000
2024-02-27,88.63379669189453,89.14883307630335,88.55749338827466,88.9294628975671,30242000
2024-02-28,89.19651794433594,89.27282124860662,88.60518552794716,88.77686432421439,34574200
2024-02-29,89.82599639892578,89.94045133890677,89.44448720900503,89.48263885566536,51038600
2024-03-01,90.38571166992188,90.42398319708043,88.98883377659783,89.40024356911808,45822800
2024-03-04,90.02212524414062,90.08910588346593,89.62985491102134,89.64898702258103,23864200
2024-03-05,91.30419158935547,91.54338312057565,90.86408004785585,91.1128412841978,37721900
2024-03-06,91.83998107910156,92.01219927880439,91.28506225743376,91.36159800209889,40571600
2024-03-07,91.75389099121094,92.23227414830843,91.35205089114048,92.19400261979492,39075000
2024-03-08,91.59123992919922,91.89740484926755,91.35204835728499,91.65821327735331,25014500
2024-03-11,91.54340362548828,91.8591382693118,91.24680839619532,91.81129703253326,17787900
2024-03-12,90.77796936035156,91.09370394061646,90.59618875619157,90.93105544758778,29566000
2024-03-13,90.33788299560547,90.6440479558921,90.13696292475002,90.41442606056424,38270100
2024-03-14,88.95054626464844,89.69682266126277,88.84530140876221,89.67769055089532,58365600
2024-03-15,88.92184448242188,89.16103600960761,88.77832810620122,89.03665174376151,34992700
2024-03-18,88.65396118164062,88.96968848563283,88.50087508311972,88.72093452485679,29519500
2024-03-19,88.90272521972656,89.2375919737652,88.68267305259307,88.83575186891883,26953100
2024-03-20,88.8740005493164,89.73509148085819,88.29994236147051,89.07492055008517,43460100
2024-03-21,89.06536102294922,89.39066532294694,88.72093191052036,89.23757922893702,34276600
2024-03-22,89.91688537597656,90.1369375012308,89.72552776755289,90.11780539016164,30258200
2024-03-25,89.46723175048828,89.69685365196369,89.26631167425371,89.65858211845968,24011800
2024-03-26,89.71595001220703,89.81163245760665,89.24713668784091,89.46719609289603,34423000
2024-03-27,90.60575866699219,90.60575866699219,89.87862159102954,89.9264555225932,50157800
2024-03-28,90.52922058105469,90.91192122187894,90.24218780088967,90.40483630319466,34540400
2024-04-01,88.84165954589844,89.56160814084511,88.755261906183,89.55200677561099,48945400
2024-04-02,88.35209655761719,88.50568179002316,87.68014011021455,87.90092757868734,43086300
2024-04-03,88.33289337158203,88.36169746847506,87.40176596886619,87.60335070494051,45494400
2024-04-04,88.96644592285156,89.0432421955406,88.35209038873062,88.91844642149701,47957400
2024-04-05,87.72813415527344,88.48648087551668,87.71853279019054,88.01611651819466,42466800
2024-04-08,87.71853637695312,87.92012110976239,87.47855350593791,87.5745525133008,37879800
2024-04-09,88.53447723388672,88.65926568075102,88.1600972459029,88.18890134012894,32537000
2024-04-10,86.6050033569336,87.64173092220126,86.44181679305663,87.54573193291398,74368900
2024-04-11,86.21144104003906,86.8162025397161,85.9234659997271,86.75860167269711,65751200
2024-04-12,86.6722183227539,87.30576932130944,86.66261695686322,87.0081928919649,47869400
2024-04-15,85.32830047607422,85.68347772609229,84.97312322605613,85.64507959173667,55993100
2024-04-16,84.76195526123047,85.03073491223512,84.27238814050274,84.521972383734,45103200
2024-04-17,85.70268249511719,85.79867417964647,84.91553896406342,85.30911439143834,57947000
2024-04-18,85.27070617675781,85.69307100351652,85.04031737267647,85.66427423393016,43839500
2024-04-19,85.5779037475586,85.80828528130793,85.34752221380924,85.80828528130793,44808000
2024-04-22,85.43389892578125,85.54909333614422,85.0979243835089,85.1267211551757,24969000
2024-04-23,85.46270751953125,85.95227467667623,85.00194446173332,85.17473243933172,27222700
2024-04-24,84.8579330444336,85.07871315428802,83.99399336225426,85.01151825254603,48986800
2024-04-25,84.26278686523438,84.37798128308698,83.84041465680433,83.95560907465695,49282600
2024-04-26,84.70435333251953,85.0595306233086,84.52197132801369,84.7139546981344,31589800
2024-04-29,85.41470336914062,85.45309418216509,84.9347376456819,85.10752559907488,39228600
2024-04-30,84.6851577758789,85.17472488962972,84.56996335979163,84.8771411456616,41054700
2024-05-01,85.30937957763672,85.93552262670984,85.0011255556961,85.34791224904875,59679500
2024-05-02,85.67542266845703,85.74285299537522,84.79882106916622,84.97221438829219,58925400
2024-05-03,86.54238891601562,86.81211759486385,85.99331125258875,86.62908925726988,50066100
2024-05-06,86.8795394897461,86.937334812066,86.37862219845921,86.57128552178276,23868200
2024-05-07,87.40935516357422,87.89100249232335,87.28412950386723,87.56348583646434,30525800
2024-05-08,86.8795394897461,87.13962578953998,86.85064182858615,86.9951301343859,31171700
2024-05-09,87.30339050292969,87.43825116446621,86.5231241969891,86.57129186868994,39606700
2024-05-10,86.81211853027344,87.06256985358432,86.65798785498511,86.96624185620666,21913800
2024-05-13,87.03368377685547,87.2841424828672,86.9951511029032,87.22634714661683,23157500
2024-05-14,87.52494812011719,87.58274344444006,87.10109614347061,87.32265713563257,25746400
2024-05-15,88.71943664550781,88.87356731867553,88.2666869797714,88.49788298952298,65142900
2024-05-16,88.63273620605469,89.0276831614883,88.56530587954873,88.99878550003636,37902400
2024-05-17,88.03549194335938,88.43044625273063,87.98732427414429,88.2763155907259,24755000
2024-05-20,87.77540588378906,87.96806186248016,87.66944289070263,87.73687321817995,17922800
2024-05-21,88.22814178466797,88.4015350926854,88.074018482738,88.36300977921839,15334400
2024-05-22,88.33411407470703,88.41117940846662,87.91026943773872,87.91989709244262,38073700
2024-05-23,87.76578521728516,88.4304609462521,87.48642885799987,88.4304609462521,51294700
2024-05-24,88.02586364746094,88.11256398878402,87.56348632492127,87.6309166573481,19151400
2024-05-28,86.7639389038086,88.0065897420444,86.72540624029499,87.97769208174772,45973700
2024-05-29,85.7139663696289,86.11854838322893,85.42497501742582,86.06074570317507,45508400
2024-05-30,86.54238891601562,86.66762192567677,86.15707693065679,86.31120025492932,29571700
2024-05-31,87.12999725341797,87.33229559526222,86.9373412651485,87.15890226607776,41308800
2024-06-03,88.53929138183594,88.60695211851632,87.58237314179415,87.61136954687615,42272100
2024-06-04,89.57352447509766,89.69918537703549,88.9162456881952,89.11922786694163,42581500
2024-06-05,90.23080444335938,90.23080444335938,89.30288273931275,89.89250080768605,43153900
2024-06-06,90.0954818725586,90.3081319764797,89.75717824107778,89.81517104234133,22891900
2024-06-07,88.442626953125,88.76160213168039,88.34596981932638,88.76160213168039,35240500
2024-06-10,87.8530044555664,88.01732231225122,87.62102587116043,87.95932950976629,20593200
2024-06-11,88.76160430908203,88.80026863844327,87.88200740866411,87.98833247079082,30329200
2024-06-12,89.42854309082031,90.4434614497333,89.39954668761709,89.91183614278522,42554600
2024-06-13,90.74308013916016,90.84940517636211,89.84415497202146,90.10513729041354,33093800
2024-06-14,91.50670623779297,91.67102410836989,91.09107391109046,91.26505970772097,28776700
2024-06-17,90.59811401367188,90.67543529333557,90.1631458650402,90.39512445296396,31040200
2024-06-18,91.42935943603516,91.43902736017036,90.59810232204275,90.75275223587899,26881000
2024-06-20,90.82042694091797,90.85909126894713,90.2211409181659,90.28880902306682,30246300
2024-06-21,90.82042694091797,91.32305583083043,90.4627874374982,91.09106986265552,22830900
2024-06-24,91.1877212524414,91.1877212524414,90.60777111746276,90.90741779720015,56939100
2024-06-25,91.34239196777344,91.39072422547974,90.89776321985049,90.92675962468742,23160000
2024-06-26,90.03749084472656,90.3467980816679,89.99882651830062,90.16314437476122,38489100
2024-06-27,90.39512634277344,90.57878005655516,90.29846921032335,90.39512634277344,23140800
2024-06-28,88.71326446533203,90.6367685961019,88.71326446533203,90.59811164451413,55119600
2024-07-01,87.18217468261719,88.3166756345543,87.09490139512549,87.67669618602231,49735400
2024-07-02,87.86093139648438,88.05486052164328,87.34701255668355,87.92880733008218,34204700
2024-07-03,89.01482391357422,89.10208979488017,88.32635854852724,88.40393315274682,35563300
2024-07-05,89.75177764892578,89.916625563944,89.11180553635201,89.4705752032157,34895500
2024-07-08,89.94570922851562,90.03297512171443,89.42209167555544,89.73238273679972,16095700
2024-07-09,89.54814147949219,89.86813120492849,89.08270860424136,89.66450339726599,30289800
2024-07-10,89.829345703125,89.8681330098286,89.46087738632431,89.64510784576349,23572500
2024-07-11,90.7020263671875,91.28382107412949,90.63415044134295,90.8377782188766,49761800
2024-07-12,91.08991241455078,91.08991241455078,90.50811017911307,90.6923480468632,27796500
2024-07-15,90.04266357421875,90.46931650920658,89.96508896823522,90.17841543572914,37918900
2024-07-16,91.31291961669922,91.35170692109726,90.55658567574193,90.69233754217417,36383700
2024-07-17,91.33233642578125,91.53596426881155,90.84750611439763,91.07052391479696,29036800
2024-07-18,90.63416290283203,91.28383362494323,90.54688961593475,90.83779070836292,34553100
2024-07-19,90.10086059570312,90.33358446470774,90.00389601591283,90.21722253020543,32164700
2024-07-22,89.83905029296875,90.6826502260547,89.4996705843754,90.56629569620716,36160400
2024-07-23,89.71297454833984,90.2075034105031,89.68388592078699,89.99417694455339,23498000
2024-07-24,88.74331665039062,90.03296675930841,88.69483806909044,89.7808529836134,50757100
2024-07-25,89.4705581665039,90.04266162585112,89.16996582222401,89.23784175151049,44999100
2024-07-26,90.16873931884766,90.32388856962984,89.89723552790228,90.12995200615211,34423800
2024-07-29,90.65354919433594,90.84748571409395,90.39174414006487,90.82808836315725,25801300
2024-07-30,91.00263977050781,91.19657631634746,90.46933091477506,90.90567519654938,28169800
2024-07-31,91.93350982666016,91.96259845805235,91.3808036364408,91.6620060697696,47445300
2024-08-01,92.72640991210938,93.31015152714986,92.541565328424,92.56101991838662,77254200
2024-08-02,95.61591339111328,95.70347761219269,94.26359284873327,94.37061166195043,91912900
2024-08-05,96.12181854248047,97.2309158206751,95.24621347480482,96.98769260313095,90686300
2024-08-06,93.97171020507812,95.74238219314105,93.97171020507812,95.48942799162023,61316900
2024-08-07,93.31015014648438,93.83550571611462,92.91126054361443,93.34905932583392,51337100
2024-08-08,92.73614501953125,92.8139782279898,92.26915319136329,92.54156942096819,37815800
2024-08-09,93.65068054199219,93.92308938938623,93.48528309385917,93.89390378753464,32141800
2024-08-12,93.99118041992188,94.19548703116283,93.28096536148887,93.42690077597055,24261400
2024-08-13,94.64299774169922,94.72083093671209,94.35113439427398,94.66245975174344,30366900
2024-08-14,95.23648071289062,95.49916593964468,94.86678410116586,94.90570070596586,31334100
2024-08-15,94.46788024902344,94.46788024902344,93.60200633466472,93.79658932937484,38723700
2024-08-16,94.7986831665039,94.89597096851355,94.38033893753726,94.7986831665039,28541000
2024-08-19,95.23648071289062,95.49916593964468,94.7694963004576,94.77921988472005,25322100
2024-08-20,95.9953384399414,96.18019046189015,95.46025181087528,95.65482741733868,25239300
2024-08-21,96.0537109375,96.51096432580206,95.54780251680793,95.99533232121514,29230000
2024-08-22,95.10028076171875,95.6353748245522,94.78895533132031,95.56727261860829,33453800
2024-08-23,95.72291564941406,95.9953244277334,95.30457147625724,95.5283400713524,32005100
2024-08-26,95.47970581054688,96.02452344333356,95.42133461348647,96.0147998588792,23198700
2024-08-27,95.31431579589844,95.42133460555601,94.76949816315702,94.84732395170326,21507700
2024-08-28,95.19756317138672,95.53807418180686,95.08082078071887,95.35322958905498,18501400
2024-08-29,94.88623809814453,94.99325690502855,94.4970794751648,94.73057910250266,24988200
2024-08-30,93.87442779541016,95.33376705140145,93.85497320460026,95.03217264705658,42896200
2024-09-03,95.40977478027344,95.71235071119789,95.087673497634,95.22432117267986,48947900
2024-09-04,96.63961029052734,96.6591281952982,95.46833494230447,95.53665877911199,40885200
2024-09-05,97.18619537353516,97.2935624604248,96.41510786166383,96.9616985245643,47450900
2024-09-06,97.17643737792969,98.3672306195113,96.81530029258222,97.16668214900761,57406400
2024-09-09,97.59613800048828,97.70350508697062,96.78601468440228,97.02026676093682,26961400
2024-09-10,98.27938842773438,98.4941226108688,97.4302143708136,97.47902030215856,31703400
2024-09-11,98.2012939453125,98.81620841795264,97.94751652704907,98.08416418763576,39497100
2024-09-12,97.7425537109375,98.14274150012925,97.30333011246135,97.95728789569993,41812500
2024-09-13,98.00609588623047,98.2013047237118,97.62542599368417,98.05489437223089,25722100
2024-09-16,98.90406799316406,98.9431112498266,98.00609543014504,98.22082217167933,30866300
2024-09-17,98.42578125,99.20663139112659,98.32817684404388,99.04070315632731,31699400
2024-09-18,97.20571899414062,98.31843318250613,97.15692050879126,97.84015887760017,48897000
2024-09-19,96.88362121582031,96.93241969918243,96.40534693039139,96.55175727395658,39979800
2024-09-20,96.5127182006836,96.87386273755924,96.35655262172368,96.62008529416717,37067600
2024-09-23,96.30774688720703,96.71768991040054,95.67330700079437,96.14181863211533,35703900
2024-09-24,96.2882308959961,96.52248299294233,95.50738064385544,95.65379099697431,31005400
2024-09-25,95.48786163330078,95.96612849766248,95.44881837647168,95.90756733578874,36738200
2024-09-26,95.71234893798828,95.89780254214607,95.08767173599745,95.72211161366491,33332300
2024-09-27,96.21013641357422,96.39559000861534,95.85875457388539,96.18085583472336,28317600
2024-09-30,95.75138092041016,96.34677747201013,95.53664676124443,96.27845364379729,34175500
2024-10-01,96.44271850585938,97.26526158554086,96.34479866729855,96.74627971744417,45254200
2024-10-02,95.62997436523438,95.6985189973314,95.04244040919741,95.3362073872159,35810800
2024-10-03,94.72908782958984,95.4830862166668,94.72908782958984,95.31661428615102,39677800
2024-10-04,93.56383514404297,93.96530871797748,93.41695165277729,93.45612108183511,56954100
2024-10-07,92.85879516601562,93.28964391993104,92.79025053670152,93.00567864906137,42606600
2024-10-08,93.01547241210938,93.05464184192691,92.37898225148291,92.42794590645605,33709600
2024-10-09,92.4866943359375,92.93713903379415,92.27127368275978,92.70212245991989,35807700
2024-10-10,92.1243896484375,92.13417640252102,91.46831852621858,91.92854250469739,53667400
2024-10-11,91.75228881835938,92.11460045094921,91.47811027296383,91.53686815469506,27406400
2024-10-14,91.8208236694336,91.83061789381254,91.04725177199447,91.10600217665966,28795300
2024-10-15,92.93714141845703,93.02526703281757,92.40836531987917,92.4964909342397,46429100
2024-10-16,93.32881927490234,93.63238048469309,93.16235480325227,93.40715813360994,32281500
2024-10-17,91.85021209716797,92.47690802220788,91.72290958467865,92.33002453053811,43427200
2024-10-18,91.91876220703125,92.32023580599004,91.90896798145513,92.09502091337552,25258600
2024-10-21,90.3128433227539,91.15495986315194,90.3128433227539,91.08641523297521,49504700
2024-10-22,90.40096282958984,90.83181903065118,90.17574050517946,90.72410498038585,32096900
2024-10-23,90.15616607666016,90.44993304795844,89.7546925180772,89.93094373589088,33354200
2024-10-24,90.73390197753906,91.06683089158685,90.04844823028121,90.31283998748773,32507400
2024-10-25,90.2247085571289,91.10600197921806,90.10720027724895,91.05703832823369,28667100
2024-10-28,89.97991180419922,90.37159862821919,89.51968034628611,90.35201017807556,33156500
2024-10-29,90.11700439453125,90.14637960002496,89.08883484822636,89.2748803066215,46545200
2024-10-30,90.38138580322266,91.35080482718027,90.24429654612983,90.91015438297829,41951100
2024-10-31,90.52827453613281,91.00809447419299,89.96033645013534,90.28347118966322,52173800
2024-11-01,89.25198364257812,90.90261514634155,89.2126894961268,90.64716571429877,80402000
2024-11-04,90.63733673095703,90.95174236882788,90.02817252807276,90.66681108825404,49747600
2024-11-05,91.11876678466797,91.275973348268,89.99869625509315,90.4211795247413,46986000
2024-11-06,88.62316131591797,89.1340751084064,87.98453031933877,88.0729533818728,98895700
2024-11-07,89.73340606689453,90.01833729859345,89.06529326401925,89.1635436034967,56221400
2024-11-08,90.87313079833984,90.98120842925404,90.23449229639809,90.39169884900818,56756200
2024-11-11,90.43099975585938,90.68645665377444,90.01834380262646,90.63732773247582,22369200
2024-11-12,89.07512664794922,90.24431851104913,88.92774738062812,89.77271385084674,57908400
2024-11-13,88.23014831542969,89.93972809685167,88.15154505062364,89.92007353264019,49009100
2024-11-14,88.74107360839844,89.43866086736622,88.69194468333558,88.97687595745282,53328300
2024-11-15,88.50526428222656,89.06529950209502,87.94522906235811,88.34805773123566,73722400
2024-11-18,88.66246032714844,89.00634027574031,87.85679552072433,88.09260533920505,36058700
2024-11-19,89.11441802978516,89.4779525451159,89.03582225286611,89.23232293919476,29585100
2024-11-20,88.82949829101562,89.24215424853544,88.53473975220375,88.57404139044674,27755400
2024-11-21,88.76071166992188,89.26179816981151,88.42665900067595,88.86878929727102,28365700
2024-11-22,88.8098373413086,89.11441564577606,88.57403502481833,88.92774224756398,21547500
2024-11-25,91.10894012451172,91.15806154991556,90.38187106673352,90.58819904388,56858000
2024-11-26,90.75524139404297,90.82401739287789,90.20502590734186,90.54891339753817,31122200
2024-11-27,91.38404846191406,91.74757551215765,91.04998827150443,91.41352281776935,39442200
2024-11-29,92.32726287841797,92.34690994979283,91.80652928274147,92.14058196826181,31905700
2024-12-02,92.54910278320312,92.82516153515901,91.69134235645144,91.95753971811267,39406000
2024-12-03,91.75048828125,92.7068399679872,91.68147359880692,92.60824863907368,32768900
2024-12-04,92.73641967773438,92.86459517938846,91.23781187145259,91.30682655617538,35851100
2024-12-05,92.92373657226562,93.06176592403187,92.34204252154149,92.40119580885974,23695800
2024-12-06,93.06177520751953,93.51530134028432,92.69697901458346,93.38713336429741,31761500
2024-12-09,92.20401763916016,92.71670460271322,92.15472573399622,92.6674051755128,30509600
2024-12-10,91.77021026611328,91.98711570106775,91.60260425620707,91.71104945164814,28706500
2024-12-11,90.902587890625,91.97725366846544,90.81385795260202,91.76034823502778,38748400
2024-12-12,89.79835510253906,90.45892528571278,89.71947902997125,90.35047256644111,45368400
2024-12-13,88.88143920898438,89.57158602150331,88.81242452773247,89.52229411891544,39486000
2024-12-16,89.14762878417969,89.34481894347367,88.78284015304789,89.27580426822963,23482300
2024-12-17,89.36454010009766,89.70961349910675,89.1870727060307,89.24622599670771,23839900
2024-12-18,88.24711608886719,89.44472628726447,88.22731663528234,89.04882027963652,61328400
2024-12-19,86.91091918945312,87.48498243589488,86.61399539221895,87.16825918807837,99083300
2024-12-20,87.40579986572266,87.9996625636273,87.38600796638885,87.62354851478398,45542400
2024-12-23,86.6041030883789,87.32663207099307,86.54471983409886,87.25734909057351,32764600
2024-12-24,86.9703140258789,86.99010592610183,86.08942721603326,86.14881046798027,22377600
2024-12-26,86.92082977294922,87.05939573922383,86.30717509996255,86.31707482649038,19981800
2024-12-27,86.20819854736328,86.88123646180456,86.16860719342219,86.58431263416433,27262300
2024-12-30,86.90103149414062,87.1385720544259,86.77235771255748,86.93072312026649,48519600
2024-12-31,86.43584442138672,87.3761145083828,86.36656144183205,87.22764882325752,31917300
2025-01-02,86.67338562011719,87.21775728579465,86.31707099372439,86.90103401247643,27841300
2025-01-03,86.39625549316406,86.98021097275854,86.28738115776872,86.82185310845172,21962200
2025-01-06,86.01024627685547,86.33686927182025,85.78259788759196,86.15871196104659,30231500
2025-01-07,85.04027557373047,85.88157103482179,84.91160934363168,85.71331345285917,41757200
2025-01-08,85.1491470336914,85.31740460998311,84.46620945179474,84.59488322883497,44590800
2025-01-10,84.5849838256836,84.97099005571914,84.28806002249824,84.40682652326117,47115800
2025-01-13,84.5552978515625,84.7829462453692,84.16929159572905,84.65427245923902,33258900
2025-01-14,84.41673278808594,84.48601576932398,84.02082680189197,84.35734953310435,33412900
2025-01-15,85.8716812133789,86.08942987895765,85.51536658811887,85.81229040831658,54120700
2025-01-16,86.14881134033203,86.5051259581786,85.3965907525139,85.75290537036048,34651100
2025-01-17,86.29727935791016,86.58431100512374,86.14881367124403,86.53481992580886,29875600
2025-01-21,87.06929016113281,87.26723937195699,86.73276744119768,86.9901074562918,30548600
2025-01-22,86.61399841308594,87.07918735138303,86.4259413823842,86.97031302321655,25278400
2025-01-23,85.94096374511719,86.09932160480793,85.64403237518923,85.75290670741092,31949000
2025-01-24,86.32696533203125,86.3863485822977,85.71331072459189,85.83208477640281,21110400
2025-01-27,87.34642791748047,87.5245852396466,86.95052191808031,87.25735303203683,42864200
2025-01-28,87.28704071044922,87.29693288530939,86.76246849427639,86.94061825710172,25519100
2025-01-29,87.10888671875,87.71264166450301,86.73277262391964,87.52458461708784,25342800
2025-01-30,87.43549346923828,87.80170780106407,87.26723589162023,87.50478399666953,25094900
2025-01-31,86.86144256591797,87.75222913094126,86.53481956686302,87.47508965971743,48812500
2025-02-03,87.56867218017578,88.5023619955665,87.21108626680214,87.98585321970485,70657200
2025-02-04,87.83685302734375,87.85671554223691,86.89322821640626,86.96275838586249,33414000
2025-02-05,89.28705596923828,89.57511168346272,88.79040975400024,88.85000487479844,48331200
2025-02-06,89.24732971191406,89.54532049354465,88.94934650850387,89.25726475882719,22509900
2025-02-07,88.67121124267578,88.85000418189594,88.34343050262197,88.64141368250905,31171200
2025-02-10,88.40303039550781,88.92947419546022,88.25403500841068,88.66128856126151,22736100
2025-02-11,87.83685302734375,88.0851761437189,87.78718537278068,87.93618075824979,21513000
2025-02-12,86.64490509033203,87.01241845246524,86.27738414997873,86.70450021322496,48536200
2025-02-13,88.08517456054688,88.29376506516654,87.47926556122404,87.49912807576021,42718100
2025-02-14,88.5520248413086,89.07846863566496,88.52222727984994,88.78047786463829,27460700
2025-02-18,87.50907135009766,88.24410570856645,87.4494762226658,87.94612249318646,29429200
2025-02-19,87.61832427978516,87.85671234091728,87.30047100553571,87.36006612626379,20584300
2025-02-20,87.94612121582031,88.16464678419077,87.85672094775033,87.85672094775033,27913400
2025-02-21,89.00894165039062,89.32679494768723,88.2242396649539,88.27390732130853,46912300
2025-02-24,89.26720428466797,89.45592471616392,88.66129522231294,88.73082539775267,26218000
2025-02-25,90.80679321289062,90.88625842700944,90.19095674901973,90.35981464535725,50125100
2025-02-26,91.34317779541016,91.44250553020626,90.58827337016302,90.8067989336467,32220200
2025-02-27,90.6975326538086,91.17431637194949,90.52867475334581,90.6975326538086,53373600
2025-02-28,91.81002807617188,91.85969573354093,90.85646816480619,91.23391659486118,49388600
2025-03-03,92.23848724365234,92.37798526632469,91.04278773444032,91.082645398357,42904200
2025-03-04,91.10256958007812,92.45769973232518,90.94313892589751,92.10895467889513,56722000
2025-03-05,90.37518310546875,91.47124987908823,90.28550906148473,91.23210389098641,50215900
2025-03-06,90.07625579833984,90.47482481555916,89.40865706568871,90.15597112219805,42827500
2025-03-07,89.78730010986328,90.83354290739824,89.66772711520801,90.81361027391956,36903600
2025-03-10,90.72393035888672,91.30184745714385,90.58443234185171,90.75382170509826,41440800
2025-03-11,90.07625579833984,91.162348578139,89.81718479683653,90.64421417720408,40555700
2025-03-12,89.53819274902344,90.05632717301054,89.45847742161864,89.67769077094582,32734600
2025-03-13,90.32536315917969,90.3851458528082,89.05990706218232,89.25919537773053,38675400
2025-03-14,89.84707641601562,90.08622238831755,89.5381890377153,89.68765336988608,24658000
2025-03-17,90.29547119140625,90.85346326696009,90.056325214393,90.47482687313025,26700300
2025-03-18,90.38514709472656,90.69403448548059,89.79726366044349,89.81718869123613,23654700
2025-03-19,90.85346221923828,90.89331988161419,90.0563241758638,90.35525284264718,31378700
2025-03-20,90.91324615478516,91.909664921591,90.83353843101533,91.86980725867014,35645800
2025-03-21,90.37518310546875,91.11253849900773,90.29547537817369,91.00293182164577,29192100
2025-03-24,89.4485092163086,89.93675988479865,89.37876020682029,89.87696958947161,27985600
2025-03-25,89.43855285644531,89.7574065656525,89.18944815856244,89.24923085339127,22333800
2025-03-26,88.85066223144531,89.27912261788836,88.77094690325309,89.06987558293787,25095600
2025-03-27,88.59159851074219,88.71116390054382,88.31259486303685,88.53180821376928,23674500
2025-03-28,89.81718444824219,90.01646515504255,89.48836444015707,89.55811344774436,39869400
2025-03-31,90.7040023803711,91.01288977650046,90.03640360715566,90.90329070212566,38824300
2025-04-01,91.48999786376953,91.91000366210938,91.20999908447266,91.25,39800100
2025-04-02,91.43000030517578,92.37000274658203,90.66000366210938,92.37000274658203,43488400
2025-04-03,91.8499984741211,92.7300033569336,91.83999633789062,92.5199966430664,57467400
2025-04-04,92.8499984741211,94.08999633789062,92.81999969482422,93.6500015258789,92794200
2025-04-07,90.05000305175781,92.19000244140625,89.80000305175781,91.87999725341797,124987600
2025-04-08,88.3499984741211,90.19999694824219,88.22000122070312,89.27999877929688,73861900
2025-04-09,88.87000274658203,88.91000366210938,85.88999938964844,87.2699966430664,131353500
2025-04-10,86.41999816894531,88.18000030517578,86.3499984741211,87.73999786376953,78592000
2025-04-11,86.88999938964844,87.30000305175781,85.0,85.87000274658203,94814100
2025-04-14,87.51000213623047,87.70999908447266,86.81999969482422,87.4000015258789,37596400
2025-04-15,87.81999969482422,88.19000244140625,87.04000091552734,87.1500015258789,22553900
2025-04-16,88.30999755859375,88.5,87.47000122070312,87.80000305175781,35607300
2025-04-17,87.52999877929688,88.19999694824219,87.2300033569336,88.04000091552734,31744200
2025-04-21,86.0,87.06999969482422,85.9800033569336,86.5999984741211,39343200
2025-04-22,86.4800033569336,87.0199966430664,86.4000015258789,86.81999969482422,32552100
2025-04-23,87.31999969482422,89.05999755859375,87.16999816894531,88.87999725341797,44082200
2025-04-24,88.23999786376953,88.3499984741211,87.76000213623047,88.02999877929688,24190800
2025-04-25,88.88999938964844,89.11000061035156,88.5999984741211,88.9000015258789,22513900
2025-04-28,89.44999694824219,89.52999877929688,88.61000061035156,88.66000366210938,20130500
